engagement_id,as_of_date,risk_probability,risk_band,model_name,model_version
ENG-00001,2024-01-01,0.6300109771691306,Watch,Logistic Regression,v1.0.0
ENG-00001,2024-02-01,0.029743443049616538,Low,Logistic Regression,v1.0.0
ENG-00001,2024-03-01,0.1408958967872846,Low,Logistic Regression,v1.0.0
ENG-00001,2024-04-01,0.4702579463978883,Watch,Logistic Regression,v1.0.0
ENG-00001,2024-05-01,0.019456222421910828,Low,Logistic Regression,v1.0.0
ENG-00001,2024-06-01,0.8649148412738786,Critical,Logistic Regression,v1.0.0
ENG-00001,2024-07-01,0.19278146039728675,Low,Logistic Regression,v1.0.0
ENG-00001,2024-08-01,0.2636938192732564,Low,Logistic Regression,v1.0.0
ENG-00001,2024-09-01,0.09847730551373413,Low,Logistic Regression,v1.0.0
ENG-00001,2024-10-01,0.1710181199251178,Low,Logistic Regression,v1.0.0
ENG-00001,2024-11-01,0.07787707642035724,Low,Logistic Regression,v1.0.0
ENG-00002,2024-07-01,0.0859251124323509,Low,Logistic Regression,v1.0.0
ENG-00002,2024-08-01,0.5459461132187781,Watch,Logistic Regression,v1.0.0
ENG-00002,2024-09-01,0.9947104588498121,Critical,Logistic Regression,v1.0.0
ENG-00002,2024-10-01,0.9939621738678136,Critical,Logistic Regression,v1.0.0
ENG-00003,2024-10-01,0.01764972511955892,Low,Logistic Regression,v1.0.0
ENG-00003,2024-11-01,0.016392733334340544,Low,Logistic Regression,v1.0.0
ENG-00003,2024-12-01,0.09775873026933336,Low,Logistic Regression,v1.0.0
ENG-00003,2025-01-01,0.0026077327841197264,Low,Logistic Regression,v1.0.0
ENG-00003,2025-02-01,0.027635795585677643,Low,Logistic Regression,v1.0.0
ENG-00003,2025-03-01,0.0036968727573961136,Low,Logistic Regression,v1.0.0
ENG-00003,2025-04-01,0.011922429183172408,Low,Logistic Regression,v1.0.0
ENG-00004,2026-05-01,0.4451645375878071,Watch,Logistic Regression,v1.0.0
ENG-00004,2026-06-01,0.11532825487260534,Low,Logistic Regression,v1.0.0
ENG-00004,2026-07-01,0.6749126823346548,Critical,Logistic Regression,v1.0.0
ENG-00004,2026-08-01,0.2638218917331105,Low,Logistic Regression,v1.0.0
ENG-00005,2024-03-01,0.42344617907890447,Watch,Logistic Regression,v1.0.0
ENG-00005,2024-04-01,0.21828904112284364,Low,Logistic Regression,v1.0.0
ENG-00005,2024-05-01,0.7979674336947602,Critical,Logistic Regression,v1.0.0
ENG-00005,2024-06-01,0.5921724791006406,Watch,Logistic Regression,v1.0.0
ENG-00005,2024-07-01,0.08638654027459401,Low,Logistic Regression,v1.0.0
ENG-00005,2024-08-01,0.7736558694676579,Critical,Logistic Regression,v1.0.0
ENG-00005,2024-09-01,0.127249467316875,Low,Logistic Regression,v1.0.0
ENG-00005,2024-10-01,0.13303773058295826,Low,Logistic Regression,v1.0.0
ENG-00005,2024-11-01,0.4437130092076387,Watch,Logistic Regression,v1.0.0
ENG-00005,2024-12-01,0.3784091560718695,Watch,Logistic Regression,v1.0.0
ENG-00005,2025-01-01,0.05882596100387055,Low,Logistic Regression,v1.0.0
ENG-00005,2025-02-01,0.16222420254219633,Low,Logistic Regression,v1.0.0
ENG-00006,2025-02-01,0.00485927661950482,Low,Logistic Regression,v1.0.0
ENG-00006,2025-03-01,0.01935731177076984,Low,Logistic Regression,v1.0.0
ENG-00006,2025-04-01,0.012218766952293998,Low,Logistic Regression,v1.0.0
ENG-00006,2025-05-01,0.007189761011028063,Low,Logistic Regression,v1.0.0
ENG-00006,2025-06-01,0.010664191562944647,Low,Logistic Regression,v1.0.0
ENG-00006,2025-07-01,0.026118254088780494,Low,Logistic Regression,v1.0.0
ENG-00006,2025-08-01,0.0017323785194986803,Low,Logistic Regression,v1.0.0
ENG-00006,2025-09-01,0.02002873983375375,Low,Logistic Regression,v1.0.0
ENG-00006,2025-10-01,0.0014020406102988766,Low,Logistic Regression,v1.0.0
ENG-00006,2025-11-01,0.004940497582736603,Low,Logistic Regression,v1.0.0
ENG-00007,2024-07-01,0.06245016307246843,Low,Logistic Regression,v1.0.0
ENG-00007,2024-08-01,0.06540583338566203,Low,Logistic Regression,v1.0.0
ENG-00007,2024-09-01,0.5476456593996671,Watch,Logistic Regression,v1.0.0
ENG-00007,2024-10-01,0.003938186135189964,Low,Logistic Regression,v1.0.0
ENG-00007,2024-11-01,0.7228931248240728,Critical,Logistic Regression,v1.0.0
ENG-00007,2024-12-01,0.010995499398355663,Low,Logistic Regression,v1.0.0
ENG-00007,2025-01-01,0.3433178921821585,Low,Logistic Regression,v1.0.0
ENG-00007,2025-02-01,0.0649424965410132,Low,Logistic Regression,v1.0.0
ENG-00008,2024-11-01,0.021605397037251027,Low,Logistic Regression,v1.0.0
ENG-00008,2024-12-01,0.27065505349681956,Low,Logistic Regression,v1.0.0
ENG-00008,2025-01-01,0.025608325299798073,Low,Logistic Regression,v1.0.0
ENG-00008,2025-02-01,0.022807743798255214,Low,Logistic Regression,v1.0.0
ENG-00008,2025-03-01,0.007281138537028121,Low,Logistic Regression,v1.0.0
ENG-00008,2025-04-01,0.8830437199683998,Critical,Logistic Regression,v1.0.0
ENG-00008,2025-05-01,0.010107416117564307,Low,Logistic Regression,v1.0.0
ENG-00008,2025-06-01,0.013092992825485119,Low,Logistic Regression,v1.0.0
ENG-00009,2025-03-01,0.045811520726003335,Low,Logistic Regression,v1.0.0
ENG-00009,2025-04-01,0.05480120547936422,Low,Logistic Regression,v1.0.0
ENG-00009,2025-05-01,0.010003642390680436,Low,Logistic Regression,v1.0.0
ENG-00009,2025-06-01,0.0050340096905130815,Low,Logistic Regression,v1.0.0
ENG-00009,2025-07-01,0.008121913253749497,Low,Logistic Regression,v1.0.0
ENG-00009,2025-08-01,0.010664262386706197,Low,Logistic Regression,v1.0.0
ENG-00009,2025-09-01,0.1545302094874834,Low,Logistic Regression,v1.0.0
ENG-00009,2025-10-01,0.06009943670368828,Low,Logistic Regression,v1.0.0
ENG-00009,2025-11-01,0.7048467280656965,Critical,Logistic Regression,v1.0.0
ENG-00009,2025-12-01,0.8667694723461694,Critical,Logistic Regression,v1.0.0
ENG-00010,2024-05-01,0.020701374612418427,Low,Logistic Regression,v1.0.0
ENG-00010,2024-06-01,0.5544624918893668,Watch,Logistic Regression,v1.0.0
ENG-00010,2024-07-01,0.6301721785852403,Watch,Logistic Regression,v1.0.0
ENG-00010,2024-08-01,0.7267068363098161,Critical,Logistic Regression,v1.0.0
ENG-00010,2024-09-01,0.9906966669480107,Critical,Logistic Regression,v1.0.0
ENG-00011,2024-11-01,0.0933333874410227,Low,Logistic Regression,v1.0.0
ENG-00011,2024-12-01,0.04384254821845533,Low,Logistic Regression,v1.0.0
ENG-00011,2025-01-01,0.015983802266482976,Low,Logistic Regression,v1.0.0
ENG-00011,2025-02-01,0.2159926331227456,Low,Logistic Regression,v1.0.0
ENG-00011,2025-03-01,0.017248881794524523,Low,Logistic Regression,v1.0.0
ENG-00011,2025-04-01,0.4687160890836998,Watch,Logistic Regression,v1.0.0
ENG-00011,2025-05-01,0.1668466745993307,Low,Logistic Regression,v1.0.0
ENG-00011,2025-06-01,0.10844586959719474,Low,Logistic Regression,v1.0.0
ENG-00012,2026-02-01,0.04346862189562227,Low,Logistic Regression,v1.0.0
ENG-00012,2026-03-01,0.6549611184775007,Critical,Logistic Regression,v1.0.0
ENG-00012,2026-04-01,0.013850777167441949,Low,Logistic Regression,v1.0.0
ENG-00012,2026-05-01,0.23151953693594837,Low,Logistic Regression,v1.0.0
ENG-00012,2026-06-01,0.0038605418530565897,Low,Logistic Regression,v1.0.0
ENG-00012,2026-07-01,0.21742862967644852,Low,Logistic Regression,v1.0.0
ENG-00012,2026-08-01,0.013507705691713192,Low,Logistic Regression,v1.0.0
ENG-00013,2026-04-01,0.3796438399617373,Watch,Logistic Regression,v1.0.0
ENG-00013,2026-05-01,0.6093123888295051,Watch,Logistic Regression,v1.0.0
ENG-00013,2026-06-01,0.9297922539644693,Critical,Logistic Regression,v1.0.0
ENG-00013,2026-07-01,0.24141086633189301,Low,Logistic Regression,v1.0.0
ENG-00013,2026-08-01,0.5515911680111382,Watch,Logistic Regression,v1.0.0
ENG-00014,2024-03-01,0.7091273937968186,Critical,Logistic Regression,v1.0.0
ENG-00014,2024-04-01,0.9911318489835544,Critical,Logistic Regression,v1.0.0
ENG-00014,2024-05-01,0.9969092599294759,Critical,Logistic Regression,v1.0.0
ENG-00014,2024-06-01,0.9996017321503964,Critical,Logistic Regression,v1.0.0
ENG-00015,2025-05-01,0.2372427858884587,Low,Logistic Regression,v1.0.0
ENG-00015,2025-06-01,0.08328247232511216,Low,Logistic Regression,v1.0.0
ENG-00015,2025-07-01,0.37804876157195105,Watch,Logistic Regression,v1.0.0
ENG-00015,2025-08-01,0.01589023277743215,Low,Logistic Regression,v1.0.0
ENG-00015,2025-09-01,0.019321290906250593,Low,Logistic Regression,v1.0.0
ENG-00015,2025-10-01,0.0337208737677882,Low,Logistic Regression,v1.0.0
ENG-00015,2025-11-01,0.438292131204122,Watch,Logistic Regression,v1.0.0
ENG-00015,2025-12-01,0.26633438443456403,Low,Logistic Regression,v1.0.0
ENG-00015,2026-01-01,0.012859032204419345,Low,Logistic Regression,v1.0.0
ENG-00015,2026-02-01,0.017358534784707672,Low,Logistic Regression,v1.0.0
ENG-00015,2026-03-01,0.5373573600202839,Watch,Logistic Regression,v1.0.0
ENG-00016,2025-03-01,0.10601040537995456,Low,Logistic Regression,v1.0.0
ENG-00016,2025-04-01,0.005903955302297751,Low,Logistic Regression,v1.0.0
ENG-00016,2025-05-01,0.07604358544174564,Low,Logistic Regression,v1.0.0
ENG-00016,2025-06-01,0.07615425233414717,Low,Logistic Regression,v1.0.0
ENG-00016,2025-07-01,0.025390816864100905,Low,Logistic Regression,v1.0.0
ENG-00016,2025-08-01,0.5047969907664638,Watch,Logistic Regression,v1.0.0
ENG-00016,2025-09-01,0.717230669471904,Critical,Logistic Regression,v1.0.0
ENG-00016,2025-10-01,0.9541369603922738,Critical,Logistic Regression,v1.0.0
ENG-00016,2025-11-01,0.7755836552887855,Critical,Logistic Regression,v1.0.0
ENG-00017,2026-08-01,0.5598489837261463,Watch,Logistic Regression,v1.0.0
ENG-00018,2025-06-01,0.04937675898324467,Low,Logistic Regression,v1.0.0
ENG-00018,2025-07-01,0.9520960756193008,Critical,Logistic Regression,v1.0.0
ENG-00018,2025-08-01,0.7990117748298663,Critical,Logistic Regression,v1.0.0
ENG-00018,2025-09-01,0.8638350882293077,Critical,Logistic Regression,v1.0.0
ENG-00019,2024-02-01,0.0892215153376506,Low,Logistic Regression,v1.0.0
ENG-00019,2024-03-01,0.00783873684721997,Low,Logistic Regression,v1.0.0
ENG-00019,2024-04-01,0.0020870325603833534,Low,Logistic Regression,v1.0.0
ENG-00019,2024-05-01,0.3732738563205315,Watch,Logistic Regression,v1.0.0
ENG-00019,2024-06-01,0.00862795894562646,Low,Logistic Regression,v1.0.0
ENG-00019,2024-07-01,0.28017409127038323,Low,Logistic Regression,v1.0.0
ENG-00019,2024-08-01,0.011203172805037643,Low,Logistic Regression,v1.0.0
ENG-00019,2024-09-01,0.03682466291075084,Low,Logistic Regression,v1.0.0
ENG-00019,2024-10-01,0.010607210735782545,Low,Logistic Regression,v1.0.0
ENG-00019,2024-11-01,0.037485770180526075,Low,Logistic Regression,v1.0.0
ENG-00019,2024-12-01,0.2118154220630301,Low,Logistic Regression,v1.0.0
ENG-00020,2024-06-01,0.05244104541081172,Low,Logistic Regression,v1.0.0
ENG-00020,2024-07-01,0.0851753338460916,Low,Logistic Regression,v1.0.0
ENG-00020,2024-08-01,0.3531164335732803,Watch,Logistic Regression,v1.0.0
ENG-00020,2024-09-01,0.0295215084949146,Low,Logistic Regression,v1.0.0
ENG-00020,2024-10-01,0.1895649826910681,Low,Logistic Regression,v1.0.0
ENG-00020,2024-11-01,0.015423111134683188,Low,Logistic Regression,v1.0.0
ENG-00020,2024-12-01,0.051338533390848526,Low,Logistic Regression,v1.0.0
ENG-00020,2025-01-01,0.03753752971627773,Low,Logistic Regression,v1.0.0
ENG-00020,2025-02-01,0.07264075564531124,Low,Logistic Regression,v1.0.0
ENG-00020,2025-03-01,0.06756781941779587,Low,Logistic Regression,v1.0.0
ENG-00021,2024-07-01,0.04851382124002001,Low,Logistic Regression,v1.0.0
ENG-00021,2024-08-01,0.4866244863818773,Watch,Logistic Regression,v1.0.0
ENG-00021,2024-09-01,0.612403959501314,Watch,Logistic Regression,v1.0.0
ENG-00021,2024-10-01,0.9696000264121237,Critical,Logistic Regression,v1.0.0
ENG-00021,2024-11-01,0.8796567436147653,Critical,Logistic Regression,v1.0.0
ENG-00021,2024-12-01,0.998310192840229,Critical,Logistic Regression,v1.0.0
ENG-00022,2025-10-01,0.12272028443185415,Low,Logistic Regression,v1.0.0
ENG-00022,2025-11-01,0.4523484529844332,Watch,Logistic Regression,v1.0.0
ENG-00022,2025-12-01,0.05787468451329899,Low,Logistic Regression,v1.0.0
ENG-00022,2026-01-01,0.04329481146437237,Low,Logistic Regression,v1.0.0
ENG-00022,2026-02-01,0.3296419386917215,Low,Logistic Regression,v1.0.0
ENG-00022,2026-03-01,0.02721169954215954,Low,Logistic Regression,v1.0.0
ENG-00022,2026-04-01,0.16623840179897095,Low,Logistic Regression,v1.0.0
ENG-00022,2026-05-01,0.07711390975743637,Low,Logistic Regression,v1.0.0
ENG-00022,2026-06-01,0.3421568498128769,Low,Logistic Regression,v1.0.0
ENG-00022,2026-07-01,0.042470723481055045,Low,Logistic Regression,v1.0.0
ENG-00022,2026-08-01,0.054527528009126275,Low,Logistic Regression,v1.0.0
ENG-00023,2026-08-01,0.5918192303494079,Watch,Logistic Regression,v1.0.0
ENG-00023,2026-09-01,0.8609909061883194,Critical,Logistic Regression,v1.0.0
ENG-00023,2026-10-01,0.4910431516984175,Watch,Logistic Regression,v1.0.0
ENG-00023,2026-11-01,0.9991274540275513,Critical,Logistic Regression,v1.0.0
ENG-00023,2026-12-01,0.998513663887802,Critical,Logistic Regression,v1.0.0
ENG-00024,2024-07-01,0.01147475271030776,Low,Logistic Regression,v1.0.0
ENG-00024,2024-08-01,0.2621211542757395,Low,Logistic Regression,v1.0.0
ENG-00024,2024-09-01,0.0044328817302526115,Low,Logistic Regression,v1.0.0
ENG-00024,2024-10-01,0.023791589899096677,Low,Logistic Regression,v1.0.0
ENG-00024,2024-11-01,0.009854508484531873,Low,Logistic Regression,v1.0.0
ENG-00024,2024-12-01,0.13134272176327852,Low,Logistic Regression,v1.0.0
ENG-00024,2025-01-01,0.0015181821991592224,Low,Logistic Regression,v1.0.0
ENG-00024,2025-02-01,0.014747877397152317,Low,Logistic Regression,v1.0.0
ENG-00024,2025-03-01,0.017369354629339858,Low,Logistic Regression,v1.0.0
ENG-00024,2025-04-01,0.004099307357256315,Low,Logistic Regression,v1.0.0
ENG-00025,2024-12-01,0.12888088855540056,Low,Logistic Regression,v1.0.0
ENG-00025,2025-01-01,0.002911138048113031,Low,Logistic Regression,v1.0.0
ENG-00025,2025-02-01,0.2071952414190063,Low,Logistic Regression,v1.0.0
ENG-00025,2025-03-01,0.08703774485849927,Low,Logistic Regression,v1.0.0
ENG-00025,2025-04-01,0.023220935923101906,Low,Logistic Regression,v1.0.0
ENG-00025,2025-05-01,0.05466802994252441,Low,Logistic Regression,v1.0.0
ENG-00025,2025-06-01,0.051977874542877535,Low,Logistic Regression,v1.0.0
ENG-00025,2025-07-01,0.0373284571012282,Low,Logistic Regression,v1.0.0
ENG-00025,2025-08-01,0.021345637308814124,Low,Logistic Regression,v1.0.0
ENG-00025,2025-09-01,0.03387599652545449,Low,Logistic Regression,v1.0.0
ENG-00025,2025-10-01,0.031747013936737005,Low,Logistic Regression,v1.0.0
ENG-00025,2025-11-01,0.11302899909783971,Low,Logistic Regression,v1.0.0
ENG-00026,2025-02-01,0.07194953795294294,Low,Logistic Regression,v1.0.0
ENG-00026,2025-03-01,0.9001752149817499,Critical,Logistic Regression,v1.0.0
ENG-00026,2025-04-01,0.6862356077465905,Critical,Logistic Regression,v1.0.0
ENG-00026,2025-05-01,0.9955386710358269,Critical,Logistic Regression,v1.0.0
ENG-00027,2024-07-01,0.03265327975845508,Low,Logistic Regression,v1.0.0
ENG-00027,2024-08-01,0.2111511766906077,Low,Logistic Regression,v1.0.0
ENG-00027,2024-09-01,0.03763041123218577,Low,Logistic Regression,v1.0.0
ENG-00027,2024-10-01,0.12871491012232592,Low,Logistic Regression,v1.0.0
ENG-00027,2024-11-01,0.02141067700037445,Low,Logistic Regression,v1.0.0
ENG-00027,2024-12-01,0.03820903357414246,Low,Logistic Regression,v1.0.0
ENG-00027,2025-01-01,0.03904114267477789,Low,Logistic Regression,v1.0.0
ENG-00027,2025-02-01,0.0338779947989946,Low,Logistic Regression,v1.0.0
ENG-00027,2025-03-01,0.02598626039561058,Low,Logistic Regression,v1.0.0
ENG-00027,2025-04-01,0.22416640926011833,Low,Logistic Regression,v1.0.0
ENG-00027,2025-05-01,0.12339191844908527,Low,Logistic Regression,v1.0.0
ENG-00027,2025-06-01,0.01637030812834773,Low,Logistic Regression,v1.0.0
ENG-00027,2025-07-01,0.008940107509432367,Low,Logistic Regression,v1.0.0
ENG-00028,2026-07-01,0.02536822376507892,Low,Logistic Regression,v1.0.0
ENG-00028,2026-08-01,0.06992816541174199,Low,Logistic Regression,v1.0.0
ENG-00029,2024-04-01,0.041481211913496276,Low,Logistic Regression,v1.0.0
ENG-00029,2024-05-01,0.05900919516066707,Low,Logistic Regression,v1.0.0
ENG-00029,2024-06-01,0.018555551951648045,Low,Logistic Regression,v1.0.0
ENG-00029,2024-07-01,0.09230067775738507,Low,Logistic Regression,v1.0.0
ENG-00029,2024-08-01,0.011209495089633821,Low,Logistic Regression,v1.0.0
ENG-00029,2024-09-01,0.5874924919816858,Watch,Logistic Regression,v1.0.0
ENG-00029,2024-10-01,0.35488369607901976,Watch,Logistic Regression,v1.0.0
ENG-00030,2024-08-01,0.12061109654993868,Low,Logistic Regression,v1.0.0
ENG-00030,2024-09-01,0.733432837100391,Critical,Logistic Regression,v1.0.0
ENG-00030,2024-10-01,0.016678710874841855,Low,Logistic Regression,v1.0.0
ENG-00030,2024-11-01,0.1118198775392332,Low,Logistic Regression,v1.0.0
ENG-00030,2024-12-01,0.33257121863158334,Low,Logistic Regression,v1.0.0
ENG-00030,2025-01-01,0.07710999136433232,Low,Logistic Regression,v1.0.0
ENG-00030,2025-02-01,0.03231160667700647,Low,Logistic Regression,v1.0.0
ENG-00030,2025-03-01,0.2824501527192703,Low,Logistic Regression,v1.0.0
ENG-00030,2025-04-01,0.0810107685322146,Low,Logistic Regression,v1.0.0
ENG-00030,2025-05-01,0.19740118777677984,Low,Logistic Regression,v1.0.0
ENG-00030,2025-06-01,0.005736603802690097,Low,Logistic Regression,v1.0.0
ENG-00030,2025-07-01,0.25447511025463965,Low,Logistic Regression,v1.0.0
ENG-00030,2025-08-01,0.0165096584796078,Low,Logistic Regression,v1.0.0
ENG-00031,2024-08-01,0.0976955652692709,Low,Logistic Regression,v1.0.0
ENG-00031,2024-09-01,0.6109901992904246,Watch,Logistic Regression,v1.0.0
ENG-00031,2024-10-01,0.05671931501930942,Low,Logistic Regression,v1.0.0
ENG-00031,2024-11-01,0.02312196734394281,Low,Logistic Regression,v1.0.0
ENG-00031,2024-12-01,0.249195099431106,Low,Logistic Regression,v1.0.0
ENG-00031,2025-01-01,0.30363799113880874,Low,Logistic Regression,v1.0.0
ENG-00031,2025-02-01,0.00568872956419943,Low,Logistic Regression,v1.0.0
ENG-00031,2025-03-01,0.009632117478482045,Low,Logistic Regression,v1.0.0
ENG-00031,2025-04-01,0.05617022225066882,Low,Logistic Regression,v1.0.0
ENG-00031,2025-05-01,0.04675114042522199,Low,Logistic Regression,v1.0.0
ENG-00031,2025-06-01,0.10082642305865268,Low,Logistic Regression,v1.0.0
ENG-00032,2024-11-01,0.10920426192404915,Low,Logistic Regression,v1.0.0
ENG-00032,2024-12-01,0.05716502127873562,Low,Logistic Regression,v1.0.0
ENG-00032,2025-01-01,0.004681660477069404,Low,Logistic Regression,v1.0.0
ENG-00032,2025-02-01,0.0895228010237034,Low,Logistic Regression,v1.0.0
ENG-00032,2025-03-01,0.03104678670899816,Low,Logistic Regression,v1.0.0
ENG-00032,2025-04-01,0.027686324548053143,Low,Logistic Regression,v1.0.0
ENG-00032,2025-05-01,0.07726218205465117,Low,Logistic Regression,v1.0.0
ENG-00032,2025-06-01,0.047746905551924526,Low,Logistic Regression,v1.0.0
ENG-00032,2025-07-01,0.023199605439191393,Low,Logistic Regression,v1.0.0
ENG-00032,2025-08-01,0.061967120731891215,Low,Logistic Regression,v1.0.0
ENG-00032,2025-09-01,0.01488015389579717,Low,Logistic Regression,v1.0.0
ENG-00033,2025-02-01,0.5383876924033645,Watch,Logistic Regression,v1.0.0
ENG-00033,2025-03-01,0.9279878543717686,Critical,Logistic Regression,v1.0.0
ENG-00033,2025-04-01,0.9821233617208313,Critical,Logistic Regression,v1.0.0
ENG-00033,2025-05-01,0.981262268613839,Critical,Logistic Regression,v1.0.0
ENG-00034,2025-01-01,0.047423986602827845,Low,Logistic Regression,v1.0.0
ENG-00034,2025-02-01,0.2565362535801011,Low,Logistic Regression,v1.0.0
ENG-00034,2025-03-01,0.9565921482582639,Critical,Logistic Regression,v1.0.0
ENG-00034,2025-04-01,0.9982786882350294,Critical,Logistic Regression,v1.0.0
ENG-00034,2025-05-01,0.9761988847933489,Critical,Logistic Regression,v1.0.0
ENG-00035,2024-08-01,0.01900531262206704,Low,Logistic Regression,v1.0.0
ENG-00035,2024-09-01,0.007428897994113838,Low,Logistic Regression,v1.0.0
ENG-00035,2024-10-01,0.01265636835314192,Low,Logistic Regression,v1.0.0
ENG-00035,2024-11-01,0.005613115060670762,Low,Logistic Regression,v1.0.0
ENG-00035,2024-12-01,0.008831245293903922,Low,Logistic Regression,v1.0.0
ENG-00035,2025-01-01,0.004650115823954017,Low,Logistic Regression,v1.0.0
ENG-00035,2025-02-01,0.0009549237302825079,Low,Logistic Regression,v1.0.0
ENG-00035,2025-03-01,0.019058273512301962,Low,Logistic Regression,v1.0.0
ENG-00035,2025-04-01,0.016229417898883394,Low,Logistic Regression,v1.0.0
ENG-00036,2024-04-01,0.23371079438260906,Low,Logistic Regression,v1.0.0
ENG-00036,2024-05-01,0.2368018347996253,Low,Logistic Regression,v1.0.0
ENG-00036,2024-06-01,0.10861093525318652,Low,Logistic Regression,v1.0.0
ENG-00036,2024-07-01,0.21455574026975938,Low,Logistic Regression,v1.0.0
ENG-00036,2024-08-01,0.17030008661509577,Low,Logistic Regression,v1.0.0
ENG-00036,2024-09-01,0.2622378187824864,Low,Logistic Regression,v1.0.0
ENG-00036,2024-10-01,0.017919463655047884,Low,Logistic Regression,v1.0.0
ENG-00036,2024-11-01,0.06162998660893333,Low,Logistic Regression,v1.0.0
ENG-00036,2024-12-01,0.367278230736302,Watch,Logistic Regression,v1.0.0
ENG-00036,2025-01-01,0.44110823918147335,Watch,Logistic Regression,v1.0.0
ENG-00037,2024-03-01,0.06088881250846322,Low,Logistic Regression,v1.0.0
ENG-00037,2024-04-01,0.08335049850404774,Low,Logistic Regression,v1.0.0
ENG-00037,2024-05-01,0.19532699385189106,Low,Logistic Regression,v1.0.0
ENG-00037,2024-06-01,0.008298168210197103,Low,Logistic Regression,v1.0.0
ENG-00037,2024-07-01,0.44000348048842064,Watch,Logistic Regression,v1.0.0
ENG-00037,2024-08-01,0.02622158444230648,Low,Logistic Regression,v1.0.0
ENG-00037,2024-09-01,0.01077140690404534,Low,Logistic Regression,v1.0.0
ENG-00037,2024-10-01,0.21954451423194682,Low,Logistic Regression,v1.0.0
ENG-00037,2024-11-01,0.041217817574206735,Low,Logistic Regression,v1.0.0
ENG-00037,2024-12-01,0.013493367810835,Low,Logistic Regression,v1.0.0
ENG-00037,2025-01-01,0.6136715829021642,Watch,Logistic Regression,v1.0.0
ENG-00038,2024-08-01,0.10136034025672362,Low,Logistic Regression,v1.0.0
ENG-00038,2024-09-01,0.13190827878435143,Low,Logistic Regression,v1.0.0
ENG-00038,2024-10-01,0.09367279921229142,Low,Logistic Regression,v1.0.0
ENG-00038,2024-11-01,0.019757385204583915,Low,Logistic Regression,v1.0.0
ENG-00038,2024-12-01,0.2571375602629961,Low,Logistic Regression,v1.0.0
ENG-00038,2025-01-01,0.006796908176490388,Low,Logistic Regression,v1.0.0
ENG-00038,2025-02-01,0.195019671512236,Low,Logistic Regression,v1.0.0
ENG-00038,2025-03-01,0.03870661702651982,Low,Logistic Regression,v1.0.0
ENG-00038,2025-04-01,0.012727339865501551,Low,Logistic Regression,v1.0.0
ENG-00038,2025-05-01,0.5463074042242075,Watch,Logistic Regression,v1.0.0
ENG-00039,2024-03-01,0.123566481128239,Low,Logistic Regression,v1.0.0
ENG-00039,2024-04-01,0.11424800504887554,Low,Logistic Regression,v1.0.0
ENG-00039,2024-05-01,0.616273365704592,Watch,Logistic Regression,v1.0.0
ENG-00039,2024-06-01,0.09062438801386197,Low,Logistic Regression,v1.0.0
ENG-00039,2024-07-01,0.030603300778374486,Low,Logistic Regression,v1.0.0
ENG-00039,2024-08-01,0.031684623140809325,Low,Logistic Regression,v1.0.0
ENG-00039,2024-09-01,0.3668446400278212,Watch,Logistic Regression,v1.0.0
ENG-00039,2024-10-01,0.239584982216959,Low,Logistic Regression,v1.0.0
ENG-00039,2024-11-01,0.003941988651223203,Low,Logistic Regression,v1.0.0
ENG-00039,2024-12-01,0.06340670269254435,Low,Logistic Regression,v1.0.0
ENG-00039,2025-01-01,0.25175817791284893,Low,Logistic Regression,v1.0.0
ENG-00039,2025-02-01,0.0014161826456806793,Low,Logistic Regression,v1.0.0
ENG-00039,2025-03-01,0.476690932519832,Watch,Logistic Regression,v1.0.0
ENG-00040,2024-08-01,0.09275688398596396,Low,Logistic Regression,v1.0.0
ENG-00040,2024-09-01,0.19210987588199396,Low,Logistic Regression,v1.0.0
ENG-00040,2024-10-01,0.34287835570479497,Low,Logistic Regression,v1.0.0
ENG-00040,2024-11-01,0.06742801954636185,Low,Logistic Regression,v1.0.0
ENG-00040,2024-12-01,0.10608312211308873,Low,Logistic Regression,v1.0.0
ENG-00040,2025-01-01,0.0522142659171014,Low,Logistic Regression,v1.0.0
ENG-00040,2025-02-01,0.038160167938946554,Low,Logistic Regression,v1.0.0
ENG-00040,2025-03-01,0.2341987698591651,Low,Logistic Regression,v1.0.0
ENG-00040,2025-04-01,0.15810471310821705,Low,Logistic Regression,v1.0.0
ENG-00040,2025-05-01,0.041609233139983375,Low,Logistic Regression,v1.0.0
ENG-00040,2025-06-01,0.011999281919050352,Low,Logistic Regression,v1.0.0
ENG-00040,2025-07-01,0.7464966260515148,Critical,Logistic Regression,v1.0.0
ENG-00040,2025-08-01,0.14695704298874288,Low,Logistic Regression,v1.0.0
ENG-00041,2025-11-01,0.04052672481421435,Low,Logistic Regression,v1.0.0
ENG-00041,2025-12-01,0.19559883748599524,Low,Logistic Regression,v1.0.0
ENG-00041,2026-01-01,0.02151189136067225,Low,Logistic Regression,v1.0.0
ENG-00041,2026-02-01,0.2940956565588507,Low,Logistic Regression,v1.0.0
ENG-00041,2026-03-01,0.04647288982333505,Low,Logistic Regression,v1.0.0
ENG-00041,2026-04-01,0.4159860384500592,Watch,Logistic Regression,v1.0.0
ENG-00041,2026-05-01,0.0349143025958167,Low,Logistic Regression,v1.0.0
ENG-00041,2026-06-01,0.025106365178932187,Low,Logistic Regression,v1.0.0
ENG-00041,2026-07-01,0.2252763753302471,Low,Logistic Regression,v1.0.0
ENG-00041,2026-08-01,0.03188432371096087,Low,Logistic Regression,v1.0.0
ENG-00042,2024-01-01,0.02227370869775079,Low,Logistic Regression,v1.0.0
ENG-00042,2024-02-01,0.8816360913791379,Critical,Logistic Regression,v1.0.0
ENG-00042,2024-03-01,0.9876786739181841,Critical,Logistic Regression,v1.0.0
ENG-00042,2024-04-01,0.9856382727545719,Critical,Logistic Regression,v1.0.0
ENG-00043,2025-11-01,0.12065370686122522,Low,Logistic Regression,v1.0.0
ENG-00043,2025-12-01,0.009821910232967029,Low,Logistic Regression,v1.0.0
ENG-00043,2026-01-01,0.20137474934172384,Low,Logistic Regression,v1.0.0
ENG-00043,2026-02-01,0.008613613982738282,Low,Logistic Regression,v1.0.0
ENG-00043,2026-03-01,0.10548896140950498,Low,Logistic Regression,v1.0.0
ENG-00043,2026-04-01,0.11483981720824006,Low,Logistic Regression,v1.0.0
ENG-00043,2026-05-01,0.012695002523658473,Low,Logistic Regression,v1.0.0
ENG-00043,2026-06-01,0.29654665383928586,Low,Logistic Regression,v1.0.0
ENG-00044,2025-08-01,0.7452542616730675,Critical,Logistic Regression,v1.0.0
ENG-00044,2025-09-01,0.23355596797360026,Low,Logistic Regression,v1.0.0
ENG-00044,2025-10-01,0.2422471934826842,Low,Logistic Regression,v1.0.0
ENG-00044,2025-11-01,0.7027735396464262,Critical,Logistic Regression,v1.0.0
ENG-00044,2025-12-01,0.5665579359911733,Watch,Logistic Regression,v1.0.0
ENG-00044,2026-01-01,0.11578517619428269,Low,Logistic Regression,v1.0.0
ENG-00044,2026-02-01,0.8304278454707945,Critical,Logistic Regression,v1.0.0
ENG-00044,2026-03-01,0.05648744606654518,Low,Logistic Regression,v1.0.0
ENG-00044,2026-04-01,0.7982477919796528,Critical,Logistic Regression,v1.0.0
ENG-00045,2025-10-01,0.08136124190535708,Low,Logistic Regression,v1.0.0
ENG-00045,2025-11-01,0.0643092109626596,Low,Logistic Regression,v1.0.0
ENG-00045,2025-12-01,0.23338395938449122,Low,Logistic Regression,v1.0.0
ENG-00045,2026-01-01,0.04181091736576242,Low,Logistic Regression,v1.0.0
ENG-00045,2026-02-01,0.034571505025520324,Low,Logistic Regression,v1.0.0
ENG-00045,2026-03-01,0.1855660841215635,Low,Logistic Regression,v1.0.0
ENG-00045,2026-04-01,0.009285721456756121,Low,Logistic Regression,v1.0.0
ENG-00045,2026-05-01,0.007993167312084775,Low,Logistic Regression,v1.0.0
ENG-00045,2026-06-01,0.7516654658047143,Critical,Logistic Regression,v1.0.0
ENG-00045,2026-07-01,0.007064978111683145,Low,Logistic Regression,v1.0.0
ENG-00045,2026-08-01,0.005223920237940254,Low,Logistic Regression,v1.0.0
ENG-00046,2026-08-01,0.5503470641407409,Watch,Logistic Regression,v1.0.0
ENG-00046,2026-09-01,0.6531179824679844,Critical,Logistic Regression,v1.0.0
ENG-00046,2026-10-01,0.9978840516842366,Critical,Logistic Regression,v1.0.0
ENG-00046,2026-11-01,0.9996474209572362,Critical,Logistic Regression,v1.0.0
ENG-00047,2025-05-01,0.2899993846073327,Low,Logistic Regression,v1.0.0
ENG-00047,2025-06-01,0.26494388735607716,Low,Logistic Regression,v1.0.0
ENG-00047,2025-07-01,0.021051431098039305,Low,Logistic Regression,v1.0.0
ENG-00047,2025-08-01,0.09045541542899044,Low,Logistic Regression,v1.0.0
ENG-00047,2025-09-01,0.12703995506162216,Low,Logistic Regression,v1.0.0
ENG-00047,2025-10-01,0.2131927697295439,Low,Logistic Regression,v1.0.0
ENG-00047,2025-11-01,0.3409377965488479,Low,Logistic Regression,v1.0.0
ENG-00047,2025-12-01,0.2299758084063152,Low,Logistic Regression,v1.0.0
ENG-00047,2026-01-01,0.9951369946835849,Critical,Logistic Regression,v1.0.0
ENG-00047,2026-02-01,0.7716297246784894,Critical,Logistic Regression,v1.0.0
ENG-00047,2026-03-01,0.9575018058757853,Critical,Logistic Regression,v1.0.0
ENG-00048,2024-12-01,0.02228526899009,Low,Logistic Regression,v1.0.0
ENG-00048,2025-01-01,0.045458392957784304,Low,Logistic Regression,v1.0.0
ENG-00048,2025-02-01,0.019518318596955738,Low,Logistic Regression,v1.0.0
ENG-00048,2025-03-01,0.025788925251551787,Low,Logistic Regression,v1.0.0
ENG-00048,2025-04-01,0.022269476060963623,Low,Logistic Regression,v1.0.0
ENG-00048,2025-05-01,0.09248052067213514,Low,Logistic Regression,v1.0.0
ENG-00048,2025-06-01,0.00047159257136958484,Low,Logistic Regression,v1.0.0
ENG-00048,2025-07-01,0.018317593039804122,Low,Logistic Regression,v1.0.0
ENG-00048,2025-08-01,0.04605087073400704,Low,Logistic Regression,v1.0.0
ENG-00048,2025-09-01,0.004651274949885618,Low,Logistic Regression,v1.0.0
ENG-00048,2025-10-01,0.006298906440168637,Low,Logistic Regression,v1.0.0
ENG-00049,2024-03-01,0.01685100479397488,Low,Logistic Regression,v1.0.0
ENG-00049,2024-04-01,0.010922987441393063,Low,Logistic Regression,v1.0.0
ENG-00049,2024-05-01,0.0033350754090290357,Low,Logistic Regression,v1.0.0
ENG-00049,2024-06-01,0.09788918079164433,Low,Logistic Regression,v1.0.0
ENG-00049,2024-07-01,0.0063810983549615575,Low,Logistic Regression,v1.0.0
ENG-00049,2024-08-01,0.018871459590985663,Low,Logistic Regression,v1.0.0
ENG-00049,2024-09-01,0.0016321363113984137,Low,Logistic Regression,v1.0.0
ENG-00049,2024-10-01,0.003917527024859548,Low,Logistic Regression,v1.0.0
ENG-00049,2024-11-01,0.06777529010146859,Low,Logistic Regression,v1.0.0
ENG-00049,2024-12-01,0.006914956518576208,Low,Logistic Regression,v1.0.0
ENG-00049,2025-01-01,0.01228062117906178,Low,Logistic Regression,v1.0.0
ENG-00049,2025-02-01,0.006202362972517729,Low,Logistic Regression,v1.0.0
ENG-00050,2025-09-01,0.012085728714077341,Low,Logistic Regression,v1.0.0
ENG-00050,2025-10-01,0.71384289791959,Critical,Logistic Regression,v1.0.0
ENG-00050,2025-11-01,0.0166346522545094,Low,Logistic Regression,v1.0.0
ENG-00050,2025-12-01,0.46605257664901845,Watch,Logistic Regression,v1.0.0
ENG-00050,2026-01-01,0.9350988790804278,Critical,Logistic Regression,v1.0.0
ENG-00050,2026-02-01,0.9889950131392435,Critical,Logistic Regression,v1.0.0
ENG-00051,2024-08-01,0.011229608594841166,Low,Logistic Regression,v1.0.0
ENG-00051,2024-09-01,0.1881127620779984,Low,Logistic Regression,v1.0.0
ENG-00051,2024-10-01,0.07512229824418534,Low,Logistic Regression,v1.0.0
ENG-00051,2024-11-01,0.10861580378491881,Low,Logistic Regression,v1.0.0
ENG-00051,2024-12-01,0.000609797215441244,Low,Logistic Regression,v1.0.0
ENG-00051,2025-01-01,0.014555691279956548,Low,Logistic Regression,v1.0.0
ENG-00051,2025-02-01,0.08597528968754947,Low,Logistic Regression,v1.0.0
ENG-00051,2025-03-01,0.09937160333968846,Low,Logistic Regression,v1.0.0
ENG-00051,2025-04-01,0.00015555780173971811,Low,Logistic Regression,v1.0.0
ENG-00051,2025-05-01,0.13210478568767642,Low,Logistic Regression,v1.0.0
ENG-00051,2025-06-01,0.0007072223228328,Low,Logistic Regression,v1.0.0
ENG-00052,2024-05-01,0.919615345978289,Critical,Logistic Regression,v1.0.0
ENG-00052,2024-06-01,0.5592384417566639,Watch,Logistic Regression,v1.0.0
ENG-00052,2024-07-01,0.9500833577562252,Critical,Logistic Regression,v1.0.0
ENG-00052,2024-08-01,0.9379381776077993,Critical,Logistic Regression,v1.0.0
ENG-00052,2024-09-01,0.6781479266884238,Critical,Logistic Regression,v1.0.0
ENG-00052,2024-10-01,0.49251539953370305,Watch,Logistic Regression,v1.0.0
ENG-00052,2024-11-01,0.520429373685592,Watch,Logistic Regression,v1.0.0
ENG-00052,2024-12-01,0.8877037363784811,Critical,Logistic Regression,v1.0.0
ENG-00052,2025-01-01,0.4681942526630794,Watch,Logistic Regression,v1.0.0
ENG-00053,2025-10-01,0.02978456887465823,Low,Logistic Regression,v1.0.0
ENG-00053,2025-11-01,0.0033027830607915156,Low,Logistic Regression,v1.0.0
ENG-00053,2025-12-01,0.04975154673152614,Low,Logistic Regression,v1.0.0
ENG-00053,2026-01-01,0.067554308632487,Low,Logistic Regression,v1.0.0
ENG-00053,2026-02-01,0.02913127705388079,Low,Logistic Regression,v1.0.0
ENG-00053,2026-03-01,0.052294225367425826,Low,Logistic Regression,v1.0.0
ENG-00053,2026-04-01,0.0030499743727366423,Low,Logistic Regression,v1.0.0
ENG-00053,2026-05-01,0.21191874795947707,Low,Logistic Regression,v1.0.0
ENG-00053,2026-06-01,0.04730570029286468,Low,Logistic Regression,v1.0.0
ENG-00053,2026-07-01,0.007376852292131167,Low,Logistic Regression,v1.0.0
ENG-00054,2025-05-01,0.7691984932758399,Critical,Logistic Regression,v1.0.0
ENG-00054,2025-06-01,0.18836903228195695,Low,Logistic Regression,v1.0.0
ENG-00054,2025-07-01,0.906252546802616,Critical,Logistic Regression,v1.0.0
ENG-00054,2025-08-01,0.013436658647580393,Low,Logistic Regression,v1.0.0
ENG-00054,2025-09-01,0.8143308638154435,Critical,Logistic Regression,v1.0.0
ENG-00054,2025-10-01,0.08739110091368245,Low,Logistic Regression,v1.0.0
ENG-00054,2025-11-01,0.43067980440928894,Watch,Logistic Regression,v1.0.0
ENG-00054,2025-12-01,0.30512220190937006,Low,Logistic Regression,v1.0.0
ENG-00054,2026-01-01,0.08669414797860023,Low,Logistic Regression,v1.0.0
ENG-00054,2026-02-01,0.16523963222309923,Low,Logistic Regression,v1.0.0
ENG-00054,2026-03-01,0.060445266878651295,Low,Logistic Regression,v1.0.0
ENG-00055,2024-02-01,0.11888770376812278,Low,Logistic Regression,v1.0.0
ENG-00055,2024-03-01,0.010742753570675345,Low,Logistic Regression,v1.0.0
ENG-00055,2024-04-01,0.38599186751666337,Watch,Logistic Regression,v1.0.0
ENG-00055,2024-05-01,0.010366081388206667,Low,Logistic Regression,v1.0.0
ENG-00055,2024-06-01,0.06525903143587751,Low,Logistic Regression,v1.0.0
ENG-00055,2024-07-01,0.305228464761203,Low,Logistic Regression,v1.0.0
ENG-00055,2024-08-01,0.09563615539133483,Low,Logistic Regression,v1.0.0
ENG-00056,2024-05-01,0.034482344337648595,Low,Logistic Regression,v1.0.0
ENG-00056,2024-06-01,0.27682745380323986,Low,Logistic Regression,v1.0.0
ENG-00056,2024-07-01,0.02855583354767821,Low,Logistic Regression,v1.0.0
ENG-00056,2024-08-01,0.7352001579804219,Critical,Logistic Regression,v1.0.0
ENG-00056,2024-09-01,0.01768270379407804,Low,Logistic Regression,v1.0.0
ENG-00056,2024-10-01,0.035497314990379884,Low,Logistic Regression,v1.0.0
ENG-00056,2024-11-01,0.2563980151313699,Low,Logistic Regression,v1.0.0
ENG-00056,2024-12-01,0.030539621775921226,Low,Logistic Regression,v1.0.0
ENG-00056,2025-01-01,0.06876366240790995,Low,Logistic Regression,v1.0.0
ENG-00056,2025-02-01,0.061141141798204145,Low,Logistic Regression,v1.0.0
ENG-00056,2025-03-01,0.025744457337252936,Low,Logistic Regression,v1.0.0
ENG-00056,2025-04-01,0.06382354790512333,Low,Logistic Regression,v1.0.0
ENG-00057,2024-06-01,0.15779102973897832,Low,Logistic Regression,v1.0.0
ENG-00057,2024-07-01,0.1016875567187859,Low,Logistic Regression,v1.0.0
ENG-00057,2024-08-01,0.01209097621986012,Low,Logistic Regression,v1.0.0
ENG-00057,2024-09-01,0.03350867854006334,Low,Logistic Regression,v1.0.0
ENG-00057,2024-10-01,0.025286453877724692,Low,Logistic Regression,v1.0.0
ENG-00057,2024-11-01,0.23349099781353863,Low,Logistic Regression,v1.0.0
ENG-00057,2024-12-01,0.018036483728864156,Low,Logistic Regression,v1.0.0
ENG-00057,2025-01-01,0.38465190480046957,Watch,Logistic Regression,v1.0.0
ENG-00057,2025-02-01,0.0020856502644338477,Low,Logistic Regression,v1.0.0
ENG-00057,2025-03-01,0.09010284183169977,Low,Logistic Regression,v1.0.0
ENG-00057,2025-04-01,0.004516399928006816,Low,Logistic Regression,v1.0.0
ENG-00057,2025-05-01,0.002787090649555945,Low,Logistic Regression,v1.0.0
ENG-00057,2025-06-01,0.14447862860215155,Low,Logistic Regression,v1.0.0
ENG-00058,2025-08-01,0.22224654468343435,Low,Logistic Regression,v1.0.0
ENG-00058,2025-09-01,0.21729277295293742,Low,Logistic Regression,v1.0.0
ENG-00058,2025-10-01,0.17867282026394715,Low,Logistic Regression,v1.0.0
ENG-00058,2025-11-01,0.011213473533158953,Low,Logistic Regression,v1.0.0
ENG-00058,2025-12-01,0.12952998853275333,Low,Logistic Regression,v1.0.0
ENG-00058,2026-01-01,0.2731151750045435,Low,Logistic Regression,v1.0.0
ENG-00058,2026-02-01,0.00477589259292936,Low,Logistic Regression,v1.0.0
ENG-00058,2026-03-01,0.29028151026272364,Low,Logistic Regression,v1.0.0
ENG-00058,2026-04-01,0.02018294196610341,Low,Logistic Regression,v1.0.0
ENG-00058,2026-05-01,0.15738146944201092,Low,Logistic Regression,v1.0.0
ENG-00058,2026-06-01,0.020195368100292287,Low,Logistic Regression,v1.0.0
ENG-00058,2026-07-01,0.10344111863736888,Low,Logistic Regression,v1.0.0
ENG-00058,2026-08-01,0.13734298861546543,Low,Logistic Regression,v1.0.0
ENG-00059,2024-09-01,0.6832481524311559,Critical,Logistic Regression,v1.0.0
ENG-00059,2024-10-01,0.5452751789626579,Watch,Logistic Regression,v1.0.0
ENG-00059,2024-11-01,0.718957332937996,Critical,Logistic Regression,v1.0.0
ENG-00059,2024-12-01,0.039648606573572866,Low,Logistic Regression,v1.0.0
ENG-00059,2025-01-01,0.8873604887841136,Critical,Logistic Regression,v1.0.0
ENG-00059,2025-02-01,0.26922891208897204,Low,Logistic Regression,v1.0.0
ENG-00059,2025-03-01,0.5955878658712773,Watch,Logistic Regression,v1.0.0
ENG-00059,2025-04-01,0.06710906695655271,Low,Logistic Regression,v1.0.0
ENG-00060,2025-04-01,0.294574854597825,Low,Logistic Regression,v1.0.0
ENG-00060,2025-05-01,0.17100949012399191,Low,Logistic Regression,v1.0.0
ENG-00060,2025-06-01,0.024524729997130287,Low,Logistic Regression,v1.0.0
ENG-00060,2025-07-01,0.44832851839313126,Watch,Logistic Regression,v1.0.0
ENG-00060,2025-08-01,0.5155639684535701,Watch,Logistic Regression,v1.0.0
ENG-00060,2025-09-01,0.05821237389741175,Low,Logistic Regression,v1.0.0
ENG-00060,2025-10-01,0.17822291728105943,Low,Logistic Regression,v1.0.0
ENG-00060,2025-11-01,0.01241794914435021,Low,Logistic Regression,v1.0.0
ENG-00060,2025-12-01,0.05346302157184697,Low,Logistic Regression,v1.0.0
ENG-00060,2026-01-01,0.25781160830789224,Low,Logistic Regression,v1.0.0
ENG-00060,2026-02-01,0.2062623123011371,Low,Logistic Regression,v1.0.0
ENG-00060,2026-03-01,0.14200198529641092,Low,Logistic Regression,v1.0.0
ENG-00061,2025-10-01,0.06720179424921191,Low,Logistic Regression,v1.0.0
ENG-00061,2025-11-01,0.5242870114760364,Watch,Logistic Regression,v1.0.0
ENG-00061,2025-12-01,0.7350862499100512,Critical,Logistic Regression,v1.0.0
ENG-00061,2026-01-01,0.9555069963492534,Critical,Logistic Regression,v1.0.0
ENG-00061,2026-02-01,0.9970949827259319,Critical,Logistic Regression,v1.0.0
ENG-00062,2024-01-01,0.013797862920143828,Low,Logistic Regression,v1.0.0
ENG-00062,2024-02-01,0.025459350723707974,Low,Logistic Regression,v1.0.0
ENG-00062,2024-03-01,0.0036083160253829604,Low,Logistic Regression,v1.0.0
ENG-00062,2024-04-01,0.04090385519579338,Low,Logistic Regression,v1.0.0
ENG-00062,2024-05-01,0.009913786280027358,Low,Logistic Regression,v1.0.0
ENG-00062,2024-06-01,0.030125771046419284,Low,Logistic Regression,v1.0.0
ENG-00062,2024-07-01,0.004624685840119144,Low,Logistic Regression,v1.0.0
ENG-00062,2024-08-01,0.004002981653418424,Low,Logistic Regression,v1.0.0
ENG-00062,2024-09-01,0.04327803214665224,Low,Logistic Regression,v1.0.0
ENG-00062,2024-10-01,0.001016548311022684,Low,Logistic Regression,v1.0.0
ENG-00062,2024-11-01,0.0014888305704429728,Low,Logistic Regression,v1.0.0
ENG-00062,2024-12-01,0.0014794420561943169,Low,Logistic Regression,v1.0.0
ENG-00062,2025-01-01,0.009989232125779152,Low,Logistic Regression,v1.0.0
ENG-00063,2025-11-01,0.41194411604649933,Watch,Logistic Regression,v1.0.0
ENG-00063,2025-12-01,0.46696496474255617,Watch,Logistic Regression,v1.0.0
ENG-00063,2026-01-01,0.6439639107702881,Watch,Logistic Regression,v1.0.0
ENG-00063,2026-02-01,0.028848553710601185,Low,Logistic Regression,v1.0.0
ENG-00063,2026-03-01,0.8790409344363628,Critical,Logistic Regression,v1.0.0
ENG-00063,2026-04-01,0.6493875383608241,Watch,Logistic Regression,v1.0.0
ENG-00063,2026-05-01,0.15299023443020066,Low,Logistic Regression,v1.0.0
ENG-00063,2026-06-01,0.2654728385051121,Low,Logistic Regression,v1.0.0
ENG-00063,2026-07-01,0.624867690557785,Watch,Logistic Regression,v1.0.0
ENG-00063,2026-08-01,0.15885431827029342,Low,Logistic Regression,v1.0.0
ENG-00064,2024-08-01,0.05747086348889962,Low,Logistic Regression,v1.0.0
ENG-00064,2024-09-01,0.35044708661795176,Watch,Logistic Regression,v1.0.0
ENG-00064,2024-10-01,0.574727501360469,Watch,Logistic Regression,v1.0.0
ENG-00064,2024-11-01,0.032950317517712956,Low,Logistic Regression,v1.0.0
ENG-00064,2024-12-01,0.3156409745713553,Low,Logistic Regression,v1.0.0
ENG-00064,2025-01-01,0.008751119505898157,Low,Logistic Regression,v1.0.0
ENG-00064,2025-02-01,0.012934282364014548,Low,Logistic Regression,v1.0.0
ENG-00064,2025-03-01,0.2839543919430709,Low,Logistic Regression,v1.0.0
ENG-00064,2025-04-01,0.8285569113008675,Critical,Logistic Regression,v1.0.0
ENG-00064,2025-05-01,0.934820679833671,Critical,Logistic Regression,v1.0.0
ENG-00064,2025-06-01,0.9081620101782497,Critical,Logistic Regression,v1.0.0
ENG-00065,2024-06-01,0.079183045269686,Low,Logistic Regression,v1.0.0
ENG-00065,2024-07-01,0.0694518991837168,Low,Logistic Regression,v1.0.0
ENG-00065,2024-08-01,0.08652832573931245,Low,Logistic Regression,v1.0.0
ENG-00065,2024-09-01,0.002711358075950923,Low,Logistic Regression,v1.0.0
ENG-00065,2024-10-01,0.18158702363484824,Low,Logistic Regression,v1.0.0
ENG-00065,2024-11-01,0.010664170888713556,Low,Logistic Regression,v1.0.0
ENG-00065,2024-12-01,0.016427092044431556,Low,Logistic Regression,v1.0.0
ENG-00065,2025-01-01,0.0022284906674373897,Low,Logistic Regression,v1.0.0
ENG-00065,2025-02-01,0.016002297921751396,Low,Logistic Regression,v1.0.0
ENG-00065,2025-03-01,0.5429905400450126,Watch,Logistic Regression,v1.0.0
ENG-00065,2025-04-01,0.006436585171484563,Low,Logistic Regression,v1.0.0
ENG-00066,2024-06-01,0.7025488853433561,Critical,Logistic Regression,v1.0.0
ENG-00066,2024-07-01,0.9179001896665301,Critical,Logistic Regression,v1.0.0
ENG-00066,2024-08-01,0.24466947785874224,Low,Logistic Regression,v1.0.0
ENG-00066,2024-09-01,0.8779871779525892,Critical,Logistic Regression,v1.0.0
ENG-00066,2024-10-01,0.8596077148633011,Critical,Logistic Regression,v1.0.0
ENG-00066,2024-11-01,0.9184711217699816,Critical,Logistic Regression,v1.0.0
ENG-00066,2024-12-01,0.6889473080942855,Critical,Logistic Regression,v1.0.0
ENG-00067,2024-02-01,0.007897747984828202,Low,Logistic Regression,v1.0.0
ENG-00067,2024-03-01,0.0029947627956753266,Low,Logistic Regression,v1.0.0
ENG-00067,2024-04-01,0.0051162671904013465,Low,Logistic Regression,v1.0.0
ENG-00067,2024-05-01,0.03546529265839512,Low,Logistic Regression,v1.0.0
ENG-00067,2024-06-01,0.001352400996792534,Low,Logistic Regression,v1.0.0
ENG-00067,2024-07-01,0.03415748725808892,Low,Logistic Regression,v1.0.0
ENG-00067,2024-08-01,0.11319646647301324,Low,Logistic Regression,v1.0.0
ENG-00067,2024-09-01,0.7632254692876612,Critical,Logistic Regression,v1.0.0
ENG-00067,2024-10-01,0.14550037884506634,Low,Logistic Regression,v1.0.0
ENG-00068,2026-08-01,0.09890627120806145,Low,Logistic Regression,v1.0.0
ENG-00069,2026-05-01,0.13578513039319734,Low,Logistic Regression,v1.0.0
ENG-00069,2026-06-01,0.27237932498508416,Low,Logistic Regression,v1.0.0
ENG-00069,2026-07-01,0.04237243684929545,Low,Logistic Regression,v1.0.0
ENG-00069,2026-08-01,0.04227459210505451,Low,Logistic Regression,v1.0.0
ENG-00070,2026-04-01,0.038632493485842655,Low,Logistic Regression,v1.0.0
ENG-00070,2026-05-01,0.004645317535121504,Low,Logistic Regression,v1.0.0
ENG-00070,2026-06-01,0.004469230517962465,Low,Logistic Regression,v1.0.0
ENG-00070,2026-07-01,0.009624747885067215,Low,Logistic Regression,v1.0.0
ENG-00070,2026-08-01,0.38236849661117345,Watch,Logistic Regression,v1.0.0
ENG-00071,2025-07-01,0.04936040149956086,Low,Logistic Regression,v1.0.0
ENG-00071,2025-08-01,0.09392205952760921,Low,Logistic Regression,v1.0.0
ENG-00071,2025-09-01,0.06573744054730352,Low,Logistic Regression,v1.0.0
ENG-00071,2025-10-01,0.9581029947149559,Critical,Logistic Regression,v1.0.0
ENG-00071,2025-11-01,0.9662956505401483,Critical,Logistic Regression,v1.0.0
ENG-00071,2025-12-01,0.9837054177706548,Critical,Logistic Regression,v1.0.0
ENG-00072,2024-04-01,0.6217405246698647,Watch,Logistic Regression,v1.0.0
ENG-00072,2024-05-01,0.8676360507966175,Critical,Logistic Regression,v1.0.0
ENG-00072,2024-06-01,0.7409934370609866,Critical,Logistic Regression,v1.0.0
ENG-00072,2024-07-01,0.09744507999858874,Low,Logistic Regression,v1.0.0
ENG-00072,2024-08-01,0.5697196884137703,Watch,Logistic Regression,v1.0.0
ENG-00072,2024-09-01,0.5009422250519057,Watch,Logistic Regression,v1.0.0
ENG-00072,2024-10-01,0.4528616020522756,Watch,Logistic Regression,v1.0.0
ENG-00072,2024-11-01,0.04383322131354889,Low,Logistic Regression,v1.0.0
ENG-00072,2024-12-01,0.3513452972645164,Watch,Logistic Regression,v1.0.0
ENG-00072,2025-01-01,0.5305153265915775,Watch,Logistic Regression,v1.0.0
ENG-00072,2025-02-01,0.3625980872414725,Watch,Logistic Regression,v1.0.0
ENG-00072,2025-03-01,0.06585799453596665,Low,Logistic Regression,v1.0.0
ENG-00073,2025-05-01,0.21939548170704587,Low,Logistic Regression,v1.0.0
ENG-00073,2025-06-01,0.5596498615503845,Watch,Logistic Regression,v1.0.0
ENG-00073,2025-07-01,0.1262463018028579,Low,Logistic Regression,v1.0.0
ENG-00073,2025-08-01,0.17751066916524524,Low,Logistic Regression,v1.0.0
ENG-00073,2025-09-01,0.0025466170018217525,Low,Logistic Regression,v1.0.0
ENG-00073,2025-10-01,0.45923002367356724,Watch,Logistic Regression,v1.0.0
ENG-00073,2025-11-01,0.1204238422077879,Low,Logistic Regression,v1.0.0
ENG-00073,2025-12-01,0.08793194324722803,Low,Logistic Regression,v1.0.0
ENG-00073,2026-01-01,0.14201489639046128,Low,Logistic Regression,v1.0.0
ENG-00073,2026-02-01,0.278423476277899,Low,Logistic Regression,v1.0.0
ENG-00074,2026-03-01,0.005827166477043892,Low,Logistic Regression,v1.0.0
ENG-00074,2026-04-01,0.03409425473832439,Low,Logistic Regression,v1.0.0
ENG-00074,2026-05-01,0.021164562856128798,Low,Logistic Regression,v1.0.0
ENG-00074,2026-06-01,0.015525343122964193,Low,Logistic Regression,v1.0.0
ENG-00074,2026-07-01,0.06068435733254866,Low,Logistic Regression,v1.0.0
ENG-00074,2026-08-01,0.11565896900210958,Low,Logistic Regression,v1.0.0
ENG-00075,2025-07-01,0.04810917526464804,Low,Logistic Regression,v1.0.0
ENG-00075,2025-08-01,0.006119924139579701,Low,Logistic Regression,v1.0.0
ENG-00075,2025-09-01,0.11355983215282467,Low,Logistic Regression,v1.0.0
ENG-00075,2025-10-01,0.03256511642085821,Low,Logistic Regression,v1.0.0
ENG-00075,2025-11-01,0.0014651368233113916,Low,Logistic Regression,v1.0.0
ENG-00075,2025-12-01,0.0837812395260335,Low,Logistic Regression,v1.0.0
ENG-00075,2026-01-01,0.009678089503739818,Low,Logistic Regression,v1.0.0
ENG-00075,2026-02-01,0.004426976251537831,Low,Logistic Regression,v1.0.0
ENG-00075,2026-03-01,0.004747826850634335,Low,Logistic Regression,v1.0.0
ENG-00075,2026-04-01,0.06682437203515715,Low,Logistic Regression,v1.0.0
ENG-00075,2026-05-01,0.0005244257622324138,Low,Logistic Regression,v1.0.0
ENG-00075,2026-06-01,0.09624504008865052,Low,Logistic Regression,v1.0.0
ENG-00076,2026-02-01,0.05474243192142325,Low,Logistic Regression,v1.0.0
ENG-00076,2026-03-01,0.008390026823740595,Low,Logistic Regression,v1.0.0
ENG-00076,2026-04-01,0.00518022388198211,Low,Logistic Regression,v1.0.0
ENG-00076,2026-05-01,0.00883790857025232,Low,Logistic Regression,v1.0.0
ENG-00076,2026-06-01,0.06512326889171022,Low,Logistic Regression,v1.0.0
ENG-00076,2026-07-01,0.09620213789023817,Low,Logistic Regression,v1.0.0
ENG-00076,2026-08-01,0.011786862361424764,Low,Logistic Regression,v1.0.0
ENG-00077,2026-01-01,0.006799428201156957,Low,Logistic Regression,v1.0.0
ENG-00077,2026-02-01,0.005008880919332618,Low,Logistic Regression,v1.0.0
ENG-00077,2026-03-01,0.024389602124134012,Low,Logistic Regression,v1.0.0
ENG-00077,2026-04-01,0.0007981348567970536,Low,Logistic Regression,v1.0.0
ENG-00077,2026-05-01,0.009049951253127174,Low,Logistic Regression,v1.0.0
ENG-00077,2026-06-01,0.018713080464972106,Low,Logistic Regression,v1.0.0
ENG-00077,2026-07-01,0.0006788324360458185,Low,Logistic Regression,v1.0.0
ENG-00077,2026-08-01,0.09787906103744586,Low,Logistic Regression,v1.0.0
ENG-00078,2026-06-01,0.09470485598931166,Low,Logistic Regression,v1.0.0
ENG-00078,2026-07-01,0.7949287322832983,Critical,Logistic Regression,v1.0.0
ENG-00078,2026-08-01,0.8761543337131257,Critical,Logistic Regression,v1.0.0
ENG-00079,2025-12-01,0.060546169511476094,Low,Logistic Regression,v1.0.0
ENG-00079,2026-01-01,0.5672928644815034,Watch,Logistic Regression,v1.0.0
ENG-00079,2026-02-01,0.5766322649178226,Watch,Logistic Regression,v1.0.0
ENG-00079,2026-03-01,0.7448310385210215,Critical,Logistic Regression,v1.0.0
ENG-00079,2026-04-01,0.9864028370998172,Critical,Logistic Regression,v1.0.0
ENG-00080,2024-06-01,0.6511589331518971,Critical,Logistic Regression,v1.0.0
ENG-00080,2024-07-01,0.8617216408142901,Critical,Logistic Regression,v1.0.0
ENG-00080,2024-08-01,0.9998342818556928,Critical,Logistic Regression,v1.0.0
ENG-00080,2024-09-01,0.9937464977795134,Critical,Logistic Regression,v1.0.0
ENG-00080,2024-10-01,0.999554506497858,Critical,Logistic Regression,v1.0.0
ENG-00081,2026-05-01,0.011836644879917506,Low,Logistic Regression,v1.0.0
ENG-00081,2026-06-01,0.03402792487199415,Low,Logistic Regression,v1.0.0
ENG-00081,2026-07-01,0.0011248721460280651,Low,Logistic Regression,v1.0.0
ENG-00081,2026-08-01,0.02440885224993969,Low,Logistic Regression,v1.0.0
ENG-00082,2024-11-01,0.01572345374138544,Low,Logistic Regression,v1.0.0
ENG-00082,2024-12-01,0.0276558766534247,Low,Logistic Regression,v1.0.0
ENG-00082,2025-01-01,0.01801535798853919,Low,Logistic Regression,v1.0.0
ENG-00082,2025-02-01,0.056073916197946605,Low,Logistic Regression,v1.0.0
ENG-00082,2025-03-01,0.01067752784253978,Low,Logistic Regression,v1.0.0
ENG-00082,2025-04-01,0.001619021147959266,Low,Logistic Regression,v1.0.0
ENG-00082,2025-05-01,0.1634006262946896,Low,Logistic Regression,v1.0.0
ENG-00082,2025-06-01,0.016561669298113472,Low,Logistic Regression,v1.0.0
ENG-00082,2025-07-01,0.015964579296048474,Low,Logistic Regression,v1.0.0
ENG-00082,2025-08-01,0.009851583656789457,Low,Logistic Regression,v1.0.0
ENG-00082,2025-09-01,0.01832482614693931,Low,Logistic Regression,v1.0.0
ENG-00082,2025-10-01,0.018751486852101918,Low,Logistic Regression,v1.0.0
ENG-00082,2025-11-01,0.0066291523219767605,Low,Logistic Regression,v1.0.0
ENG-00083,2026-04-01,0.07932538914801741,Low,Logistic Regression,v1.0.0
ENG-00083,2026-05-01,0.010946056341167246,Low,Logistic Regression,v1.0.0
ENG-00083,2026-06-01,0.007105549542700257,Low,Logistic Regression,v1.0.0
ENG-00083,2026-07-01,0.28149984688644714,Low,Logistic Regression,v1.0.0
ENG-00083,2026-08-01,0.2298147165192204,Low,Logistic Regression,v1.0.0
ENG-00083,2026-09-01,0.7971947253948052,Critical,Logistic Regression,v1.0.0
ENG-00083,2026-10-01,0.9883685557484821,Critical,Logistic Regression,v1.0.0
ENG-00084,2024-08-01,0.5313529264903952,Watch,Logistic Regression,v1.0.0
ENG-00084,2024-09-01,0.0255137505189741,Low,Logistic Regression,v1.0.0
ENG-00084,2024-10-01,0.2157546895870244,Low,Logistic Regression,v1.0.0
ENG-00084,2024-11-01,0.21658640015228386,Low,Logistic Regression,v1.0.0
ENG-00084,2024-12-01,0.5969223985514033,Watch,Logistic Regression,v1.0.0
ENG-00084,2025-01-01,0.16511148392533972,Low,Logistic Regression,v1.0.0
ENG-00084,2025-02-01,0.03395785149978585,Low,Logistic Regression,v1.0.0
ENG-00084,2025-03-01,0.38953228627464087,Watch,Logistic Regression,v1.0.0
ENG-00084,2025-04-01,0.19776864679314515,Low,Logistic Regression,v1.0.0
ENG-00084,2025-05-01,0.42359366276054866,Watch,Logistic Regression,v1.0.0
ENG-00084,2025-06-01,0.05280072674113675,Low,Logistic Regression,v1.0.0
ENG-00084,2025-07-01,0.08055815945802113,Low,Logistic Regression,v1.0.0
ENG-00085,2025-02-01,0.1344954055182053,Low,Logistic Regression,v1.0.0
ENG-00085,2025-03-01,0.7871737294936099,Critical,Logistic Regression,v1.0.0
ENG-00085,2025-04-01,0.003762842170272658,Low,Logistic Regression,v1.0.0
ENG-00085,2025-05-01,0.44931305284287554,Watch,Logistic Regression,v1.0.0
ENG-00085,2025-06-01,0.014694152088352546,Low,Logistic Regression,v1.0.0
ENG-00085,2025-07-01,0.0050535556519074,Low,Logistic Regression,v1.0.0
ENG-00085,2025-08-01,0.35088731637407167,Watch,Logistic Regression,v1.0.0
ENG-00086,2024-06-01,0.04399293573664138,Low,Logistic Regression,v1.0.0
ENG-00086,2024-07-01,0.23537765485152812,Low,Logistic Regression,v1.0.0
ENG-00086,2024-08-01,0.07645100873507636,Low,Logistic Regression,v1.0.0
ENG-00086,2024-09-01,0.3388139459704071,Low,Logistic Regression,v1.0.0
ENG-00086,2024-10-01,0.9914070109508824,Critical,Logistic Regression,v1.0.0
ENG-00086,2024-11-01,0.6502979387900598,Critical,Logistic Regression,v1.0.0
ENG-00086,2024-12-01,0.998857203258397,Critical,Logistic Regression,v1.0.0
ENG-00086,2025-01-01,0.9720565541579408,Critical,Logistic Regression,v1.0.0
ENG-00087,2025-08-01,0.4875041914569928,Watch,Logistic Regression,v1.0.0
ENG-00087,2025-09-01,0.8240351691626867,Critical,Logistic Regression,v1.0.0
ENG-00087,2025-10-01,0.5073025674594963,Watch,Logistic Regression,v1.0.0
ENG-00087,2025-11-01,0.15001835829019422,Low,Logistic Regression,v1.0.0
ENG-00087,2025-12-01,0.45547606809333036,Watch,Logistic Regression,v1.0.0
ENG-00087,2026-01-01,0.7128059310684152,Critical,Logistic Regression,v1.0.0
ENG-00087,2026-02-01,0.5894901416857493,Watch,Logistic Regression,v1.0.0
ENG-00087,2026-03-01,0.5506904210253696,Watch,Logistic Regression,v1.0.0
ENG-00087,2026-04-01,0.7618164138095143,Critical,Logistic Regression,v1.0.0
ENG-00087,2026-05-01,0.06919641727736207,Low,Logistic Regression,v1.0.0
ENG-00087,2026-06-01,0.10515837516141578,Low,Logistic Regression,v1.0.0
ENG-00087,2026-07-01,0.561153405980649,Watch,Logistic Regression,v1.0.0
ENG-00087,2026-08-01,0.5711232958588269,Watch,Logistic Regression,v1.0.0
ENG-00088,2024-04-01,0.0734955978651101,Low,Logistic Regression,v1.0.0
ENG-00088,2024-05-01,0.07380017284599732,Low,Logistic Regression,v1.0.0
ENG-00088,2024-06-01,0.12378838793198574,Low,Logistic Regression,v1.0.0
ENG-00088,2024-07-01,0.0007715371484653157,Low,Logistic Regression,v1.0.0
ENG-00088,2024-08-01,0.27042905890025,Low,Logistic Regression,v1.0.0
ENG-00088,2024-09-01,0.15379467067128294,Low,Logistic Regression,v1.0.0
ENG-00088,2024-10-01,0.002192561011946765,Low,Logistic Regression,v1.0.0
ENG-00088,2024-11-01,0.16551827146386539,Low,Logistic Regression,v1.0.0
ENG-00088,2024-12-01,0.025155211735003898,Low,Logistic Regression,v1.0.0
ENG-00088,2025-01-01,0.02342745373363863,Low,Logistic Regression,v1.0.0
ENG-00088,2025-02-01,0.006762206430376683,Low,Logistic Regression,v1.0.0
ENG-00089,2025-06-01,0.09925503340202846,Low,Logistic Regression,v1.0.0
ENG-00089,2025-07-01,0.7449944529205028,Critical,Logistic Regression,v1.0.0
ENG-00089,2025-08-01,0.9347982148060254,Critical,Logistic Regression,v1.0.0
ENG-00089,2025-09-01,0.8284336112571099,Critical,Logistic Regression,v1.0.0
ENG-00089,2025-10-01,0.9994557421961144,Critical,Logistic Regression,v1.0.0
ENG-00090,2026-03-01,0.02008835066765957,Low,Logistic Regression,v1.0.0
ENG-00090,2026-04-01,0.14454287019159534,Low,Logistic Regression,v1.0.0
ENG-00090,2026-05-01,0.07495308851684006,Low,Logistic Regression,v1.0.0
ENG-00090,2026-06-01,0.011862640647081674,Low,Logistic Regression,v1.0.0
ENG-00090,2026-07-01,0.12867791461013273,Low,Logistic Regression,v1.0.0
ENG-00090,2026-08-01,0.010270411581872398,Low,Logistic Regression,v1.0.0
ENG-00090,2026-09-01,0.1358495107556666,Low,Logistic Regression,v1.0.0
ENG-00090,2026-10-01,0.3912158824137503,Watch,Logistic Regression,v1.0.0
ENG-00090,2026-11-01,0.7154169195972669,Critical,Logistic Regression,v1.0.0
ENG-00090,2026-12-01,0.976647757801288,Critical,Logistic Regression,v1.0.0
ENG-00091,2024-08-01,0.030786507985365905,Low,Logistic Regression,v1.0.0
ENG-00091,2024-09-01,0.04604224646064181,Low,Logistic Regression,v1.0.0
ENG-00091,2024-10-01,0.1997710959639681,Low,Logistic Regression,v1.0.0
ENG-00091,2024-11-01,0.0051961898350377355,Low,Logistic Regression,v1.0.0
ENG-00091,2024-12-01,0.06096129403378661,Low,Logistic Regression,v1.0.0
ENG-00091,2025-01-01,0.10898923871301712,Low,Logistic Regression,v1.0.0
ENG-00091,2025-02-01,0.30982460233292397,Low,Logistic Regression,v1.0.0
ENG-00091,2025-03-01,0.02553179361254988,Low,Logistic Regression,v1.0.0
ENG-00091,2025-04-01,0.00864322071362457,Low,Logistic Regression,v1.0.0
ENG-00091,2025-05-01,0.008044578888581512,Low,Logistic Regression,v1.0.0
ENG-00091,2025-06-01,0.025771908519284917,Low,Logistic Regression,v1.0.0
ENG-00091,2025-07-01,0.04064919455524001,Low,Logistic Regression,v1.0.0
ENG-00091,2025-08-01,0.013346861055012491,Low,Logistic Regression,v1.0.0
ENG-00092,2026-07-01,0.013955113502477202,Low,Logistic Regression,v1.0.0
ENG-00092,2026-08-01,0.14217746923827057,Low,Logistic Regression,v1.0.0
ENG-00092,2026-09-01,0.34075990377569065,Low,Logistic Regression,v1.0.0
ENG-00092,2026-10-01,0.1421196372446699,Low,Logistic Regression,v1.0.0
ENG-00092,2026-11-01,0.8626783912679307,Critical,Logistic Regression,v1.0.0
ENG-00093,2025-02-01,0.36241589105544336,Watch,Logistic Regression,v1.0.0
ENG-00093,2025-03-01,0.39370894660533295,Watch,Logistic Regression,v1.0.0
ENG-00093,2025-04-01,0.2720402037899475,Low,Logistic Regression,v1.0.0
ENG-00093,2025-05-01,0.6821665025241974,Critical,Logistic Regression,v1.0.0
ENG-00093,2025-06-01,0.21932986122603237,Low,Logistic Regression,v1.0.0
ENG-00093,2025-07-01,0.20250968255242102,Low,Logistic Regression,v1.0.0
ENG-00093,2025-08-01,0.6993909362766167,Critical,Logistic Regression,v1.0.0
ENG-00093,2025-09-01,0.0340347338299338,Low,Logistic Regression,v1.0.0
ENG-00094,2024-02-01,0.005827695273551569,Low,Logistic Regression,v1.0.0
ENG-00094,2024-03-01,0.0673553390521842,Low,Logistic Regression,v1.0.0
ENG-00094,2024-04-01,0.007155634832611251,Low,Logistic Regression,v1.0.0
ENG-00094,2024-05-01,0.002963444593713903,Low,Logistic Regression,v1.0.0
ENG-00094,2024-06-01,0.0018125564685029856,Low,Logistic Regression,v1.0.0
ENG-00094,2024-07-01,0.0026027439917491436,Low,Logistic Regression,v1.0.0
ENG-00094,2024-08-01,0.00098986361006657,Low,Logistic Regression,v1.0.0
ENG-00094,2024-09-01,0.006227296704403914,Low,Logistic Regression,v1.0.0
ENG-00094,2024-10-01,0.04000100640496874,Low,Logistic Regression,v1.0.0
ENG-00094,2024-11-01,0.002539990112146592,Low,Logistic Regression,v1.0.0
ENG-00094,2024-12-01,0.002250403163643085,Low,Logistic Regression,v1.0.0
ENG-00095,2025-06-01,0.09796249901487203,Low,Logistic Regression,v1.0.0
ENG-00095,2025-07-01,0.7656927511040601,Critical,Logistic Regression,v1.0.0
ENG-00095,2025-08-01,0.06222813760052796,Low,Logistic Regression,v1.0.0
ENG-00095,2025-09-01,0.7050498049591429,Critical,Logistic Regression,v1.0.0
ENG-00095,2025-10-01,0.682745773745441,Critical,Logistic Regression,v1.0.0
ENG-00095,2025-11-01,0.5576103727409913,Watch,Logistic Regression,v1.0.0
ENG-00095,2025-12-01,0.998111173062064,Critical,Logistic Regression,v1.0.0
ENG-00095,2026-01-01,0.5807396433359423,Watch,Logistic Regression,v1.0.0
ENG-00096,2025-06-01,0.025658100145849173,Low,Logistic Regression,v1.0.0
ENG-00096,2025-07-01,0.2149551215021175,Low,Logistic Regression,v1.0.0
ENG-00096,2025-08-01,0.020178631898382003,Low,Logistic Regression,v1.0.0
ENG-00096,2025-09-01,0.08548024982989015,Low,Logistic Regression,v1.0.0
ENG-00096,2025-10-01,0.031498238296532255,Low,Logistic Regression,v1.0.0
ENG-00096,2025-11-01,0.06578118864797,Low,Logistic Regression,v1.0.0
ENG-00096,2025-12-01,0.07599041383480791,Low,Logistic Regression,v1.0.0
ENG-00097,2025-10-01,0.037165983530964564,Low,Logistic Regression,v1.0.0
ENG-00097,2025-11-01,0.023764047900682615,Low,Logistic Regression,v1.0.0
ENG-00097,2025-12-01,0.7254946366994149,Critical,Logistic Regression,v1.0.0
ENG-00097,2026-01-01,0.016480753402206796,Low,Logistic Regression,v1.0.0
ENG-00097,2026-02-01,0.6372077689221629,Watch,Logistic Regression,v1.0.0
ENG-00097,2026-03-01,0.02150730856937776,Low,Logistic Regression,v1.0.0
ENG-00097,2026-04-01,0.03869310713213882,Low,Logistic Regression,v1.0.0
ENG-00097,2026-05-01,0.22068510205262373,Low,Logistic Regression,v1.0.0
ENG-00097,2026-06-01,0.05457975604188525,Low,Logistic Regression,v1.0.0
ENG-00097,2026-07-01,0.06488435661773276,Low,Logistic Regression,v1.0.0
ENG-00098,2024-03-01,0.06247198456884494,Low,Logistic Regression,v1.0.0
ENG-00098,2024-04-01,0.4377589372402948,Watch,Logistic Regression,v1.0.0
ENG-00098,2024-05-01,0.22734561465517494,Low,Logistic Regression,v1.0.0
ENG-00098,2024-06-01,0.5704844307861375,Watch,Logistic Regression,v1.0.0
ENG-00098,2024-07-01,0.6417987852201625,Watch,Logistic Regression,v1.0.0
ENG-00098,2024-08-01,0.9898907026100633,Critical,Logistic Regression,v1.0.0
ENG-00098,2024-09-01,0.9974201243920938,Critical,Logistic Regression,v1.0.0
ENG-00099,2024-11-01,0.06536429289973784,Low,Logistic Regression,v1.0.0
ENG-00099,2024-12-01,0.114006997396123,Low,Logistic Regression,v1.0.0
ENG-00099,2025-01-01,0.0020163544766910618,Low,Logistic Regression,v1.0.0
ENG-00099,2025-02-01,0.008949994943790559,Low,Logistic Regression,v1.0.0
ENG-00099,2025-03-01,0.01575921015042168,Low,Logistic Regression,v1.0.0
ENG-00099,2025-04-01,0.020850131947519057,Low,Logistic Regression,v1.0.0
ENG-00099,2025-05-01,0.19171178010206286,Low,Logistic Regression,v1.0.0
ENG-00099,2025-06-01,0.0010459020010840944,Low,Logistic Regression,v1.0.0
ENG-00099,2025-07-01,0.0013931825960073673,Low,Logistic Regression,v1.0.0
ENG-00100,2024-01-01,0.17916916295154198,Low,Logistic Regression,v1.0.0
ENG-00100,2024-02-01,0.026340764531831967,Low,Logistic Regression,v1.0.0
ENG-00100,2024-03-01,0.13093197263653275,Low,Logistic Regression,v1.0.0
ENG-00100,2024-04-01,0.15116506409655883,Low,Logistic Regression,v1.0.0
ENG-00100,2024-05-01,0.5244976794993284,Watch,Logistic Regression,v1.0.0
ENG-00100,2024-06-01,0.08990568806847837,Low,Logistic Regression,v1.0.0
ENG-00100,2024-07-01,0.09027509247639828,Low,Logistic Regression,v1.0.0
ENG-00100,2024-08-01,0.025609450299125577,Low,Logistic Regression,v1.0.0
ENG-00100,2024-09-01,0.8024310732578259,Critical,Logistic Regression,v1.0.0
ENG-00101,2024-07-01,0.061721105772920073,Low,Logistic Regression,v1.0.0
ENG-00101,2024-08-01,0.036600783752031144,Low,Logistic Regression,v1.0.0
ENG-00101,2024-09-01,0.15970900923237552,Low,Logistic Regression,v1.0.0
ENG-00101,2024-10-01,0.008973661882547572,Low,Logistic Regression,v1.0.0
ENG-00101,2024-11-01,0.08595242136852603,Low,Logistic Regression,v1.0.0
ENG-00101,2024-12-01,0.03919969252649302,Low,Logistic Regression,v1.0.0
ENG-00101,2025-01-01,0.04949983304942352,Low,Logistic Regression,v1.0.0
ENG-00101,2025-02-01,0.028411844559751917,Low,Logistic Regression,v1.0.0
ENG-00102,2024-08-01,0.1279306113473819,Low,Logistic Regression,v1.0.0
ENG-00102,2024-09-01,0.034426782142980214,Low,Logistic Regression,v1.0.0
ENG-00102,2024-10-01,0.4674856837473683,Watch,Logistic Regression,v1.0.0
ENG-00102,2024-11-01,0.07190809253153137,Low,Logistic Regression,v1.0.0
ENG-00102,2024-12-01,0.049954515664191124,Low,Logistic Regression,v1.0.0
ENG-00102,2025-01-01,0.0025866874507437052,Low,Logistic Regression,v1.0.0
ENG-00102,2025-02-01,0.23312607823949,Low,Logistic Regression,v1.0.0
ENG-00103,2025-04-01,0.0655867216394225,Low,Logistic Regression,v1.0.0
ENG-00103,2025-05-01,0.6113363927464542,Watch,Logistic Regression,v1.0.0
ENG-00103,2025-06-01,0.9929650030849809,Critical,Logistic Regression,v1.0.0
ENG-00103,2025-07-01,0.9989591822278306,Critical,Logistic Regression,v1.0.0
ENG-00104,2025-07-01,0.5219527893102481,Watch,Logistic Regression,v1.0.0
ENG-00104,2025-08-01,0.11167218466980243,Low,Logistic Regression,v1.0.0
ENG-00104,2025-09-01,0.9291007217446273,Critical,Logistic Regression,v1.0.0
ENG-00104,2025-10-01,0.5459742652477249,Watch,Logistic Regression,v1.0.0
ENG-00104,2025-11-01,0.3251082109782201,Low,Logistic Regression,v1.0.0
ENG-00104,2025-12-01,0.17401697460961318,Low,Logistic Regression,v1.0.0
ENG-00104,2026-01-01,0.11981888197004609,Low,Logistic Regression,v1.0.0
ENG-00104,2026-02-01,0.7467530674793008,Critical,Logistic Regression,v1.0.0
ENG-00104,2026-03-01,0.02756840493222518,Low,Logistic Regression,v1.0.0
ENG-00105,2024-12-01,0.43685808258793696,Watch,Logistic Regression,v1.0.0
ENG-00105,2025-01-01,0.7733311099742206,Critical,Logistic Regression,v1.0.0
ENG-00105,2025-02-01,0.1683593285225133,Low,Logistic Regression,v1.0.0
ENG-00105,2025-03-01,0.4991330778089687,Watch,Logistic Regression,v1.0.0
ENG-00105,2025-04-01,0.4091577131847448,Watch,Logistic Regression,v1.0.0
ENG-00105,2025-05-01,0.41322610273516447,Watch,Logistic Regression,v1.0.0
ENG-00105,2025-06-01,0.07683680544699216,Low,Logistic Regression,v1.0.0
ENG-00105,2025-07-01,0.8140644543993568,Critical,Logistic Regression,v1.0.0
ENG-00106,2024-03-01,0.46921227616414174,Watch,Logistic Regression,v1.0.0
ENG-00106,2024-04-01,0.9487043382269308,Critical,Logistic Regression,v1.0.0
ENG-00106,2024-05-01,0.9294757402657216,Critical,Logistic Regression,v1.0.0
ENG-00106,2024-06-01,0.5894269707932019,Watch,Logistic Regression,v1.0.0
ENG-00106,2024-07-01,0.7201002046990449,Critical,Logistic Regression,v1.0.0
ENG-00106,2024-08-01,0.8899668958548528,Critical,Logistic Regression,v1.0.0
ENG-00106,2024-09-01,0.6363570255511852,Watch,Logistic Regression,v1.0.0
ENG-00106,2024-10-01,0.6705324522731907,Critical,Logistic Regression,v1.0.0
ENG-00106,2024-11-01,0.8853333836942242,Critical,Logistic Regression,v1.0.0
ENG-00107,2026-03-01,0.005890038287093633,Low,Logistic Regression,v1.0.0
ENG-00107,2026-04-01,0.013837166885351943,Low,Logistic Regression,v1.0.0
ENG-00107,2026-05-01,0.24773468830421133,Low,Logistic Regression,v1.0.0
ENG-00107,2026-06-01,0.005973950102442179,Low,Logistic Regression,v1.0.0
ENG-00107,2026-07-01,0.0012289413191696216,Low,Logistic Regression,v1.0.0
ENG-00107,2026-08-01,0.02590502453921388,Low,Logistic Regression,v1.0.0
ENG-00108,2024-07-01,0.18764906300676829,Low,Logistic Regression,v1.0.0
ENG-00108,2024-08-01,0.08146490584347207,Low,Logistic Regression,v1.0.0
ENG-00108,2024-09-01,0.10602112562103572,Low,Logistic Regression,v1.0.0
ENG-00108,2024-10-01,0.4370522045214741,Watch,Logistic Regression,v1.0.0
ENG-00108,2024-11-01,0.017512281142410262,Low,Logistic Regression,v1.0.0
ENG-00108,2024-12-01,0.07877707974080891,Low,Logistic Regression,v1.0.0
ENG-00108,2025-01-01,0.08366850362314623,Low,Logistic Regression,v1.0.0
ENG-00108,2025-02-01,0.44721632343848927,Watch,Logistic Regression,v1.0.0
ENG-00108,2025-03-01,0.020716070002873267,Low,Logistic Regression,v1.0.0
ENG-00109,2025-06-01,0.0074929186298599276,Low,Logistic Regression,v1.0.0
ENG-00109,2025-07-01,0.0025558036936128054,Low,Logistic Regression,v1.0.0
ENG-00109,2025-08-01,0.004083141569827751,Low,Logistic Regression,v1.0.0
ENG-00109,2025-09-01,0.11418006908333418,Low,Logistic Regression,v1.0.0
ENG-00109,2025-10-01,0.0010916326900194727,Low,Logistic Regression,v1.0.0
ENG-00109,2025-11-01,0.007457869980412895,Low,Logistic Regression,v1.0.0
ENG-00109,2025-12-01,0.00017412223197511777,Low,Logistic Regression,v1.0.0
ENG-00109,2026-01-01,0.009542551185849922,Low,Logistic Regression,v1.0.0
ENG-00109,2026-02-01,0.0007416066736614123,Low,Logistic Regression,v1.0.0
ENG-00109,2026-03-01,0.002432337271572398,Low,Logistic Regression,v1.0.0
ENG-00109,2026-04-01,0.0017286362840676223,Low,Logistic Regression,v1.0.0
ENG-00109,2026-05-01,0.003993910672819078,Low,Logistic Regression,v1.0.0
ENG-00109,2026-06-01,0.00012938876201589543,Low,Logistic Regression,v1.0.0
ENG-00110,2024-07-01,0.027543755363260907,Low,Logistic Regression,v1.0.0
ENG-00110,2024-08-01,0.013644729343924744,Low,Logistic Regression,v1.0.0
ENG-00110,2024-09-01,0.02914696228290846,Low,Logistic Regression,v1.0.0
ENG-00110,2024-10-01,0.07200851698969865,Low,Logistic Regression,v1.0.0
ENG-00110,2024-11-01,0.04421740920839514,Low,Logistic Regression,v1.0.0
ENG-00110,2024-12-01,0.024543140261456254,Low,Logistic Regression,v1.0.0
ENG-00110,2025-01-01,0.22675400567549012,Low,Logistic Regression,v1.0.0
ENG-00110,2025-02-01,0.7188026063137603,Critical,Logistic Regression,v1.0.0
ENG-00110,2025-03-01,0.354130107140896,Watch,Logistic Regression,v1.0.0
ENG-00110,2025-04-01,0.9328968662636717,Critical,Logistic Regression,v1.0.0
ENG-00111,2025-08-01,0.4858646458714475,Watch,Logistic Regression,v1.0.0
ENG-00111,2025-09-01,0.299981111222065,Low,Logistic Regression,v1.0.0
ENG-00111,2025-10-01,0.8483738591707438,Critical,Logistic Regression,v1.0.0
ENG-00111,2025-11-01,0.9701584523157465,Critical,Logistic Regression,v1.0.0
ENG-00111,2025-12-01,0.016209098359700153,Low,Logistic Regression,v1.0.0
ENG-00111,2026-01-01,0.5120754566436541,Watch,Logistic Regression,v1.0.0
ENG-00111,2026-02-01,0.5115378165894164,Watch,Logistic Regression,v1.0.0
ENG-00111,2026-03-01,0.09579620842630139,Low,Logistic Regression,v1.0.0
ENG-00111,2026-04-01,0.6685463581322516,Critical,Logistic Regression,v1.0.0
ENG-00111,2026-05-01,0.7950582976864217,Critical,Logistic Regression,v1.0.0
ENG-00112,2025-07-01,0.013609652316046585,Low,Logistic Regression,v1.0.0
ENG-00112,2025-08-01,0.013481549450887701,Low,Logistic Regression,v1.0.0
ENG-00112,2025-09-01,0.004800478772425705,Low,Logistic Regression,v1.0.0
ENG-00112,2025-10-01,0.018001874477627574,Low,Logistic Regression,v1.0.0
ENG-00112,2025-11-01,0.0014886133839638934,Low,Logistic Regression,v1.0.0
ENG-00112,2025-12-01,0.004455104847871633,Low,Logistic Regression,v1.0.0
ENG-00112,2026-01-01,0.013624166599883336,Low,Logistic Regression,v1.0.0
ENG-00112,2026-02-01,0.0002336281810532688,Low,Logistic Regression,v1.0.0
ENG-00112,2026-03-01,0.012562849417248076,Low,Logistic Regression,v1.0.0
ENG-00113,2026-08-01,0.006198787772983667,Low,Logistic Regression,v1.0.0
ENG-00114,2024-04-01,0.37723751892919605,Watch,Logistic Regression,v1.0.0
ENG-00114,2024-05-01,0.9145823784957782,Critical,Logistic Regression,v1.0.0
ENG-00114,2024-06-01,0.7748446180014196,Critical,Logistic Regression,v1.0.0
ENG-00114,2024-07-01,0.08542530028497163,Low,Logistic Regression,v1.0.0
ENG-00114,2024-08-01,0.6424140922578412,Watch,Logistic Regression,v1.0.0
ENG-00114,2024-09-01,0.4952363630709618,Watch,Logistic Regression,v1.0.0
ENG-00114,2024-10-01,0.8162890782758356,Critical,Logistic Regression,v1.0.0
ENG-00114,2024-11-01,0.14038224783197129,Low,Logistic Regression,v1.0.0
ENG-00114,2024-12-01,0.325915822551526,Low,Logistic Regression,v1.0.0
ENG-00114,2025-01-01,0.5460534734283183,Watch,Logistic Regression,v1.0.0
ENG-00114,2025-02-01,0.11978269960735849,Low,Logistic Regression,v1.0.0
ENG-00115,2025-02-01,0.3513873129101213,Watch,Logistic Regression,v1.0.0
ENG-00115,2025-03-01,0.8668279440062215,Critical,Logistic Regression,v1.0.0
ENG-00115,2025-04-01,0.2481982328279798,Low,Logistic Regression,v1.0.0
ENG-00115,2025-05-01,0.3778080953813894,Watch,Logistic Regression,v1.0.0
ENG-00115,2025-06-01,0.02494434110033119,Low,Logistic Regression,v1.0.0
ENG-00115,2025-07-01,0.7365226300186071,Critical,Logistic Regression,v1.0.0
ENG-00115,2025-08-01,0.08953581461366349,Low,Logistic Regression,v1.0.0
ENG-00115,2025-09-01,0.8495798085361896,Critical,Logistic Regression,v1.0.0
ENG-00115,2025-10-01,0.02765536247357656,Low,Logistic Regression,v1.0.0
ENG-00115,2025-11-01,0.3449689984039258,Low,Logistic Regression,v1.0.0
ENG-00115,2025-12-01,0.11687820998645077,Low,Logistic Regression,v1.0.0
ENG-00115,2026-01-01,0.6507840047973412,Critical,Logistic Regression,v1.0.0
ENG-00115,2026-02-01,0.11492382730385303,Low,Logistic Regression,v1.0.0
ENG-00116,2025-12-01,0.003978589918708581,Low,Logistic Regression,v1.0.0
ENG-00116,2026-01-01,0.013223731350857991,Low,Logistic Regression,v1.0.0
ENG-00116,2026-02-01,0.008099549583348112,Low,Logistic Regression,v1.0.0
ENG-00116,2026-03-01,0.10740879511667847,Low,Logistic Regression,v1.0.0
ENG-00116,2026-04-01,0.0009684572982027908,Low,Logistic Regression,v1.0.0
ENG-00116,2026-05-01,0.0031922982430874123,Low,Logistic Regression,v1.0.0
ENG-00116,2026-06-01,0.0038581330485974955,Low,Logistic Regression,v1.0.0
ENG-00116,2026-07-01,0.19114655660774546,Low,Logistic Regression,v1.0.0
ENG-00116,2026-08-01,0.00047623161090484405,Low,Logistic Regression,v1.0.0
ENG-00117,2026-07-01,0.6985393056394247,Critical,Logistic Regression,v1.0.0
ENG-00117,2026-08-01,0.7771704857853,Critical,Logistic Regression,v1.0.0
ENG-00118,2025-07-01,0.5546074863394116,Watch,Logistic Regression,v1.0.0
ENG-00118,2025-08-01,0.7451462679401195,Critical,Logistic Regression,v1.0.0
ENG-00118,2025-09-01,0.9934847533648393,Critical,Logistic Regression,v1.0.0
ENG-00118,2025-10-01,0.973302153217377,Critical,Logistic Regression,v1.0.0
ENG-00119,2025-08-01,0.5733786045202331,Watch,Logistic Regression,v1.0.0
ENG-00119,2025-09-01,0.18355533061485316,Low,Logistic Regression,v1.0.0
ENG-00119,2025-10-01,0.9627694503029468,Critical,Logistic Regression,v1.0.0
ENG-00119,2025-11-01,0.9762747330292991,Critical,Logistic Regression,v1.0.0
ENG-00119,2025-12-01,0.9989823512316928,Critical,Logistic Regression,v1.0.0
ENG-00119,2026-01-01,0.9776770335250027,Critical,Logistic Regression,v1.0.0
ENG-00120,2024-09-01,0.013312812900884414,Low,Logistic Regression,v1.0.0
ENG-00120,2024-10-01,0.00038521329987136724,Low,Logistic Regression,v1.0.0
ENG-00120,2024-11-01,0.10786086131977453,Low,Logistic Regression,v1.0.0
ENG-00120,2024-12-01,0.18511427051566204,Low,Logistic Regression,v1.0.0
ENG-00120,2025-01-01,0.003023931384243056,Low,Logistic Regression,v1.0.0
ENG-00120,2025-02-01,0.003606609475298874,Low,Logistic Regression,v1.0.0
ENG-00120,2025-03-01,0.05977428958749216,Low,Logistic Regression,v1.0.0
ENG-00120,2025-04-01,0.0002155261165018562,Low,Logistic Regression,v1.0.0
ENG-00120,2025-05-01,0.010246474179634528,Low,Logistic Regression,v1.0.0
ENG-00120,2025-06-01,0.006524898893613038,Low,Logistic Regression,v1.0.0
ENG-00120,2025-07-01,0.002104730084936804,Low,Logistic Regression,v1.0.0
ENG-00120,2025-08-01,0.002934866311652083,Low,Logistic Regression,v1.0.0
ENG-00120,2025-09-01,0.003562659753238269,Low,Logistic Regression,v1.0.0
ENG-00121,2025-02-01,0.15300464864453195,Low,Logistic Regression,v1.0.0
ENG-00121,2025-03-01,0.013061872767735428,Low,Logistic Regression,v1.0.0
ENG-00121,2025-04-01,0.6816998407131539,Critical,Logistic Regression,v1.0.0
ENG-00121,2025-05-01,0.01706489362482575,Low,Logistic Regression,v1.0.0
ENG-00121,2025-06-01,0.17767451003708776,Low,Logistic Regression,v1.0.0
ENG-00121,2025-07-01,0.22799118981082625,Low,Logistic Regression,v1.0.0
ENG-00121,2025-08-01,0.33464745590949047,Low,Logistic Regression,v1.0.0
ENG-00121,2025-09-01,0.0015075469822917423,Low,Logistic Regression,v1.0.0
ENG-00121,2025-10-01,0.2953109196116492,Low,Logistic Regression,v1.0.0
ENG-00121,2025-11-01,0.05078388810735091,Low,Logistic Regression,v1.0.0
ENG-00122,2025-07-01,0.20739956447685215,Low,Logistic Regression,v1.0.0
ENG-00122,2025-08-01,0.20908357350908516,Low,Logistic Regression,v1.0.0
ENG-00122,2025-09-01,0.04914584108824929,Low,Logistic Regression,v1.0.0
ENG-00122,2025-10-01,0.09513913685056426,Low,Logistic Regression,v1.0.0
ENG-00122,2025-11-01,0.508563115926423,Watch,Logistic Regression,v1.0.0
ENG-00122,2025-12-01,0.010966186977077894,Low,Logistic Regression,v1.0.0
ENG-00122,2026-01-01,0.1613291488616765,Low,Logistic Regression,v1.0.0
ENG-00122,2026-02-01,0.06185164420374471,Low,Logistic Regression,v1.0.0
ENG-00122,2026-03-01,0.07075950852963737,Low,Logistic Regression,v1.0.0
ENG-00123,2025-06-01,0.5912552488520104,Watch,Logistic Regression,v1.0.0
ENG-00123,2025-07-01,0.2785004936548086,Low,Logistic Regression,v1.0.0
ENG-00123,2025-08-01,0.415609279445763,Watch,Logistic Regression,v1.0.0
ENG-00123,2025-09-01,0.5713386570458581,Watch,Logistic Regression,v1.0.0
ENG-00123,2025-10-01,0.18071422642596852,Low,Logistic Regression,v1.0.0
ENG-00123,2025-11-01,0.4161557725428696,Watch,Logistic Regression,v1.0.0
ENG-00123,2025-12-01,0.31488889259547614,Low,Logistic Regression,v1.0.0
ENG-00123,2026-01-01,0.07518295645410072,Low,Logistic Regression,v1.0.0
ENG-00124,2025-06-01,0.09094943412895946,Low,Logistic Regression,v1.0.0
ENG-00124,2025-07-01,0.014474704429689428,Low,Logistic Regression,v1.0.0
ENG-00124,2025-08-01,0.4815164357391847,Watch,Logistic Regression,v1.0.0
ENG-00124,2025-09-01,0.09146974358797309,Low,Logistic Regression,v1.0.0
ENG-00124,2025-10-01,0.23334294489669802,Low,Logistic Regression,v1.0.0
ENG-00124,2025-11-01,0.011872836494056377,Low,Logistic Regression,v1.0.0
ENG-00124,2025-12-01,0.07836639562125654,Low,Logistic Regression,v1.0.0
ENG-00124,2026-01-01,0.11837660854248731,Low,Logistic Regression,v1.0.0
ENG-00124,2026-02-01,0.46417937114526453,Watch,Logistic Regression,v1.0.0
ENG-00125,2026-07-01,0.2555069363106033,Low,Logistic Regression,v1.0.0
ENG-00125,2026-08-01,0.7054582133182363,Critical,Logistic Regression,v1.0.0
ENG-00126,2025-04-01,0.8155625060710846,Critical,Logistic Regression,v1.0.0
ENG-00126,2025-05-01,0.8529233162154392,Critical,Logistic Regression,v1.0.0
ENG-00126,2025-06-01,0.9995506127413873,Critical,Logistic Regression,v1.0.0
ENG-00126,2025-07-01,0.9983472174726609,Critical,Logistic Regression,v1.0.0
ENG-00126,2025-08-01,0.9993946707360709,Critical,Logistic Regression,v1.0.0
ENG-00127,2024-10-01,0.04930277397872273,Low,Logistic Regression,v1.0.0
ENG-00127,2024-11-01,0.09783632140618916,Low,Logistic Regression,v1.0.0
ENG-00127,2024-12-01,0.04316368642954295,Low,Logistic Regression,v1.0.0
ENG-00127,2025-01-01,0.014979188748231693,Low,Logistic Regression,v1.0.0
ENG-00127,2025-02-01,0.07813470722321128,Low,Logistic Regression,v1.0.0
ENG-00127,2025-03-01,0.003920107458749568,Low,Logistic Regression,v1.0.0
ENG-00127,2025-04-01,0.13389396080164215,Low,Logistic Regression,v1.0.0
ENG-00127,2025-05-01,0.012133586262834818,Low,Logistic Regression,v1.0.0
ENG-00127,2025-06-01,0.02027677388563554,Low,Logistic Regression,v1.0.0
ENG-00127,2025-07-01,0.03566048763880428,Low,Logistic Regression,v1.0.0
ENG-00127,2025-08-01,0.2803165010891306,Low,Logistic Regression,v1.0.0
ENG-00128,2025-11-01,0.0428909959618729,Low,Logistic Regression,v1.0.0
ENG-00128,2025-12-01,0.19012634738242504,Low,Logistic Regression,v1.0.0
ENG-00128,2026-01-01,0.3195702603040971,Low,Logistic Regression,v1.0.0
ENG-00128,2026-02-01,0.04894250674181571,Low,Logistic Regression,v1.0.0
ENG-00128,2026-03-01,0.11553582263005015,Low,Logistic Regression,v1.0.0
ENG-00128,2026-04-01,0.05517197980545268,Low,Logistic Regression,v1.0.0
ENG-00128,2026-05-01,0.9390548695414599,Critical,Logistic Regression,v1.0.0
ENG-00128,2026-06-01,0.0012637294010670647,Low,Logistic Regression,v1.0.0
ENG-00128,2026-07-01,0.5944466211702331,Watch,Logistic Regression,v1.0.0
ENG-00129,2026-07-01,0.08426760418472877,Low,Logistic Regression,v1.0.0
ENG-00129,2026-08-01,0.006698993767753278,Low,Logistic Regression,v1.0.0
ENG-00130,2024-06-01,0.14722431917423778,Low,Logistic Regression,v1.0.0
ENG-00130,2024-07-01,0.06820144299684226,Low,Logistic Regression,v1.0.0
ENG-00130,2024-08-01,0.20164662451670676,Low,Logistic Regression,v1.0.0
ENG-00130,2024-09-01,0.2752602936664226,Low,Logistic Regression,v1.0.0
ENG-00130,2024-10-01,0.38081103566919894,Watch,Logistic Regression,v1.0.0
ENG-00130,2024-11-01,0.1684240596281807,Low,Logistic Regression,v1.0.0
ENG-00130,2024-12-01,0.09363799947547408,Low,Logistic Regression,v1.0.0
ENG-00130,2025-01-01,0.8131307873236261,Critical,Logistic Regression,v1.0.0
ENG-00130,2025-02-01,0.16235647264766084,Low,Logistic Regression,v1.0.0
ENG-00130,2025-03-01,0.01762157379950811,Low,Logistic Regression,v1.0.0
ENG-00130,2025-04-01,0.3847063025059346,Watch,Logistic Regression,v1.0.0
ENG-00130,2025-05-01,0.41854568330327235,Watch,Logistic Regression,v1.0.0
ENG-00130,2025-06-01,0.04843555422618396,Low,Logistic Regression,v1.0.0
ENG-00131,2025-02-01,0.011399177011212522,Low,Logistic Regression,v1.0.0
ENG-00131,2025-03-01,0.009096938311406082,Low,Logistic Regression,v1.0.0
ENG-00131,2025-04-01,0.0044767628127129686,Low,Logistic Regression,v1.0.0
ENG-00131,2025-05-01,0.0029949337896457103,Low,Logistic Regression,v1.0.0
ENG-00131,2025-06-01,0.029815782802694014,Low,Logistic Regression,v1.0.0
ENG-00131,2025-07-01,0.015763959240289855,Low,Logistic Regression,v1.0.0
ENG-00131,2025-08-01,0.005981633666850915,Low,Logistic Regression,v1.0.0
ENG-00131,2025-09-01,0.0020682316231505743,Low,Logistic Regression,v1.0.0
ENG-00131,2025-10-01,0.0005471937144759465,Low,Logistic Regression,v1.0.0
ENG-00132,2024-12-01,0.03847284905161449,Low,Logistic Regression,v1.0.0
ENG-00132,2025-01-01,0.7858603464878583,Critical,Logistic Regression,v1.0.0
ENG-00132,2025-02-01,0.04002691249325182,Low,Logistic Regression,v1.0.0
ENG-00132,2025-03-01,0.20170209663121183,Low,Logistic Regression,v1.0.0
ENG-00132,2025-04-01,0.3162466750061219,Low,Logistic Regression,v1.0.0
ENG-00132,2025-05-01,0.34898178772955873,Low,Logistic Regression,v1.0.0
ENG-00132,2025-06-01,0.01367763506702728,Low,Logistic Regression,v1.0.0
ENG-00132,2025-07-01,0.09359882726993365,Low,Logistic Regression,v1.0.0
ENG-00132,2025-08-01,0.04208745046991053,Low,Logistic Regression,v1.0.0
ENG-00132,2025-09-01,0.03614418276796103,Low,Logistic Regression,v1.0.0
ENG-00132,2025-10-01,0.07092515592638246,Low,Logistic Regression,v1.0.0
ENG-00133,2025-12-01,0.15876317287738106,Low,Logistic Regression,v1.0.0
ENG-00133,2026-01-01,0.46872461191791126,Watch,Logistic Regression,v1.0.0
ENG-00133,2026-02-01,0.030218853698939254,Low,Logistic Regression,v1.0.0
ENG-00133,2026-03-01,0.07567233786482898,Low,Logistic Regression,v1.0.0
ENG-00133,2026-04-01,0.6531934322507478,Critical,Logistic Regression,v1.0.0
ENG-00133,2026-05-01,0.4936417316230769,Watch,Logistic Regression,v1.0.0
ENG-00133,2026-06-01,0.06981349593851857,Low,Logistic Regression,v1.0.0
ENG-00133,2026-07-01,0.33591961059076036,Low,Logistic Regression,v1.0.0
ENG-00133,2026-08-01,0.04522530288893853,Low,Logistic Regression,v1.0.0
ENG-00134,2025-09-01,0.15649507026137358,Low,Logistic Regression,v1.0.0
ENG-00134,2025-10-01,0.46422011588599205,Watch,Logistic Regression,v1.0.0
ENG-00134,2025-11-01,0.014360223490433668,Low,Logistic Regression,v1.0.0
ENG-00134,2025-12-01,0.11219412203618734,Low,Logistic Regression,v1.0.0
ENG-00134,2026-01-01,0.14122168571619995,Low,Logistic Regression,v1.0.0
ENG-00134,2026-02-01,0.12454420885471505,Low,Logistic Regression,v1.0.0
ENG-00134,2026-03-01,0.3174716428662996,Low,Logistic Regression,v1.0.0
ENG-00134,2026-04-01,0.009659448878556546,Low,Logistic Regression,v1.0.0
ENG-00134,2026-05-01,0.1030824577651359,Low,Logistic Regression,v1.0.0
ENG-00134,2026-06-01,0.06509807843131508,Low,Logistic Regression,v1.0.0
ENG-00134,2026-07-01,0.1658995888620667,Low,Logistic Regression,v1.0.0
ENG-00134,2026-08-01,0.11660538820905224,Low,Logistic Regression,v1.0.0
ENG-00135,2024-04-01,0.037005210643361396,Low,Logistic Regression,v1.0.0
ENG-00135,2024-05-01,0.7234513657607147,Critical,Logistic Regression,v1.0.0
ENG-00135,2024-06-01,0.8305908680016763,Critical,Logistic Regression,v1.0.0
ENG-00135,2024-07-01,0.9508424873509218,Critical,Logistic Regression,v1.0.0
ENG-00136,2024-05-01,0.2801765308452518,Low,Logistic Regression,v1.0.0
ENG-00136,2024-06-01,0.3555439237723355,Watch,Logistic Regression,v1.0.0
ENG-00136,2024-07-01,0.7286633084347267,Critical,Logistic Regression,v1.0.0
ENG-00136,2024-08-01,0.9875036736604736,Critical,Logistic Regression,v1.0.0
ENG-00136,2024-09-01,0.9536178766259154,Critical,Logistic Regression,v1.0.0
ENG-00136,2024-10-01,0.9998397207575749,Critical,Logistic Regression,v1.0.0
ENG-00137,2026-07-01,0.6912654263865572,Critical,Logistic Regression,v1.0.0
ENG-00137,2026-08-01,0.37746353457538184,Watch,Logistic Regression,v1.0.0
ENG-00138,2024-06-01,0.023170051384390843,Low,Logistic Regression,v1.0.0
ENG-00138,2024-07-01,0.0008917896061841501,Low,Logistic Regression,v1.0.0
ENG-00138,2024-08-01,0.023566577708068876,Low,Logistic Regression,v1.0.0
ENG-00138,2024-09-01,0.2720953368912665,Low,Logistic Regression,v1.0.0
ENG-00138,2024-10-01,0.0003141446511498361,Low,Logistic Regression,v1.0.0
ENG-00138,2024-11-01,0.17102438442630924,Low,Logistic Regression,v1.0.0
ENG-00138,2024-12-01,0.0022789030418251693,Low,Logistic Regression,v1.0.0
ENG-00138,2025-01-01,0.004213449032395477,Low,Logistic Regression,v1.0.0
ENG-00138,2025-02-01,0.0006824869289526948,Low,Logistic Regression,v1.0.0
ENG-00138,2025-03-01,0.0011689414176511523,Low,Logistic Regression,v1.0.0
ENG-00138,2025-04-01,0.01123886633925127,Low,Logistic Regression,v1.0.0
ENG-00138,2025-05-01,0.007749849262739639,Low,Logistic Regression,v1.0.0
ENG-00138,2025-06-01,0.0009804052842847155,Low,Logistic Regression,v1.0.0
ENG-00139,2025-03-01,0.027216319284643034,Low,Logistic Regression,v1.0.0
ENG-00139,2025-04-01,0.011229057792965704,Low,Logistic Regression,v1.0.0
ENG-00139,2025-05-01,0.20189005662115783,Low,Logistic Regression,v1.0.0
ENG-00139,2025-06-01,0.005103028910978346,Low,Logistic Regression,v1.0.0
ENG-00139,2025-07-01,0.01604534647371243,Low,Logistic Regression,v1.0.0
ENG-00139,2025-08-01,0.10482253860439422,Low,Logistic Regression,v1.0.0
ENG-00139,2025-09-01,0.04382482793850098,Low,Logistic Regression,v1.0.0
ENG-00140,2025-07-01,0.2746338083633208,Low,Logistic Regression,v1.0.0
ENG-00140,2025-08-01,0.19318472365791498,Low,Logistic Regression,v1.0.0
ENG-00140,2025-09-01,0.18820537768469683,Low,Logistic Regression,v1.0.0
ENG-00140,2025-10-01,0.414704811609399,Watch,Logistic Regression,v1.0.0
ENG-00140,2025-11-01,0.04729488816071167,Low,Logistic Regression,v1.0.0
ENG-00140,2025-12-01,0.20921989998881135,Low,Logistic Regression,v1.0.0
ENG-00140,2026-01-01,0.10395466715266272,Low,Logistic Regression,v1.0.0
ENG-00141,2026-06-01,0.062987459232856,Low,Logistic Regression,v1.0.0
ENG-00141,2026-07-01,0.06278632823598548,Low,Logistic Regression,v1.0.0
ENG-00141,2026-08-01,0.8737180622896733,Critical,Logistic Regression,v1.0.0
ENG-00142,2025-07-01,0.4553253492909229,Watch,Logistic Regression,v1.0.0
ENG-00142,2025-08-01,0.8743539856217785,Critical,Logistic Regression,v1.0.0
ENG-00142,2025-09-01,0.9895901278752794,Critical,Logistic Regression,v1.0.0
ENG-00142,2025-10-01,0.9845830826274101,Critical,Logistic Regression,v1.0.0
ENG-00143,2025-08-01,0.0185460033340577,Low,Logistic Regression,v1.0.0
ENG-00143,2025-09-01,0.23457467063957102,Low,Logistic Regression,v1.0.0
ENG-00143,2025-10-01,0.0029044571874268354,Low,Logistic Regression,v1.0.0
ENG-00143,2025-11-01,0.05425981061983399,Low,Logistic Regression,v1.0.0
ENG-00143,2025-12-01,0.0691283447357548,Low,Logistic Regression,v1.0.0
ENG-00143,2026-01-01,0.011551106240335179,Low,Logistic Regression,v1.0.0
ENG-00143,2026-02-01,0.023600048999722057,Low,Logistic Regression,v1.0.0
ENG-00143,2026-03-01,0.023191529648378707,Low,Logistic Regression,v1.0.0
ENG-00143,2026-04-01,0.03626354789565069,Low,Logistic Regression,v1.0.0
ENG-00144,2026-04-01,0.0398116087473278,Low,Logistic Regression,v1.0.0
ENG-00144,2026-05-01,0.03550770305982955,Low,Logistic Regression,v1.0.0
ENG-00144,2026-06-01,0.004330884693501742,Low,Logistic Regression,v1.0.0
ENG-00144,2026-07-01,0.08000340827652648,Low,Logistic Regression,v1.0.0
ENG-00144,2026-08-01,0.005954882862369602,Low,Logistic Regression,v1.0.0
ENG-00145,2026-01-01,0.22430862118239583,Low,Logistic Regression,v1.0.0
ENG-00145,2026-02-01,0.028200483967886117,Low,Logistic Regression,v1.0.0
ENG-00145,2026-03-01,0.027838589076027476,Low,Logistic Regression,v1.0.0
ENG-00145,2026-04-01,0.5089212385371221,Watch,Logistic Regression,v1.0.0
ENG-00145,2026-05-01,0.1605160691714768,Low,Logistic Regression,v1.0.0
ENG-00145,2026-06-01,0.03998869273325381,Low,Logistic Regression,v1.0.0
ENG-00145,2026-07-01,0.019309017830956617,Low,Logistic Regression,v1.0.0
ENG-00145,2026-08-01,0.0589053060066401,Low,Logistic Regression,v1.0.0
ENG-00146,2025-06-01,0.10217003062350716,Low,Logistic Regression,v1.0.0
ENG-00146,2025-07-01,0.02847189740947848,Low,Logistic Regression,v1.0.0
ENG-00146,2025-08-01,0.1529708274455813,Low,Logistic Regression,v1.0.0
ENG-00146,2025-09-01,0.03615219642452303,Low,Logistic Regression,v1.0.0
ENG-00146,2025-10-01,0.31946789985558927,Low,Logistic Regression,v1.0.0
ENG-00146,2025-11-01,0.002464024787987037,Low,Logistic Regression,v1.0.0
ENG-00146,2025-12-01,0.2676673639572478,Low,Logistic Regression,v1.0.0
ENG-00146,2026-01-01,0.06082265116480565,Low,Logistic Regression,v1.0.0
ENG-00147,2025-11-01,0.8665883319753681,Critical,Logistic Regression,v1.0.0
ENG-00147,2025-12-01,0.9551013008929458,Critical,Logistic Regression,v1.0.0
ENG-00147,2026-01-01,0.8019734820301305,Critical,Logistic Regression,v1.0.0
ENG-00147,2026-02-01,0.9721489123534927,Critical,Logistic Regression,v1.0.0
ENG-00147,2026-03-01,0.7630679444696984,Critical,Logistic Regression,v1.0.0
ENG-00147,2026-04-01,0.9579741655186557,Critical,Logistic Regression,v1.0.0
ENG-00147,2026-05-01,0.9767819094847463,Critical,Logistic Regression,v1.0.0
ENG-00147,2026-06-01,0.5773621154767878,Watch,Logistic Regression,v1.0.0
ENG-00148,2024-08-01,0.6497209942418342,Watch,Logistic Regression,v1.0.0
ENG-00148,2024-09-01,0.4193283632321191,Watch,Logistic Regression,v1.0.0
ENG-00148,2024-10-01,0.9482431675677137,Critical,Logistic Regression,v1.0.0
ENG-00148,2024-11-01,0.25145309031711666,Low,Logistic Regression,v1.0.0
ENG-00148,2024-12-01,0.2965359677645458,Low,Logistic Regression,v1.0.0
ENG-00148,2025-01-01,0.5966659418218875,Watch,Logistic Regression,v1.0.0
ENG-00148,2025-02-01,0.74089855074248,Critical,Logistic Regression,v1.0.0
ENG-00148,2025-03-01,0.7794142843013162,Critical,Logistic Regression,v1.0.0
ENG-00149,2024-08-01,0.04068996211599139,Low,Logistic Regression,v1.0.0
ENG-00149,2024-09-01,0.14199382294635818,Low,Logistic Regression,v1.0.0
ENG-00149,2024-10-01,0.0336818653348079,Low,Logistic Regression,v1.0.0
ENG-00149,2024-11-01,0.2693755928279046,Low,Logistic Regression,v1.0.0
ENG-00149,2024-12-01,0.003083387364026655,Low,Logistic Regression,v1.0.0
ENG-00149,2025-01-01,0.033843904306896565,Low,Logistic Regression,v1.0.0
ENG-00149,2025-02-01,0.031795541169745124,Low,Logistic Regression,v1.0.0
ENG-00149,2025-03-01,0.08705055903300352,Low,Logistic Regression,v1.0.0
ENG-00149,2025-04-01,0.05030256999268175,Low,Logistic Regression,v1.0.0
ENG-00149,2025-05-01,0.03627905044701786,Low,Logistic Regression,v1.0.0
ENG-00149,2025-06-01,0.03525099276415697,Low,Logistic Regression,v1.0.0
ENG-00149,2025-07-01,0.027109538144018855,Low,Logistic Regression,v1.0.0
ENG-00149,2025-08-01,0.014630397275357124,Low,Logistic Regression,v1.0.0
ENG-00150,2025-07-01,0.12627123563686207,Low,Logistic Regression,v1.0.0
ENG-00150,2025-08-01,0.6557759229398809,Critical,Logistic Regression,v1.0.0
ENG-00150,2025-09-01,0.23009169147557454,Low,Logistic Regression,v1.0.0
ENG-00150,2025-10-01,0.05217010664705522,Low,Logistic Regression,v1.0.0
ENG-00150,2025-11-01,0.041774763709018344,Low,Logistic Regression,v1.0.0
ENG-00150,2025-12-01,0.0921501657483482,Low,Logistic Regression,v1.0.0
ENG-00150,2026-01-01,0.2855559501563633,Low,Logistic Regression,v1.0.0
ENG-00150,2026-02-01,0.03886486576812761,Low,Logistic Regression,v1.0.0
ENG-00150,2026-03-01,0.022556268244189784,Low,Logistic Regression,v1.0.0
ENG-00151,2026-08-01,0.012532721075251189,Low,Logistic Regression,v1.0.0
ENG-00151,2026-09-01,0.9571420389250977,Critical,Logistic Regression,v1.0.0
ENG-00151,2026-10-01,0.8813257097636646,Critical,Logistic Regression,v1.0.0
ENG-00151,2026-11-01,0.9984081715130867,Critical,Logistic Regression,v1.0.0
ENG-00152,2025-09-01,0.17267030638491956,Low,Logistic Regression,v1.0.0
ENG-00152,2025-10-01,0.04622398371486279,Low,Logistic Regression,v1.0.0
ENG-00152,2025-11-01,0.00847512181481768,Low,Logistic Regression,v1.0.0
ENG-00152,2025-12-01,0.6149802303827857,Watch,Logistic Regression,v1.0.0
ENG-00152,2026-01-01,0.04714351006971648,Low,Logistic Regression,v1.0.0
ENG-00152,2026-02-01,0.6117177443819046,Watch,Logistic Regression,v1.0.0
ENG-00152,2026-03-01,0.02446690703702272,Low,Logistic Regression,v1.0.0
ENG-00152,2026-04-01,0.03428580348913966,Low,Logistic Regression,v1.0.0
ENG-00152,2026-05-01,0.04917801201801409,Low,Logistic Regression,v1.0.0
ENG-00152,2026-06-01,0.04338135590756636,Low,Logistic Regression,v1.0.0
ENG-00152,2026-07-01,0.11548810502048386,Low,Logistic Regression,v1.0.0
ENG-00152,2026-08-01,0.4418186611265292,Watch,Logistic Regression,v1.0.0
ENG-00153,2025-10-01,0.13538482047985143,Low,Logistic Regression,v1.0.0
ENG-00153,2025-11-01,0.17078908762089448,Low,Logistic Regression,v1.0.0
ENG-00153,2025-12-01,0.06543169120295975,Low,Logistic Regression,v1.0.0
ENG-00153,2026-01-01,0.34247871007222236,Low,Logistic Regression,v1.0.0
ENG-00153,2026-02-01,0.6818983630673089,Critical,Logistic Regression,v1.0.0
ENG-00153,2026-03-01,0.7074251770596673,Critical,Logistic Regression,v1.0.0
ENG-00153,2026-04-01,0.9776414588099003,Critical,Logistic Regression,v1.0.0
ENG-00153,2026-05-01,0.9968151987642825,Critical,Logistic Regression,v1.0.0
ENG-00154,2026-06-01,0.8062136180292945,Critical,Logistic Regression,v1.0.0
ENG-00154,2026-07-01,0.9968275128018234,Critical,Logistic Regression,v1.0.0
ENG-00154,2026-08-01,0.9811501839087394,Critical,Logistic Regression,v1.0.0
ENG-00154,2026-09-01,0.9997959901879049,Critical,Logistic Regression,v1.0.0
ENG-00154,2026-10-01,0.9997963054981295,Critical,Logistic Regression,v1.0.0
ENG-00155,2024-02-01,0.08031939110304881,Low,Logistic Regression,v1.0.0
ENG-00155,2024-03-01,0.12444938698238793,Low,Logistic Regression,v1.0.0
ENG-00155,2024-04-01,0.003571685100281628,Low,Logistic Regression,v1.0.0
ENG-00155,2024-05-01,0.036875715772325596,Low,Logistic Regression,v1.0.0
ENG-00155,2024-06-01,0.08075218640835109,Low,Logistic Regression,v1.0.0
ENG-00155,2024-07-01,0.024867225460387814,Low,Logistic Regression,v1.0.0
ENG-00155,2024-08-01,0.05854017362682305,Low,Logistic Regression,v1.0.0
ENG-00155,2024-09-01,0.03139563091891215,Low,Logistic Regression,v1.0.0
ENG-00155,2024-10-01,0.002877549863923505,Low,Logistic Regression,v1.0.0
ENG-00155,2024-11-01,0.0489183348795397,Low,Logistic Regression,v1.0.0
ENG-00156,2024-10-01,0.02765251539079628,Low,Logistic Regression,v1.0.0
ENG-00156,2024-11-01,0.9002936348389394,Critical,Logistic Regression,v1.0.0
ENG-00156,2024-12-01,0.7384016361912691,Critical,Logistic Regression,v1.0.0
ENG-00156,2025-01-01,0.9968604276932379,Critical,Logistic Regression,v1.0.0
ENG-00157,2024-02-01,0.23469179509335197,Low,Logistic Regression,v1.0.0
ENG-00157,2024-03-01,0.09024631743879237,Low,Logistic Regression,v1.0.0
ENG-00157,2024-04-01,0.37087092888602263,Watch,Logistic Regression,v1.0.0
ENG-00157,2024-05-01,0.14950336701606495,Low,Logistic Regression,v1.0.0
ENG-00157,2024-06-01,0.28175353503784434,Low,Logistic Regression,v1.0.0
ENG-00157,2024-07-01,0.05774150082958121,Low,Logistic Regression,v1.0.0
ENG-00157,2024-08-01,0.12214393937720121,Low,Logistic Regression,v1.0.0
ENG-00158,2026-06-01,0.15234595428861286,Low,Logistic Regression,v1.0.0
ENG-00158,2026-07-01,0.9693504127125987,Critical,Logistic Regression,v1.0.0
ENG-00158,2026-08-01,0.9981251055580145,Critical,Logistic Regression,v1.0.0
ENG-00158,2026-09-01,0.9990778557840152,Critical,Logistic Regression,v1.0.0
ENG-00159,2025-07-01,0.08223505920764852,Low,Logistic Regression,v1.0.0
ENG-00159,2025-08-01,0.318095162296936,Low,Logistic Regression,v1.0.0
ENG-00159,2025-09-01,0.019325554458431815,Low,Logistic Regression,v1.0.0
ENG-00159,2025-10-01,0.30433500324994894,Low,Logistic Regression,v1.0.0
ENG-00159,2025-11-01,0.24853986861663846,Low,Logistic Regression,v1.0.0
ENG-00159,2025-12-01,0.09727605084461248,Low,Logistic Regression,v1.0.0
ENG-00159,2026-01-01,0.15324071963563843,Low,Logistic Regression,v1.0.0
ENG-00160,2025-05-01,0.09231340639515605,Low,Logistic Regression,v1.0.0
ENG-00160,2025-06-01,0.47378708758383603,Watch,Logistic Regression,v1.0.0
ENG-00160,2025-07-01,0.08059296428496562,Low,Logistic Regression,v1.0.0
ENG-00160,2025-08-01,0.11610491491622493,Low,Logistic Regression,v1.0.0
ENG-00160,2025-09-01,0.05144032788085177,Low,Logistic Regression,v1.0.0
ENG-00160,2025-10-01,0.1386644188891247,Low,Logistic Regression,v1.0.0
ENG-00160,2025-11-01,0.006338413422771685,Low,Logistic Regression,v1.0.0
ENG-00160,2025-12-01,0.13615811357216928,Low,Logistic Regression,v1.0.0
ENG-00160,2026-01-01,0.10774968702376277,Low,Logistic Regression,v1.0.0
ENG-00160,2026-02-01,0.3148452684940906,Low,Logistic Regression,v1.0.0
ENG-00160,2026-03-01,0.01961557650479888,Low,Logistic Regression,v1.0.0
ENG-00160,2026-04-01,0.0668997883681553,Low,Logistic Regression,v1.0.0
ENG-00161,2024-02-01,0.1113974947805133,Low,Logistic Regression,v1.0.0
ENG-00161,2024-03-01,0.001300904022826625,Low,Logistic Regression,v1.0.0
ENG-00161,2024-04-01,0.29533288906523186,Low,Logistic Regression,v1.0.0
ENG-00161,2024-05-01,0.0012275642162605904,Low,Logistic Regression,v1.0.0
ENG-00161,2024-06-01,0.010840390644935423,Low,Logistic Regression,v1.0.0
ENG-00161,2024-07-01,0.004302031540538001,Low,Logistic Regression,v1.0.0
ENG-00161,2024-08-01,0.008295394236656095,Low,Logistic Regression,v1.0.0
ENG-00161,2024-09-01,0.07786080942368356,Low,Logistic Regression,v1.0.0
ENG-00161,2024-10-01,0.5472878786323822,Watch,Logistic Regression,v1.0.0
ENG-00161,2024-11-01,0.5658954840449492,Watch,Logistic Regression,v1.0.0
ENG-00161,2024-12-01,0.894152507807229,Critical,Logistic Regression,v1.0.0
ENG-00162,2026-04-01,0.03202847355097956,Low,Logistic Regression,v1.0.0
ENG-00162,2026-05-01,0.0816258487135355,Low,Logistic Regression,v1.0.0
ENG-00162,2026-06-01,0.8845144775932328,Critical,Logistic Regression,v1.0.0
ENG-00162,2026-07-01,0.9525938785435462,Critical,Logistic Regression,v1.0.0
ENG-00162,2026-08-01,0.972134223757204,Critical,Logistic Regression,v1.0.0
ENG-00163,2026-03-01,0.014616992799818701,Low,Logistic Regression,v1.0.0
ENG-00163,2026-04-01,0.002897831566997306,Low,Logistic Regression,v1.0.0
ENG-00163,2026-05-01,0.03986794024732958,Low,Logistic Regression,v1.0.0
ENG-00163,2026-06-01,0.007329164194175668,Low,Logistic Regression,v1.0.0
ENG-00163,2026-07-01,0.00535977171611555,Low,Logistic Regression,v1.0.0
ENG-00163,2026-08-01,0.006343174525977947,Low,Logistic Regression,v1.0.0
ENG-00164,2024-08-01,0.29872319120236374,Low,Logistic Regression,v1.0.0
ENG-00164,2024-09-01,0.9596811104070517,Critical,Logistic Regression,v1.0.0
ENG-00164,2024-10-01,0.8171386936471445,Critical,Logistic Regression,v1.0.0
ENG-00164,2024-11-01,0.9994946388182069,Critical,Logistic Regression,v1.0.0
ENG-00164,2024-12-01,0.9896087914632308,Critical,Logistic Regression,v1.0.0
ENG-00164,2025-01-01,0.9997556379629119,Critical,Logistic Regression,v1.0.0
ENG-00165,2024-06-01,0.012024882559222756,Low,Logistic Regression,v1.0.0
ENG-00165,2024-07-01,0.16080952212355773,Low,Logistic Regression,v1.0.0
ENG-00165,2024-08-01,0.014584932766233542,Low,Logistic Regression,v1.0.0
ENG-00165,2024-09-01,0.10418805710361581,Low,Logistic Regression,v1.0.0
ENG-00165,2024-10-01,0.0019386186785055168,Low,Logistic Regression,v1.0.0
ENG-00165,2024-11-01,0.13938791301484565,Low,Logistic Regression,v1.0.0
ENG-00165,2024-12-01,0.005872714128302236,Low,Logistic Regression,v1.0.0
ENG-00165,2025-01-01,0.07244332635400519,Low,Logistic Regression,v1.0.0
ENG-00165,2025-02-01,0.019447349909440182,Low,Logistic Regression,v1.0.0
ENG-00166,2024-10-01,0.6368122906885053,Watch,Logistic Regression,v1.0.0
ENG-00166,2024-11-01,0.13265015466027635,Low,Logistic Regression,v1.0.0
ENG-00166,2024-12-01,0.9840985939315795,Critical,Logistic Regression,v1.0.0
ENG-00166,2025-01-01,0.9874510712333722,Critical,Logistic Regression,v1.0.0
ENG-00166,2025-02-01,0.9946935043780072,Critical,Logistic Regression,v1.0.0
ENG-00166,2025-03-01,0.9998732686171854,Critical,Logistic Regression,v1.0.0
ENG-00167,2024-04-01,0.09650403520846274,Low,Logistic Regression,v1.0.0
ENG-00167,2024-05-01,0.9809046785046334,Critical,Logistic Regression,v1.0.0
ENG-00167,2024-06-01,0.9595379177137662,Critical,Logistic Regression,v1.0.0
ENG-00167,2024-07-01,0.9962128906257244,Critical,Logistic Regression,v1.0.0
ENG-00168,2025-11-01,0.008000597030258919,Low,Logistic Regression,v1.0.0
ENG-00168,2025-12-01,0.017411242601909727,Low,Logistic Regression,v1.0.0
ENG-00168,2026-01-01,0.0019426856823134245,Low,Logistic Regression,v1.0.0
ENG-00168,2026-02-01,0.005866045803660998,Low,Logistic Regression,v1.0.0
ENG-00168,2026-03-01,0.057816649893162986,Low,Logistic Regression,v1.0.0
ENG-00168,2026-04-01,0.008368670365881395,Low,Logistic Regression,v1.0.0
ENG-00168,2026-05-01,0.011974989610893905,Low,Logistic Regression,v1.0.0
ENG-00168,2026-06-01,0.003154951930874918,Low,Logistic Regression,v1.0.0
ENG-00168,2026-07-01,0.02493626479366214,Low,Logistic Regression,v1.0.0
ENG-00169,2026-08-01,0.4455647493563857,Watch,Logistic Regression,v1.0.0
ENG-00170,2026-08-01,0.18695650582375342,Low,Logistic Regression,v1.0.0
ENG-00171,2026-08-01,0.02957862612950246,Low,Logistic Regression,v1.0.0
ENG-00172,2025-11-01,0.05513532421367132,Low,Logistic Regression,v1.0.0
ENG-00172,2025-12-01,0.0022084197820090154,Low,Logistic Regression,v1.0.0
ENG-00172,2026-01-01,0.7732915765382299,Critical,Logistic Regression,v1.0.0
ENG-00172,2026-02-01,0.02664790946114978,Low,Logistic Regression,v1.0.0
ENG-00172,2026-03-01,0.06284117956968967,Low,Logistic Regression,v1.0.0
ENG-00172,2026-04-01,0.05561664367843642,Low,Logistic Regression,v1.0.0
ENG-00172,2026-05-01,0.018556848686484426,Low,Logistic Regression,v1.0.0
ENG-00172,2026-06-01,0.24344286824251898,Low,Logistic Regression,v1.0.0
ENG-00172,2026-07-01,0.5033508677288518,Watch,Logistic Regression,v1.0.0
ENG-00172,2026-08-01,0.8504879839834982,Critical,Logistic Regression,v1.0.0
ENG-00172,2026-09-01,0.8488657187164478,Critical,Logistic Regression,v1.0.0
ENG-00173,2025-07-01,0.020634978665605475,Low,Logistic Regression,v1.0.0
ENG-00173,2025-08-01,0.03217269746272631,Low,Logistic Regression,v1.0.0
ENG-00173,2025-09-01,0.30524279515800057,Low,Logistic Regression,v1.0.0
ENG-00173,2025-10-01,0.01686470379100491,Low,Logistic Regression,v1.0.0
ENG-00173,2025-11-01,0.022018946089169003,Low,Logistic Regression,v1.0.0
ENG-00173,2025-12-01,0.2255111112339553,Low,Logistic Regression,v1.0.0
ENG-00173,2026-01-01,0.18835883079479554,Low,Logistic Regression,v1.0.0
ENG-00173,2026-02-01,0.012707932929338776,Low,Logistic Regression,v1.0.0
ENG-00173,2026-03-01,0.04813036762738125,Low,Logistic Regression,v1.0.0
ENG-00174,2025-05-01,0.05650934908606407,Low,Logistic Regression,v1.0.0
ENG-00174,2025-06-01,0.0533259809037874,Low,Logistic Regression,v1.0.0
ENG-00174,2025-07-01,0.026549032172200553,Low,Logistic Regression,v1.0.0
ENG-00174,2025-08-01,0.007893505646010341,Low,Logistic Regression,v1.0.0
ENG-00174,2025-09-01,0.3165696330523208,Low,Logistic Regression,v1.0.0
ENG-00174,2025-10-01,0.002149243808267649,Low,Logistic Regression,v1.0.0
ENG-00174,2025-11-01,0.2550694227453079,Low,Logistic Regression,v1.0.0
ENG-00174,2025-12-01,0.1741478079903757,Low,Logistic Regression,v1.0.0
ENG-00174,2026-01-01,0.03028114857753735,Low,Logistic Regression,v1.0.0
ENG-00174,2026-02-01,0.04911265783695835,Low,Logistic Regression,v1.0.0
ENG-00174,2026-03-01,0.008023648688847775,Low,Logistic Regression,v1.0.0
ENG-00174,2026-04-01,0.014220216990167352,Low,Logistic Regression,v1.0.0
ENG-00175,2026-08-01,0.5139821740950006,Watch,Logistic Regression,v1.0.0
ENG-00175,2026-09-01,0.9837359802029982,Critical,Logistic Regression,v1.0.0
ENG-00175,2026-10-01,0.9997597244036261,Critical,Logistic Regression,v1.0.0
ENG-00175,2026-11-01,0.9996991250848174,Critical,Logistic Regression,v1.0.0
ENG-00176,2024-08-01,0.02141528347856573,Low,Logistic Regression,v1.0.0
ENG-00176,2024-09-01,0.20339877548134103,Low,Logistic Regression,v1.0.0
ENG-00176,2024-10-01,0.9584372471266246,Critical,Logistic Regression,v1.0.0
ENG-00176,2024-11-01,0.9075592049997706,Critical,Logistic Regression,v1.0.0
ENG-00176,2024-12-01,0.9853424936725341,Critical,Logistic Regression,v1.0.0
ENG-00177,2025-08-01,0.11360694443972257,Low,Logistic Regression,v1.0.0
ENG-00177,2025-09-01,0.003164105795075427,Low,Logistic Regression,v1.0.0
ENG-00177,2025-10-01,0.33061677130502726,Low,Logistic Regression,v1.0.0
ENG-00177,2025-11-01,0.03412503448956816,Low,Logistic Regression,v1.0.0
ENG-00177,2025-12-01,0.004696519349453622,Low,Logistic Regression,v1.0.0
ENG-00177,2026-01-01,0.06790594113224281,Low,Logistic Regression,v1.0.0
ENG-00177,2026-02-01,0.004567327948734572,Low,Logistic Regression,v1.0.0
ENG-00177,2026-03-01,0.07638285736996459,Low,Logistic Regression,v1.0.0
ENG-00177,2026-04-01,0.000743219426191601,Low,Logistic Regression,v1.0.0
ENG-00177,2026-05-01,0.002147565533964177,Low,Logistic Regression,v1.0.0
ENG-00177,2026-06-01,0.024448431279959472,Low,Logistic Regression,v1.0.0
ENG-00177,2026-07-01,0.040022570676751926,Low,Logistic Regression,v1.0.0
ENG-00177,2026-08-01,0.00022059743041897545,Low,Logistic Regression,v1.0.0
ENG-00178,2025-12-01,0.07425062960281163,Low,Logistic Regression,v1.0.0
ENG-00178,2026-01-01,0.0015459806467164234,Low,Logistic Regression,v1.0.0
ENG-00178,2026-02-01,0.08058817820258318,Low,Logistic Regression,v1.0.0
ENG-00178,2026-03-01,0.22465818391936698,Low,Logistic Regression,v1.0.0
ENG-00178,2026-04-01,0.011929443456656807,Low,Logistic Regression,v1.0.0
ENG-00178,2026-05-01,0.789240841217184,Critical,Logistic Regression,v1.0.0
ENG-00178,2026-06-01,0.0029209071585083604,Low,Logistic Regression,v1.0.0
ENG-00178,2026-07-01,0.08901424225245319,Low,Logistic Regression,v1.0.0
ENG-00178,2026-08-01,0.03735363347651131,Low,Logistic Regression,v1.0.0
ENG-00179,2026-05-01,0.08153350098529444,Low,Logistic Regression,v1.0.0
ENG-00179,2026-06-01,0.004149077620402479,Low,Logistic Regression,v1.0.0
ENG-00179,2026-07-01,0.2886906881752399,Low,Logistic Regression,v1.0.0
ENG-00179,2026-08-01,0.06981168961864824,Low,Logistic Regression,v1.0.0
ENG-00180,2024-12-01,0.020792747626563846,Low,Logistic Regression,v1.0.0
ENG-00180,2025-01-01,0.013814077695479009,Low,Logistic Regression,v1.0.0
ENG-00180,2025-02-01,0.021077535446277794,Low,Logistic Regression,v1.0.0
ENG-00180,2025-03-01,0.010900766021610787,Low,Logistic Regression,v1.0.0
ENG-00180,2025-04-01,0.08963618069954586,Low,Logistic Regression,v1.0.0
ENG-00180,2025-05-01,0.03125274575024325,Low,Logistic Regression,v1.0.0
ENG-00180,2025-06-01,0.003370595619127029,Low,Logistic Regression,v1.0.0
ENG-00180,2025-07-01,0.011992669466170454,Low,Logistic Regression,v1.0.0
ENG-00181,2025-05-01,0.4778873979208368,Watch,Logistic Regression,v1.0.0
ENG-00181,2025-06-01,0.2133974499066559,Low,Logistic Regression,v1.0.0
ENG-00181,2025-07-01,0.5278864918852259,Watch,Logistic Regression,v1.0.0
ENG-00181,2025-08-01,0.3505765149990363,Watch,Logistic Regression,v1.0.0
ENG-00181,2025-09-01,0.2356177326182603,Low,Logistic Regression,v1.0.0
ENG-00181,2025-10-01,0.8006367129644235,Critical,Logistic Regression,v1.0.0
ENG-00181,2025-11-01,0.027466091584373614,Low,Logistic Regression,v1.0.0
ENG-00181,2025-12-01,0.3614894817068778,Watch,Logistic Regression,v1.0.0
ENG-00181,2026-01-01,0.2444052605185885,Low,Logistic Regression,v1.0.0
ENG-00181,2026-02-01,0.5629335646783286,Watch,Logistic Regression,v1.0.0
ENG-00182,2026-05-01,0.008984139013922298,Low,Logistic Regression,v1.0.0
ENG-00182,2026-06-01,0.008124434524553187,Low,Logistic Regression,v1.0.0
ENG-00182,2026-07-01,0.2567669973940553,Low,Logistic Regression,v1.0.0
ENG-00182,2026-08-01,0.042703005822757885,Low,Logistic Regression,v1.0.0
ENG-00183,2024-01-01,0.08481676230308915,Low,Logistic Regression,v1.0.0
ENG-00183,2024-02-01,0.4325873355148299,Watch,Logistic Regression,v1.0.0
ENG-00183,2024-03-01,0.9958965969163645,Critical,Logistic Regression,v1.0.0
ENG-00183,2024-04-01,0.9899206700780111,Critical,Logistic Regression,v1.0.0
ENG-00184,2025-05-01,0.02532141557356023,Low,Logistic Regression,v1.0.0
ENG-00184,2025-06-01,0.2188581749407768,Low,Logistic Regression,v1.0.0
ENG-00184,2025-07-01,0.2645260482906669,Low,Logistic Regression,v1.0.0
ENG-00184,2025-08-01,0.9478907749252442,Critical,Logistic Regression,v1.0.0
ENG-00184,2025-09-01,0.9503558047161641,Critical,Logistic Regression,v1.0.0
ENG-00184,2025-10-01,0.9976665528797161,Critical,Logistic Regression,v1.0.0
ENG-00185,2025-11-01,0.04588862716508896,Low,Logistic Regression,v1.0.0
ENG-00185,2025-12-01,0.006373139146311177,Low,Logistic Regression,v1.0.0
ENG-00185,2026-01-01,0.03810504699965887,Low,Logistic Regression,v1.0.0
ENG-00185,2026-02-01,0.03411952816489593,Low,Logistic Regression,v1.0.0
ENG-00185,2026-03-01,0.0021833584722873787,Low,Logistic Regression,v1.0.0
ENG-00185,2026-04-01,0.07884893636803675,Low,Logistic Regression,v1.0.0
ENG-00185,2026-05-01,0.014471527800037073,Low,Logistic Regression,v1.0.0
ENG-00185,2026-06-01,0.006254444122922039,Low,Logistic Regression,v1.0.0
ENG-00185,2026-07-01,0.007714143548544319,Low,Logistic Regression,v1.0.0
ENG-00185,2026-08-01,0.0008775722589010617,Low,Logistic Regression,v1.0.0
ENG-00186,2025-02-01,0.05698422471122053,Low,Logistic Regression,v1.0.0
ENG-00186,2025-03-01,0.10761399778861716,Low,Logistic Regression,v1.0.0
ENG-00186,2025-04-01,0.15173192951913256,Low,Logistic Regression,v1.0.0
ENG-00186,2025-05-01,0.45159832090054847,Watch,Logistic Regression,v1.0.0
ENG-00186,2025-06-01,0.6517171038337763,Critical,Logistic Regression,v1.0.0
ENG-00186,2025-07-01,0.9771454937577994,Critical,Logistic Regression,v1.0.0
ENG-00186,2025-08-01,0.9959406464574777,Critical,Logistic Regression,v1.0.0
ENG-00187,2024-06-01,0.09515249992357298,Low,Logistic Regression,v1.0.0
ENG-00187,2024-07-01,0.21270608651417855,Low,Logistic Regression,v1.0.0
ENG-00187,2024-08-01,0.13053039151683898,Low,Logistic Regression,v1.0.0
ENG-00187,2024-09-01,0.06911986275887147,Low,Logistic Regression,v1.0.0
ENG-00187,2024-10-01,0.9888013047093483,Critical,Logistic Regression,v1.0.0
ENG-00187,2024-11-01,0.3641793515566845,Watch,Logistic Regression,v1.0.0
ENG-00187,2024-12-01,0.765538218828295,Critical,Logistic Regression,v1.0.0
ENG-00187,2025-01-01,0.9880488017994353,Critical,Logistic Regression,v1.0.0
ENG-00188,2024-05-01,0.05925124507745953,Low,Logistic Regression,v1.0.0
ENG-00188,2024-06-01,0.04268296386658332,Low,Logistic Regression,v1.0.0
ENG-00188,2024-07-01,0.036739836327420436,Low,Logistic Regression,v1.0.0
ENG-00188,2024-08-01,0.013107904733848376,Low,Logistic Regression,v1.0.0
ENG-00188,2024-09-01,0.04475981432238489,Low,Logistic Regression,v1.0.0
ENG-00188,2024-10-01,0.0014047559655854984,Low,Logistic Regression,v1.0.0
ENG-00188,2024-11-01,0.13570499861788307,Low,Logistic Regression,v1.0.0
ENG-00188,2024-12-01,0.003592402632872461,Low,Logistic Regression,v1.0.0
ENG-00188,2025-01-01,0.020087860011032795,Low,Logistic Regression,v1.0.0
ENG-00188,2025-02-01,0.019342402345438613,Low,Logistic Regression,v1.0.0
ENG-00189,2025-02-01,0.03620733164969048,Low,Logistic Regression,v1.0.0
ENG-00189,2025-03-01,0.5473474372759556,Watch,Logistic Regression,v1.0.0
ENG-00189,2025-04-01,0.16235009746797338,Low,Logistic Regression,v1.0.0
ENG-00189,2025-05-01,0.726479047287537,Critical,Logistic Regression,v1.0.0
ENG-00189,2025-06-01,0.9907720159843364,Critical,Logistic Regression,v1.0.0
ENG-00190,2024-07-01,0.13777907209130077,Low,Logistic Regression,v1.0.0
ENG-00190,2024-08-01,0.0767107125525618,Low,Logistic Regression,v1.0.0
ENG-00190,2024-09-01,0.07637182552379158,Low,Logistic Regression,v1.0.0
ENG-00190,2024-10-01,0.18326423644003423,Low,Logistic Regression,v1.0.0
ENG-00190,2024-11-01,0.021251365546648377,Low,Logistic Regression,v1.0.0
ENG-00190,2024-12-01,0.18410598302478087,Low,Logistic Regression,v1.0.0
ENG-00190,2025-01-01,0.1324403469192192,Low,Logistic Regression,v1.0.0
ENG-00190,2025-02-01,0.037118988444834286,Low,Logistic Regression,v1.0.0
ENG-00191,2026-07-01,0.0033336981359525083,Low,Logistic Regression,v1.0.0
ENG-00191,2026-08-01,0.11456531062081274,Low,Logistic Regression,v1.0.0
ENG-00192,2024-07-01,0.015471329451160393,Low,Logistic Regression,v1.0.0
ENG-00192,2024-08-01,0.1668545974230834,Low,Logistic Regression,v1.0.0
ENG-00192,2024-09-01,0.1322168048127711,Low,Logistic Regression,v1.0.0
ENG-00192,2024-10-01,0.036071380668360915,Low,Logistic Regression,v1.0.0
ENG-00192,2024-11-01,0.01972992147143902,Low,Logistic Regression,v1.0.0
ENG-00192,2024-12-01,0.045051617245286654,Low,Logistic Regression,v1.0.0
ENG-00192,2025-01-01,0.0016046718920963814,Low,Logistic Regression,v1.0.0
ENG-00193,2024-05-01,0.6491956143761252,Watch,Logistic Regression,v1.0.0
ENG-00193,2024-06-01,0.8491701757445357,Critical,Logistic Regression,v1.0.0
ENG-00193,2024-07-01,0.9945530831794397,Critical,Logistic Regression,v1.0.0
ENG-00193,2024-08-01,0.9931521419753517,Critical,Logistic Regression,v1.0.0
ENG-00194,2024-04-01,0.13285767533045365,Low,Logistic Regression,v1.0.0
ENG-00194,2024-05-01,0.9664824876213935,Critical,Logistic Regression,v1.0.0
ENG-00194,2024-06-01,0.9977105299841822,Critical,Logistic Regression,v1.0.0
ENG-00194,2024-07-01,0.9779098100067568,Critical,Logistic Regression,v1.0.0
ENG-00195,2024-05-01,0.028919601108506526,Low,Logistic Regression,v1.0.0
ENG-00195,2024-06-01,0.12248548215099156,Low,Logistic Regression,v1.0.0
ENG-00195,2024-07-01,0.3001370622384604,Low,Logistic Regression,v1.0.0
ENG-00195,2024-08-01,0.0042219540901589124,Low,Logistic Regression,v1.0.0
ENG-00195,2024-09-01,0.0705934448924565,Low,Logistic Regression,v1.0.0
ENG-00195,2024-10-01,0.09066847581919087,Low,Logistic Regression,v1.0.0
ENG-00195,2024-11-01,0.06894029118825504,Low,Logistic Regression,v1.0.0
ENG-00195,2024-12-01,0.010211639667090006,Low,Logistic Regression,v1.0.0
ENG-00195,2025-01-01,0.0466895301020977,Low,Logistic Regression,v1.0.0
ENG-00195,2025-02-01,0.02007939446937941,Low,Logistic Regression,v1.0.0
ENG-00195,2025-03-01,0.008252636132899142,Low,Logistic Regression,v1.0.0
ENG-00195,2025-04-01,0.04909201983069364,Low,Logistic Regression,v1.0.0
ENG-00195,2025-05-01,0.022648716864693514,Low,Logistic Regression,v1.0.0
ENG-00196,2024-02-01,0.019607958912391588,Low,Logistic Regression,v1.0.0
ENG-00196,2024-03-01,0.14337391418840187,Low,Logistic Regression,v1.0.0
ENG-00196,2024-04-01,0.7030285751636752,Critical,Logistic Regression,v1.0.0
ENG-00196,2024-05-01,0.8492567099352878,Critical,Logistic Regression,v1.0.0
ENG-00196,2024-06-01,0.8994317184477864,Critical,Logistic Regression,v1.0.0
ENG-00197,2026-04-01,0.011917369125557468,Low,Logistic Regression,v1.0.0
ENG-00197,2026-05-01,0.07921896618972474,Low,Logistic Regression,v1.0.0
ENG-00197,2026-06-01,0.005412547281425452,Low,Logistic Regression,v1.0.0
ENG-00197,2026-07-01,0.006426482327753998,Low,Logistic Regression,v1.0.0
ENG-00197,2026-08-01,0.0323902660741343,Low,Logistic Regression,v1.0.0
ENG-00198,2024-03-01,0.5731380788368287,Watch,Logistic Regression,v1.0.0
ENG-00198,2024-04-01,0.061407431229123524,Low,Logistic Regression,v1.0.0
ENG-00198,2024-05-01,0.934472235347805,Critical,Logistic Regression,v1.0.0
ENG-00198,2024-06-01,0.12699735718947472,Low,Logistic Regression,v1.0.0
ENG-00198,2024-07-01,0.5252424715682147,Watch,Logistic Regression,v1.0.0
ENG-00198,2024-08-01,0.42114479936140775,Watch,Logistic Regression,v1.0.0
ENG-00198,2024-09-01,0.5618154145286963,Watch,Logistic Regression,v1.0.0
ENG-00198,2024-10-01,0.36669165887348665,Watch,Logistic Regression,v1.0.0
ENG-00198,2024-11-01,0.4030524870208149,Watch,Logistic Regression,v1.0.0
ENG-00198,2024-12-01,0.8895635073981166,Critical,Logistic Regression,v1.0.0
ENG-00199,2026-03-01,0.014792757918835043,Low,Logistic Regression,v1.0.0
ENG-00199,2026-04-01,0.00245648647685382,Low,Logistic Regression,v1.0.0
ENG-00199,2026-05-01,0.08361621649498176,Low,Logistic Regression,v1.0.0
ENG-00199,2026-06-01,0.0029731243094417437,Low,Logistic Regression,v1.0.0
ENG-00199,2026-07-01,0.0027498351595085404,Low,Logistic Regression,v1.0.0
ENG-00199,2026-08-01,0.030139089150688678,Low,Logistic Regression,v1.0.0
ENG-00199,2026-09-01,0.24108133787165606,Low,Logistic Regression,v1.0.0
ENG-00199,2026-10-01,0.09367765550333175,Low,Logistic Regression,v1.0.0
ENG-00199,2026-11-01,0.2412193344906353,Low,Logistic Regression,v1.0.0
ENG-00199,2026-12-01,0.9852957929083135,Critical,Logistic Regression,v1.0.0
ENG-00200,2025-08-01,0.43970070271088846,Watch,Logistic Regression,v1.0.0
ENG-00200,2025-09-01,0.09505417834225809,Low,Logistic Regression,v1.0.0
ENG-00200,2025-10-01,0.8028128147310483,Critical,Logistic Regression,v1.0.0
ENG-00200,2025-11-01,0.9988617478445498,Critical,Logistic Regression,v1.0.0
ENG-00200,2025-12-01,0.9758318493153528,Critical,Logistic Regression,v1.0.0
ENG-00200,2026-01-01,0.9975003246045124,Critical,Logistic Regression,v1.0.0
ENG-00201,2025-02-01,0.05642042250802511,Low,Logistic Regression,v1.0.0
ENG-00201,2025-03-01,0.40296435523665786,Watch,Logistic Regression,v1.0.0
ENG-00201,2025-04-01,0.02273660967552523,Low,Logistic Regression,v1.0.0
ENG-00201,2025-05-01,0.1597274731158609,Low,Logistic Regression,v1.0.0
ENG-00201,2025-06-01,0.002446696407640344,Low,Logistic Regression,v1.0.0
ENG-00201,2025-07-01,0.11969787742986245,Low,Logistic Regression,v1.0.0
ENG-00201,2025-08-01,0.00967935185804375,Low,Logistic Regression,v1.0.0
ENG-00201,2025-09-01,0.009634448469496189,Low,Logistic Regression,v1.0.0
ENG-00201,2025-10-01,0.3184177306007315,Low,Logistic Regression,v1.0.0
ENG-00201,2025-11-01,0.010064140225423982,Low,Logistic Regression,v1.0.0
ENG-00201,2025-12-01,0.025977248680844812,Low,Logistic Regression,v1.0.0
ENG-00202,2026-02-01,0.024830248542906993,Low,Logistic Regression,v1.0.0
ENG-00202,2026-03-01,0.0307696706570439,Low,Logistic Regression,v1.0.0
ENG-00202,2026-04-01,0.22003544773454725,Low,Logistic Regression,v1.0.0
ENG-00202,2026-05-01,0.005784021795533025,Low,Logistic Regression,v1.0.0
ENG-00202,2026-06-01,0.051747628311648,Low,Logistic Regression,v1.0.0
ENG-00202,2026-07-01,0.000958830569997115,Low,Logistic Regression,v1.0.0
ENG-00202,2026-08-01,0.1588340635094188,Low,Logistic Regression,v1.0.0
ENG-00203,2025-10-01,0.09606022796233124,Low,Logistic Regression,v1.0.0
ENG-00203,2025-11-01,0.16337108021997032,Low,Logistic Regression,v1.0.0
ENG-00203,2025-12-01,0.012260348114569618,Low,Logistic Regression,v1.0.0
ENG-00203,2026-01-01,0.005453063499475989,Low,Logistic Regression,v1.0.0
ENG-00203,2026-02-01,0.062360349130027734,Low,Logistic Regression,v1.0.0
ENG-00203,2026-03-01,0.004697950376495998,Low,Logistic Regression,v1.0.0
ENG-00203,2026-04-01,0.024823245431126278,Low,Logistic Regression,v1.0.0
ENG-00203,2026-05-01,0.016486060972380243,Low,Logistic Regression,v1.0.0
ENG-00203,2026-06-01,0.022816443963739767,Low,Logistic Regression,v1.0.0
ENG-00203,2026-07-01,0.11238965107888133,Low,Logistic Regression,v1.0.0
ENG-00203,2026-08-01,0.0012400639430128339,Low,Logistic Regression,v1.0.0
ENG-00204,2025-12-01,0.036221872180566085,Low,Logistic Regression,v1.0.0
ENG-00204,2026-01-01,0.5426579140804599,Watch,Logistic Regression,v1.0.0
ENG-00204,2026-02-01,0.14688970461090714,Low,Logistic Regression,v1.0.0
ENG-00204,2026-03-01,0.004141518466850703,Low,Logistic Regression,v1.0.0
ENG-00204,2026-04-01,0.5029272315108692,Watch,Logistic Regression,v1.0.0
ENG-00204,2026-05-01,0.0048155583374083445,Low,Logistic Regression,v1.0.0
ENG-00204,2026-06-01,0.060322756864754246,Low,Logistic Regression,v1.0.0
ENG-00204,2026-07-01,0.06136297948248493,Low,Logistic Regression,v1.0.0
ENG-00204,2026-08-01,0.003326161860353228,Low,Logistic Regression,v1.0.0
ENG-00205,2026-04-01,0.2273863248038531,Low,Logistic Regression,v1.0.0
ENG-00205,2026-05-01,0.2721807544447913,Low,Logistic Regression,v1.0.0
ENG-00205,2026-06-01,0.20614857030665645,Low,Logistic Regression,v1.0.0
ENG-00205,2026-07-01,0.4216565206938348,Watch,Logistic Regression,v1.0.0
ENG-00205,2026-08-01,0.1128197802108445,Low,Logistic Regression,v1.0.0
ENG-00206,2025-08-01,0.02714554813782997,Low,Logistic Regression,v1.0.0
ENG-00206,2025-09-01,0.11331970264228078,Low,Logistic Regression,v1.0.0
ENG-00206,2025-10-01,0.051087048992913366,Low,Logistic Regression,v1.0.0
ENG-00206,2025-11-01,0.8921107742529307,Critical,Logistic Regression,v1.0.0
ENG-00206,2025-12-01,0.9875621372537471,Critical,Logistic Regression,v1.0.0
ENG-00206,2026-01-01,0.9966783025430427,Critical,Logistic Regression,v1.0.0
ENG-00207,2024-01-01,0.051009119238237186,Low,Logistic Regression,v1.0.0
ENG-00207,2024-02-01,0.6758613789418465,Critical,Logistic Regression,v1.0.0
ENG-00207,2024-03-01,0.0022264495517516514,Low,Logistic Regression,v1.0.0
ENG-00207,2024-04-01,0.20538635494865104,Low,Logistic Regression,v1.0.0
ENG-00207,2024-05-01,0.14113868827861148,Low,Logistic Regression,v1.0.0
ENG-00207,2024-06-01,0.20801533693840343,Low,Logistic Regression,v1.0.0
ENG-00207,2024-07-01,0.03695901441312924,Low,Logistic Regression,v1.0.0
ENG-00207,2024-08-01,0.18670381898914604,Low,Logistic Regression,v1.0.0
ENG-00208,2025-07-01,0.1480163073684016,Low,Logistic Regression,v1.0.0
ENG-00208,2025-08-01,0.5602600747967925,Watch,Logistic Regression,v1.0.0
ENG-00208,2025-09-01,0.17900827718030754,Low,Logistic Regression,v1.0.0
ENG-00208,2025-10-01,0.022360627503088214,Low,Logistic Regression,v1.0.0
ENG-00208,2025-11-01,0.8907207117477407,Critical,Logistic Regression,v1.0.0
ENG-00208,2025-12-01,0.21637392567019006,Low,Logistic Regression,v1.0.0
ENG-00208,2026-01-01,0.09942597683006811,Low,Logistic Regression,v1.0.0
ENG-00209,2026-07-01,0.01450144710934268,Low,Logistic Regression,v1.0.0
ENG-00209,2026-08-01,0.19825647541069774,Low,Logistic Regression,v1.0.0
ENG-00209,2026-09-01,0.6770735250337842,Critical,Logistic Regression,v1.0.0
ENG-00209,2026-10-01,0.5966615998991694,Watch,Logistic Regression,v1.0.0
ENG-00209,2026-11-01,0.9653124899312081,Critical,Logistic Regression,v1.0.0
ENG-00210,2026-03-01,0.4257813994708879,Watch,Logistic Regression,v1.0.0
ENG-00210,2026-04-01,0.9972822518234805,Critical,Logistic Regression,v1.0.0
ENG-00210,2026-05-01,0.9561855752714986,Critical,Logistic Regression,v1.0.0
ENG-00210,2026-06-01,0.9988360872318527,Critical,Logistic Regression,v1.0.0
ENG-00211,2024-09-01,0.08886464568462787,Low,Logistic Regression,v1.0.0
ENG-00211,2024-10-01,0.054145402948776906,Low,Logistic Regression,v1.0.0
ENG-00211,2024-11-01,0.003675099181718931,Low,Logistic Regression,v1.0.0
ENG-00211,2024-12-01,0.3451221401074661,Low,Logistic Regression,v1.0.0
ENG-00211,2025-01-01,0.0018064388774754585,Low,Logistic Regression,v1.0.0
ENG-00211,2025-02-01,0.0332235050650505,Low,Logistic Regression,v1.0.0
ENG-00211,2025-03-01,0.0672100458623019,Low,Logistic Regression,v1.0.0
ENG-00211,2025-04-01,0.005820581052280274,Low,Logistic Regression,v1.0.0
ENG-00211,2025-05-01,0.0038363256654370495,Low,Logistic Regression,v1.0.0
ENG-00211,2025-06-01,0.0054344192722873405,Low,Logistic Regression,v1.0.0
ENG-00211,2025-07-01,0.03911264822341571,Low,Logistic Regression,v1.0.0
ENG-00212,2025-12-01,0.027236128178132847,Low,Logistic Regression,v1.0.0
ENG-00212,2026-01-01,0.22905181427444093,Low,Logistic Regression,v1.0.0
ENG-00212,2026-02-01,0.022356438949116826,Low,Logistic Regression,v1.0.0
ENG-00212,2026-03-01,0.2151600573271449,Low,Logistic Regression,v1.0.0
ENG-00212,2026-04-01,0.020135562509576523,Low,Logistic Regression,v1.0.0
ENG-00212,2026-05-01,0.06576400708052461,Low,Logistic Regression,v1.0.0
ENG-00212,2026-06-01,0.28858414517758785,Low,Logistic Regression,v1.0.0
ENG-00212,2026-07-01,0.014584615007687032,Low,Logistic Regression,v1.0.0
ENG-00212,2026-08-01,0.030967132025881996,Low,Logistic Regression,v1.0.0
ENG-00213,2025-04-01,0.0016281679432943502,Low,Logistic Regression,v1.0.0
ENG-00213,2025-05-01,0.007597387499434097,Low,Logistic Regression,v1.0.0
ENG-00213,2025-06-01,0.0029227981982665346,Low,Logistic Regression,v1.0.0
ENG-00213,2025-07-01,0.0038115773940318085,Low,Logistic Regression,v1.0.0
ENG-00213,2025-08-01,0.005085057418628719,Low,Logistic Regression,v1.0.0
ENG-00213,2025-09-01,0.01032251155196864,Low,Logistic Regression,v1.0.0
ENG-00213,2025-10-01,0.006168793084318989,Low,Logistic Regression,v1.0.0
ENG-00213,2025-11-01,0.00016489115925706692,Low,Logistic Regression,v1.0.0
ENG-00213,2025-12-01,0.008242511146315785,Low,Logistic Regression,v1.0.0
ENG-00213,2026-01-01,0.0008713332790526629,Low,Logistic Regression,v1.0.0
ENG-00213,2026-02-01,0.008502677120038327,Low,Logistic Regression,v1.0.0
ENG-00213,2026-03-01,0.003489302186792066,Low,Logistic Regression,v1.0.0
ENG-00213,2026-04-01,0.00044980400598527856,Low,Logistic Regression,v1.0.0
ENG-00214,2026-05-01,0.5489613382630962,Watch,Logistic Regression,v1.0.0
ENG-00214,2026-06-01,0.9841642601619845,Critical,Logistic Regression,v1.0.0
ENG-00214,2026-07-01,0.9978936222033172,Critical,Logistic Regression,v1.0.0
ENG-00214,2026-08-01,0.9976550818427093,Critical,Logistic Regression,v1.0.0
ENG-00214,2026-09-01,0.9995398853584734,Critical,Logistic Regression,v1.0.0
ENG-00215,2024-09-01,0.026534971598790355,Low,Logistic Regression,v1.0.0
ENG-00215,2024-10-01,0.004503757941667809,Low,Logistic Regression,v1.0.0
ENG-00215,2024-11-01,0.006378285486342773,Low,Logistic Regression,v1.0.0
ENG-00215,2024-12-01,0.011888256573489095,Low,Logistic Regression,v1.0.0
ENG-00215,2025-01-01,0.0043984995939456715,Low,Logistic Regression,v1.0.0
ENG-00215,2025-02-01,0.03871192027655964,Low,Logistic Regression,v1.0.0
ENG-00215,2025-03-01,0.004473504881998097,Low,Logistic Regression,v1.0.0
ENG-00215,2025-04-01,0.1257288936033881,Low,Logistic Regression,v1.0.0
ENG-00215,2025-05-01,0.02505141849776835,Low,Logistic Regression,v1.0.0
ENG-00215,2025-06-01,0.002238117507674884,Low,Logistic Regression,v1.0.0
ENG-00215,2025-07-01,0.00901682899285686,Low,Logistic Regression,v1.0.0
ENG-00215,2025-08-01,0.0016795613323907557,Low,Logistic Regression,v1.0.0
ENG-00215,2025-09-01,0.004836754415774891,Low,Logistic Regression,v1.0.0
ENG-00216,2024-01-01,0.09531969018720005,Low,Logistic Regression,v1.0.0
ENG-00216,2024-02-01,0.9432411828150163,Critical,Logistic Regression,v1.0.0
ENG-00216,2024-03-01,0.9506572123971931,Critical,Logistic Regression,v1.0.0
ENG-00216,2024-04-01,0.9834788741696682,Critical,Logistic Regression,v1.0.0
ENG-00217,2024-04-01,0.005705175762978358,Low,Logistic Regression,v1.0.0
ENG-00217,2024-05-01,0.027129124573741954,Low,Logistic Regression,v1.0.0
ENG-00217,2024-06-01,0.007547313158993526,Low,Logistic Regression,v1.0.0
ENG-00217,2024-07-01,0.11227409282572273,Low,Logistic Regression,v1.0.0
ENG-00217,2024-08-01,0.004984286944490572,Low,Logistic Regression,v1.0.0
ENG-00217,2024-09-01,0.09654032024934157,Low,Logistic Regression,v1.0.0
ENG-00217,2024-10-01,0.0015616575182259935,Low,Logistic Regression,v1.0.0
ENG-00217,2024-11-01,0.2229902211133084,Low,Logistic Regression,v1.0.0
ENG-00217,2024-12-01,0.00038986486897912793,Low,Logistic Regression,v1.0.0
ENG-00218,2024-10-01,0.04169902768153375,Low,Logistic Regression,v1.0.0
ENG-00218,2024-11-01,0.08347894291361677,Low,Logistic Regression,v1.0.0
ENG-00218,2024-12-01,0.020665669282264633,Low,Logistic Regression,v1.0.0
ENG-00218,2025-01-01,0.08335648304097441,Low,Logistic Regression,v1.0.0
ENG-00218,2025-02-01,0.09719522234702112,Low,Logistic Regression,v1.0.0
ENG-00218,2025-03-01,0.020444384443236045,Low,Logistic Regression,v1.0.0
ENG-00218,2025-04-01,0.02579895170460128,Low,Logistic Regression,v1.0.0
ENG-00218,2025-05-01,0.10320982860147908,Low,Logistic Regression,v1.0.0
ENG-00218,2025-06-01,0.030844832297277847,Low,Logistic Regression,v1.0.0
ENG-00219,2025-11-01,0.046570337395614045,Low,Logistic Regression,v1.0.0
ENG-00219,2025-12-01,0.16267064464543388,Low,Logistic Regression,v1.0.0
ENG-00219,2026-01-01,0.036727755178697356,Low,Logistic Regression,v1.0.0
ENG-00219,2026-02-01,0.15008368890176277,Low,Logistic Regression,v1.0.0
ENG-00219,2026-03-01,0.21631489253990527,Low,Logistic Regression,v1.0.0
ENG-00219,2026-04-01,0.026857449985354994,Low,Logistic Regression,v1.0.0
ENG-00219,2026-05-01,0.16306991671731202,Low,Logistic Regression,v1.0.0
ENG-00219,2026-06-01,0.003279365442160503,Low,Logistic Regression,v1.0.0
ENG-00219,2026-07-01,0.6769920121255518,Critical,Logistic Regression,v1.0.0
ENG-00220,2025-11-01,0.04415491537452829,Low,Logistic Regression,v1.0.0
ENG-00220,2025-12-01,0.08271467272301873,Low,Logistic Regression,v1.0.0
ENG-00220,2026-01-01,0.006844042463378997,Low,Logistic Regression,v1.0.0
ENG-00220,2026-02-01,0.01813114931828557,Low,Logistic Regression,v1.0.0
ENG-00220,2026-03-01,0.012194023917170674,Low,Logistic Regression,v1.0.0
ENG-00220,2026-04-01,0.15628374434539918,Low,Logistic Regression,v1.0.0
ENG-00220,2026-05-01,0.008861266243514035,Low,Logistic Regression,v1.0.0
ENG-00220,2026-06-01,0.012476907315786928,Low,Logistic Regression,v1.0.0
ENG-00220,2026-07-01,0.002107233936591403,Low,Logistic Regression,v1.0.0
ENG-00220,2026-08-01,0.007912723415162448,Low,Logistic Regression,v1.0.0
ENG-00221,2026-06-01,0.5069186998530755,Watch,Logistic Regression,v1.0.0
ENG-00221,2026-07-01,0.5950946975877655,Watch,Logistic Regression,v1.0.0
ENG-00221,2026-08-01,0.9986297923553701,Critical,Logistic Regression,v1.0.0
ENG-00222,2024-12-01,0.028134162258751465,Low,Logistic Regression,v1.0.0
ENG-00222,2025-01-01,0.004678320941290054,Low,Logistic Regression,v1.0.0
ENG-00222,2025-02-01,0.03828280287248716,Low,Logistic Regression,v1.0.0
ENG-00222,2025-03-01,6.313334419285024e-05,Low,Logistic Regression,v1.0.0
ENG-00222,2025-04-01,0.13238512982961617,Low,Logistic Regression,v1.0.0
ENG-00222,2025-05-01,0.004401880030895762,Low,Logistic Regression,v1.0.0
ENG-00222,2025-06-01,0.037981563601419736,Low,Logistic Regression,v1.0.0
ENG-00222,2025-07-01,0.004790788371160354,Low,Logistic Regression,v1.0.0
ENG-00223,2024-05-01,0.056219014200259106,Low,Logistic Regression,v1.0.0
ENG-00223,2024-06-01,0.05899291088453589,Low,Logistic Regression,v1.0.0
ENG-00223,2024-07-01,0.009616711780688618,Low,Logistic Regression,v1.0.0
ENG-00223,2024-08-01,0.012897843350385296,Low,Logistic Regression,v1.0.0
ENG-00223,2024-09-01,0.08101574350915751,Low,Logistic Regression,v1.0.0
ENG-00223,2024-10-01,0.01829579450334988,Low,Logistic Regression,v1.0.0
ENG-00223,2024-11-01,0.05572171998578772,Low,Logistic Regression,v1.0.0
ENG-00223,2024-12-01,0.001534266680751219,Low,Logistic Regression,v1.0.0
ENG-00223,2025-01-01,0.08882745988719928,Low,Logistic Regression,v1.0.0
ENG-00224,2026-06-01,0.043514428996512415,Low,Logistic Regression,v1.0.0
ENG-00224,2026-07-01,0.012649030936539365,Low,Logistic Regression,v1.0.0
ENG-00224,2026-08-01,0.01539110166630368,Low,Logistic Regression,v1.0.0
ENG-00225,2025-07-01,0.45886763430216915,Watch,Logistic Regression,v1.0.0
ENG-00225,2025-08-01,0.636071507432961,Watch,Logistic Regression,v1.0.0
ENG-00225,2025-09-01,0.4143053314530657,Watch,Logistic Regression,v1.0.0
ENG-00225,2025-10-01,0.32497150455021095,Low,Logistic Regression,v1.0.0
ENG-00225,2025-11-01,0.5427308241187321,Watch,Logistic Regression,v1.0.0
ENG-00225,2025-12-01,0.5741369873516852,Watch,Logistic Regression,v1.0.0
ENG-00225,2026-01-01,0.42414071566781214,Watch,Logistic Regression,v1.0.0
ENG-00225,2026-02-01,0.8595846384427528,Critical,Logistic Regression,v1.0.0
ENG-00225,2026-03-01,0.05289315096807747,Low,Logistic Regression,v1.0.0
ENG-00225,2026-04-01,0.18984962359876445,Low,Logistic Regression,v1.0.0
ENG-00226,2025-11-01,0.04938025016075045,Low,Logistic Regression,v1.0.0
ENG-00226,2025-12-01,0.7222524656139232,Critical,Logistic Regression,v1.0.0
ENG-00226,2026-01-01,0.06399711656769741,Low,Logistic Regression,v1.0.0
ENG-00226,2026-02-01,0.11156890334910081,Low,Logistic Regression,v1.0.0
ENG-00226,2026-03-01,0.0830904376143083,Low,Logistic Regression,v1.0.0
ENG-00226,2026-04-01,0.011138905666623759,Low,Logistic Regression,v1.0.0
ENG-00226,2026-05-01,0.14033609824691032,Low,Logistic Regression,v1.0.0
ENG-00227,2025-09-01,0.06149488508201053,Low,Logistic Regression,v1.0.0
ENG-00227,2025-10-01,0.03040183541968808,Low,Logistic Regression,v1.0.0
ENG-00227,2025-11-01,0.009186628894883553,Low,Logistic Regression,v1.0.0
ENG-00227,2025-12-01,0.0018794072493364664,Low,Logistic Regression,v1.0.0
ENG-00227,2026-01-01,0.01143695823995784,Low,Logistic Regression,v1.0.0
ENG-00227,2026-02-01,0.0057740404425892285,Low,Logistic Regression,v1.0.0
ENG-00227,2026-03-01,0.0559189610260919,Low,Logistic Regression,v1.0.0
ENG-00227,2026-04-01,0.0042976010649970805,Low,Logistic Regression,v1.0.0
ENG-00227,2026-05-01,0.07532899937639825,Low,Logistic Regression,v1.0.0
ENG-00227,2026-06-01,0.0007980353508705851,Low,Logistic Regression,v1.0.0
ENG-00227,2026-07-01,0.030042903612773446,Low,Logistic Regression,v1.0.0
ENG-00227,2026-08-01,0.002700867354072013,Low,Logistic Regression,v1.0.0
ENG-00228,2025-08-01,0.027814159927961733,Low,Logistic Regression,v1.0.0
ENG-00228,2025-09-01,0.010295462747457625,Low,Logistic Regression,v1.0.0
ENG-00228,2025-10-01,0.01890990663982374,Low,Logistic Regression,v1.0.0
ENG-00228,2025-11-01,0.01883286706682695,Low,Logistic Regression,v1.0.0
ENG-00228,2025-12-01,0.018440524381522296,Low,Logistic Regression,v1.0.0
ENG-00228,2026-01-01,0.01148098434268117,Low,Logistic Regression,v1.0.0
ENG-00228,2026-02-01,0.09992636107322507,Low,Logistic Regression,v1.0.0
ENG-00228,2026-03-01,0.0010687097382918597,Low,Logistic Regression,v1.0.0
ENG-00228,2026-04-01,0.02989914090014112,Low,Logistic Regression,v1.0.0
ENG-00228,2026-05-01,0.16507826794985145,Low,Logistic Regression,v1.0.0
ENG-00228,2026-06-01,0.010712263768658225,Low,Logistic Regression,v1.0.0
ENG-00228,2026-07-01,0.009252001881334772,Low,Logistic Regression,v1.0.0
ENG-00228,2026-08-01,0.005253647495216985,Low,Logistic Regression,v1.0.0
ENG-00229,2025-02-01,0.04120509621350792,Low,Logistic Regression,v1.0.0
ENG-00229,2025-03-01,0.014105488841586168,Low,Logistic Regression,v1.0.0
ENG-00229,2025-04-01,0.00980521215624899,Low,Logistic Regression,v1.0.0
ENG-00229,2025-05-01,0.009756681760344537,Low,Logistic Regression,v1.0.0
ENG-00229,2025-06-01,0.2711227712444857,Low,Logistic Regression,v1.0.0
ENG-00229,2025-07-01,0.003155497305161023,Low,Logistic Regression,v1.0.0
ENG-00229,2025-08-01,0.025258050886045758,Low,Logistic Regression,v1.0.0
ENG-00229,2025-09-01,0.00067578176449498,Low,Logistic Regression,v1.0.0
ENG-00229,2025-10-01,0.01254056706922548,Low,Logistic Regression,v1.0.0
ENG-00229,2025-11-01,0.27099967982622963,Low,Logistic Regression,v1.0.0
ENG-00229,2025-12-01,0.007050976634270876,Low,Logistic Regression,v1.0.0
ENG-00230,2025-02-01,0.08516630586495134,Low,Logistic Regression,v1.0.0
ENG-00230,2025-03-01,0.1479870586064063,Low,Logistic Regression,v1.0.0
ENG-00230,2025-04-01,0.9918874641074796,Critical,Logistic Regression,v1.0.0
ENG-00230,2025-05-01,0.9843914350817232,Critical,Logistic Regression,v1.0.0
ENG-00231,2024-02-01,0.6821023716119665,Critical,Logistic Regression,v1.0.0
ENG-00231,2024-03-01,0.9901141727118576,Critical,Logistic Regression,v1.0.0
ENG-00231,2024-04-01,0.9995889044890077,Critical,Logistic Regression,v1.0.0
ENG-00231,2024-05-01,0.9993178512470489,Critical,Logistic Regression,v1.0.0
ENG-00232,2026-01-01,0.0359556452487212,Low,Logistic Regression,v1.0.0
ENG-00232,2026-02-01,0.6791495542848166,Critical,Logistic Regression,v1.0.0
ENG-00232,2026-03-01,0.19186724679765368,Low,Logistic Regression,v1.0.0
ENG-00232,2026-04-01,0.8138162338050106,Critical,Logistic Regression,v1.0.0
ENG-00232,2026-05-01,0.9723844005785309,Critical,Logistic Regression,v1.0.0
ENG-00233,2024-12-01,0.7731669295721073,Critical,Logistic Regression,v1.0.0
ENG-00233,2025-01-01,0.1068599370617396,Low,Logistic Regression,v1.0.0
ENG-00233,2025-02-01,0.5548738601707683,Watch,Logistic Regression,v1.0.0
ENG-00233,2025-03-01,0.2702048314901465,Low,Logistic Regression,v1.0.0
ENG-00233,2025-04-01,0.4979961225030478,Watch,Logistic Regression,v1.0.0
ENG-00233,2025-05-01,0.6122721419811903,Watch,Logistic Regression,v1.0.0
ENG-00233,2025-06-01,0.043800620029756925,Low,Logistic Regression,v1.0.0
ENG-00233,2025-07-01,0.9374242426227221,Critical,Logistic Regression,v1.0.0
ENG-00234,2026-05-01,0.07936812042801589,Low,Logistic Regression,v1.0.0
ENG-00234,2026-06-01,0.6866195791929601,Critical,Logistic Regression,v1.0.0
ENG-00234,2026-07-01,0.9256548375759808,Critical,Logistic Regression,v1.0.0
ENG-00234,2026-08-01,0.24322980336457076,Low,Logistic Regression,v1.0.0
ENG-00235,2024-07-01,0.0033476287553358378,Low,Logistic Regression,v1.0.0
ENG-00235,2024-08-01,0.014851775727718251,Low,Logistic Regression,v1.0.0
ENG-00235,2024-09-01,0.0009527579317958524,Low,Logistic Regression,v1.0.0
ENG-00235,2024-10-01,0.012162989670996934,Low,Logistic Regression,v1.0.0
ENG-00235,2024-11-01,0.00016442754898242007,Low,Logistic Regression,v1.0.0
ENG-00235,2024-12-01,0.012272528461040001,Low,Logistic Regression,v1.0.0
ENG-00235,2025-01-01,0.017105396482206044,Low,Logistic Regression,v1.0.0
ENG-00236,2024-11-01,0.046489419644394105,Low,Logistic Regression,v1.0.0
ENG-00236,2024-12-01,0.014528208962907024,Low,Logistic Regression,v1.0.0
ENG-00236,2025-01-01,0.04769417583552855,Low,Logistic Regression,v1.0.0
ENG-00236,2025-02-01,0.004120124485059556,Low,Logistic Regression,v1.0.0
ENG-00236,2025-03-01,0.042767836672479805,Low,Logistic Regression,v1.0.0
ENG-00236,2025-04-01,0.0022684269879135566,Low,Logistic Regression,v1.0.0
ENG-00236,2025-05-01,0.13803302639485704,Low,Logistic Regression,v1.0.0
ENG-00236,2025-06-01,0.02450511315032468,Low,Logistic Regression,v1.0.0
ENG-00236,2025-07-01,0.0037501716619396633,Low,Logistic Regression,v1.0.0
ENG-00236,2025-08-01,0.0005829077090802949,Low,Logistic Regression,v1.0.0
ENG-00236,2025-09-01,0.012588879070714392,Low,Logistic Regression,v1.0.0
ENG-00236,2025-10-01,0.00015659087397304174,Low,Logistic Regression,v1.0.0
ENG-00236,2025-11-01,0.015602590986958145,Low,Logistic Regression,v1.0.0
ENG-00237,2024-06-01,0.01107883734140579,Low,Logistic Regression,v1.0.0
ENG-00237,2024-07-01,0.0021564145370177256,Low,Logistic Regression,v1.0.0
ENG-00237,2024-08-01,0.020268130457944896,Low,Logistic Regression,v1.0.0
ENG-00237,2024-09-01,0.010148564561587576,Low,Logistic Regression,v1.0.0
ENG-00237,2024-10-01,0.014897176014566945,Low,Logistic Regression,v1.0.0
ENG-00237,2024-11-01,0.03309739545024201,Low,Logistic Regression,v1.0.0
ENG-00237,2024-12-01,0.03781054890582226,Low,Logistic Regression,v1.0.0
ENG-00237,2025-01-01,0.003208317209100969,Low,Logistic Regression,v1.0.0
ENG-00237,2025-02-01,0.001113514995325532,Low,Logistic Regression,v1.0.0
ENG-00237,2025-03-01,0.008921493358426312,Low,Logistic Regression,v1.0.0
ENG-00238,2026-08-01,0.0320774015209832,Low,Logistic Regression,v1.0.0
ENG-00239,2026-02-01,0.04823911586937715,Low,Logistic Regression,v1.0.0
ENG-00239,2026-03-01,0.0895475889097947,Low,Logistic Regression,v1.0.0
ENG-00239,2026-04-01,0.0023166125055599325,Low,Logistic Regression,v1.0.0
ENG-00239,2026-05-01,0.03398742001581772,Low,Logistic Regression,v1.0.0
ENG-00239,2026-06-01,0.0006151886876188832,Low,Logistic Regression,v1.0.0
ENG-00239,2026-07-01,0.01949631238314538,Low,Logistic Regression,v1.0.0
ENG-00239,2026-08-01,0.06839677523440672,Low,Logistic Regression,v1.0.0
ENG-00240,2024-11-01,0.015741938495993875,Low,Logistic Regression,v1.0.0
ENG-00240,2024-12-01,0.40594842690828503,Watch,Logistic Regression,v1.0.0
ENG-00240,2025-01-01,0.0039795831222632725,Low,Logistic Regression,v1.0.0
ENG-00240,2025-02-01,0.6463266799750396,Watch,Logistic Regression,v1.0.0
ENG-00240,2025-03-01,0.9674273967825808,Critical,Logistic Regression,v1.0.0
ENG-00240,2025-04-01,0.90528395421361,Critical,Logistic Regression,v1.0.0
ENG-00240,2025-05-01,0.9694520133444696,Critical,Logistic Regression,v1.0.0
ENG-00241,2025-12-01,0.07540033701722733,Low,Logistic Regression,v1.0.0
ENG-00241,2026-01-01,0.1299232397616947,Low,Logistic Regression,v1.0.0
ENG-00241,2026-02-01,0.04542511605781035,Low,Logistic Regression,v1.0.0
ENG-00241,2026-03-01,0.0824878451958443,Low,Logistic Regression,v1.0.0
ENG-00241,2026-04-01,0.022096246619369403,Low,Logistic Regression,v1.0.0
ENG-00241,2026-05-01,0.07328428513308842,Low,Logistic Regression,v1.0.0
ENG-00241,2026-06-01,0.4361409955733359,Watch,Logistic Regression,v1.0.0
ENG-00241,2026-07-01,0.012261580142610126,Low,Logistic Regression,v1.0.0
ENG-00241,2026-08-01,0.4081950816943817,Watch,Logistic Regression,v1.0.0
ENG-00242,2026-08-01,0.061843901160431994,Low,Logistic Regression,v1.0.0
ENG-00243,2024-10-01,0.286913538092101,Low,Logistic Regression,v1.0.0
ENG-00243,2024-11-01,0.1453473884273965,Low,Logistic Regression,v1.0.0
ENG-00243,2024-12-01,0.24255965488837655,Low,Logistic Regression,v1.0.0
ENG-00243,2025-01-01,0.5597426796103073,Watch,Logistic Regression,v1.0.0
ENG-00243,2025-02-01,0.5801722474912652,Watch,Logistic Regression,v1.0.0
ENG-00243,2025-03-01,0.16130550486462092,Low,Logistic Regression,v1.0.0
ENG-00243,2025-04-01,0.0443651648127117,Low,Logistic Regression,v1.0.0
ENG-00243,2025-05-01,0.17942037739527197,Low,Logistic Regression,v1.0.0
ENG-00243,2025-06-01,0.1642832784549512,Low,Logistic Regression,v1.0.0
ENG-00243,2025-07-01,0.10223123547599429,Low,Logistic Regression,v1.0.0
ENG-00243,2025-08-01,0.03595437218378586,Low,Logistic Regression,v1.0.0
ENG-00244,2026-03-01,0.019799227806641357,Low,Logistic Regression,v1.0.0
ENG-00244,2026-04-01,0.02977337053024498,Low,Logistic Regression,v1.0.0
ENG-00244,2026-05-01,0.004233359533086978,Low,Logistic Regression,v1.0.0
ENG-00244,2026-06-01,0.05786767214855466,Low,Logistic Regression,v1.0.0
ENG-00244,2026-07-01,0.012354238245026171,Low,Logistic Regression,v1.0.0
ENG-00244,2026-08-01,0.022562236545874307,Low,Logistic Regression,v1.0.0
ENG-00245,2025-10-01,0.007786644641197493,Low,Logistic Regression,v1.0.0
ENG-00245,2025-11-01,0.6748029907747652,Critical,Logistic Regression,v1.0.0
ENG-00245,2025-12-01,0.0010629385897894597,Low,Logistic Regression,v1.0.0
ENG-00245,2026-01-01,0.03176836224205881,Low,Logistic Regression,v1.0.0
ENG-00245,2026-02-01,0.0030838179966085947,Low,Logistic Regression,v1.0.0
ENG-00245,2026-03-01,0.002404033093537487,Low,Logistic Regression,v1.0.0
ENG-00245,2026-04-01,0.02974397544308604,Low,Logistic Regression,v1.0.0
ENG-00245,2026-05-01,0.013725479223917734,Low,Logistic Regression,v1.0.0
ENG-00245,2026-06-01,0.023020894713368264,Low,Logistic Regression,v1.0.0
ENG-00245,2026-07-01,0.010179249713241491,Low,Logistic Regression,v1.0.0
ENG-00245,2026-08-01,0.008532536833892953,Low,Logistic Regression,v1.0.0
ENG-00246,2026-01-01,0.8193018824904568,Critical,Logistic Regression,v1.0.0
ENG-00246,2026-02-01,0.4615351993061861,Watch,Logistic Regression,v1.0.0
ENG-00246,2026-03-01,0.9819446800076349,Critical,Logistic Regression,v1.0.0
ENG-00246,2026-04-01,0.9844946962232494,Critical,Logistic Regression,v1.0.0
ENG-00246,2026-05-01,0.9957510714744643,Critical,Logistic Regression,v1.0.0
ENG-00246,2026-06-01,0.999611428100939,Critical,Logistic Regression,v1.0.0
ENG-00246,2026-07-01,0.96249890669864,Critical,Logistic Regression,v1.0.0
ENG-00247,2024-12-01,0.009636253025537537,Low,Logistic Regression,v1.0.0
ENG-00247,2025-01-01,0.006149559152707546,Low,Logistic Regression,v1.0.0
ENG-00247,2025-02-01,0.0352460594363474,Low,Logistic Regression,v1.0.0
ENG-00247,2025-03-01,0.0041693628390242635,Low,Logistic Regression,v1.0.0
ENG-00247,2025-04-01,0.006342640007532525,Low,Logistic Regression,v1.0.0
ENG-00247,2025-05-01,0.05643842603147669,Low,Logistic Regression,v1.0.0
ENG-00247,2025-06-01,0.004917500299839941,Low,Logistic Regression,v1.0.0
ENG-00247,2025-07-01,0.0017457296014764027,Low,Logistic Regression,v1.0.0
ENG-00247,2025-08-01,0.18001711889896002,Low,Logistic Regression,v1.0.0
ENG-00247,2025-09-01,0.019755858098395127,Low,Logistic Regression,v1.0.0
ENG-00247,2025-10-01,0.0011642453947515606,Low,Logistic Regression,v1.0.0
ENG-00247,2025-11-01,0.001439582712965109,Low,Logistic Regression,v1.0.0
ENG-00247,2025-12-01,0.003489353870826293,Low,Logistic Regression,v1.0.0
ENG-00248,2024-07-01,0.1551722464530506,Low,Logistic Regression,v1.0.0
ENG-00248,2024-08-01,0.48012523753951875,Watch,Logistic Regression,v1.0.0
ENG-00248,2024-09-01,0.9457910510158614,Critical,Logistic Regression,v1.0.0
ENG-00248,2024-10-01,0.9923505818077472,Critical,Logistic Regression,v1.0.0
ENG-00248,2024-11-01,0.9992274131758252,Critical,Logistic Regression,v1.0.0
ENG-00249,2024-10-01,0.13616405046805977,Low,Logistic Regression,v1.0.0
ENG-00249,2024-11-01,0.022910319247533516,Low,Logistic Regression,v1.0.0
ENG-00249,2024-12-01,0.238610012723365,Low,Logistic Regression,v1.0.0
ENG-00249,2025-01-01,0.023649582019733596,Low,Logistic Regression,v1.0.0
ENG-00249,2025-02-01,0.019461540881637047,Low,Logistic Regression,v1.0.0
ENG-00249,2025-03-01,0.12337583113334237,Low,Logistic Regression,v1.0.0
ENG-00249,2025-04-01,0.05007345925944987,Low,Logistic Regression,v1.0.0
ENG-00249,2025-05-01,0.049032882126280354,Low,Logistic Regression,v1.0.0
ENG-00249,2025-06-01,0.006908757865534078,Low,Logistic Regression,v1.0.0
ENG-00249,2025-07-01,0.020561105592283163,Low,Logistic Regression,v1.0.0
ENG-00249,2025-08-01,0.002366912466567432,Low,Logistic Regression,v1.0.0
ENG-00249,2025-09-01,0.180195156810235,Low,Logistic Regression,v1.0.0
ENG-00249,2025-10-01,0.008450581048948554,Low,Logistic Regression,v1.0.0
ENG-00250,2025-04-01,0.287185769478856,Low,Logistic Regression,v1.0.0
ENG-00250,2025-05-01,0.385205397782861,Watch,Logistic Regression,v1.0.0
ENG-00250,2025-06-01,0.3534315785596781,Watch,Logistic Regression,v1.0.0
ENG-00250,2025-07-01,0.014806075002917378,Low,Logistic Regression,v1.0.0
ENG-00250,2025-08-01,0.5369862204346019,Watch,Logistic Regression,v1.0.0
ENG-00250,2025-09-01,0.3341682855145867,Low,Logistic Regression,v1.0.0
ENG-00250,2025-10-01,0.10623698296817606,Low,Logistic Regression,v1.0.0
ENG-00251,2025-07-01,0.023768479729549374,Low,Logistic Regression,v1.0.0
ENG-00251,2025-08-01,0.649422109392491,Watch,Logistic Regression,v1.0.0
ENG-00251,2025-09-01,0.007397447795006386,Low,Logistic Regression,v1.0.0
ENG-00251,2025-10-01,0.2943327598304857,Low,Logistic Regression,v1.0.0
ENG-00251,2025-11-01,0.013179473819762014,Low,Logistic Regression,v1.0.0
ENG-00251,2025-12-01,0.12054892839002539,Low,Logistic Regression,v1.0.0
ENG-00251,2026-01-01,0.09903502176307541,Low,Logistic Regression,v1.0.0
ENG-00251,2026-02-01,0.013549487514486917,Low,Logistic Regression,v1.0.0
ENG-00252,2024-11-01,0.005747654946581178,Low,Logistic Regression,v1.0.0
ENG-00252,2024-12-01,0.043482557045938015,Low,Logistic Regression,v1.0.0
ENG-00252,2025-01-01,0.17473985974862033,Low,Logistic Regression,v1.0.0
ENG-00252,2025-02-01,0.0020549438954165808,Low,Logistic Regression,v1.0.0
ENG-00252,2025-03-01,0.0018018869786523616,Low,Logistic Regression,v1.0.0
ENG-00252,2025-04-01,0.024002623957512414,Low,Logistic Regression,v1.0.0
ENG-00252,2025-05-01,0.040848490340484975,Low,Logistic Regression,v1.0.0
ENG-00252,2025-06-01,0.007118853106645159,Low,Logistic Regression,v1.0.0
ENG-00252,2025-07-01,0.01356339251044912,Low,Logistic Regression,v1.0.0
ENG-00252,2025-08-01,0.008695466353373534,Low,Logistic Regression,v1.0.0
ENG-00252,2025-09-01,0.008769622893180663,Low,Logistic Regression,v1.0.0
ENG-00253,2024-01-01,0.02243932939341477,Low,Logistic Regression,v1.0.0
ENG-00253,2024-02-01,0.002284396528159719,Low,Logistic Regression,v1.0.0
ENG-00253,2024-03-01,0.002338193066911703,Low,Logistic Regression,v1.0.0
ENG-00253,2024-04-01,0.1967062189224997,Low,Logistic Regression,v1.0.0
ENG-00253,2024-05-01,0.0018342460216212429,Low,Logistic Regression,v1.0.0
ENG-00253,2024-06-01,0.019915971961021062,Low,Logistic Regression,v1.0.0
ENG-00253,2024-07-01,0.00786506129611315,Low,Logistic Regression,v1.0.0
ENG-00253,2024-08-01,0.0038755671621242952,Low,Logistic Regression,v1.0.0
ENG-00253,2024-09-01,0.002599071662501975,Low,Logistic Regression,v1.0.0
ENG-00253,2024-10-01,0.008231923334084604,Low,Logistic Regression,v1.0.0
ENG-00253,2024-11-01,0.03526650329045651,Low,Logistic Regression,v1.0.0
ENG-00254,2025-03-01,0.19066647280527146,Low,Logistic Regression,v1.0.0
ENG-00254,2025-04-01,0.20313825837662572,Low,Logistic Regression,v1.0.0
ENG-00254,2025-05-01,0.7683887323133894,Critical,Logistic Regression,v1.0.0
ENG-00254,2025-06-01,0.6452198224582328,Watch,Logistic Regression,v1.0.0
ENG-00254,2025-07-01,0.9846867492167322,Critical,Logistic Regression,v1.0.0
ENG-00254,2025-08-01,0.9745179795568217,Critical,Logistic Regression,v1.0.0
ENG-00255,2024-01-01,0.007242554454581269,Low,Logistic Regression,v1.0.0
ENG-00255,2024-02-01,0.03240815201415882,Low,Logistic Regression,v1.0.0
ENG-00255,2024-03-01,0.0112299098382196,Low,Logistic Regression,v1.0.0
ENG-00255,2024-04-01,0.010066023670620311,Low,Logistic Regression,v1.0.0
ENG-00255,2024-05-01,0.017549991296904724,Low,Logistic Regression,v1.0.0
ENG-00255,2024-06-01,0.03904050910469496,Low,Logistic Regression,v1.0.0
ENG-00255,2024-07-01,0.061810665072396936,Low,Logistic Regression,v1.0.0
ENG-00255,2024-08-01,0.0006625151378157795,Low,Logistic Regression,v1.0.0
ENG-00255,2024-09-01,0.03084618419779563,Low,Logistic Regression,v1.0.0
ENG-00256,2026-05-01,0.08094785699405502,Low,Logistic Regression,v1.0.0
ENG-00256,2026-06-01,0.06571183892155286,Low,Logistic Regression,v1.0.0
ENG-00256,2026-07-01,0.0529480510962403,Low,Logistic Regression,v1.0.0
ENG-00256,2026-08-01,0.00945225608520615,Low,Logistic Regression,v1.0.0
ENG-00257,2024-05-01,0.21156827513988608,Low,Logistic Regression,v1.0.0
ENG-00257,2024-06-01,0.09646465855665316,Low,Logistic Regression,v1.0.0
ENG-00257,2024-07-01,0.3264522102532259,Low,Logistic Regression,v1.0.0
ENG-00257,2024-08-01,0.11450854357032625,Low,Logistic Regression,v1.0.0
ENG-00257,2024-09-01,0.045394091322014725,Low,Logistic Regression,v1.0.0
ENG-00257,2024-10-01,0.12640230792907103,Low,Logistic Regression,v1.0.0
ENG-00257,2024-11-01,0.0043405630677102215,Low,Logistic Regression,v1.0.0
ENG-00257,2024-12-01,0.1134483645169525,Low,Logistic Regression,v1.0.0
ENG-00257,2025-01-01,0.03507553570724223,Low,Logistic Regression,v1.0.0
ENG-00257,2025-02-01,0.1287884253482759,Low,Logistic Regression,v1.0.0
ENG-00257,2025-03-01,0.011830844335089965,Low,Logistic Regression,v1.0.0
ENG-00257,2025-04-01,0.4039631543243582,Watch,Logistic Regression,v1.0.0
ENG-00258,2025-06-01,0.02224697312976795,Low,Logistic Regression,v1.0.0
ENG-00258,2025-07-01,0.13896784474843626,Low,Logistic Regression,v1.0.0
ENG-00258,2025-08-01,0.9747759448018823,Critical,Logistic Regression,v1.0.0
ENG-00258,2025-09-01,0.5241728741215202,Watch,Logistic Regression,v1.0.0
ENG-00258,2025-10-01,0.9990176624423355,Critical,Logistic Regression,v1.0.0
ENG-00259,2026-02-01,0.015981382005618494,Low,Logistic Regression,v1.0.0
ENG-00259,2026-03-01,0.20872053373639451,Low,Logistic Regression,v1.0.0
ENG-00259,2026-04-01,0.010962588215379298,Low,Logistic Regression,v1.0.0
ENG-00259,2026-05-01,0.0723022405759351,Low,Logistic Regression,v1.0.0
ENG-00259,2026-06-01,0.0013805781524355747,Low,Logistic Regression,v1.0.0
ENG-00259,2026-07-01,0.11913857881365532,Low,Logistic Regression,v1.0.0
ENG-00259,2026-08-01,0.011851369440192798,Low,Logistic Regression,v1.0.0
ENG-00260,2026-07-01,0.0717264332898962,Low,Logistic Regression,v1.0.0
ENG-00260,2026-08-01,0.03201411843646452,Low,Logistic Regression,v1.0.0
ENG-00260,2026-09-01,0.06641178370447265,Low,Logistic Regression,v1.0.0
ENG-00260,2026-10-01,0.30489723864053325,Low,Logistic Regression,v1.0.0
ENG-00260,2026-11-01,0.9780644292298727,Critical,Logistic Regression,v1.0.0
ENG-00260,2026-12-01,0.8711658500533663,Critical,Logistic Regression,v1.0.0
ENG-00260,2027-01-01,0.9978843061574937,Critical,Logistic Regression,v1.0.0
ENG-00261,2024-03-01,0.005384469004912486,Low,Logistic Regression,v1.0.0
ENG-00261,2024-04-01,0.015509306507099956,Low,Logistic Regression,v1.0.0
ENG-00261,2024-05-01,0.1675793853296332,Low,Logistic Regression,v1.0.0
ENG-00261,2024-06-01,0.005287827819092429,Low,Logistic Regression,v1.0.0
ENG-00261,2024-07-01,0.0005005706045617101,Low,Logistic Regression,v1.0.0
ENG-00261,2024-08-01,0.017626985962940555,Low,Logistic Regression,v1.0.0
ENG-00261,2024-09-01,0.026658100225909188,Low,Logistic Regression,v1.0.0
ENG-00261,2024-10-01,0.001923514291158694,Low,Logistic Regression,v1.0.0
ENG-00262,2026-08-01,0.01782193345795311,Low,Logistic Regression,v1.0.0
ENG-00263,2024-07-01,0.01449634476299591,Low,Logistic Regression,v1.0.0
ENG-00263,2024-08-01,0.04365643628544762,Low,Logistic Regression,v1.0.0
ENG-00263,2024-09-01,0.009192705432991537,Low,Logistic Regression,v1.0.0
ENG-00263,2024-10-01,0.0028299688763519172,Low,Logistic Regression,v1.0.0
ENG-00263,2024-11-01,0.007188758394440893,Low,Logistic Regression,v1.0.0
ENG-00263,2024-12-01,0.011703482246546213,Low,Logistic Regression,v1.0.0
ENG-00263,2025-01-01,0.028544503914921936,Low,Logistic Regression,v1.0.0
ENG-00263,2025-02-01,0.0032370320132906645,Low,Logistic Regression,v1.0.0
ENG-00263,2025-03-01,0.008217571399540612,Low,Logistic Regression,v1.0.0
ENG-00263,2025-04-01,0.008248779629871814,Low,Logistic Regression,v1.0.0
ENG-00263,2025-05-01,0.0194543916788521,Low,Logistic Regression,v1.0.0
ENG-00263,2025-06-01,0.001709209286093207,Low,Logistic Regression,v1.0.0
ENG-00263,2025-07-01,0.007490688439544175,Low,Logistic Regression,v1.0.0
ENG-00264,2025-11-01,0.19750715528331803,Low,Logistic Regression,v1.0.0
ENG-00264,2025-12-01,0.2575541515365722,Low,Logistic Regression,v1.0.0
ENG-00264,2026-01-01,0.08169037127075165,Low,Logistic Regression,v1.0.0
ENG-00264,2026-02-01,0.039759557012377836,Low,Logistic Regression,v1.0.0
ENG-00264,2026-03-01,0.3574996989687807,Watch,Logistic Regression,v1.0.0
ENG-00264,2026-04-01,0.11783683992497887,Low,Logistic Regression,v1.0.0
ENG-00264,2026-05-01,0.01588260286751606,Low,Logistic Regression,v1.0.0
ENG-00264,2026-06-01,0.3811992536967257,Watch,Logistic Regression,v1.0.0
ENG-00264,2026-07-01,0.06189818539389434,Low,Logistic Regression,v1.0.0
ENG-00265,2025-05-01,0.08190708957298842,Low,Logistic Regression,v1.0.0
ENG-00265,2025-06-01,0.23707876639817949,Low,Logistic Regression,v1.0.0
ENG-00265,2025-07-01,0.5313513733925425,Watch,Logistic Regression,v1.0.0
ENG-00265,2025-08-01,0.8235805806782535,Critical,Logistic Regression,v1.0.0
ENG-00265,2025-09-01,0.9909293258237226,Critical,Logistic Regression,v1.0.0
ENG-00265,2025-10-01,0.9847659744497248,Critical,Logistic Regression,v1.0.0
ENG-00266,2025-05-01,0.02446830250200988,Low,Logistic Regression,v1.0.0
ENG-00266,2025-06-01,0.038645794033795616,Low,Logistic Regression,v1.0.0
ENG-00266,2025-07-01,0.1357935408532016,Low,Logistic Regression,v1.0.0
ENG-00266,2025-08-01,0.0017388286766032354,Low,Logistic Regression,v1.0.0
ENG-00266,2025-09-01,0.13426010375032965,Low,Logistic Regression,v1.0.0
ENG-00266,2025-10-01,0.024558448876139997,Low,Logistic Regression,v1.0.0
ENG-00266,2025-11-01,0.05371637598886461,Low,Logistic Regression,v1.0.0
ENG-00266,2025-12-01,0.028636064954142573,Low,Logistic Regression,v1.0.0
ENG-00266,2026-01-01,0.02602846830756195,Low,Logistic Regression,v1.0.0
ENG-00266,2026-02-01,0.0251083601566049,Low,Logistic Regression,v1.0.0
ENG-00266,2026-03-01,0.017981516745260762,Low,Logistic Regression,v1.0.0
ENG-00267,2025-05-01,0.05460998561217704,Low,Logistic Regression,v1.0.0
ENG-00267,2025-06-01,0.0017424829217256188,Low,Logistic Regression,v1.0.0
ENG-00267,2025-07-01,0.06509207776675391,Low,Logistic Regression,v1.0.0
ENG-00267,2025-08-01,0.014411582198097793,Low,Logistic Regression,v1.0.0
ENG-00267,2025-09-01,0.32011951912019004,Low,Logistic Regression,v1.0.0
ENG-00267,2025-10-01,0.8185549999122682,Critical,Logistic Regression,v1.0.0
ENG-00267,2025-11-01,0.5329337437863365,Watch,Logistic Regression,v1.0.0
ENG-00267,2025-12-01,0.9932342157541241,Critical,Logistic Regression,v1.0.0
ENG-00268,2025-11-01,0.6194348006708297,Watch,Logistic Regression,v1.0.0
ENG-00268,2025-12-01,0.6150541162662203,Watch,Logistic Regression,v1.0.0
ENG-00268,2026-01-01,0.17844045139769601,Low,Logistic Regression,v1.0.0
ENG-00268,2026-02-01,0.5662183343840107,Watch,Logistic Regression,v1.0.0
ENG-00268,2026-03-01,0.745338197560308,Critical,Logistic Regression,v1.0.0
ENG-00268,2026-04-01,0.9995814187687522,Critical,Logistic Regression,v1.0.0
ENG-00268,2026-05-01,0.9834780633926387,Critical,Logistic Regression,v1.0.0
ENG-00268,2026-06-01,0.9916234479768604,Critical,Logistic Regression,v1.0.0
ENG-00269,2024-10-01,0.15811351780156188,Low,Logistic Regression,v1.0.0
ENG-00269,2024-11-01,0.04869299041322016,Low,Logistic Regression,v1.0.0
ENG-00269,2024-12-01,0.11503844259774211,Low,Logistic Regression,v1.0.0
ENG-00269,2025-01-01,0.055146786007084975,Low,Logistic Regression,v1.0.0
ENG-00269,2025-02-01,0.10755344681639438,Low,Logistic Regression,v1.0.0
ENG-00269,2025-03-01,0.34150559529822233,Low,Logistic Regression,v1.0.0
ENG-00269,2025-04-01,0.1290512381446991,Low,Logistic Regression,v1.0.0
ENG-00269,2025-05-01,0.08142996791807258,Low,Logistic Regression,v1.0.0
ENG-00270,2025-09-01,0.1291727178081479,Low,Logistic Regression,v1.0.0
ENG-00270,2025-10-01,0.042333200052958715,Low,Logistic Regression,v1.0.0
ENG-00270,2025-11-01,0.07846872016783493,Low,Logistic Regression,v1.0.0
ENG-00270,2025-12-01,0.016165778877801486,Low,Logistic Regression,v1.0.0
ENG-00270,2026-01-01,0.04029991486822722,Low,Logistic Regression,v1.0.0
ENG-00270,2026-02-01,0.017558151547067982,Low,Logistic Regression,v1.0.0
ENG-00270,2026-03-01,0.34665101081543725,Low,Logistic Regression,v1.0.0
ENG-00270,2026-04-01,0.00459801062009328,Low,Logistic Regression,v1.0.0
ENG-00270,2026-05-01,0.18419358358581753,Low,Logistic Regression,v1.0.0
ENG-00270,2026-06-01,0.01530985724949931,Low,Logistic Regression,v1.0.0
ENG-00271,2026-05-01,0.007749250927277864,Low,Logistic Regression,v1.0.0
ENG-00271,2026-06-01,0.057434574921555424,Low,Logistic Regression,v1.0.0
ENG-00271,2026-07-01,0.1873813597343809,Low,Logistic Regression,v1.0.0
ENG-00271,2026-08-01,0.004987030568351657,Low,Logistic Regression,v1.0.0
ENG-00272,2024-08-01,0.00966301790198907,Low,Logistic Regression,v1.0.0
ENG-00272,2024-09-01,0.030937157016902868,Low,Logistic Regression,v1.0.0
ENG-00272,2024-10-01,0.02932003082924227,Low,Logistic Regression,v1.0.0
ENG-00272,2024-11-01,0.007780683604835386,Low,Logistic Regression,v1.0.0
ENG-00272,2024-12-01,0.42777986568929244,Watch,Logistic Regression,v1.0.0
ENG-00272,2025-01-01,0.0560370586052386,Low,Logistic Regression,v1.0.0
ENG-00272,2025-02-01,0.6198235958162013,Watch,Logistic Regression,v1.0.0
ENG-00272,2025-03-01,0.9917766274622648,Critical,Logistic Regression,v1.0.0
ENG-00273,2024-05-01,0.05050524494115273,Low,Logistic Regression,v1.0.0
ENG-00273,2024-06-01,0.22001175792582153,Low,Logistic Regression,v1.0.0
ENG-00273,2024-07-01,0.03733081263974845,Low,Logistic Regression,v1.0.0
ENG-00273,2024-08-01,0.057897733609142646,Low,Logistic Regression,v1.0.0
ENG-00273,2024-09-01,0.07762969691572702,Low,Logistic Regression,v1.0.0
ENG-00273,2024-10-01,0.06522021729724367,Low,Logistic Regression,v1.0.0
ENG-00273,2024-11-01,0.04565264897234072,Low,Logistic Regression,v1.0.0
ENG-00273,2024-12-01,0.11392121314147925,Low,Logistic Regression,v1.0.0
ENG-00273,2025-01-01,0.12835090204385236,Low,Logistic Regression,v1.0.0
ENG-00273,2025-02-01,0.02268560538765704,Low,Logistic Regression,v1.0.0
ENG-00273,2025-03-01,0.10865421743761626,Low,Logistic Regression,v1.0.0
ENG-00273,2025-04-01,0.030184539110018657,Low,Logistic Regression,v1.0.0
ENG-00273,2025-05-01,0.05892699690385632,Low,Logistic Regression,v1.0.0
ENG-00274,2025-07-01,0.07263947395552652,Low,Logistic Regression,v1.0.0
ENG-00274,2025-08-01,0.0019265569830350486,Low,Logistic Regression,v1.0.0
ENG-00274,2025-09-01,0.03355993762785587,Low,Logistic Regression,v1.0.0
ENG-00274,2025-10-01,0.09223779789229912,Low,Logistic Regression,v1.0.0
ENG-00274,2025-11-01,0.0043980986149221085,Low,Logistic Regression,v1.0.0
ENG-00274,2025-12-01,0.07589264441163292,Low,Logistic Regression,v1.0.0
ENG-00274,2026-01-01,0.002553871904134813,Low,Logistic Regression,v1.0.0
ENG-00274,2026-02-01,0.1057245991316869,Low,Logistic Regression,v1.0.0
ENG-00274,2026-03-01,0.013069214795716063,Low,Logistic Regression,v1.0.0
ENG-00275,2025-08-01,0.06205383745879387,Low,Logistic Regression,v1.0.0
ENG-00275,2025-09-01,0.005427572624239347,Low,Logistic Regression,v1.0.0
ENG-00275,2025-10-01,0.00272706376031211,Low,Logistic Regression,v1.0.0
ENG-00275,2025-11-01,0.005615764788998077,Low,Logistic Regression,v1.0.0
ENG-00275,2025-12-01,0.02850513661473505,Low,Logistic Regression,v1.0.0
ENG-00275,2026-01-01,0.02074114029039734,Low,Logistic Regression,v1.0.0
ENG-00275,2026-02-01,0.0011464900746408714,Low,Logistic Regression,v1.0.0
ENG-00276,2026-07-01,0.008727404876169928,Low,Logistic Regression,v1.0.0
ENG-00276,2026-08-01,0.0036954482699032834,Low,Logistic Regression,v1.0.0
ENG-00277,2026-05-01,0.8982346543534891,Critical,Logistic Regression,v1.0.0
ENG-00277,2026-06-01,0.27973307491117466,Low,Logistic Regression,v1.0.0
ENG-00277,2026-07-01,0.9756190227168918,Critical,Logistic Regression,v1.0.0
ENG-00277,2026-08-01,0.6407364131603119,Watch,Logistic Regression,v1.0.0
ENG-00277,2026-09-01,0.9452570573990835,Critical,Logistic Regression,v1.0.0
ENG-00277,2026-10-01,0.8910749392717475,Critical,Logistic Regression,v1.0.0
ENG-00277,2026-11-01,0.15135958037026176,Low,Logistic Regression,v1.0.0
ENG-00277,2026-12-01,0.9934742348149342,Critical,Logistic Regression,v1.0.0
ENG-00277,2027-01-01,0.8942695002768504,Critical,Logistic Regression,v1.0.0
ENG-00277,2027-02-01,0.9997827968138026,Critical,Logistic Regression,v1.0.0
ENG-00277,2027-03-01,0.951714287237809,Critical,Logistic Regression,v1.0.0
ENG-00278,2024-04-01,0.1679570044001114,Low,Logistic Regression,v1.0.0
ENG-00278,2024-05-01,0.3893674437784874,Watch,Logistic Regression,v1.0.0
ENG-00278,2024-06-01,0.03596697375391416,Low,Logistic Regression,v1.0.0
ENG-00278,2024-07-01,0.0104982827725851,Low,Logistic Regression,v1.0.0
ENG-00278,2024-08-01,0.2765392826838846,Low,Logistic Regression,v1.0.0
ENG-00278,2024-09-01,0.053991009198091335,Low,Logistic Regression,v1.0.0
ENG-00278,2024-10-01,0.0873128245097098,Low,Logistic Regression,v1.0.0
ENG-00278,2024-11-01,0.025567040617678317,Low,Logistic Regression,v1.0.0
ENG-00278,2024-12-01,0.04292515616182745,Low,Logistic Regression,v1.0.0
ENG-00279,2024-10-01,0.146957562306041,Low,Logistic Regression,v1.0.0
ENG-00279,2024-11-01,0.7730115691877972,Critical,Logistic Regression,v1.0.0
ENG-00279,2024-12-01,0.01253607381550553,Low,Logistic Regression,v1.0.0
ENG-00279,2025-01-01,0.7424488310793783,Critical,Logistic Regression,v1.0.0
ENG-00279,2025-02-01,0.1063695458326861,Low,Logistic Regression,v1.0.0
ENG-00279,2025-03-01,0.04237045280765583,Low,Logistic Regression,v1.0.0
ENG-00279,2025-04-01,0.05441906652898043,Low,Logistic Regression,v1.0.0
ENG-00279,2025-05-01,0.13154652523736318,Low,Logistic Regression,v1.0.0
ENG-00279,2025-06-01,0.35711063763996614,Watch,Logistic Regression,v1.0.0
ENG-00279,2025-07-01,0.129378061990289,Low,Logistic Regression,v1.0.0
ENG-00279,2025-08-01,0.0026231505541420065,Low,Logistic Regression,v1.0.0
ENG-00279,2025-09-01,0.643362170304304,Watch,Logistic Regression,v1.0.0
ENG-00280,2026-02-01,0.05651997115736588,Low,Logistic Regression,v1.0.0
ENG-00280,2026-03-01,0.039514374998449314,Low,Logistic Regression,v1.0.0
ENG-00280,2026-04-01,0.2450424217655946,Low,Logistic Regression,v1.0.0
ENG-00280,2026-05-01,0.02505484718615998,Low,Logistic Regression,v1.0.0
ENG-00280,2026-06-01,0.17092740644751803,Low,Logistic Regression,v1.0.0
ENG-00280,2026-07-01,0.03859823503501315,Low,Logistic Regression,v1.0.0
ENG-00280,2026-08-01,0.031194012794329363,Low,Logistic Regression,v1.0.0
ENG-00280,2026-09-01,0.7014895480588852,Critical,Logistic Regression,v1.0.0
ENG-00280,2026-10-01,0.9061468133236356,Critical,Logistic Regression,v1.0.0
ENG-00280,2026-11-01,0.9733542656900694,Critical,Logistic Regression,v1.0.0
ENG-00280,2026-12-01,0.9852847060161406,Critical,Logistic Regression,v1.0.0
ENG-00281,2024-01-01,0.04529521584886016,Low,Logistic Regression,v1.0.0
ENG-00281,2024-02-01,0.01954757291797302,Low,Logistic Regression,v1.0.0
ENG-00281,2024-03-01,0.07023978472458352,Low,Logistic Regression,v1.0.0
ENG-00281,2024-04-01,0.010624111944880946,Low,Logistic Regression,v1.0.0
ENG-00281,2024-05-01,0.012699528772709322,Low,Logistic Regression,v1.0.0
ENG-00281,2024-06-01,0.10318092549605562,Low,Logistic Regression,v1.0.0
ENG-00281,2024-07-01,0.005510910460941167,Low,Logistic Regression,v1.0.0
ENG-00281,2024-08-01,0.11764050440264563,Low,Logistic Regression,v1.0.0
ENG-00282,2025-12-01,0.4946587103594556,Watch,Logistic Regression,v1.0.0
ENG-00282,2026-01-01,0.029463362008738853,Low,Logistic Regression,v1.0.0
ENG-00282,2026-02-01,0.20811205829781862,Low,Logistic Regression,v1.0.0
ENG-00282,2026-03-01,0.07199510853064832,Low,Logistic Regression,v1.0.0
ENG-00282,2026-04-01,0.04812526155697036,Low,Logistic Regression,v1.0.0
ENG-00282,2026-05-01,0.2902195384912638,Low,Logistic Regression,v1.0.0
ENG-00282,2026-06-01,0.16855691425547897,Low,Logistic Regression,v1.0.0
ENG-00282,2026-07-01,0.17645009651150545,Low,Logistic Regression,v1.0.0
ENG-00282,2026-08-01,0.2164325704441402,Low,Logistic Regression,v1.0.0
ENG-00283,2025-07-01,0.6931454701766258,Critical,Logistic Regression,v1.0.0
ENG-00283,2025-08-01,0.041698121745667005,Low,Logistic Regression,v1.0.0
ENG-00283,2025-09-01,0.9164373818815863,Critical,Logistic Regression,v1.0.0
ENG-00283,2025-10-01,0.3531135434604163,Watch,Logistic Regression,v1.0.0
ENG-00283,2025-11-01,0.2805841684860156,Low,Logistic Regression,v1.0.0
ENG-00283,2025-12-01,0.4494638514581288,Watch,Logistic Regression,v1.0.0
ENG-00283,2026-01-01,0.6253157148982589,Watch,Logistic Regression,v1.0.0
ENG-00284,2024-03-01,0.012007423439921693,Low,Logistic Regression,v1.0.0
ENG-00284,2024-04-01,0.011743707153069298,Low,Logistic Regression,v1.0.0
ENG-00284,2024-05-01,0.02995450842539419,Low,Logistic Regression,v1.0.0
ENG-00284,2024-06-01,0.006043944762861928,Low,Logistic Regression,v1.0.0
ENG-00284,2024-07-01,0.008352273327437853,Low,Logistic Regression,v1.0.0
ENG-00284,2024-08-01,0.010674976081832386,Low,Logistic Regression,v1.0.0
ENG-00284,2024-09-01,0.011109150082070047,Low,Logistic Regression,v1.0.0
ENG-00284,2024-10-01,0.0018877572270907706,Low,Logistic Regression,v1.0.0
ENG-00284,2024-11-01,0.015374609580845047,Low,Logistic Regression,v1.0.0
ENG-00284,2024-12-01,0.007851142618302116,Low,Logistic Regression,v1.0.0
ENG-00284,2025-01-01,0.001383315722127491,Low,Logistic Regression,v1.0.0
ENG-00284,2025-02-01,0.02660327436851495,Low,Logistic Regression,v1.0.0
ENG-00284,2025-03-01,0.06690825653727668,Low,Logistic Regression,v1.0.0
ENG-00285,2025-09-01,0.8519300208802868,Critical,Logistic Regression,v1.0.0
ENG-00285,2025-10-01,0.0740480593922723,Low,Logistic Regression,v1.0.0
ENG-00285,2025-11-01,0.8119026295157317,Critical,Logistic Regression,v1.0.0
ENG-00285,2025-12-01,0.3522595844961452,Watch,Logistic Regression,v1.0.0
ENG-00285,2026-01-01,0.2153749222082479,Low,Logistic Regression,v1.0.0
ENG-00285,2026-02-01,0.9919328954386223,Critical,Logistic Regression,v1.0.0
ENG-00285,2026-03-01,0.16103744057850547,Low,Logistic Regression,v1.0.0
ENG-00285,2026-04-01,0.8777175167266611,Critical,Logistic Regression,v1.0.0
ENG-00285,2026-05-01,0.9782321020491077,Critical,Logistic Regression,v1.0.0
ENG-00285,2026-06-01,0.9951372927519748,Critical,Logistic Regression,v1.0.0
ENG-00285,2026-07-01,0.9729832116179469,Critical,Logistic Regression,v1.0.0
ENG-00286,2024-11-01,0.011141274387384067,Low,Logistic Regression,v1.0.0
ENG-00286,2024-12-01,0.051346902689470945,Low,Logistic Regression,v1.0.0
ENG-00286,2025-01-01,0.020301029738580386,Low,Logistic Regression,v1.0.0
ENG-00286,2025-02-01,0.028295710894990795,Low,Logistic Regression,v1.0.0
ENG-00286,2025-03-01,0.022040739954250356,Low,Logistic Regression,v1.0.0
ENG-00286,2025-04-01,0.007486313005999836,Low,Logistic Regression,v1.0.0
ENG-00286,2025-05-01,0.04521874482481255,Low,Logistic Regression,v1.0.0
ENG-00286,2025-06-01,0.008136780047032265,Low,Logistic Regression,v1.0.0
ENG-00286,2025-07-01,0.024345004180196597,Low,Logistic Regression,v1.0.0
ENG-00286,2025-08-01,0.05560121401495746,Low,Logistic Regression,v1.0.0
ENG-00286,2025-09-01,0.0006629171946346039,Low,Logistic Regression,v1.0.0
ENG-00286,2025-10-01,0.01817168725460295,Low,Logistic Regression,v1.0.0
ENG-00286,2025-11-01,0.01838578384609625,Low,Logistic Regression,v1.0.0
ENG-00287,2025-01-01,0.473440329354245,Watch,Logistic Regression,v1.0.0
ENG-00287,2025-02-01,0.36257795652591984,Watch,Logistic Regression,v1.0.0
ENG-00287,2025-03-01,0.6950861130348855,Critical,Logistic Regression,v1.0.0
ENG-00287,2025-04-01,0.2664129163288739,Low,Logistic Regression,v1.0.0
ENG-00287,2025-05-01,0.11151096747374412,Low,Logistic Regression,v1.0.0
ENG-00287,2025-06-01,0.8907810054039336,Critical,Logistic Regression,v1.0.0
ENG-00287,2025-07-01,0.7396320644613191,Critical,Logistic Regression,v1.0.0
ENG-00288,2025-05-01,0.006942182559285346,Low,Logistic Regression,v1.0.0
ENG-00288,2025-06-01,0.02397857470969852,Low,Logistic Regression,v1.0.0
ENG-00288,2025-07-01,0.008331685770554768,Low,Logistic Regression,v1.0.0
ENG-00288,2025-08-01,0.01158511737217544,Low,Logistic Regression,v1.0.0
ENG-00288,2025-09-01,0.056554477210777665,Low,Logistic Regression,v1.0.0
ENG-00288,2025-10-01,0.018157901937849295,Low,Logistic Regression,v1.0.0
ENG-00288,2025-11-01,0.000655519701476661,Low,Logistic Regression,v1.0.0
ENG-00288,2025-12-01,0.001994854127460979,Low,Logistic Regression,v1.0.0
ENG-00288,2026-01-01,0.039395626972029675,Low,Logistic Regression,v1.0.0
ENG-00288,2026-02-01,0.0017577179624148785,Low,Logistic Regression,v1.0.0
ENG-00288,2026-03-01,0.010918929660946836,Low,Logistic Regression,v1.0.0
ENG-00289,2026-03-01,0.014226013297520181,Low,Logistic Regression,v1.0.0
ENG-00289,2026-04-01,0.005571229997355696,Low,Logistic Regression,v1.0.0
ENG-00289,2026-05-01,0.0057001345355792285,Low,Logistic Regression,v1.0.0
ENG-00289,2026-06-01,0.01180636932241883,Low,Logistic Regression,v1.0.0
ENG-00289,2026-07-01,0.07405781033343876,Low,Logistic Regression,v1.0.0
ENG-00289,2026-08-01,0.00046488185541753227,Low,Logistic Regression,v1.0.0
ENG-00290,2025-05-01,0.01174184421959273,Low,Logistic Regression,v1.0.0
ENG-00290,2025-06-01,0.0066983198201628555,Low,Logistic Regression,v1.0.0
ENG-00290,2025-07-01,0.010426117624598956,Low,Logistic Regression,v1.0.0
ENG-00290,2025-08-01,0.01568158835558008,Low,Logistic Regression,v1.0.0
ENG-00290,2025-09-01,0.028891327586537265,Low,Logistic Regression,v1.0.0
ENG-00290,2025-10-01,0.038904561037260116,Low,Logistic Regression,v1.0.0
ENG-00290,2025-11-01,0.0011470797036308028,Low,Logistic Regression,v1.0.0
ENG-00290,2025-12-01,0.03665243720490471,Low,Logistic Regression,v1.0.0
ENG-00290,2026-01-01,0.03786359543626419,Low,Logistic Regression,v1.0.0
ENG-00290,2026-02-01,0.003127757425484237,Low,Logistic Regression,v1.0.0
ENG-00291,2024-11-01,0.7710214124863555,Critical,Logistic Regression,v1.0.0
ENG-00291,2024-12-01,0.9998051421160119,Critical,Logistic Regression,v1.0.0
ENG-00291,2025-01-01,0.9885768555137227,Critical,Logistic Regression,v1.0.0
ENG-00291,2025-02-01,0.9998881917296033,Critical,Logistic Regression,v1.0.0
ENG-00291,2025-03-01,0.9986179759045936,Critical,Logistic Regression,v1.0.0
ENG-00292,2024-04-01,0.1859599461004345,Low,Logistic Regression,v1.0.0
ENG-00292,2024-05-01,0.3842920782452604,Watch,Logistic Regression,v1.0.0
ENG-00292,2024-06-01,0.17947282297114506,Low,Logistic Regression,v1.0.0
ENG-00292,2024-07-01,0.03572262953512528,Low,Logistic Regression,v1.0.0
ENG-00292,2024-08-01,0.0724250349452523,Low,Logistic Regression,v1.0.0
ENG-00292,2024-09-01,0.7085540482288941,Critical,Logistic Regression,v1.0.0
ENG-00292,2024-10-01,0.04261112295814997,Low,Logistic Regression,v1.0.0
ENG-00292,2024-11-01,0.13064534110673406,Low,Logistic Regression,v1.0.0
ENG-00292,2024-12-01,0.142673090338385,Low,Logistic Regression,v1.0.0
ENG-00292,2025-01-01,0.21333222105785213,Low,Logistic Regression,v1.0.0
ENG-00292,2025-02-01,0.04657063066977514,Low,Logistic Regression,v1.0.0
ENG-00292,2025-03-01,0.01871960274682841,Low,Logistic Regression,v1.0.0
ENG-00292,2025-04-01,0.08240075926324852,Low,Logistic Regression,v1.0.0
ENG-00293,2025-05-01,0.04175904092019604,Low,Logistic Regression,v1.0.0
ENG-00293,2025-06-01,0.0662024407223774,Low,Logistic Regression,v1.0.0
ENG-00293,2025-07-01,0.003962612869023105,Low,Logistic Regression,v1.0.0
ENG-00293,2025-08-01,0.0508813717323028,Low,Logistic Regression,v1.0.0
ENG-00293,2025-09-01,0.007416532482144098,Low,Logistic Regression,v1.0.0
ENG-00293,2025-10-01,0.012428569858093956,Low,Logistic Regression,v1.0.0
ENG-00293,2025-11-01,0.14726600281402608,Low,Logistic Regression,v1.0.0
ENG-00293,2025-12-01,0.0035903788904320787,Low,Logistic Regression,v1.0.0
ENG-00293,2026-01-01,0.0032703166274772612,Low,Logistic Regression,v1.0.0
ENG-00293,2026-02-01,0.09548290962841623,Low,Logistic Regression,v1.0.0
ENG-00294,2024-08-01,0.06808931876247107,Low,Logistic Regression,v1.0.0
ENG-00294,2024-09-01,0.0018123972795770146,Low,Logistic Regression,v1.0.0
ENG-00294,2024-10-01,0.5154575070042765,Watch,Logistic Regression,v1.0.0
ENG-00294,2024-11-01,0.0847806626528127,Low,Logistic Regression,v1.0.0
ENG-00294,2024-12-01,0.04608180469981589,Low,Logistic Regression,v1.0.0
ENG-00294,2025-01-01,0.022939294927519404,Low,Logistic Regression,v1.0.0
ENG-00294,2025-02-01,0.003099461471766452,Low,Logistic Regression,v1.0.0
ENG-00294,2025-03-01,0.6612536282052501,Critical,Logistic Regression,v1.0.0
ENG-00295,2025-06-01,0.26464829443853555,Low,Logistic Regression,v1.0.0
ENG-00295,2025-07-01,0.2871374760458893,Low,Logistic Regression,v1.0.0
ENG-00295,2025-08-01,0.041923250025198644,Low,Logistic Regression,v1.0.0
ENG-00295,2025-09-01,0.28876774524884463,Low,Logistic Regression,v1.0.0
ENG-00295,2025-10-01,0.11464532266211039,Low,Logistic Regression,v1.0.0
ENG-00295,2025-11-01,0.3588356184095977,Watch,Logistic Regression,v1.0.0
ENG-00295,2025-12-01,0.12017744375554583,Low,Logistic Regression,v1.0.0
ENG-00295,2026-01-01,0.12597593119553482,Low,Logistic Regression,v1.0.0
ENG-00296,2024-07-01,0.01337999034018066,Low,Logistic Regression,v1.0.0
ENG-00296,2024-08-01,0.27454443509726295,Low,Logistic Regression,v1.0.0
ENG-00296,2024-09-01,0.0010758296254784927,Low,Logistic Regression,v1.0.0
ENG-00296,2024-10-01,0.30244314002315204,Low,Logistic Regression,v1.0.0
ENG-00296,2024-11-01,0.0038423947581350255,Low,Logistic Regression,v1.0.0
ENG-00296,2024-12-01,0.028965100203357828,Low,Logistic Regression,v1.0.0
ENG-00296,2025-01-01,0.007354714033230686,Low,Logistic Regression,v1.0.0
ENG-00297,2025-11-01,0.033056520137938104,Low,Logistic Regression,v1.0.0
ENG-00297,2025-12-01,0.07199626547093567,Low,Logistic Regression,v1.0.0
ENG-00297,2026-01-01,0.01640769377019937,Low,Logistic Regression,v1.0.0
ENG-00297,2026-02-01,0.1134720025967353,Low,Logistic Regression,v1.0.0
ENG-00297,2026-03-01,0.019792643476354663,Low,Logistic Regression,v1.0.0
ENG-00297,2026-04-01,0.02557625891813919,Low,Logistic Regression,v1.0.0
ENG-00297,2026-05-01,0.007409003576442476,Low,Logistic Regression,v1.0.0
ENG-00297,2026-06-01,0.1697715153805789,Low,Logistic Regression,v1.0.0
ENG-00297,2026-07-01,0.05046612296552908,Low,Logistic Regression,v1.0.0
ENG-00297,2026-08-01,0.008552994493640902,Low,Logistic Regression,v1.0.0
ENG-00298,2024-01-01,0.19343340528662217,Low,Logistic Regression,v1.0.0
ENG-00298,2024-02-01,0.1270489755457478,Low,Logistic Regression,v1.0.0
ENG-00298,2024-03-01,0.21566094086153492,Low,Logistic Regression,v1.0.0
ENG-00298,2024-04-01,0.19707964296933939,Low,Logistic Regression,v1.0.0
ENG-00298,2024-05-01,0.43958143340414446,Watch,Logistic Regression,v1.0.0
ENG-00298,2024-06-01,0.10152887074700401,Low,Logistic Regression,v1.0.0
ENG-00298,2024-07-01,0.14921883626688387,Low,Logistic Regression,v1.0.0
ENG-00298,2024-08-01,0.028075022169843474,Low,Logistic Regression,v1.0.0
ENG-00298,2024-09-01,0.3959564941912374,Watch,Logistic Regression,v1.0.0
ENG-00298,2024-10-01,0.21928558091546702,Low,Logistic Regression,v1.0.0
ENG-00298,2024-11-01,0.016098641548560423,Low,Logistic Regression,v1.0.0
ENG-00298,2024-12-01,0.09156213957036966,Low,Logistic Regression,v1.0.0
ENG-00299,2024-06-01,0.10302869226681856,Low,Logistic Regression,v1.0.0
ENG-00299,2024-07-01,0.46157022654612817,Watch,Logistic Regression,v1.0.0
ENG-00299,2024-08-01,0.6785879318133915,Critical,Logistic Regression,v1.0.0
ENG-00299,2024-09-01,0.8678091033707478,Critical,Logistic Regression,v1.0.0
ENG-00299,2024-10-01,0.9802630639121573,Critical,Logistic Regression,v1.0.0
ENG-00299,2024-11-01,0.9966740401623541,Critical,Logistic Regression,v1.0.0
ENG-00300,2024-04-01,0.43548319897190135,Watch,Logistic Regression,v1.0.0
ENG-00300,2024-05-01,0.9595710494772638,Critical,Logistic Regression,v1.0.0
ENG-00300,2024-06-01,0.9984510005363351,Critical,Logistic Regression,v1.0.0
ENG-00300,2024-07-01,0.9999188971348292,Critical,Logistic Regression,v1.0.0
ENG-00301,2025-12-01,0.0827448093680603,Low,Logistic Regression,v1.0.0
ENG-00301,2026-01-01,0.019707254370900516,Low,Logistic Regression,v1.0.0
ENG-00301,2026-02-01,0.08611737439517747,Low,Logistic Regression,v1.0.0
ENG-00301,2026-03-01,0.13830202361700972,Low,Logistic Regression,v1.0.0
ENG-00301,2026-04-01,0.1219111907101584,Low,Logistic Regression,v1.0.0
ENG-00301,2026-05-01,0.016758641362954407,Low,Logistic Regression,v1.0.0
ENG-00301,2026-06-01,0.007002177779525456,Low,Logistic Regression,v1.0.0
ENG-00301,2026-07-01,0.05776740206726959,Low,Logistic Regression,v1.0.0
ENG-00302,2024-12-01,0.1841974943842489,Low,Logistic Regression,v1.0.0
ENG-00302,2025-01-01,0.0070876722071497285,Low,Logistic Regression,v1.0.0
ENG-00302,2025-02-01,0.07317281725856668,Low,Logistic Regression,v1.0.0
ENG-00302,2025-03-01,0.10928615434098292,Low,Logistic Regression,v1.0.0
ENG-00302,2025-04-01,0.021097563549834105,Low,Logistic Regression,v1.0.0
ENG-00302,2025-05-01,0.07652427365490458,Low,Logistic Regression,v1.0.0
ENG-00302,2025-06-01,0.013442545821681095,Low,Logistic Regression,v1.0.0
ENG-00302,2025-07-01,0.9164289918262329,Critical,Logistic Regression,v1.0.0
ENG-00303,2025-09-01,0.04392587799084562,Low,Logistic Regression,v1.0.0
ENG-00303,2025-10-01,0.008217407269919305,Low,Logistic Regression,v1.0.0
ENG-00303,2025-11-01,0.0025236032123665446,Low,Logistic Regression,v1.0.0
ENG-00303,2025-12-01,0.29080398976501975,Low,Logistic Regression,v1.0.0
ENG-00303,2026-01-01,0.005878462572457244,Low,Logistic Regression,v1.0.0
ENG-00303,2026-02-01,0.1636254350208615,Low,Logistic Regression,v1.0.0
ENG-00303,2026-03-01,0.0005308323194279087,Low,Logistic Regression,v1.0.0
ENG-00303,2026-04-01,0.1822688630905262,Low,Logistic Regression,v1.0.0
ENG-00303,2026-05-01,0.001972041214875606,Low,Logistic Regression,v1.0.0
ENG-00303,2026-06-01,0.11397030767204253,Low,Logistic Regression,v1.0.0
ENG-00303,2026-07-01,0.03958089407291693,Low,Logistic Regression,v1.0.0
ENG-00303,2026-08-01,0.006498010969128322,Low,Logistic Regression,v1.0.0
ENG-00304,2025-05-01,0.04316657371349856,Low,Logistic Regression,v1.0.0
ENG-00304,2025-06-01,0.3936801917739926,Watch,Logistic Regression,v1.0.0
ENG-00304,2025-07-01,0.002286675125226891,Low,Logistic Regression,v1.0.0
ENG-00304,2025-08-01,0.007968202971829087,Low,Logistic Regression,v1.0.0
ENG-00304,2025-09-01,0.3159862375747347,Low,Logistic Regression,v1.0.0
ENG-00304,2025-10-01,0.018350040017337265,Low,Logistic Regression,v1.0.0
ENG-00304,2025-11-01,0.006217532495765482,Low,Logistic Regression,v1.0.0
ENG-00304,2025-12-01,0.0687590752323556,Low,Logistic Regression,v1.0.0
ENG-00304,2026-01-01,0.0013608908898729189,Low,Logistic Regression,v1.0.0
ENG-00305,2024-05-01,0.022598328666195246,Low,Logistic Regression,v1.0.0
ENG-00305,2024-06-01,0.0018845572218365314,Low,Logistic Regression,v1.0.0
ENG-00305,2024-07-01,0.0032202042713659505,Low,Logistic Regression,v1.0.0
ENG-00305,2024-08-01,0.03351858044610521,Low,Logistic Regression,v1.0.0
ENG-00305,2024-09-01,0.005661401473857277,Low,Logistic Regression,v1.0.0
ENG-00305,2024-10-01,0.029575371959723974,Low,Logistic Regression,v1.0.0
ENG-00305,2024-11-01,0.012993917073587068,Low,Logistic Regression,v1.0.0
ENG-00305,2024-12-01,0.0013389976332112213,Low,Logistic Regression,v1.0.0
ENG-00305,2025-01-01,0.010931919606509828,Low,Logistic Regression,v1.0.0
ENG-00305,2025-02-01,0.01434707928782467,Low,Logistic Regression,v1.0.0
ENG-00306,2024-09-01,0.016403943671291023,Low,Logistic Regression,v1.0.0
ENG-00306,2024-10-01,0.4276833929040531,Watch,Logistic Regression,v1.0.0
ENG-00306,2024-11-01,0.932606630453451,Critical,Logistic Regression,v1.0.0
ENG-00306,2024-12-01,0.46267160240467226,Watch,Logistic Regression,v1.0.0
ENG-00306,2025-01-01,0.9908445766167601,Critical,Logistic Regression,v1.0.0
ENG-00307,2024-08-01,0.15959335234600971,Low,Logistic Regression,v1.0.0
ENG-00307,2024-09-01,0.03846244274415994,Low,Logistic Regression,v1.0.0
ENG-00307,2024-10-01,0.009049020503370862,Low,Logistic Regression,v1.0.0
ENG-00307,2024-11-01,0.010355036500777036,Low,Logistic Regression,v1.0.0
ENG-00307,2024-12-01,0.196340808299405,Low,Logistic Regression,v1.0.0
ENG-00307,2025-01-01,0.18655667599210096,Low,Logistic Regression,v1.0.0
ENG-00307,2025-02-01,0.013667121623356523,Low,Logistic Regression,v1.0.0
ENG-00307,2025-03-01,0.20991356621443222,Low,Logistic Regression,v1.0.0
ENG-00307,2025-04-01,0.05906836918528462,Low,Logistic Regression,v1.0.0
ENG-00307,2025-05-01,0.05763545647823386,Low,Logistic Regression,v1.0.0
ENG-00308,2024-11-01,0.0282441982821839,Low,Logistic Regression,v1.0.0
ENG-00308,2024-12-01,0.022441432945462254,Low,Logistic Regression,v1.0.0
ENG-00308,2025-01-01,0.4890617956173603,Watch,Logistic Regression,v1.0.0
ENG-00308,2025-02-01,0.5838249354548317,Watch,Logistic Regression,v1.0.0
ENG-00308,2025-03-01,0.4451651831834088,Watch,Logistic Regression,v1.0.0
ENG-00308,2025-04-01,0.9749747993882673,Critical,Logistic Regression,v1.0.0
ENG-00308,2025-05-01,0.9578139460871546,Critical,Logistic Regression,v1.0.0
ENG-00309,2025-03-01,0.010850316478402,Low,Logistic Regression,v1.0.0
ENG-00309,2025-04-01,0.0018612307035954015,Low,Logistic Regression,v1.0.0
ENG-00309,2025-05-01,0.009078050406772247,Low,Logistic Regression,v1.0.0
ENG-00309,2025-06-01,0.003839201707761734,Low,Logistic Regression,v1.0.0
ENG-00309,2025-07-01,0.004886221398345812,Low,Logistic Regression,v1.0.0
ENG-00309,2025-08-01,0.12020549384680497,Low,Logistic Regression,v1.0.0
ENG-00309,2025-09-01,0.034345267969962096,Low,Logistic Regression,v1.0.0
ENG-00309,2025-10-01,0.6790726601717934,Critical,Logistic Regression,v1.0.0
ENG-00309,2025-11-01,0.19228176117594975,Low,Logistic Regression,v1.0.0
ENG-00309,2025-12-01,0.9484814643829156,Critical,Logistic Regression,v1.0.0
ENG-00310,2026-01-01,0.013026379649086147,Low,Logistic Regression,v1.0.0
ENG-00310,2026-02-01,0.5347815439376191,Watch,Logistic Regression,v1.0.0
ENG-00310,2026-03-01,0.0005740743623986717,Low,Logistic Regression,v1.0.0
ENG-00310,2026-04-01,0.17763890103259958,Low,Logistic Regression,v1.0.0
ENG-00310,2026-05-01,0.010610751289984628,Low,Logistic Regression,v1.0.0
ENG-00310,2026-06-01,0.5454438139058408,Watch,Logistic Regression,v1.0.0
ENG-00310,2026-07-01,0.028541238726335343,Low,Logistic Regression,v1.0.0
ENG-00310,2026-08-01,0.052925910948024575,Low,Logistic Regression,v1.0.0
ENG-00311,2026-03-01,0.21393469116218986,Low,Logistic Regression,v1.0.0
ENG-00311,2026-04-01,0.016930367749973405,Low,Logistic Regression,v1.0.0
ENG-00311,2026-05-01,0.7669631447274585,Critical,Logistic Regression,v1.0.0
ENG-00311,2026-06-01,0.003403998484888266,Low,Logistic Regression,v1.0.0
ENG-00311,2026-07-01,0.24162183310583243,Low,Logistic Regression,v1.0.0
ENG-00311,2026-08-01,0.03426803967176572,Low,Logistic Regression,v1.0.0
ENG-00312,2026-08-01,0.44074833233565996,Watch,Logistic Regression,v1.0.0
ENG-00313,2025-08-01,0.004799656682184401,Low,Logistic Regression,v1.0.0
ENG-00313,2025-09-01,0.22444424668310226,Low,Logistic Regression,v1.0.0
ENG-00313,2025-10-01,0.004286759042934283,Low,Logistic Regression,v1.0.0
ENG-00313,2025-11-01,0.004049757371883852,Low,Logistic Regression,v1.0.0
ENG-00313,2025-12-01,0.003130139957855464,Low,Logistic Regression,v1.0.0
ENG-00313,2026-01-01,0.11855035837183135,Low,Logistic Regression,v1.0.0
ENG-00313,2026-02-01,0.0002249037429811325,Low,Logistic Regression,v1.0.0
ENG-00313,2026-03-01,0.009619710203103258,Low,Logistic Regression,v1.0.0
ENG-00313,2026-04-01,0.0016029498564940276,Low,Logistic Regression,v1.0.0
ENG-00313,2026-05-01,0.002227805360161474,Low,Logistic Regression,v1.0.0
ENG-00313,2026-06-01,0.004986805823337137,Low,Logistic Regression,v1.0.0
ENG-00314,2024-06-01,0.007139761116413723,Low,Logistic Regression,v1.0.0
ENG-00314,2024-07-01,0.03961538010286476,Low,Logistic Regression,v1.0.0
ENG-00314,2024-08-01,0.007690006569868475,Low,Logistic Regression,v1.0.0
ENG-00314,2024-09-01,0.5905514033107161,Watch,Logistic Regression,v1.0.0
ENG-00314,2024-10-01,0.43836539743894704,Watch,Logistic Regression,v1.0.0
ENG-00314,2024-11-01,0.7307514295086233,Critical,Logistic Regression,v1.0.0
ENG-00314,2024-12-01,0.7183894450179615,Critical,Logistic Regression,v1.0.0
ENG-00315,2024-08-01,0.04585816760055992,Low,Logistic Regression,v1.0.0
ENG-00315,2024-09-01,0.0056818423048501905,Low,Logistic Regression,v1.0.0
ENG-00315,2024-10-01,0.008366707648442993,Low,Logistic Regression,v1.0.0
ENG-00315,2024-11-01,0.006399974884701651,Low,Logistic Regression,v1.0.0
ENG-00315,2024-12-01,0.0573725901499675,Low,Logistic Regression,v1.0.0
ENG-00315,2025-01-01,0.01135675056211058,Low,Logistic Regression,v1.0.0
ENG-00315,2025-02-01,0.022237070157176998,Low,Logistic Regression,v1.0.0
ENG-00316,2025-06-01,0.1671009358267841,Low,Logistic Regression,v1.0.0
ENG-00316,2025-07-01,0.22733864350076544,Low,Logistic Regression,v1.0.0
ENG-00316,2025-08-01,0.052525379538640886,Low,Logistic Regression,v1.0.0
ENG-00316,2025-09-01,0.908670823970337,Critical,Logistic Regression,v1.0.0
ENG-00316,2025-10-01,0.04586380896017754,Low,Logistic Regression,v1.0.0
ENG-00316,2025-11-01,0.6315871175971797,Watch,Logistic Regression,v1.0.0
ENG-00316,2025-12-01,0.050270575846488065,Low,Logistic Regression,v1.0.0
ENG-00317,2024-09-01,0.06951861455106816,Low,Logistic Regression,v1.0.0
ENG-00317,2024-10-01,0.2722213109770475,Low,Logistic Regression,v1.0.0
ENG-00317,2024-11-01,0.01636990585524181,Low,Logistic Regression,v1.0.0
ENG-00317,2024-12-01,0.25472090819907445,Low,Logistic Regression,v1.0.0
ENG-00317,2025-01-01,0.005988770972204554,Low,Logistic Regression,v1.0.0
ENG-00317,2025-02-01,0.036204054984102424,Low,Logistic Regression,v1.0.0
ENG-00317,2025-03-01,0.0854915668399773,Low,Logistic Regression,v1.0.0
ENG-00317,2025-04-01,0.022225682749239365,Low,Logistic Regression,v1.0.0
ENG-00317,2025-05-01,0.171633650468403,Low,Logistic Regression,v1.0.0
ENG-00317,2025-06-01,0.016990872526966183,Low,Logistic Regression,v1.0.0
ENG-00317,2025-07-01,0.0028085788388287404,Low,Logistic Regression,v1.0.0
ENG-00318,2024-01-01,0.026490527928997015,Low,Logistic Regression,v1.0.0
ENG-00318,2024-02-01,0.1409472171275334,Low,Logistic Regression,v1.0.0
ENG-00318,2024-03-01,0.02377030986539411,Low,Logistic Regression,v1.0.0
ENG-00318,2024-04-01,0.007816185521737722,Low,Logistic Regression,v1.0.0
ENG-00318,2024-05-01,0.07636150529904284,Low,Logistic Regression,v1.0.0
ENG-00318,2024-06-01,0.03477748102364252,Low,Logistic Regression,v1.0.0
ENG-00318,2024-07-01,0.0418389750440962,Low,Logistic Regression,v1.0.0
ENG-00318,2024-08-01,0.049176131676307314,Low,Logistic Regression,v1.0.0
ENG-00318,2024-09-01,0.05505002529763014,Low,Logistic Regression,v1.0.0
ENG-00319,2024-06-01,0.02768744653029217,Low,Logistic Regression,v1.0.0
ENG-00319,2024-07-01,0.6209685370209908,Watch,Logistic Regression,v1.0.0
ENG-00319,2024-08-01,0.9166257587741827,Critical,Logistic Regression,v1.0.0
ENG-00319,2024-09-01,0.9855498438795256,Critical,Logistic Regression,v1.0.0
ENG-00319,2024-10-01,0.9802845541707533,Critical,Logistic Regression,v1.0.0
ENG-00320,2025-01-01,0.18092426197483955,Low,Logistic Regression,v1.0.0
ENG-00320,2025-02-01,0.024471067010582628,Low,Logistic Regression,v1.0.0
ENG-00320,2025-03-01,0.1617758037099715,Low,Logistic Regression,v1.0.0
ENG-00320,2025-04-01,0.045118022593877365,Low,Logistic Regression,v1.0.0
ENG-00320,2025-05-01,0.15526130264001867,Low,Logistic Regression,v1.0.0
ENG-00320,2025-06-01,0.07265396710211612,Low,Logistic Regression,v1.0.0
ENG-00320,2025-07-01,0.12828145292936827,Low,Logistic Regression,v1.0.0
ENG-00321,2025-06-01,0.08050137057510579,Low,Logistic Regression,v1.0.0
ENG-00321,2025-07-01,0.9953883506450546,Critical,Logistic Regression,v1.0.0
ENG-00321,2025-08-01,0.9211108017130631,Critical,Logistic Regression,v1.0.0
ENG-00321,2025-09-01,0.9915146104071936,Critical,Logistic Regression,v1.0.0
ENG-00321,2025-10-01,0.9998939632953571,Critical,Logistic Regression,v1.0.0
ENG-00322,2025-06-01,0.061964398176905224,Low,Logistic Regression,v1.0.0
ENG-00322,2025-07-01,0.007257911310776113,Low,Logistic Regression,v1.0.0
ENG-00322,2025-08-01,0.23863178056355175,Low,Logistic Regression,v1.0.0
ENG-00322,2025-09-01,0.03825812529590645,Low,Logistic Regression,v1.0.0
ENG-00322,2025-10-01,0.0770591171812404,Low,Logistic Regression,v1.0.0
ENG-00322,2025-11-01,0.03251244654458639,Low,Logistic Regression,v1.0.0
ENG-00322,2025-12-01,0.0889840727485094,Low,Logistic Regression,v1.0.0
ENG-00322,2026-01-01,0.3425092051523841,Low,Logistic Regression,v1.0.0
ENG-00322,2026-02-01,0.6277464870006862,Watch,Logistic Regression,v1.0.0
ENG-00322,2026-03-01,0.18682372260012678,Low,Logistic Regression,v1.0.0
ENG-00323,2024-07-01,0.29557715455924016,Low,Logistic Regression,v1.0.0
ENG-00323,2024-08-01,0.042992766399964785,Low,Logistic Regression,v1.0.0
ENG-00323,2024-09-01,0.9240630231989542,Critical,Logistic Regression,v1.0.0
ENG-00323,2024-10-01,0.028477258797312367,Low,Logistic Regression,v1.0.0
ENG-00323,2024-11-01,0.10876880800774562,Low,Logistic Regression,v1.0.0
ENG-00323,2024-12-01,0.8697069422692525,Critical,Logistic Regression,v1.0.0
ENG-00323,2025-01-01,0.0053472783812308945,Low,Logistic Regression,v1.0.0
ENG-00323,2025-02-01,0.19227764426092497,Low,Logistic Regression,v1.0.0
ENG-00323,2025-03-01,0.2710263596076025,Low,Logistic Regression,v1.0.0
ENG-00323,2025-04-01,0.276914103605183,Low,Logistic Regression,v1.0.0
ENG-00323,2025-05-01,0.07015274723312755,Low,Logistic Regression,v1.0.0
ENG-00324,2026-01-01,0.30998992470796316,Low,Logistic Regression,v1.0.0
ENG-00324,2026-02-01,0.7407158006512343,Critical,Logistic Regression,v1.0.0
ENG-00324,2026-03-01,0.7711744354807866,Critical,Logistic Regression,v1.0.0
ENG-00324,2026-04-01,0.6471431022420014,Watch,Logistic Regression,v1.0.0
ENG-00325,2024-01-01,0.02607436421187649,Low,Logistic Regression,v1.0.0
ENG-00325,2024-02-01,0.10301521134693277,Low,Logistic Regression,v1.0.0
ENG-00325,2024-03-01,0.09273509737957755,Low,Logistic Regression,v1.0.0
ENG-00325,2024-04-01,0.0022264927877305453,Low,Logistic Regression,v1.0.0
ENG-00325,2024-05-01,0.0608358744045705,Low,Logistic Regression,v1.0.0
ENG-00325,2024-06-01,0.04310688235483874,Low,Logistic Regression,v1.0.0
ENG-00325,2024-07-01,0.0016903554478774072,Low,Logistic Regression,v1.0.0
ENG-00325,2024-08-01,0.015301807568731143,Low,Logistic Regression,v1.0.0
ENG-00326,2025-05-01,0.5228445188143039,Watch,Logistic Regression,v1.0.0
ENG-00326,2025-06-01,0.6129939659579398,Watch,Logistic Regression,v1.0.0
ENG-00326,2025-07-01,0.1783276293108643,Low,Logistic Regression,v1.0.0
ENG-00326,2025-08-01,0.4263488448229316,Watch,Logistic Regression,v1.0.0
ENG-00326,2025-09-01,0.5725031482787868,Watch,Logistic Regression,v1.0.0
ENG-00326,2025-10-01,0.16343747432084965,Low,Logistic Regression,v1.0.0
ENG-00326,2025-11-01,0.4162979595108925,Watch,Logistic Regression,v1.0.0
ENG-00326,2025-12-01,0.7840910079758372,Critical,Logistic Regression,v1.0.0
ENG-00326,2026-01-01,0.4758993693579517,Watch,Logistic Regression,v1.0.0
ENG-00327,2025-03-01,0.13948547504420516,Low,Logistic Regression,v1.0.0
ENG-00327,2025-04-01,0.21716880592228488,Low,Logistic Regression,v1.0.0
ENG-00327,2025-05-01,0.8884096710445357,Critical,Logistic Regression,v1.0.0
ENG-00327,2025-06-01,0.5202387466134178,Watch,Logistic Regression,v1.0.0
ENG-00327,2025-07-01,0.999226334156705,Critical,Logistic Regression,v1.0.0
ENG-00327,2025-08-01,0.9963589634174098,Critical,Logistic Regression,v1.0.0
ENG-00328,2024-11-01,0.0238098721965301,Low,Logistic Regression,v1.0.0
ENG-00328,2024-12-01,0.029364876803157643,Low,Logistic Regression,v1.0.0
ENG-00328,2025-01-01,0.018892665555398553,Low,Logistic Regression,v1.0.0
ENG-00328,2025-02-01,0.2722662650802026,Low,Logistic Regression,v1.0.0
ENG-00328,2025-03-01,0.7331541453389572,Critical,Logistic Regression,v1.0.0
ENG-00328,2025-04-01,0.933705381923202,Critical,Logistic Regression,v1.0.0
ENG-00328,2025-05-01,0.8406292066676198,Critical,Logistic Regression,v1.0.0
ENG-00329,2025-08-01,0.005040723333064199,Low,Logistic Regression,v1.0.0
ENG-00329,2025-09-01,0.0872616847510888,Low,Logistic Regression,v1.0.0
ENG-00329,2025-10-01,0.0013935975784133262,Low,Logistic Regression,v1.0.0
ENG-00329,2025-11-01,0.001858118654689649,Low,Logistic Regression,v1.0.0
ENG-00329,2025-12-01,0.006373516509043773,Low,Logistic Regression,v1.0.0
ENG-00329,2026-01-01,0.0436733240572446,Low,Logistic Regression,v1.0.0
ENG-00329,2026-02-01,0.00030525471270853393,Low,Logistic Regression,v1.0.0
ENG-00329,2026-03-01,0.007015006923891568,Low,Logistic Regression,v1.0.0
ENG-00329,2026-04-01,0.0026133110477773646,Low,Logistic Regression,v1.0.0
ENG-00329,2026-05-01,0.0016794157570766924,Low,Logistic Regression,v1.0.0
ENG-00329,2026-06-01,0.06280780564534291,Low,Logistic Regression,v1.0.0
ENG-00329,2026-07-01,0.0003887802991323143,Low,Logistic Regression,v1.0.0
ENG-00329,2026-08-01,0.0014217432070671463,Low,Logistic Regression,v1.0.0
ENG-00330,2024-10-01,0.421722399605117,Watch,Logistic Regression,v1.0.0
ENG-00330,2024-11-01,0.06349279076079645,Low,Logistic Regression,v1.0.0
ENG-00330,2024-12-01,0.6431475770691361,Watch,Logistic Regression,v1.0.0
ENG-00330,2025-01-01,0.8212440131979865,Critical,Logistic Regression,v1.0.0
ENG-00330,2025-02-01,0.695129533937684,Critical,Logistic Regression,v1.0.0
ENG-00330,2025-03-01,0.013683514804290904,Low,Logistic Regression,v1.0.0
ENG-00330,2025-04-01,0.40328151014708796,Watch,Logistic Regression,v1.0.0
ENG-00330,2025-05-01,0.12710230728228236,Low,Logistic Regression,v1.0.0
ENG-00330,2025-06-01,0.5638559959929876,Watch,Logistic Regression,v1.0.0
ENG-00330,2025-07-01,0.5626166930093907,Watch,Logistic Regression,v1.0.0
ENG-00331,2024-11-01,0.006666059421047842,Low,Logistic Regression,v1.0.0
ENG-00331,2024-12-01,0.08759086763336422,Low,Logistic Regression,v1.0.0
ENG-00331,2025-01-01,0.01223860536230119,Low,Logistic Regression,v1.0.0
ENG-00331,2025-02-01,0.010580237697618226,Low,Logistic Regression,v1.0.0
ENG-00331,2025-03-01,0.02058526001734547,Low,Logistic Regression,v1.0.0
ENG-00331,2025-04-01,0.005066478339057167,Low,Logistic Regression,v1.0.0
ENG-00331,2025-05-01,0.009680391817323828,Low,Logistic Regression,v1.0.0
ENG-00331,2025-06-01,0.0018936459886722918,Low,Logistic Regression,v1.0.0
ENG-00332,2026-07-01,0.5499169794881559,Watch,Logistic Regression,v1.0.0
ENG-00332,2026-08-01,0.9583760036443763,Critical,Logistic Regression,v1.0.0
ENG-00332,2026-09-01,0.9939239492379651,Critical,Logistic Regression,v1.0.0
ENG-00332,2026-10-01,0.9999187040529186,Critical,Logistic Regression,v1.0.0
ENG-00332,2026-11-01,0.9877302773013498,Critical,Logistic Regression,v1.0.0
ENG-00333,2025-12-01,0.006971604308420404,Low,Logistic Regression,v1.0.0
ENG-00333,2026-01-01,0.006525150781918583,Low,Logistic Regression,v1.0.0
ENG-00333,2026-02-01,0.07460175629445344,Low,Logistic Regression,v1.0.0
ENG-00333,2026-03-01,0.00018891752740441366,Low,Logistic Regression,v1.0.0
ENG-00333,2026-04-01,0.014071005512942754,Low,Logistic Regression,v1.0.0
ENG-00333,2026-05-01,0.028957022919483117,Low,Logistic Regression,v1.0.0
ENG-00333,2026-06-01,0.0005403510877317842,Low,Logistic Regression,v1.0.0
ENG-00333,2026-07-01,0.05067998397778231,Low,Logistic Regression,v1.0.0
ENG-00333,2026-08-01,0.005382221550476702,Low,Logistic Regression,v1.0.0
ENG-00334,2024-02-01,0.01668869863072929,Low,Logistic Regression,v1.0.0
ENG-00334,2024-03-01,0.03728566413985315,Low,Logistic Regression,v1.0.0
ENG-00334,2024-04-01,0.08530626530350274,Low,Logistic Regression,v1.0.0
ENG-00334,2024-05-01,0.007195462836869427,Low,Logistic Regression,v1.0.0
ENG-00334,2024-06-01,0.0025551471912302016,Low,Logistic Regression,v1.0.0
ENG-00334,2024-07-01,0.030271355435681872,Low,Logistic Regression,v1.0.0
ENG-00334,2024-08-01,0.001000571513760202,Low,Logistic Regression,v1.0.0
ENG-00334,2024-09-01,0.010302101600071252,Low,Logistic Regression,v1.0.0
ENG-00334,2024-10-01,0.07954647539436373,Low,Logistic Regression,v1.0.0
ENG-00334,2024-11-01,0.0005456933839253606,Low,Logistic Regression,v1.0.0
ENG-00334,2024-12-01,0.022994979287599242,Low,Logistic Regression,v1.0.0
ENG-00335,2024-02-01,0.5320876003824693,Watch,Logistic Regression,v1.0.0
ENG-00335,2024-03-01,0.6853510991080267,Critical,Logistic Regression,v1.0.0
ENG-00335,2024-04-01,0.8056643635661641,Critical,Logistic Regression,v1.0.0
ENG-00335,2024-05-01,0.927311615146896,Critical,Logistic Regression,v1.0.0
ENG-00335,2024-06-01,0.027354864546692382,Low,Logistic Regression,v1.0.0
ENG-00335,2024-07-01,0.9871190600282327,Critical,Logistic Regression,v1.0.0
ENG-00335,2024-08-01,0.2750509619904999,Low,Logistic Regression,v1.0.0
ENG-00335,2024-09-01,0.8398262832228592,Critical,Logistic Regression,v1.0.0
ENG-00335,2024-10-01,0.31488925040779603,Low,Logistic Regression,v1.0.0
ENG-00335,2024-11-01,0.5377543103127334,Watch,Logistic Regression,v1.0.0
ENG-00335,2024-12-01,0.4414169979208306,Watch,Logistic Regression,v1.0.0
ENG-00336,2026-04-01,0.28544632317985713,Low,Logistic Regression,v1.0.0
ENG-00336,2026-05-01,0.9011286341627286,Critical,Logistic Regression,v1.0.0
ENG-00336,2026-06-01,0.9924113091361269,Critical,Logistic Regression,v1.0.0
ENG-00336,2026-07-01,0.9976617569802274,Critical,Logistic Regression,v1.0.0
ENG-00337,2024-02-01,0.011545574771985563,Low,Logistic Regression,v1.0.0
ENG-00337,2024-03-01,0.5792342269861299,Watch,Logistic Regression,v1.0.0
ENG-00337,2024-04-01,0.0006212652337804461,Low,Logistic Regression,v1.0.0
ENG-00337,2024-05-01,0.015336147653563044,Low,Logistic Regression,v1.0.0
ENG-00337,2024-06-01,0.04517066201918781,Low,Logistic Regression,v1.0.0
ENG-00337,2024-07-01,0.0023157452333493257,Low,Logistic Regression,v1.0.0
ENG-00337,2024-08-01,0.008238399036589895,Low,Logistic Regression,v1.0.0
ENG-00337,2024-09-01,0.002576239910963279,Low,Logistic Regression,v1.0.0
ENG-00337,2024-10-01,0.013515947061411532,Low,Logistic Regression,v1.0.0
ENG-00337,2024-11-01,0.08581266716597202,Low,Logistic Regression,v1.0.0
ENG-00337,2024-12-01,0.000955587213085187,Low,Logistic Regression,v1.0.0
ENG-00337,2025-01-01,0.05565805622415738,Low,Logistic Regression,v1.0.0
ENG-00337,2025-02-01,0.003461989063934325,Low,Logistic Regression,v1.0.0
ENG-00338,2025-07-01,0.15614471406039124,Low,Logistic Regression,v1.0.0
ENG-00338,2025-08-01,0.8854677613035803,Critical,Logistic Regression,v1.0.0
ENG-00338,2025-09-01,0.9855490983524174,Critical,Logistic Regression,v1.0.0
ENG-00338,2025-10-01,0.6417756171655705,Watch,Logistic Regression,v1.0.0
ENG-00338,2025-11-01,0.9999053366327756,Critical,Logistic Regression,v1.0.0
ENG-00338,2025-12-01,0.9976026551735685,Critical,Logistic Regression,v1.0.0
ENG-00339,2025-04-01,0.09636073402076646,Low,Logistic Regression,v1.0.0
ENG-00339,2025-05-01,0.44274545502953533,Watch,Logistic Regression,v1.0.0
ENG-00339,2025-06-01,0.51951075532041,Watch,Logistic Regression,v1.0.0
ENG-00339,2025-07-01,0.026281704119868757,Low,Logistic Regression,v1.0.0
ENG-00339,2025-08-01,0.03697550645751707,Low,Logistic Regression,v1.0.0
ENG-00339,2025-09-01,0.6858033951481357,Critical,Logistic Regression,v1.0.0
ENG-00339,2025-10-01,0.009379785468441872,Low,Logistic Regression,v1.0.0
ENG-00340,2024-08-01,0.04420206208532895,Low,Logistic Regression,v1.0.0
ENG-00340,2024-09-01,0.028171912758069278,Low,Logistic Regression,v1.0.0
ENG-00340,2024-10-01,0.34021047934921084,Low,Logistic Regression,v1.0.0
ENG-00340,2024-11-01,0.26873893870840077,Low,Logistic Regression,v1.0.0
ENG-00340,2024-12-01,0.9456445291309286,Critical,Logistic Regression,v1.0.0
ENG-00340,2025-01-01,0.9453400627925078,Critical,Logistic Regression,v1.0.0
ENG-00341,2025-03-01,0.2807246908104307,Low,Logistic Regression,v1.0.0
ENG-00341,2025-04-01,0.6507586241958964,Critical,Logistic Regression,v1.0.0
ENG-00341,2025-05-01,0.5924931280952763,Watch,Logistic Regression,v1.0.0
ENG-00341,2025-06-01,0.9326837968991875,Critical,Logistic Regression,v1.0.0
ENG-00341,2025-07-01,0.14502983750514878,Low,Logistic Regression,v1.0.0
ENG-00341,2025-08-01,0.8538305785738757,Critical,Logistic Regression,v1.0.0
ENG-00341,2025-09-01,0.5027473403321558,Watch,Logistic Regression,v1.0.0
ENG-00341,2025-10-01,0.7227629772505668,Critical,Logistic Regression,v1.0.0
ENG-00342,2025-10-01,0.04998974221019602,Low,Logistic Regression,v1.0.0
ENG-00342,2025-11-01,0.02635975315676999,Low,Logistic Regression,v1.0.0
ENG-00342,2025-12-01,0.05414984616431311,Low,Logistic Regression,v1.0.0
ENG-00342,2026-01-01,0.003786783914114631,Low,Logistic Regression,v1.0.0
ENG-00342,2026-02-01,0.40098241535673257,Watch,Logistic Regression,v1.0.0
ENG-00342,2026-03-01,0.006945330447348275,Low,Logistic Regression,v1.0.0
ENG-00342,2026-04-01,0.02168579628278821,Low,Logistic Regression,v1.0.0
ENG-00342,2026-05-01,0.1369820131049072,Low,Logistic Regression,v1.0.0
ENG-00342,2026-06-01,0.06626327584845372,Low,Logistic Regression,v1.0.0
ENG-00342,2026-07-01,0.012745651623538362,Low,Logistic Regression,v1.0.0
ENG-00342,2026-08-01,0.004485795353406062,Low,Logistic Regression,v1.0.0
ENG-00343,2025-02-01,0.09251066007023935,Low,Logistic Regression,v1.0.0
ENG-00343,2025-03-01,0.031116869074819267,Low,Logistic Regression,v1.0.0
ENG-00343,2025-04-01,0.11450829865768217,Low,Logistic Regression,v1.0.0
ENG-00343,2025-05-01,0.17483365019082087,Low,Logistic Regression,v1.0.0
ENG-00343,2025-06-01,0.06245885331041155,Low,Logistic Regression,v1.0.0
ENG-00343,2025-07-01,0.16533790160154732,Low,Logistic Regression,v1.0.0
ENG-00343,2025-08-01,0.16178816654388206,Low,Logistic Regression,v1.0.0
ENG-00344,2025-08-01,0.11351425905308353,Low,Logistic Regression,v1.0.0
ENG-00344,2025-09-01,0.7139651531900658,Critical,Logistic Regression,v1.0.0
ENG-00344,2025-10-01,0.9131627069940037,Critical,Logistic Regression,v1.0.0
ENG-00344,2025-11-01,0.9889730770903223,Critical,Logistic Regression,v1.0.0
ENG-00344,2025-12-01,0.9963428567937027,Critical,Logistic Regression,v1.0.0
ENG-00345,2025-02-01,0.06708250029426113,Low,Logistic Regression,v1.0.0
ENG-00345,2025-03-01,0.0363379499350793,Low,Logistic Regression,v1.0.0
ENG-00345,2025-04-01,0.3882951235863493,Watch,Logistic Regression,v1.0.0
ENG-00345,2025-05-01,0.018095040381568922,Low,Logistic Regression,v1.0.0
ENG-00345,2025-06-01,0.22709416444603747,Low,Logistic Regression,v1.0.0
ENG-00345,2025-07-01,0.1119967497690892,Low,Logistic Regression,v1.0.0
ENG-00345,2025-08-01,0.0559082213020394,Low,Logistic Regression,v1.0.0
ENG-00345,2025-09-01,0.048170954462230714,Low,Logistic Regression,v1.0.0
ENG-00345,2025-10-01,0.301617559521229,Low,Logistic Regression,v1.0.0
ENG-00345,2025-11-01,0.008284440300641021,Low,Logistic Regression,v1.0.0
ENG-00346,2025-09-01,0.2009989755063356,Low,Logistic Regression,v1.0.0
ENG-00346,2025-10-01,0.5081236594578343,Watch,Logistic Regression,v1.0.0
ENG-00346,2025-11-01,0.47284309388457907,Watch,Logistic Regression,v1.0.0
ENG-00346,2025-12-01,0.15974153939100236,Low,Logistic Regression,v1.0.0
ENG-00346,2026-01-01,0.16300448743070642,Low,Logistic Regression,v1.0.0
ENG-00346,2026-02-01,0.10680405295025995,Low,Logistic Regression,v1.0.0
ENG-00346,2026-03-01,0.08149642804538043,Low,Logistic Regression,v1.0.0
ENG-00346,2026-04-01,0.8194451906522251,Critical,Logistic Regression,v1.0.0
ENG-00346,2026-05-01,0.7719861351712375,Critical,Logistic Regression,v1.0.0
ENG-00346,2026-06-01,0.9878645308758723,Critical,Logistic Regression,v1.0.0
ENG-00346,2026-07-01,0.9907655791619402,Critical,Logistic Regression,v1.0.0
ENG-00347,2026-04-01,0.05141789206595777,Low,Logistic Regression,v1.0.0
ENG-00347,2026-05-01,0.5512374241718908,Watch,Logistic Regression,v1.0.0
ENG-00347,2026-06-01,0.1622742113754446,Low,Logistic Regression,v1.0.0
ENG-00347,2026-07-01,0.021768647045716332,Low,Logistic Regression,v1.0.0
ENG-00347,2026-08-01,0.10612452462017734,Low,Logistic Regression,v1.0.0
ENG-00348,2024-04-01,0.015408255179763686,Low,Logistic Regression,v1.0.0
ENG-00348,2024-05-01,0.09898323468921207,Low,Logistic Regression,v1.0.0
ENG-00348,2024-06-01,0.01980656527729813,Low,Logistic Regression,v1.0.0
ENG-00348,2024-07-01,0.007021245467807717,Low,Logistic Regression,v1.0.0
ENG-00348,2024-08-01,0.15572170987935327,Low,Logistic Regression,v1.0.0
ENG-00348,2024-09-01,0.028033493034288252,Low,Logistic Regression,v1.0.0
ENG-00348,2024-10-01,0.012329609314972822,Low,Logistic Regression,v1.0.0
ENG-00348,2024-11-01,0.010106254347323972,Low,Logistic Regression,v1.0.0
ENG-00349,2025-11-01,0.007227045776344504,Low,Logistic Regression,v1.0.0
ENG-00349,2025-12-01,0.01627013701160047,Low,Logistic Regression,v1.0.0
ENG-00349,2026-01-01,0.011737352441932296,Low,Logistic Regression,v1.0.0
ENG-00349,2026-02-01,0.02327162309461073,Low,Logistic Regression,v1.0.0
ENG-00349,2026-03-01,0.0008882823316979217,Low,Logistic Regression,v1.0.0
ENG-00349,2026-04-01,0.05586265573397942,Low,Logistic Regression,v1.0.0
ENG-00349,2026-05-01,0.007963834718538133,Low,Logistic Regression,v1.0.0
ENG-00349,2026-06-01,0.005702583188183392,Low,Logistic Regression,v1.0.0
ENG-00349,2026-07-01,0.020626451926549026,Low,Logistic Regression,v1.0.0
ENG-00349,2026-08-01,0.018349729022781147,Low,Logistic Regression,v1.0.0
ENG-00350,2025-11-01,0.05022893321435771,Low,Logistic Regression,v1.0.0
ENG-00350,2025-12-01,0.019817634381276907,Low,Logistic Regression,v1.0.0
ENG-00350,2026-01-01,0.09767903879742594,Low,Logistic Regression,v1.0.0
ENG-00350,2026-02-01,0.002529542427903677,Low,Logistic Regression,v1.0.0
ENG-00350,2026-03-01,0.011393593826310538,Low,Logistic Regression,v1.0.0
ENG-00350,2026-04-01,0.013789078073744307,Low,Logistic Regression,v1.0.0
ENG-00350,2026-05-01,0.011229145647633318,Low,Logistic Regression,v1.0.0
ENG-00350,2026-06-01,0.08167651309624392,Low,Logistic Regression,v1.0.0
ENG-00350,2026-07-01,0.0022786273300191193,Low,Logistic Regression,v1.0.0
ENG-00350,2026-08-01,0.01989741579238587,Low,Logistic Regression,v1.0.0
ENG-00351,2025-02-01,0.09300595830245667,Low,Logistic Regression,v1.0.0
ENG-00351,2025-03-01,0.2899884283549973,Low,Logistic Regression,v1.0.0
ENG-00351,2025-04-01,0.0697245374052735,Low,Logistic Regression,v1.0.0
ENG-00351,2025-05-01,0.02774882569270334,Low,Logistic Regression,v1.0.0
ENG-00351,2025-06-01,0.18698443252417218,Low,Logistic Regression,v1.0.0
ENG-00351,2025-07-01,0.3506724758464588,Watch,Logistic Regression,v1.0.0
ENG-00351,2025-08-01,0.11016264219353368,Low,Logistic Regression,v1.0.0
ENG-00351,2025-09-01,0.6486432573390756,Watch,Logistic Regression,v1.0.0
ENG-00352,2026-07-01,0.09738997435626338,Low,Logistic Regression,v1.0.0
ENG-00352,2026-08-01,0.22385083939475675,Low,Logistic Regression,v1.0.0
ENG-00353,2024-11-01,0.6315909114064739,Watch,Logistic Regression,v1.0.0
ENG-00353,2024-12-01,0.682535357022648,Critical,Logistic Regression,v1.0.0
ENG-00353,2025-01-01,0.9355663516023891,Critical,Logistic Regression,v1.0.0
ENG-00353,2025-02-01,0.16665366510862178,Low,Logistic Regression,v1.0.0
ENG-00353,2025-03-01,0.5969673030533735,Watch,Logistic Regression,v1.0.0
ENG-00353,2025-04-01,0.8184380763359617,Critical,Logistic Regression,v1.0.0
ENG-00353,2025-05-01,0.2893106914327688,Low,Logistic Regression,v1.0.0
ENG-00353,2025-06-01,0.964267640286821,Critical,Logistic Regression,v1.0.0
ENG-00353,2025-07-01,0.034032806447854544,Low,Logistic Regression,v1.0.0
ENG-00354,2025-01-01,0.12476586153944566,Low,Logistic Regression,v1.0.0
ENG-00354,2025-02-01,0.08098451962418837,Low,Logistic Regression,v1.0.0
ENG-00354,2025-03-01,0.01267867884087997,Low,Logistic Regression,v1.0.0
ENG-00354,2025-04-01,0.07661859477269897,Low,Logistic Regression,v1.0.0
ENG-00354,2025-05-01,0.05264687370507334,Low,Logistic Regression,v1.0.0
ENG-00354,2025-06-01,0.06592180815880608,Low,Logistic Regression,v1.0.0
ENG-00354,2025-07-01,0.04103169643084785,Low,Logistic Regression,v1.0.0
ENG-00354,2025-08-01,0.10368092846363505,Low,Logistic Regression,v1.0.0
ENG-00354,2025-09-01,0.024138883999129862,Low,Logistic Regression,v1.0.0
ENG-00354,2025-10-01,0.031495713107724414,Low,Logistic Regression,v1.0.0
ENG-00355,2026-06-01,0.014030469012600522,Low,Logistic Regression,v1.0.0
ENG-00355,2026-07-01,0.0035298567535599927,Low,Logistic Regression,v1.0.0
ENG-00355,2026-08-01,0.03788456032915251,Low,Logistic Regression,v1.0.0
ENG-00356,2025-07-01,0.09733521314613808,Low,Logistic Regression,v1.0.0
ENG-00356,2025-08-01,0.22353593016065923,Low,Logistic Regression,v1.0.0
ENG-00356,2025-09-01,0.08856190408465006,Low,Logistic Regression,v1.0.0
ENG-00356,2025-10-01,0.019814697165909945,Low,Logistic Regression,v1.0.0
ENG-00356,2025-11-01,0.1873398519144359,Low,Logistic Regression,v1.0.0
ENG-00356,2025-12-01,0.06034740156423635,Low,Logistic Regression,v1.0.0
ENG-00356,2026-01-01,0.009664496388896573,Low,Logistic Regression,v1.0.0
ENG-00356,2026-02-01,0.037070915068170486,Low,Logistic Regression,v1.0.0
ENG-00356,2026-03-01,0.03275273160255633,Low,Logistic Regression,v1.0.0
ENG-00356,2026-04-01,0.036205383367861624,Low,Logistic Regression,v1.0.0
ENG-00356,2026-05-01,0.04970430816253874,Low,Logistic Regression,v1.0.0
ENG-00357,2024-12-01,0.10526466082052888,Low,Logistic Regression,v1.0.0
ENG-00357,2025-01-01,0.06893195849148501,Low,Logistic Regression,v1.0.0
ENG-00357,2025-02-01,0.028937536859858316,Low,Logistic Regression,v1.0.0
ENG-00357,2025-03-01,0.620944450430035,Watch,Logistic Regression,v1.0.0
ENG-00357,2025-04-01,0.014041233592877844,Low,Logistic Regression,v1.0.0
ENG-00357,2025-05-01,0.0668532614592921,Low,Logistic Regression,v1.0.0
ENG-00357,2025-06-01,0.035129708103213135,Low,Logistic Regression,v1.0.0
ENG-00358,2025-04-01,0.05420588340450473,Low,Logistic Regression,v1.0.0
ENG-00358,2025-05-01,0.6387505807849712,Watch,Logistic Regression,v1.0.0
ENG-00358,2025-06-01,0.18171076826483912,Low,Logistic Regression,v1.0.0
ENG-00358,2025-07-01,0.08342218379103,Low,Logistic Regression,v1.0.0
ENG-00358,2025-08-01,0.12385829839875569,Low,Logistic Regression,v1.0.0
ENG-00358,2025-09-01,0.575644129522386,Watch,Logistic Regression,v1.0.0
ENG-00358,2025-10-01,0.028615481562317784,Low,Logistic Regression,v1.0.0
ENG-00358,2025-11-01,0.06448777066688499,Low,Logistic Regression,v1.0.0
ENG-00358,2025-12-01,0.006157253807734196,Low,Logistic Regression,v1.0.0
ENG-00358,2026-01-01,0.19740334689015757,Low,Logistic Regression,v1.0.0
ENG-00359,2025-05-01,0.05182036638591293,Low,Logistic Regression,v1.0.0
ENG-00359,2025-06-01,0.7051815170256722,Critical,Logistic Regression,v1.0.0
ENG-00359,2025-07-01,0.47576543970134805,Watch,Logistic Regression,v1.0.0
ENG-00359,2025-08-01,0.11601664399462533,Low,Logistic Regression,v1.0.0
ENG-00359,2025-09-01,0.9169318297406661,Critical,Logistic Regression,v1.0.0
ENG-00359,2025-10-01,0.2631389663638468,Low,Logistic Regression,v1.0.0
ENG-00359,2025-11-01,0.4332659354388488,Watch,Logistic Regression,v1.0.0
ENG-00360,2024-03-01,0.005565103373773151,Low,Logistic Regression,v1.0.0
ENG-00360,2024-04-01,0.006889704675853666,Low,Logistic Regression,v1.0.0
ENG-00360,2024-05-01,0.00021381442238970464,Low,Logistic Regression,v1.0.0
ENG-00360,2024-06-01,0.027630070812254603,Low,Logistic Regression,v1.0.0
ENG-00360,2024-07-01,0.009792988716702497,Low,Logistic Regression,v1.0.0
ENG-00360,2024-08-01,0.013027507926027788,Low,Logistic Regression,v1.0.0
ENG-00360,2024-09-01,0.003794848672169826,Low,Logistic Regression,v1.0.0
ENG-00360,2024-10-01,0.00017874676386488188,Low,Logistic Regression,v1.0.0
ENG-00360,2024-11-01,0.003909817411892023,Low,Logistic Regression,v1.0.0
ENG-00360,2024-12-01,0.009868554570121561,Low,Logistic Regression,v1.0.0
ENG-00360,2025-01-01,0.0007177271809776503,Low,Logistic Regression,v1.0.0
ENG-00361,2024-04-01,0.07656420030614289,Low,Logistic Regression,v1.0.0
ENG-00361,2024-05-01,0.00784899952058381,Low,Logistic Regression,v1.0.0
ENG-00361,2024-06-01,0.03861182925511331,Low,Logistic Regression,v1.0.0
ENG-00361,2024-07-01,0.11428705446614425,Low,Logistic Regression,v1.0.0
ENG-00361,2024-08-01,0.10891571830658553,Low,Logistic Regression,v1.0.0
ENG-00361,2024-09-01,0.4393261955407341,Watch,Logistic Regression,v1.0.0
ENG-00361,2024-10-01,0.01108503943408663,Low,Logistic Regression,v1.0.0
ENG-00361,2024-11-01,0.028721104369456518,Low,Logistic Regression,v1.0.0
ENG-00361,2024-12-01,0.18786764744898976,Low,Logistic Regression,v1.0.0
ENG-00361,2025-01-01,0.06257439198261809,Low,Logistic Regression,v1.0.0
ENG-00361,2025-02-01,0.008020263419278136,Low,Logistic Regression,v1.0.0
ENG-00362,2025-01-01,0.09018073806248586,Low,Logistic Regression,v1.0.0
ENG-00362,2025-02-01,0.6464489874611199,Watch,Logistic Regression,v1.0.0
ENG-00362,2025-03-01,0.9325334704599523,Critical,Logistic Regression,v1.0.0
ENG-00362,2025-04-01,0.9981141484784737,Critical,Logistic Regression,v1.0.0
ENG-00363,2024-03-01,0.023665046813055476,Low,Logistic Regression,v1.0.0
ENG-00363,2024-04-01,0.28035161442014,Low,Logistic Regression,v1.0.0
ENG-00363,2024-05-01,0.02631754269342136,Low,Logistic Regression,v1.0.0
ENG-00363,2024-06-01,0.19629028923508848,Low,Logistic Regression,v1.0.0
ENG-00363,2024-07-01,0.048993648810686824,Low,Logistic Regression,v1.0.0
ENG-00363,2024-08-01,0.005777304764166611,Low,Logistic Regression,v1.0.0
ENG-00363,2024-09-01,0.014612590212799795,Low,Logistic Regression,v1.0.0
ENG-00363,2024-10-01,0.4928479503006619,Watch,Logistic Regression,v1.0.0
ENG-00364,2026-05-01,0.9109876050833718,Critical,Logistic Regression,v1.0.0
ENG-00364,2026-06-01,0.9805758765900169,Critical,Logistic Regression,v1.0.0
ENG-00364,2026-07-01,0.993061712649346,Critical,Logistic Regression,v1.0.0
ENG-00364,2026-08-01,0.9957130776982824,Critical,Logistic Regression,v1.0.0
ENG-00364,2026-09-01,0.999532519442998,Critical,Logistic Regression,v1.0.0
ENG-00364,2026-10-01,0.9984632110233467,Critical,Logistic Regression,v1.0.0
ENG-00365,2026-08-01,0.2529491268261612,Low,Logistic Regression,v1.0.0
ENG-00366,2025-10-01,0.14844964012358702,Low,Logistic Regression,v1.0.0
ENG-00366,2025-11-01,0.0099597907261358,Low,Logistic Regression,v1.0.0
ENG-00366,2025-12-01,0.3486261604901063,Low,Logistic Regression,v1.0.0
ENG-00366,2026-01-01,0.06263928106900335,Low,Logistic Regression,v1.0.0
ENG-00366,2026-02-01,0.0817596032776966,Low,Logistic Regression,v1.0.0
ENG-00366,2026-03-01,0.31587789289002327,Low,Logistic Regression,v1.0.0
ENG-00366,2026-04-01,0.8465594258329865,Critical,Logistic Regression,v1.0.0
ENG-00366,2026-05-01,0.8954988708080751,Critical,Logistic Regression,v1.0.0
ENG-00366,2026-06-01,0.8015654262918842,Critical,Logistic Regression,v1.0.0
ENG-00366,2026-07-01,0.99415003198932,Critical,Logistic Regression,v1.0.0
ENG-00367,2025-12-01,0.23476483657119684,Low,Logistic Regression,v1.0.0
ENG-00367,2026-01-01,0.060813766414529374,Low,Logistic Regression,v1.0.0
ENG-00367,2026-02-01,0.09709355078221751,Low,Logistic Regression,v1.0.0
ENG-00367,2026-03-01,0.07079069669344383,Low,Logistic Regression,v1.0.0
ENG-00367,2026-04-01,0.2779451610858736,Low,Logistic Regression,v1.0.0
ENG-00367,2026-05-01,0.2081793804365608,Low,Logistic Regression,v1.0.0
ENG-00367,2026-06-01,0.003787671166540162,Low,Logistic Regression,v1.0.0
ENG-00367,2026-07-01,0.6113817002360449,Watch,Logistic Regression,v1.0.0
ENG-00367,2026-08-01,0.11532027178616276,Low,Logistic Regression,v1.0.0
ENG-00368,2024-09-01,0.16300020322366693,Low,Logistic Regression,v1.0.0
ENG-00368,2024-10-01,0.001327882009088303,Low,Logistic Regression,v1.0.0
ENG-00368,2024-11-01,0.0978453124058826,Low,Logistic Regression,v1.0.0
ENG-00368,2024-12-01,0.05277482502443548,Low,Logistic Regression,v1.0.0
ENG-00368,2025-01-01,0.01559592581025354,Low,Logistic Regression,v1.0.0
ENG-00368,2025-02-01,0.3169904508080674,Low,Logistic Regression,v1.0.0
ENG-00368,2025-03-01,0.04674268897782031,Low,Logistic Regression,v1.0.0
ENG-00368,2025-04-01,0.0273337935074923,Low,Logistic Regression,v1.0.0
ENG-00368,2025-05-01,0.10658680104821779,Low,Logistic Regression,v1.0.0
ENG-00369,2025-12-01,0.07815527372006614,Low,Logistic Regression,v1.0.0
ENG-00369,2026-01-01,0.02539405143729741,Low,Logistic Regression,v1.0.0
ENG-00369,2026-02-01,0.33139807533247395,Low,Logistic Regression,v1.0.0
ENG-00369,2026-03-01,0.22236850932198599,Low,Logistic Regression,v1.0.0
ENG-00369,2026-04-01,0.10521417213426441,Low,Logistic Regression,v1.0.0
ENG-00369,2026-05-01,0.012698264651618522,Low,Logistic Regression,v1.0.0
ENG-00369,2026-06-01,0.24498110597500486,Low,Logistic Regression,v1.0.0
ENG-00369,2026-07-01,0.2633527745426074,Low,Logistic Regression,v1.0.0
ENG-00369,2026-08-01,0.10477293047189153,Low,Logistic Regression,v1.0.0
ENG-00370,2025-09-01,0.05823662331778824,Low,Logistic Regression,v1.0.0
ENG-00370,2025-10-01,0.06750123323719318,Low,Logistic Regression,v1.0.0
ENG-00370,2025-11-01,0.14083214544197872,Low,Logistic Regression,v1.0.0
ENG-00370,2025-12-01,0.13156625176423173,Low,Logistic Regression,v1.0.0
ENG-00370,2026-01-01,0.04417131350654792,Low,Logistic Regression,v1.0.0
ENG-00370,2026-02-01,0.4385319408049021,Watch,Logistic Regression,v1.0.0
ENG-00370,2026-03-01,0.023167432798795903,Low,Logistic Regression,v1.0.0
ENG-00370,2026-04-01,0.2367995969951864,Low,Logistic Regression,v1.0.0
ENG-00370,2026-05-01,0.021677811442233817,Low,Logistic Regression,v1.0.0
ENG-00371,2026-04-01,0.13482976735511285,Low,Logistic Regression,v1.0.0
ENG-00371,2026-05-01,0.08182294195919276,Low,Logistic Regression,v1.0.0
ENG-00371,2026-06-01,0.15846200853667142,Low,Logistic Regression,v1.0.0
ENG-00371,2026-07-01,0.6795778302888432,Critical,Logistic Regression,v1.0.0
ENG-00371,2026-08-01,0.07216501557004426,Low,Logistic Regression,v1.0.0
ENG-00372,2024-07-01,0.36052149740661926,Watch,Logistic Regression,v1.0.0
ENG-00372,2024-08-01,0.28237370684029245,Low,Logistic Regression,v1.0.0
ENG-00372,2024-09-01,0.3314963630363597,Low,Logistic Regression,v1.0.0
ENG-00372,2024-10-01,0.03549551037746103,Low,Logistic Regression,v1.0.0
ENG-00372,2024-11-01,0.6170994229810207,Watch,Logistic Regression,v1.0.0
ENG-00372,2024-12-01,0.07865076691747842,Low,Logistic Regression,v1.0.0
ENG-00372,2025-01-01,0.26024653601053305,Low,Logistic Regression,v1.0.0
ENG-00372,2025-02-01,0.13474965471556624,Low,Logistic Regression,v1.0.0
ENG-00372,2025-03-01,0.06320060770316269,Low,Logistic Regression,v1.0.0
ENG-00372,2025-04-01,0.16811520561880763,Low,Logistic Regression,v1.0.0
ENG-00372,2025-05-01,0.21806428862822527,Low,Logistic Regression,v1.0.0
ENG-00373,2026-04-01,0.0517385800256257,Low,Logistic Regression,v1.0.0
ENG-00373,2026-05-01,0.014257950806340281,Low,Logistic Regression,v1.0.0
ENG-00373,2026-06-01,0.2112038462224197,Low,Logistic Regression,v1.0.0
ENG-00373,2026-07-01,0.3680044744253331,Watch,Logistic Regression,v1.0.0
ENG-00373,2026-08-01,0.02103163128971854,Low,Logistic Regression,v1.0.0
ENG-00374,2026-02-01,0.026043841626510675,Low,Logistic Regression,v1.0.0
ENG-00374,2026-03-01,0.0870520633243862,Low,Logistic Regression,v1.0.0
ENG-00374,2026-04-01,0.020998127117025728,Low,Logistic Regression,v1.0.0
ENG-00374,2026-05-01,0.0694419664943668,Low,Logistic Regression,v1.0.0
ENG-00374,2026-06-01,0.030603078067395425,Low,Logistic Regression,v1.0.0
ENG-00374,2026-07-01,0.33425666668683424,Low,Logistic Regression,v1.0.0
ENG-00374,2026-08-01,0.019689121017668957,Low,Logistic Regression,v1.0.0
ENG-00375,2026-05-01,0.3118988159433637,Low,Logistic Regression,v1.0.0
ENG-00375,2026-06-01,0.03649541921846213,Low,Logistic Regression,v1.0.0
ENG-00375,2026-07-01,0.02113993030341732,Low,Logistic Regression,v1.0.0
ENG-00375,2026-08-01,0.7480681775530095,Critical,Logistic Regression,v1.0.0
ENG-00376,2024-06-01,0.46529327639566714,Watch,Logistic Regression,v1.0.0
ENG-00376,2024-07-01,0.5188176746664488,Watch,Logistic Regression,v1.0.0
ENG-00376,2024-08-01,0.9721835880788554,Critical,Logistic Regression,v1.0.0
ENG-00376,2024-09-01,0.9709135468313886,Critical,Logistic Regression,v1.0.0
ENG-00376,2024-10-01,0.9891011908778047,Critical,Logistic Regression,v1.0.0
ENG-00377,2025-11-01,0.8124500298661402,Critical,Logistic Regression,v1.0.0
ENG-00377,2025-12-01,0.29405693492744006,Low,Logistic Regression,v1.0.0
ENG-00377,2026-01-01,0.5931766593994853,Watch,Logistic Regression,v1.0.0
ENG-00377,2026-02-01,0.6930877612466282,Critical,Logistic Regression,v1.0.0
ENG-00377,2026-03-01,0.2091839487194649,Low,Logistic Regression,v1.0.0
ENG-00377,2026-04-01,0.8356479842703602,Critical,Logistic Regression,v1.0.0
ENG-00377,2026-05-01,0.6043749777264761,Watch,Logistic Regression,v1.0.0
ENG-00377,2026-06-01,0.2903936404065975,Low,Logistic Regression,v1.0.0
ENG-00378,2024-10-01,0.05409251337414045,Low,Logistic Regression,v1.0.0
ENG-00378,2024-11-01,0.004252931999581306,Low,Logistic Regression,v1.0.0
ENG-00378,2024-12-01,0.008398435812904108,Low,Logistic Regression,v1.0.0
ENG-00378,2025-01-01,0.32815734079523085,Low,Logistic Regression,v1.0.0
ENG-00378,2025-02-01,0.023375965595081094,Low,Logistic Regression,v1.0.0
ENG-00378,2025-03-01,0.008420836436960108,Low,Logistic Regression,v1.0.0
ENG-00378,2025-04-01,0.030616201346706708,Low,Logistic Regression,v1.0.0
ENG-00378,2025-05-01,0.01951519318435893,Low,Logistic Regression,v1.0.0
ENG-00379,2026-06-01,0.217387565371566,Low,Logistic Regression,v1.0.0
ENG-00379,2026-07-01,0.0951085641765372,Low,Logistic Regression,v1.0.0
ENG-00379,2026-08-01,0.5480052421202425,Watch,Logistic Regression,v1.0.0
ENG-00380,2025-05-01,0.0028193401659791575,Low,Logistic Regression,v1.0.0
ENG-00380,2025-06-01,0.02350020967803807,Low,Logistic Regression,v1.0.0
ENG-00380,2025-07-01,0.02302682034584116,Low,Logistic Regression,v1.0.0
ENG-00380,2025-08-01,0.002517912224600328,Low,Logistic Regression,v1.0.0
ENG-00380,2025-09-01,0.0005652360165710083,Low,Logistic Regression,v1.0.0
ENG-00380,2025-10-01,0.22439759655139838,Low,Logistic Regression,v1.0.0
ENG-00380,2025-11-01,0.001284504198352733,Low,Logistic Regression,v1.0.0
ENG-00380,2025-12-01,0.0016744683275182583,Low,Logistic Regression,v1.0.0
ENG-00380,2026-01-01,0.006602537099931139,Low,Logistic Regression,v1.0.0
ENG-00380,2026-02-01,0.0011086720749100222,Low,Logistic Regression,v1.0.0
ENG-00380,2026-03-01,0.006743589011883681,Low,Logistic Regression,v1.0.0
ENG-00381,2024-07-01,0.1601548363098654,Low,Logistic Regression,v1.0.0
ENG-00381,2024-08-01,0.18382704050598825,Low,Logistic Regression,v1.0.0
ENG-00381,2024-09-01,0.15969852247451838,Low,Logistic Regression,v1.0.0
ENG-00381,2024-10-01,0.5591851132474321,Watch,Logistic Regression,v1.0.0
ENG-00381,2024-11-01,0.3346650201486117,Low,Logistic Regression,v1.0.0
ENG-00381,2024-12-01,0.34201186809397777,Low,Logistic Regression,v1.0.0
ENG-00381,2025-01-01,0.6266948121282463,Watch,Logistic Regression,v1.0.0
ENG-00382,2024-06-01,0.07118141807265954,Low,Logistic Regression,v1.0.0
ENG-00382,2024-07-01,0.1469598046086646,Low,Logistic Regression,v1.0.0
ENG-00382,2024-08-01,0.02947672118533603,Low,Logistic Regression,v1.0.0
ENG-00382,2024-09-01,0.08774507339721378,Low,Logistic Regression,v1.0.0
ENG-00382,2024-10-01,0.022731704758380204,Low,Logistic Regression,v1.0.0
ENG-00382,2024-11-01,0.05961244888225368,Low,Logistic Regression,v1.0.0
ENG-00382,2024-12-01,0.13612299145051307,Low,Logistic Regression,v1.0.0
ENG-00382,2025-01-01,0.003014586531515651,Low,Logistic Regression,v1.0.0
ENG-00382,2025-02-01,0.001207890186877041,Low,Logistic Regression,v1.0.0
ENG-00382,2025-03-01,0.06679892588733938,Low,Logistic Regression,v1.0.0
ENG-00382,2025-04-01,0.011036896653461636,Low,Logistic Regression,v1.0.0
ENG-00382,2025-05-01,0.09266069742983114,Low,Logistic Regression,v1.0.0
ENG-00382,2025-06-01,0.1421755865373334,Low,Logistic Regression,v1.0.0
ENG-00383,2025-12-01,0.9672588361626946,Critical,Logistic Regression,v1.0.0
ENG-00383,2026-01-01,0.9752297548132665,Critical,Logistic Regression,v1.0.0
ENG-00383,2026-02-01,0.21925009232736986,Low,Logistic Regression,v1.0.0
ENG-00383,2026-03-01,0.9956362485855026,Critical,Logistic Regression,v1.0.0
ENG-00383,2026-04-01,0.8457586373363992,Critical,Logistic Regression,v1.0.0
ENG-00383,2026-05-01,0.6537238164570279,Critical,Logistic Regression,v1.0.0
ENG-00383,2026-06-01,0.9907139222130753,Critical,Logistic Regression,v1.0.0
ENG-00383,2026-07-01,0.039641486801534474,Low,Logistic Regression,v1.0.0
ENG-00383,2026-08-01,0.9754564357440447,Critical,Logistic Regression,v1.0.0
ENG-00384,2026-03-01,0.01349997357551768,Low,Logistic Regression,v1.0.0
ENG-00384,2026-04-01,0.06568185192051515,Low,Logistic Regression,v1.0.0
ENG-00384,2026-05-01,0.000654053810597217,Low,Logistic Regression,v1.0.0
ENG-00384,2026-06-01,0.025266296424554052,Low,Logistic Regression,v1.0.0
ENG-00384,2026-07-01,0.023349850083810117,Low,Logistic Regression,v1.0.0
ENG-00384,2026-08-01,0.018982675926253828,Low,Logistic Regression,v1.0.0
ENG-00385,2024-09-01,0.14066522713518118,Low,Logistic Regression,v1.0.0
ENG-00385,2024-10-01,0.14264494515186374,Low,Logistic Regression,v1.0.0
ENG-00385,2024-11-01,0.16101136489120968,Low,Logistic Regression,v1.0.0
ENG-00385,2024-12-01,0.8959195803455128,Critical,Logistic Regression,v1.0.0
ENG-00385,2025-01-01,0.9646485298983227,Critical,Logistic Regression,v1.0.0
ENG-00385,2025-02-01,0.46633151229560155,Watch,Logistic Regression,v1.0.0
ENG-00385,2025-03-01,0.977620260359583,Critical,Logistic Regression,v1.0.0
ENG-00386,2025-12-01,0.023845109814831972,Low,Logistic Regression,v1.0.0
ENG-00386,2026-01-01,0.17279493633417428,Low,Logistic Regression,v1.0.0
ENG-00386,2026-02-01,0.02057561243375237,Low,Logistic Regression,v1.0.0
ENG-00386,2026-03-01,0.015115254862332424,Low,Logistic Regression,v1.0.0
ENG-00386,2026-04-01,0.008526526796945077,Low,Logistic Regression,v1.0.0
ENG-00386,2026-05-01,0.0035773839671253828,Low,Logistic Regression,v1.0.0
ENG-00386,2026-06-01,0.06654143500559476,Low,Logistic Regression,v1.0.0
ENG-00386,2026-07-01,0.11569301245445357,Low,Logistic Regression,v1.0.0
ENG-00386,2026-08-01,0.019665124865169303,Low,Logistic Regression,v1.0.0
ENG-00387,2026-04-01,0.010000435583996893,Low,Logistic Regression,v1.0.0
ENG-00387,2026-05-01,0.16014019447370637,Low,Logistic Regression,v1.0.0
ENG-00387,2026-06-01,0.007306445878817596,Low,Logistic Regression,v1.0.0
ENG-00387,2026-07-01,0.007353118239234009,Low,Logistic Regression,v1.0.0
ENG-00387,2026-08-01,0.07315519144336208,Low,Logistic Regression,v1.0.0
ENG-00388,2024-03-01,0.013689068708656296,Low,Logistic Regression,v1.0.0
ENG-00388,2024-04-01,0.09874569254460654,Low,Logistic Regression,v1.0.0
ENG-00388,2024-05-01,0.15824630618634866,Low,Logistic Regression,v1.0.0
ENG-00388,2024-06-01,0.9783761700235188,Critical,Logistic Regression,v1.0.0
ENG-00388,2024-07-01,0.6693615484481374,Critical,Logistic Regression,v1.0.0
ENG-00388,2024-08-01,0.8359145191743329,Critical,Logistic Regression,v1.0.0
ENG-00389,2024-08-01,0.32666801794356604,Low,Logistic Regression,v1.0.0
ENG-00389,2024-09-01,0.7356280745582408,Critical,Logistic Regression,v1.0.0
ENG-00389,2024-10-01,0.8927910240165148,Critical,Logistic Regression,v1.0.0
ENG-00389,2024-11-01,0.9967845992686559,Critical,Logistic Regression,v1.0.0
ENG-00389,2024-12-01,0.9998190990414879,Critical,Logistic Regression,v1.0.0
ENG-00390,2024-01-01,0.10994935938725375,Low,Logistic Regression,v1.0.0
ENG-00390,2024-02-01,0.6144531180435555,Watch,Logistic Regression,v1.0.0
ENG-00390,2024-03-01,0.9887640550703856,Critical,Logistic Regression,v1.0.0
ENG-00390,2024-04-01,0.9973840734130378,Critical,Logistic Regression,v1.0.0
ENG-00391,2024-10-01,0.028534934214085764,Low,Logistic Regression,v1.0.0
ENG-00391,2024-11-01,0.0027553380645933163,Low,Logistic Regression,v1.0.0
ENG-00391,2024-12-01,0.08359726353123106,Low,Logistic Regression,v1.0.0
ENG-00391,2025-01-01,0.0016594334194196983,Low,Logistic Regression,v1.0.0
ENG-00391,2025-02-01,0.06221797181556777,Low,Logistic Regression,v1.0.0
ENG-00391,2025-03-01,0.08722631382066821,Low,Logistic Regression,v1.0.0
ENG-00391,2025-04-01,0.0063666009193554945,Low,Logistic Regression,v1.0.0
ENG-00391,2025-05-01,0.02620653441034776,Low,Logistic Regression,v1.0.0
ENG-00391,2025-06-01,0.014832791379211991,Low,Logistic Regression,v1.0.0
ENG-00391,2025-07-01,0.006643749927498707,Low,Logistic Regression,v1.0.0
ENG-00391,2025-08-01,0.0055252073759497885,Low,Logistic Regression,v1.0.0
ENG-00391,2025-09-01,0.006325081580122215,Low,Logistic Regression,v1.0.0
ENG-00392,2024-08-01,0.011374521628352811,Low,Logistic Regression,v1.0.0
ENG-00392,2024-09-01,0.002117896667002389,Low,Logistic Regression,v1.0.0
ENG-00392,2024-10-01,0.012431284882904863,Low,Logistic Regression,v1.0.0
ENG-00392,2024-11-01,0.022084651401422895,Low,Logistic Regression,v1.0.0
ENG-00392,2024-12-01,0.0031372269426652726,Low,Logistic Regression,v1.0.0
ENG-00392,2025-01-01,0.005613109097166533,Low,Logistic Regression,v1.0.0
ENG-00392,2025-02-01,0.0010556162125980614,Low,Logistic Regression,v1.0.0
ENG-00392,2025-03-01,0.07157312572454681,Low,Logistic Regression,v1.0.0
ENG-00392,2025-04-01,0.002342079977318277,Low,Logistic Regression,v1.0.0
ENG-00392,2025-05-01,0.0012757589457190815,Low,Logistic Regression,v1.0.0
ENG-00392,2025-06-01,0.00397061343574174,Low,Logistic Regression,v1.0.0
ENG-00392,2025-07-01,0.010375405220295515,Low,Logistic Regression,v1.0.0
ENG-00393,2026-06-01,0.9199362633674133,Critical,Logistic Regression,v1.0.0
ENG-00393,2026-07-01,0.9995504976379374,Critical,Logistic Regression,v1.0.0
ENG-00393,2026-08-01,0.9885655692828978,Critical,Logistic Regression,v1.0.0
ENG-00393,2026-09-01,0.999705242898802,Critical,Logistic Regression,v1.0.0
ENG-00394,2025-09-01,0.1011982234962839,Low,Logistic Regression,v1.0.0
ENG-00394,2025-10-01,0.9422365065552366,Critical,Logistic Regression,v1.0.0
ENG-00394,2025-11-01,0.9444010381294465,Critical,Logistic Regression,v1.0.0
ENG-00394,2025-12-01,0.9994703486056277,Critical,Logistic Regression,v1.0.0
ENG-00395,2026-07-01,0.14701647477768892,Low,Logistic Regression,v1.0.0
ENG-00395,2026-08-01,0.0064731214385644,Low,Logistic Regression,v1.0.0
ENG-00396,2026-06-01,0.06502308006956062,Low,Logistic Regression,v1.0.0
ENG-00396,2026-07-01,0.0011475490632060555,Low,Logistic Regression,v1.0.0
ENG-00396,2026-08-01,0.07815931747719243,Low,Logistic Regression,v1.0.0
ENG-00396,2026-09-01,0.023103289992678338,Low,Logistic Regression,v1.0.0
ENG-00396,2026-10-01,0.050337687829912874,Low,Logistic Regression,v1.0.0
ENG-00396,2026-11-01,0.37784931258916876,Watch,Logistic Regression,v1.0.0
ENG-00396,2026-12-01,0.15808642407358472,Low,Logistic Regression,v1.0.0
ENG-00396,2027-01-01,0.8422312927241128,Critical,Logistic Regression,v1.0.0
ENG-00396,2027-02-01,0.9668705309260174,Critical,Logistic Regression,v1.0.0
ENG-00397,2024-12-01,0.11107336084685018,Low,Logistic Regression,v1.0.0
ENG-00397,2025-01-01,0.41651762316682883,Watch,Logistic Regression,v1.0.0
ENG-00397,2025-02-01,0.06767559937686751,Low,Logistic Regression,v1.0.0
ENG-00397,2025-03-01,0.5070677906938977,Watch,Logistic Regression,v1.0.0
ENG-00397,2025-04-01,0.6278412542162229,Watch,Logistic Regression,v1.0.0
ENG-00397,2025-05-01,0.8295992563658041,Critical,Logistic Regression,v1.0.0
ENG-00397,2025-06-01,0.9942278144659361,Critical,Logistic Regression,v1.0.0
ENG-00397,2025-07-01,0.9955445242326816,Critical,Logistic Regression,v1.0.0
ENG-00398,2024-02-01,0.13518715458718916,Low,Logistic Regression,v1.0.0
ENG-00398,2024-03-01,0.8233121768294078,Critical,Logistic Regression,v1.0.0
ENG-00398,2024-04-01,0.9681435564639415,Critical,Logistic Regression,v1.0.0
ENG-00398,2024-05-01,0.9992308424857612,Critical,Logistic Regression,v1.0.0
ENG-00398,2024-06-01,0.9995236593393739,Critical,Logistic Regression,v1.0.0
ENG-00399,2025-07-01,0.15515866252277238,Low,Logistic Regression,v1.0.0
ENG-00399,2025-08-01,0.41561013304963607,Watch,Logistic Regression,v1.0.0
ENG-00399,2025-09-01,0.08569433812013035,Low,Logistic Regression,v1.0.0
ENG-00399,2025-10-01,0.12465639908543981,Low,Logistic Regression,v1.0.0
ENG-00399,2025-11-01,0.4274630158575058,Watch,Logistic Regression,v1.0.0
ENG-00399,2025-12-01,0.012594475410458128,Low,Logistic Regression,v1.0.0
ENG-00399,2026-01-01,0.13662106811107483,Low,Logistic Regression,v1.0.0
ENG-00399,2026-02-01,0.8194751873553839,Critical,Logistic Regression,v1.0.0
ENG-00399,2026-03-01,0.004713908006908234,Low,Logistic Regression,v1.0.0
ENG-00399,2026-04-01,0.13955873543761296,Low,Logistic Regression,v1.0.0
ENG-00399,2026-05-01,0.2735610936950857,Low,Logistic Regression,v1.0.0
ENG-00400,2026-04-01,0.3113071933764795,Low,Logistic Regression,v1.0.0
ENG-00400,2026-05-01,0.10135507088708706,Low,Logistic Regression,v1.0.0
ENG-00400,2026-06-01,0.6229117244759671,Watch,Logistic Regression,v1.0.0
ENG-00400,2026-07-01,0.07377196689442782,Low,Logistic Regression,v1.0.0
ENG-00400,2026-08-01,0.22791844268625838,Low,Logistic Regression,v1.0.0
ENG-00401,2024-04-01,0.2642175333659249,Low,Logistic Regression,v1.0.0
ENG-00401,2024-05-01,0.14302871303278206,Low,Logistic Regression,v1.0.0
ENG-00401,2024-06-01,0.08059166813955816,Low,Logistic Regression,v1.0.0
ENG-00401,2024-07-01,0.03449307732080897,Low,Logistic Regression,v1.0.0
ENG-00401,2024-08-01,0.5076105324003911,Watch,Logistic Regression,v1.0.0
ENG-00401,2024-09-01,0.04207215369036616,Low,Logistic Regression,v1.0.0
ENG-00401,2024-10-01,0.03876598949497164,Low,Logistic Regression,v1.0.0
ENG-00401,2024-11-01,0.13471512566899294,Low,Logistic Regression,v1.0.0
ENG-00401,2024-12-01,0.004781797594127159,Low,Logistic Regression,v1.0.0
ENG-00401,2025-01-01,0.18267947842508822,Low,Logistic Regression,v1.0.0
ENG-00401,2025-02-01,0.0023837687520908983,Low,Logistic Regression,v1.0.0
ENG-00401,2025-03-01,0.044415629421811105,Low,Logistic Regression,v1.0.0
ENG-00402,2025-11-01,0.05100046922119113,Low,Logistic Regression,v1.0.0
ENG-00402,2025-12-01,0.18715451226016716,Low,Logistic Regression,v1.0.0
ENG-00402,2026-01-01,0.0125495409212911,Low,Logistic Regression,v1.0.0
ENG-00402,2026-02-01,0.04306161401410925,Low,Logistic Regression,v1.0.0
ENG-00402,2026-03-01,0.0004060160949738334,Low,Logistic Regression,v1.0.0
ENG-00402,2026-04-01,0.7217505399229005,Critical,Logistic Regression,v1.0.0
ENG-00402,2026-05-01,0.011252333981125484,Low,Logistic Regression,v1.0.0
ENG-00402,2026-06-01,0.03167296756851608,Low,Logistic Regression,v1.0.0
ENG-00403,2026-02-01,0.0776099031523933,Low,Logistic Regression,v1.0.0
ENG-00403,2026-03-01,0.5676097883760418,Watch,Logistic Regression,v1.0.0
ENG-00403,2026-04-01,0.0005611328565863173,Low,Logistic Regression,v1.0.0
ENG-00403,2026-05-01,0.5531637142613984,Watch,Logistic Regression,v1.0.0
ENG-00403,2026-06-01,0.03839331313234986,Low,Logistic Regression,v1.0.0
ENG-00403,2026-07-01,0.5818922535062595,Watch,Logistic Regression,v1.0.0
ENG-00403,2026-08-01,0.01216399888149259,Low,Logistic Regression,v1.0.0
ENG-00404,2025-06-01,0.008540750000714649,Low,Logistic Regression,v1.0.0
ENG-00404,2025-07-01,0.10388214962479707,Low,Logistic Regression,v1.0.0
ENG-00404,2025-08-01,0.24220621468081105,Low,Logistic Regression,v1.0.0
ENG-00404,2025-09-01,0.0060095809258583245,Low,Logistic Regression,v1.0.0
ENG-00404,2025-10-01,0.02297447716785337,Low,Logistic Regression,v1.0.0
ENG-00404,2025-11-01,0.139444144013491,Low,Logistic Regression,v1.0.0
ENG-00404,2025-12-01,0.004334161209144814,Low,Logistic Regression,v1.0.0
ENG-00405,2025-01-01,0.21293893780632092,Low,Logistic Regression,v1.0.0
ENG-00405,2025-02-01,0.5861664759485034,Watch,Logistic Regression,v1.0.0
ENG-00405,2025-03-01,0.3395881759673229,Low,Logistic Regression,v1.0.0
ENG-00405,2025-04-01,0.42157290830236216,Watch,Logistic Regression,v1.0.0
ENG-00405,2025-05-01,0.5267569830767456,Watch,Logistic Regression,v1.0.0
ENG-00405,2025-06-01,0.6632793888330012,Critical,Logistic Regression,v1.0.0
ENG-00405,2025-07-01,0.16722453973237103,Low,Logistic Regression,v1.0.0
ENG-00406,2025-06-01,0.5821189765367537,Watch,Logistic Regression,v1.0.0
ENG-00406,2025-07-01,0.8032221491706675,Critical,Logistic Regression,v1.0.0
ENG-00406,2025-08-01,0.7276229185905746,Critical,Logistic Regression,v1.0.0
ENG-00406,2025-09-01,0.962487726966685,Critical,Logistic Regression,v1.0.0
ENG-00406,2025-10-01,0.04091595851665376,Low,Logistic Regression,v1.0.0
ENG-00406,2025-11-01,0.9129038498090283,Critical,Logistic Regression,v1.0.0
ENG-00406,2025-12-01,0.33386840611510266,Low,Logistic Regression,v1.0.0
ENG-00406,2026-01-01,0.4676704229524787,Watch,Logistic Regression,v1.0.0
ENG-00406,2026-02-01,0.41921762360315007,Watch,Logistic Regression,v1.0.0
ENG-00406,2026-03-01,0.570476964965612,Watch,Logistic Regression,v1.0.0
ENG-00406,2026-04-01,0.5995728203114533,Watch,Logistic Regression,v1.0.0
ENG-00406,2026-05-01,0.3849789910219026,Watch,Logistic Regression,v1.0.0
ENG-00407,2025-02-01,0.19169116973581773,Low,Logistic Regression,v1.0.0
ENG-00407,2025-03-01,0.02101786060542513,Low,Logistic Regression,v1.0.0
ENG-00407,2025-04-01,0.11233515148581204,Low,Logistic Regression,v1.0.0
ENG-00407,2025-05-01,0.10571974419376318,Low,Logistic Regression,v1.0.0
ENG-00407,2025-06-01,0.0421663778725564,Low,Logistic Regression,v1.0.0
ENG-00407,2025-07-01,0.12520900601267965,Low,Logistic Regression,v1.0.0
ENG-00407,2025-08-01,0.2024396656912287,Low,Logistic Regression,v1.0.0
ENG-00407,2025-09-01,0.339652270113571,Low,Logistic Regression,v1.0.0
ENG-00407,2025-10-01,0.18415550101056208,Low,Logistic Regression,v1.0.0
ENG-00407,2025-11-01,0.009589635887017231,Low,Logistic Regression,v1.0.0
ENG-00407,2025-12-01,0.07751005243457766,Low,Logistic Regression,v1.0.0
ENG-00407,2026-01-01,0.008269951689666951,Low,Logistic Regression,v1.0.0
ENG-00407,2026-02-01,0.012960277269772247,Low,Logistic Regression,v1.0.0
ENG-00408,2026-02-01,0.017453308932661494,Low,Logistic Regression,v1.0.0
ENG-00408,2026-03-01,0.011963856918114996,Low,Logistic Regression,v1.0.0
ENG-00408,2026-04-01,0.01918826513179729,Low,Logistic Regression,v1.0.0
ENG-00408,2026-05-01,0.028328004051673874,Low,Logistic Regression,v1.0.0
ENG-00408,2026-06-01,0.013839495445640428,Low,Logistic Regression,v1.0.0
ENG-00408,2026-07-01,0.018439519790320043,Low,Logistic Regression,v1.0.0
ENG-00408,2026-08-01,0.005537989385560437,Low,Logistic Regression,v1.0.0
ENG-00409,2025-11-01,0.02480456874807442,Low,Logistic Regression,v1.0.0
ENG-00409,2025-12-01,0.020963273886277504,Low,Logistic Regression,v1.0.0
ENG-00409,2026-01-01,0.8903010207578063,Critical,Logistic Regression,v1.0.0
ENG-00409,2026-02-01,0.053374977475183875,Low,Logistic Regression,v1.0.0
ENG-00409,2026-03-01,0.8900380735611337,Critical,Logistic Regression,v1.0.0
ENG-00409,2026-04-01,0.9962391379180789,Critical,Logistic Regression,v1.0.0
ENG-00410,2024-04-01,0.04490548194511298,Low,Logistic Regression,v1.0.0
ENG-00410,2024-05-01,0.023380983577158242,Low,Logistic Regression,v1.0.0
ENG-00410,2024-06-01,0.017928388631895966,Low,Logistic Regression,v1.0.0
ENG-00410,2024-07-01,0.1678489681544849,Low,Logistic Regression,v1.0.0
ENG-00410,2024-08-01,0.030095756878260438,Low,Logistic Regression,v1.0.0
ENG-00410,2024-09-01,0.0745784787045288,Low,Logistic Regression,v1.0.0
ENG-00410,2024-10-01,0.0008176985826107192,Low,Logistic Regression,v1.0.0
ENG-00411,2025-05-01,0.01556543417896368,Low,Logistic Regression,v1.0.0
ENG-00411,2025-06-01,0.034297868473824586,Low,Logistic Regression,v1.0.0
ENG-00411,2025-07-01,0.025946930017272742,Low,Logistic Regression,v1.0.0
ENG-00411,2025-08-01,0.023258407290642172,Low,Logistic Regression,v1.0.0
ENG-00411,2025-09-01,0.16479915237294115,Low,Logistic Regression,v1.0.0
ENG-00411,2025-10-01,0.009212019914807185,Low,Logistic Regression,v1.0.0
ENG-00411,2025-11-01,0.025505793491313388,Low,Logistic Regression,v1.0.0
ENG-00412,2024-09-01,0.2937968820996182,Low,Logistic Regression,v1.0.0
ENG-00412,2024-10-01,0.2599740552563551,Low,Logistic Regression,v1.0.0
ENG-00412,2024-11-01,0.2964182390565574,Low,Logistic Regression,v1.0.0
ENG-00412,2024-12-01,0.9598250680639567,Critical,Logistic Regression,v1.0.0
ENG-00412,2025-01-01,0.9346529172140455,Critical,Logistic Regression,v1.0.0
ENG-00412,2025-02-01,0.9760310103386715,Critical,Logistic Regression,v1.0.0
ENG-00412,2025-03-01,0.9949323674229009,Critical,Logistic Regression,v1.0.0
ENG-00413,2026-07-01,0.25273645870929373,Low,Logistic Regression,v1.0.0
ENG-00413,2026-08-01,0.12422691446273479,Low,Logistic Regression,v1.0.0
ENG-00414,2025-08-01,0.04564644449640216,Low,Logistic Regression,v1.0.0
ENG-00414,2025-09-01,0.30333204441484996,Low,Logistic Regression,v1.0.0
ENG-00414,2025-10-01,0.03761597464939918,Low,Logistic Regression,v1.0.0
ENG-00414,2025-11-01,0.2068478710907651,Low,Logistic Regression,v1.0.0
ENG-00414,2025-12-01,0.09636369352394124,Low,Logistic Regression,v1.0.0
ENG-00414,2026-01-01,0.24140799127359758,Low,Logistic Regression,v1.0.0
ENG-00414,2026-02-01,0.2611563845340869,Low,Logistic Regression,v1.0.0
ENG-00415,2024-02-01,0.14065451942808307,Low,Logistic Regression,v1.0.0
ENG-00415,2024-03-01,0.004481699729118955,Low,Logistic Regression,v1.0.0
ENG-00415,2024-04-01,0.021147264206685903,Low,Logistic Regression,v1.0.0
ENG-00415,2024-05-01,0.07957237917961704,Low,Logistic Regression,v1.0.0
ENG-00415,2024-06-01,0.09079118556447886,Low,Logistic Regression,v1.0.0
ENG-00415,2024-07-01,0.009086189887288636,Low,Logistic Regression,v1.0.0
ENG-00415,2024-08-01,0.06489675688256578,Low,Logistic Regression,v1.0.0
ENG-00415,2024-09-01,0.01013033217384734,Low,Logistic Regression,v1.0.0
ENG-00415,2024-10-01,0.03261457988366206,Low,Logistic Regression,v1.0.0
ENG-00416,2024-10-01,0.0709982409765835,Low,Logistic Regression,v1.0.0
ENG-00416,2024-11-01,0.012271177207991198,Low,Logistic Regression,v1.0.0
ENG-00416,2024-12-01,0.9085799519808085,Critical,Logistic Regression,v1.0.0
ENG-00416,2025-01-01,0.10405358334400491,Low,Logistic Regression,v1.0.0
ENG-00416,2025-02-01,0.8415489860927394,Critical,Logistic Regression,v1.0.0
ENG-00416,2025-03-01,0.16022714392787127,Low,Logistic Regression,v1.0.0
ENG-00416,2025-04-01,0.14049536259982706,Low,Logistic Regression,v1.0.0
ENG-00417,2025-07-01,0.6186731332893876,Watch,Logistic Regression,v1.0.0
ENG-00417,2025-08-01,0.4744159234018971,Watch,Logistic Regression,v1.0.0
ENG-00417,2025-09-01,0.8723902746845932,Critical,Logistic Regression,v1.0.0
ENG-00417,2025-10-01,0.03891690416575408,Low,Logistic Regression,v1.0.0
ENG-00417,2025-11-01,0.9078313268068523,Critical,Logistic Regression,v1.0.0
ENG-00417,2025-12-01,0.7017877774534708,Critical,Logistic Regression,v1.0.0
ENG-00417,2026-01-01,0.30314218466747744,Low,Logistic Regression,v1.0.0
ENG-00417,2026-02-01,0.10796839187913171,Low,Logistic Regression,v1.0.0
ENG-00418,2025-08-01,0.9370115525776042,Critical,Logistic Regression,v1.0.0
ENG-00418,2025-09-01,0.5528846553045453,Watch,Logistic Regression,v1.0.0
ENG-00418,2025-10-01,0.958666509684884,Critical,Logistic Regression,v1.0.0
ENG-00418,2025-11-01,0.873592239198558,Critical,Logistic Regression,v1.0.0
ENG-00418,2025-12-01,0.679769817251068,Critical,Logistic Regression,v1.0.0
ENG-00418,2026-01-01,0.9687085089674479,Critical,Logistic Regression,v1.0.0
ENG-00418,2026-02-01,0.7244318244999163,Critical,Logistic Regression,v1.0.0
ENG-00418,2026-03-01,0.7840043052662108,Critical,Logistic Regression,v1.0.0
ENG-00418,2026-04-01,0.8750203744016226,Critical,Logistic Regression,v1.0.0
ENG-00418,2026-05-01,0.7867866407515138,Critical,Logistic Regression,v1.0.0
ENG-00418,2026-06-01,0.8600095295021829,Critical,Logistic Regression,v1.0.0
ENG-00418,2026-07-01,0.7204768035423953,Critical,Logistic Regression,v1.0.0
ENG-00419,2024-03-01,0.23793139512149286,Low,Logistic Regression,v1.0.0
ENG-00419,2024-04-01,0.359601017316409,Watch,Logistic Regression,v1.0.0
ENG-00419,2024-05-01,0.034381654222201956,Low,Logistic Regression,v1.0.0
ENG-00419,2024-06-01,0.07252502242535586,Low,Logistic Regression,v1.0.0
ENG-00419,2024-07-01,0.09280150593349366,Low,Logistic Regression,v1.0.0
ENG-00419,2024-08-01,0.06384135444281988,Low,Logistic Regression,v1.0.0
ENG-00419,2024-09-01,0.07510944746490907,Low,Logistic Regression,v1.0.0
ENG-00420,2026-01-01,0.4623778312920303,Watch,Logistic Regression,v1.0.0
ENG-00420,2026-02-01,0.9854752664567707,Critical,Logistic Regression,v1.0.0
ENG-00420,2026-03-01,0.9996038275560954,Critical,Logistic Regression,v1.0.0
ENG-00420,2026-04-01,0.9919535559118701,Critical,Logistic Regression,v1.0.0
ENG-00421,2024-11-01,0.01876543880580872,Low,Logistic Regression,v1.0.0
ENG-00421,2024-12-01,0.04531554654848011,Low,Logistic Regression,v1.0.0
ENG-00421,2025-01-01,0.021831738491050665,Low,Logistic Regression,v1.0.0
ENG-00421,2025-02-01,0.6199709861081396,Watch,Logistic Regression,v1.0.0
ENG-00421,2025-03-01,0.810331545311619,Critical,Logistic Regression,v1.0.0
ENG-00421,2025-04-01,0.9432664384379267,Critical,Logistic Regression,v1.0.0
ENG-00421,2025-05-01,0.8798431379034483,Critical,Logistic Regression,v1.0.0
ENG-00422,2025-07-01,0.11917576136985397,Low,Logistic Regression,v1.0.0
ENG-00422,2025-08-01,0.020384541803561588,Low,Logistic Regression,v1.0.0
ENG-00422,2025-09-01,0.801056715368228,Critical,Logistic Regression,v1.0.0
ENG-00422,2025-10-01,0.0016876292375581478,Low,Logistic Regression,v1.0.0
ENG-00422,2025-11-01,0.0034372493258343377,Low,Logistic Regression,v1.0.0
ENG-00422,2025-12-01,0.2906095799702234,Low,Logistic Regression,v1.0.0
ENG-00422,2026-01-01,0.0971792739080496,Low,Logistic Regression,v1.0.0
ENG-00422,2026-02-01,0.10575605792968407,Low,Logistic Regression,v1.0.0
ENG-00422,2026-03-01,0.014643506478185374,Low,Logistic Regression,v1.0.0
ENG-00422,2026-04-01,0.012896139202018911,Low,Logistic Regression,v1.0.0
ENG-00422,2026-05-01,0.010035454042016462,Low,Logistic Regression,v1.0.0
ENG-00422,2026-06-01,0.022450575810677605,Low,Logistic Regression,v1.0.0
ENG-00422,2026-07-01,0.03984208176646357,Low,Logistic Regression,v1.0.0
ENG-00423,2025-08-01,0.09607109881319964,Low,Logistic Regression,v1.0.0
ENG-00423,2025-09-01,0.06773842724770437,Low,Logistic Regression,v1.0.0
ENG-00423,2025-10-01,0.3474455241458176,Low,Logistic Regression,v1.0.0
ENG-00423,2025-11-01,0.023365054867267625,Low,Logistic Regression,v1.0.0
ENG-00423,2025-12-01,0.46428544486503803,Watch,Logistic Regression,v1.0.0
ENG-00423,2026-01-01,0.05575861040544485,Low,Logistic Regression,v1.0.0
ENG-00423,2026-02-01,0.35520448305779345,Watch,Logistic Regression,v1.0.0
ENG-00423,2026-03-01,0.30320037737217603,Low,Logistic Regression,v1.0.0
ENG-00423,2026-04-01,0.2954866010261491,Low,Logistic Regression,v1.0.0
ENG-00424,2024-03-01,0.019241340932987707,Low,Logistic Regression,v1.0.0
ENG-00424,2024-04-01,0.1810899030585569,Low,Logistic Regression,v1.0.0
ENG-00424,2024-05-01,0.9844691748750672,Critical,Logistic Regression,v1.0.0
ENG-00424,2024-06-01,0.9984093332026925,Critical,Logistic Regression,v1.0.0
ENG-00425,2025-03-01,0.19459038854253652,Low,Logistic Regression,v1.0.0
ENG-00425,2025-04-01,0.09328769581633804,Low,Logistic Regression,v1.0.0
ENG-00425,2025-05-01,0.4785057427249702,Watch,Logistic Regression,v1.0.0
ENG-00425,2025-06-01,0.032835021349656185,Low,Logistic Regression,v1.0.0
ENG-00425,2025-07-01,0.30259342486345536,Low,Logistic Regression,v1.0.0
ENG-00425,2025-08-01,0.3729559029040654,Watch,Logistic Regression,v1.0.0
ENG-00425,2025-09-01,0.19683428448800683,Low,Logistic Regression,v1.0.0
ENG-00425,2025-10-01,0.10707059031922408,Low,Logistic Regression,v1.0.0
ENG-00425,2025-11-01,0.19674644502909394,Low,Logistic Regression,v1.0.0
ENG-00426,2025-12-01,0.012135730799837558,Low,Logistic Regression,v1.0.0
ENG-00426,2026-01-01,0.03650353605840396,Low,Logistic Regression,v1.0.0
ENG-00426,2026-02-01,0.06650507754038607,Low,Logistic Regression,v1.0.0
ENG-00426,2026-03-01,0.04281127409614457,Low,Logistic Regression,v1.0.0
ENG-00426,2026-04-01,0.02116682444864057,Low,Logistic Regression,v1.0.0
ENG-00426,2026-05-01,0.006548502004658313,Low,Logistic Regression,v1.0.0
ENG-00426,2026-06-01,0.07663118064671134,Low,Logistic Regression,v1.0.0
ENG-00426,2026-07-01,0.022844676208544107,Low,Logistic Regression,v1.0.0
ENG-00426,2026-08-01,0.02032783388930239,Low,Logistic Regression,v1.0.0
ENG-00427,2025-04-01,0.7986558037311757,Critical,Logistic Regression,v1.0.0
ENG-00427,2025-05-01,0.7072714841073438,Critical,Logistic Regression,v1.0.0
ENG-00427,2025-06-01,0.7547611229286524,Critical,Logistic Regression,v1.0.0
ENG-00427,2025-07-01,0.05247048166347614,Low,Logistic Regression,v1.0.0
ENG-00427,2025-08-01,0.6122271058134965,Watch,Logistic Regression,v1.0.0
ENG-00427,2025-09-01,0.822003669083491,Critical,Logistic Regression,v1.0.0
ENG-00427,2025-10-01,0.6615871405207558,Critical,Logistic Regression,v1.0.0
ENG-00427,2025-11-01,0.05652291987604398,Low,Logistic Regression,v1.0.0
ENG-00427,2025-12-01,0.6502381501748253,Critical,Logistic Regression,v1.0.0
ENG-00428,2026-02-01,0.3243659608852553,Low,Logistic Regression,v1.0.0
ENG-00428,2026-03-01,0.18120137145930076,Low,Logistic Regression,v1.0.0
ENG-00428,2026-04-01,0.6313594323993774,Watch,Logistic Regression,v1.0.0
ENG-00428,2026-05-01,0.1657845754896659,Low,Logistic Regression,v1.0.0
ENG-00428,2026-06-01,0.09372521967177137,Low,Logistic Regression,v1.0.0
ENG-00428,2026-07-01,0.18444171899790038,Low,Logistic Regression,v1.0.0
ENG-00428,2026-08-01,0.9651524524384812,Critical,Logistic Regression,v1.0.0
ENG-00428,2026-09-01,0.9432506003664828,Critical,Logistic Regression,v1.0.0
ENG-00428,2026-10-01,0.9932238745522186,Critical,Logistic Regression,v1.0.0
ENG-00428,2026-11-01,0.9448259149656386,Critical,Logistic Regression,v1.0.0
ENG-00429,2025-12-01,0.0066548043191692425,Low,Logistic Regression,v1.0.0
ENG-00429,2026-01-01,0.02340270063363036,Low,Logistic Regression,v1.0.0
ENG-00429,2026-02-01,0.002742777644266344,Low,Logistic Regression,v1.0.0
ENG-00429,2026-03-01,0.18926148216885674,Low,Logistic Regression,v1.0.0
ENG-00429,2026-04-01,0.0047505263056103935,Low,Logistic Regression,v1.0.0
ENG-00429,2026-05-01,0.018547820585836934,Low,Logistic Regression,v1.0.0
ENG-00429,2026-06-01,0.0012863680407070636,Low,Logistic Regression,v1.0.0
ENG-00429,2026-07-01,0.014957068154203982,Low,Logistic Regression,v1.0.0
ENG-00429,2026-08-01,0.011226349417442452,Low,Logistic Regression,v1.0.0
ENG-00430,2024-12-01,0.2569827845841785,Low,Logistic Regression,v1.0.0
ENG-00430,2025-01-01,0.6339944952146558,Watch,Logistic Regression,v1.0.0
ENG-00430,2025-02-01,0.8330898238204575,Critical,Logistic Regression,v1.0.0
ENG-00430,2025-03-01,0.9739876490130635,Critical,Logistic Regression,v1.0.0
ENG-00431,2024-01-01,0.05095158743998249,Low,Logistic Regression,v1.0.0
ENG-00431,2024-02-01,0.024759682651618157,Low,Logistic Regression,v1.0.0
ENG-00431,2024-03-01,0.4562660299417822,Watch,Logistic Regression,v1.0.0
ENG-00431,2024-04-01,0.01615164063041775,Low,Logistic Regression,v1.0.0
ENG-00431,2024-05-01,0.13905092466314894,Low,Logistic Regression,v1.0.0
ENG-00431,2024-06-01,0.016622787894379085,Low,Logistic Regression,v1.0.0
ENG-00431,2024-07-01,0.36255756220233465,Watch,Logistic Regression,v1.0.0
ENG-00431,2024-08-01,0.007469883879673938,Low,Logistic Regression,v1.0.0
ENG-00431,2024-09-01,0.050944963462196347,Low,Logistic Regression,v1.0.0
ENG-00431,2024-10-01,0.03762994035191576,Low,Logistic Regression,v1.0.0
ENG-00431,2024-11-01,0.044223605826483076,Low,Logistic Regression,v1.0.0
ENG-00431,2024-12-01,0.1894856289564495,Low,Logistic Regression,v1.0.0
ENG-00432,2026-06-01,0.42171908513471934,Watch,Logistic Regression,v1.0.0
ENG-00432,2026-07-01,0.17266069885293908,Low,Logistic Regression,v1.0.0
ENG-00432,2026-08-01,0.22113631321614982,Low,Logistic Regression,v1.0.0
ENG-00433,2025-12-01,0.007984802963727155,Low,Logistic Regression,v1.0.0
ENG-00433,2026-01-01,0.0127792482379883,Low,Logistic Regression,v1.0.0
ENG-00433,2026-02-01,0.08535489621571854,Low,Logistic Regression,v1.0.0
ENG-00433,2026-03-01,0.016900039724816723,Low,Logistic Regression,v1.0.0
ENG-00433,2026-04-01,0.004055503250563487,Low,Logistic Regression,v1.0.0
ENG-00433,2026-05-01,0.004421656212253653,Low,Logistic Regression,v1.0.0
ENG-00433,2026-06-01,0.006552705611018192,Low,Logistic Regression,v1.0.0
ENG-00433,2026-07-01,0.00802357991407948,Low,Logistic Regression,v1.0.0
ENG-00434,2026-08-01,0.9266056554780214,Critical,Logistic Regression,v1.0.0
ENG-00435,2025-07-01,0.18823779753419848,Low,Logistic Regression,v1.0.0
ENG-00435,2025-08-01,0.12243662608110445,Low,Logistic Regression,v1.0.0
ENG-00435,2025-09-01,0.7555945718088246,Critical,Logistic Regression,v1.0.0
ENG-00435,2025-10-01,0.21796661090035538,Low,Logistic Regression,v1.0.0
ENG-00435,2025-11-01,0.7600183840808378,Critical,Logistic Regression,v1.0.0
ENG-00435,2025-12-01,0.23186984118866405,Low,Logistic Regression,v1.0.0
ENG-00435,2026-01-01,0.3174021515547041,Low,Logistic Regression,v1.0.0
ENG-00435,2026-02-01,0.057663196494832196,Low,Logistic Regression,v1.0.0
ENG-00435,2026-03-01,0.09480567127527981,Low,Logistic Regression,v1.0.0
ENG-00435,2026-04-01,0.08072297661014657,Low,Logistic Regression,v1.0.0
ENG-00435,2026-05-01,0.29211384750011254,Low,Logistic Regression,v1.0.0
ENG-00435,2026-06-01,0.019603672326796898,Low,Logistic Regression,v1.0.0
ENG-00435,2026-07-01,0.6380910700863789,Watch,Logistic Regression,v1.0.0
ENG-00436,2026-02-01,0.32997195217362973,Low,Logistic Regression,v1.0.0
ENG-00436,2026-03-01,0.3571307554889773,Watch,Logistic Regression,v1.0.0
ENG-00436,2026-04-01,0.1936783644823287,Low,Logistic Regression,v1.0.0
ENG-00436,2026-05-01,0.311418944854079,Low,Logistic Regression,v1.0.0
ENG-00436,2026-06-01,0.5748801883652904,Watch,Logistic Regression,v1.0.0
ENG-00436,2026-07-01,0.20922584496896773,Low,Logistic Regression,v1.0.0
ENG-00436,2026-08-01,0.7352616701626908,Critical,Logistic Regression,v1.0.0
ENG-00437,2024-08-01,0.06228463931887991,Low,Logistic Regression,v1.0.0
ENG-00437,2024-09-01,0.20365781184026854,Low,Logistic Regression,v1.0.0
ENG-00437,2024-10-01,0.014753299267861937,Low,Logistic Regression,v1.0.0
ENG-00437,2024-11-01,0.08704655172076385,Low,Logistic Regression,v1.0.0
ENG-00437,2024-12-01,0.025818115108501974,Low,Logistic Regression,v1.0.0
ENG-00437,2025-01-01,0.021744298828982333,Low,Logistic Regression,v1.0.0
ENG-00437,2025-02-01,0.6147683890840077,Watch,Logistic Regression,v1.0.0
ENG-00438,2026-02-01,0.1624976767923953,Low,Logistic Regression,v1.0.0
ENG-00438,2026-03-01,0.06679545999562071,Low,Logistic Regression,v1.0.0
ENG-00438,2026-04-01,0.04062397388946423,Low,Logistic Regression,v1.0.0
ENG-00438,2026-05-01,0.032639451231994215,Low,Logistic Regression,v1.0.0
ENG-00438,2026-06-01,0.1391608172342966,Low,Logistic Regression,v1.0.0
ENG-00438,2026-07-01,0.0158003334399179,Low,Logistic Regression,v1.0.0
ENG-00438,2026-08-01,0.13083560251735177,Low,Logistic Regression,v1.0.0
ENG-00439,2025-04-01,0.018675605364380832,Low,Logistic Regression,v1.0.0
ENG-00439,2025-05-01,0.007311943615071495,Low,Logistic Regression,v1.0.0
ENG-00439,2025-06-01,0.006083325699178155,Low,Logistic Regression,v1.0.0
ENG-00439,2025-07-01,0.04253340839644218,Low,Logistic Regression,v1.0.0
ENG-00439,2025-08-01,0.011635330150931619,Low,Logistic Regression,v1.0.0
ENG-00439,2025-09-01,0.001280490721328393,Low,Logistic Regression,v1.0.0
ENG-00439,2025-10-01,0.051403972112196,Low,Logistic Regression,v1.0.0
ENG-00439,2025-11-01,0.0006005870008124813,Low,Logistic Regression,v1.0.0
ENG-00439,2025-12-01,0.010094899161580212,Low,Logistic Regression,v1.0.0
ENG-00439,2026-01-01,0.006364288419580552,Low,Logistic Regression,v1.0.0
ENG-00439,2026-02-01,0.005535480811779403,Low,Logistic Regression,v1.0.0
ENG-00439,2026-03-01,0.0082890864327927,Low,Logistic Regression,v1.0.0
ENG-00440,2025-01-01,0.003316194104126805,Low,Logistic Regression,v1.0.0
ENG-00440,2025-02-01,0.010366901824295529,Low,Logistic Regression,v1.0.0
ENG-00440,2025-03-01,0.01320697361645218,Low,Logistic Regression,v1.0.0
ENG-00440,2025-04-01,0.012947940699868536,Low,Logistic Regression,v1.0.0
ENG-00440,2025-05-01,0.0005846695728678405,Low,Logistic Regression,v1.0.0
ENG-00440,2025-06-01,0.009996447548237138,Low,Logistic Regression,v1.0.0
ENG-00440,2025-07-01,0.005495723919325014,Low,Logistic Regression,v1.0.0
ENG-00441,2025-07-01,0.12031031114371064,Low,Logistic Regression,v1.0.0
ENG-00441,2025-08-01,0.16611436073601654,Low,Logistic Regression,v1.0.0
ENG-00441,2025-09-01,0.03828976881109435,Low,Logistic Regression,v1.0.0
ENG-00441,2025-10-01,0.9725398754746165,Critical,Logistic Regression,v1.0.0
ENG-00441,2025-11-01,0.026811999561898142,Low,Logistic Regression,v1.0.0
ENG-00441,2025-12-01,0.07604735720181208,Low,Logistic Regression,v1.0.0
ENG-00441,2026-01-01,0.2498872138149998,Low,Logistic Regression,v1.0.0
ENG-00441,2026-02-01,0.16749341917878344,Low,Logistic Regression,v1.0.0
ENG-00441,2026-03-01,0.20672796910420552,Low,Logistic Regression,v1.0.0
ENG-00441,2026-04-01,0.04980848505850351,Low,Logistic Regression,v1.0.0
ENG-00441,2026-05-01,0.14060929559496038,Low,Logistic Regression,v1.0.0
ENG-00441,2026-06-01,0.03826928234896301,Low,Logistic Regression,v1.0.0
ENG-00442,2024-02-01,0.03525746119358292,Low,Logistic Regression,v1.0.0
ENG-00442,2024-03-01,0.006182688388375375,Low,Logistic Regression,v1.0.0
ENG-00442,2024-04-01,0.01171103830502975,Low,Logistic Regression,v1.0.0
ENG-00442,2024-05-01,0.0028486518508182112,Low,Logistic Regression,v1.0.0
ENG-00442,2024-06-01,0.06423508122284892,Low,Logistic Regression,v1.0.0
ENG-00442,2024-07-01,0.002478836923935358,Low,Logistic Regression,v1.0.0
ENG-00442,2024-08-01,0.0036248465799663294,Low,Logistic Regression,v1.0.0
ENG-00442,2024-09-01,0.03374630322705205,Low,Logistic Regression,v1.0.0
ENG-00442,2024-10-01,0.009654024700143813,Low,Logistic Regression,v1.0.0
ENG-00443,2025-09-01,0.4016572139059334,Watch,Logistic Regression,v1.0.0
ENG-00443,2025-10-01,0.6210852045682714,Watch,Logistic Regression,v1.0.0
ENG-00443,2025-11-01,0.11319165842351034,Low,Logistic Regression,v1.0.0
ENG-00443,2025-12-01,0.019537598530622938,Low,Logistic Regression,v1.0.0
ENG-00443,2026-01-01,0.5090925496517732,Watch,Logistic Regression,v1.0.0
ENG-00443,2026-02-01,0.08175430271854565,Low,Logistic Regression,v1.0.0
ENG-00443,2026-03-01,0.2119236452567423,Low,Logistic Regression,v1.0.0
ENG-00444,2024-12-01,0.011847643802199138,Low,Logistic Regression,v1.0.0
ENG-00444,2025-01-01,0.06502926484288483,Low,Logistic Regression,v1.0.0
ENG-00444,2025-02-01,0.02752454065243602,Low,Logistic Regression,v1.0.0
ENG-00444,2025-03-01,0.02718683283512734,Low,Logistic Regression,v1.0.0
ENG-00444,2025-04-01,0.006659481223183589,Low,Logistic Regression,v1.0.0
ENG-00444,2025-05-01,0.024239711453793243,Low,Logistic Regression,v1.0.0
ENG-00444,2025-06-01,0.0010959260201474856,Low,Logistic Regression,v1.0.0
ENG-00444,2025-07-01,0.16588869215099147,Low,Logistic Regression,v1.0.0
ENG-00444,2025-08-01,0.003705388311667197,Low,Logistic Regression,v1.0.0
ENG-00444,2025-09-01,0.028189045878110906,Low,Logistic Regression,v1.0.0
ENG-00444,2025-10-01,0.00031838517544141185,Low,Logistic Regression,v1.0.0
ENG-00444,2025-11-01,0.11027980847579733,Low,Logistic Regression,v1.0.0
ENG-00445,2026-06-01,0.016633439794839184,Low,Logistic Regression,v1.0.0
ENG-00445,2026-07-01,0.05097835168536064,Low,Logistic Regression,v1.0.0
ENG-00445,2026-08-01,0.0016098288628235164,Low,Logistic Regression,v1.0.0
ENG-00446,2025-10-01,0.4643012583779021,Watch,Logistic Regression,v1.0.0
ENG-00446,2025-11-01,0.27531211356766583,Low,Logistic Regression,v1.0.0
ENG-00446,2025-12-01,0.9801369487718388,Critical,Logistic Regression,v1.0.0
ENG-00446,2026-01-01,0.9911773403600086,Critical,Logistic Regression,v1.0.0
ENG-00447,2025-11-01,0.03177099745763521,Low,Logistic Regression,v1.0.0
ENG-00447,2025-12-01,0.04799018610118453,Low,Logistic Regression,v1.0.0
ENG-00447,2026-01-01,0.04539613144752429,Low,Logistic Regression,v1.0.0
ENG-00447,2026-02-01,0.07323272998094882,Low,Logistic Regression,v1.0.0
ENG-00447,2026-03-01,0.0045856808898923395,Low,Logistic Regression,v1.0.0
ENG-00447,2026-04-01,0.22193143692958286,Low,Logistic Regression,v1.0.0
ENG-00447,2026-05-01,0.03579696156268343,Low,Logistic Regression,v1.0.0
ENG-00448,2025-10-01,0.13774540515746295,Low,Logistic Regression,v1.0.0
ENG-00448,2025-11-01,0.13573739350859615,Low,Logistic Regression,v1.0.0
ENG-00448,2025-12-01,0.0296470684303327,Low,Logistic Regression,v1.0.0
ENG-00448,2026-01-01,0.27699558156168835,Low,Logistic Regression,v1.0.0
ENG-00448,2026-02-01,0.008499754285561345,Low,Logistic Regression,v1.0.0
ENG-00448,2026-03-01,0.44719109045508393,Watch,Logistic Regression,v1.0.0
ENG-00448,2026-04-01,0.0032008787253857956,Low,Logistic Regression,v1.0.0
ENG-00449,2026-06-01,0.08133124706915446,Low,Logistic Regression,v1.0.0
ENG-00449,2026-07-01,0.0193038711197281,Low,Logistic Regression,v1.0.0
ENG-00449,2026-08-01,0.010436086381731538,Low,Logistic Regression,v1.0.0
ENG-00450,2025-05-01,0.5779552515107066,Watch,Logistic Regression,v1.0.0
ENG-00450,2025-06-01,0.5617291260589661,Watch,Logistic Regression,v1.0.0
ENG-00450,2025-07-01,0.4338465532759376,Watch,Logistic Regression,v1.0.0
ENG-00450,2025-08-01,0.27521679336021965,Low,Logistic Regression,v1.0.0
ENG-00450,2025-09-01,0.4344576498538353,Watch,Logistic Regression,v1.0.0
ENG-00450,2025-10-01,0.9359215524618654,Critical,Logistic Regression,v1.0.0
ENG-00450,2025-11-01,0.984434392886669,Critical,Logistic Regression,v1.0.0
ENG-00450,2025-12-01,0.9255015483069419,Critical,Logistic Regression,v1.0.0
ENG-00450,2026-01-01,0.9934995989876971,Critical,Logistic Regression,v1.0.0
ENG-00451,2025-06-01,0.0756931049561396,Low,Logistic Regression,v1.0.0
ENG-00451,2025-07-01,0.8133317952532072,Critical,Logistic Regression,v1.0.0
ENG-00451,2025-08-01,0.3854803438869462,Watch,Logistic Regression,v1.0.0
ENG-00451,2025-09-01,0.9875364812573038,Critical,Logistic Regression,v1.0.0
ENG-00451,2025-10-01,0.9826221275940653,Critical,Logistic Regression,v1.0.0
ENG-00452,2025-09-01,0.02021920941534137,Low,Logistic Regression,v1.0.0
ENG-00452,2025-10-01,0.004532730378315106,Low,Logistic Regression,v1.0.0
ENG-00452,2025-11-01,0.02393257795332981,Low,Logistic Regression,v1.0.0
ENG-00452,2025-12-01,0.0334624258253232,Low,Logistic Regression,v1.0.0
ENG-00452,2026-01-01,0.04242532288355285,Low,Logistic Regression,v1.0.0
ENG-00452,2026-02-01,0.010870959758590067,Low,Logistic Regression,v1.0.0
ENG-00452,2026-03-01,0.011796204059138898,Low,Logistic Regression,v1.0.0
ENG-00452,2026-04-01,0.07009937303872414,Low,Logistic Regression,v1.0.0
ENG-00452,2026-05-01,0.007811832186666801,Low,Logistic Regression,v1.0.0
ENG-00452,2026-06-01,0.022097634334197355,Low,Logistic Regression,v1.0.0
ENG-00453,2024-03-01,0.0640576427713833,Low,Logistic Regression,v1.0.0
ENG-00453,2024-04-01,0.05303402677009339,Low,Logistic Regression,v1.0.0
ENG-00453,2024-05-01,0.08394928251852914,Low,Logistic Regression,v1.0.0
ENG-00453,2024-06-01,0.046951594549149205,Low,Logistic Regression,v1.0.0
ENG-00453,2024-07-01,0.5247850727941656,Watch,Logistic Regression,v1.0.0
ENG-00453,2024-08-01,0.12146384162071969,Low,Logistic Regression,v1.0.0
ENG-00453,2024-09-01,0.007812680894387148,Low,Logistic Regression,v1.0.0
ENG-00453,2024-10-01,0.8021959293997254,Critical,Logistic Regression,v1.0.0
ENG-00453,2024-11-01,0.1246916593266396,Low,Logistic Regression,v1.0.0
ENG-00453,2024-12-01,0.06769675420942722,Low,Logistic Regression,v1.0.0
ENG-00453,2025-01-01,0.38820194016890897,Watch,Logistic Regression,v1.0.0
ENG-00454,2025-04-01,0.015139030139866186,Low,Logistic Regression,v1.0.0
ENG-00454,2025-05-01,0.011348963764475301,Low,Logistic Regression,v1.0.0
ENG-00454,2025-06-01,0.004693985620638852,Low,Logistic Regression,v1.0.0
ENG-00454,2025-07-01,0.31677493181800076,Low,Logistic Regression,v1.0.0
ENG-00454,2025-08-01,0.01450825495180285,Low,Logistic Regression,v1.0.0
ENG-00454,2025-09-01,0.0016035867501797588,Low,Logistic Regression,v1.0.0
ENG-00454,2025-10-01,0.047952085531664766,Low,Logistic Regression,v1.0.0
ENG-00454,2025-11-01,0.002638903315143519,Low,Logistic Regression,v1.0.0
ENG-00454,2025-12-01,0.016589450927131624,Low,Logistic Regression,v1.0.0
ENG-00454,2026-01-01,0.0045655879981343055,Low,Logistic Regression,v1.0.0
ENG-00454,2026-02-01,0.03046422678690668,Low,Logistic Regression,v1.0.0
ENG-00454,2026-03-01,0.022596845393526622,Low,Logistic Regression,v1.0.0
ENG-00454,2026-04-01,0.0058876697233362545,Low,Logistic Regression,v1.0.0
ENG-00455,2025-11-01,0.021276714597451892,Low,Logistic Regression,v1.0.0
ENG-00455,2025-12-01,0.014526965693557008,Low,Logistic Regression,v1.0.0
ENG-00455,2026-01-01,0.019111308815574032,Low,Logistic Regression,v1.0.0
ENG-00455,2026-02-01,0.005600622535442014,Low,Logistic Regression,v1.0.0
ENG-00455,2026-03-01,0.5854744873242138,Watch,Logistic Regression,v1.0.0
ENG-00455,2026-04-01,0.1920810089421046,Low,Logistic Regression,v1.0.0
ENG-00455,2026-05-01,0.9986412595103443,Critical,Logistic Regression,v1.0.0
ENG-00455,2026-06-01,0.8307370226518823,Critical,Logistic Regression,v1.0.0
ENG-00456,2025-01-01,0.03004043578870449,Low,Logistic Regression,v1.0.0
ENG-00456,2025-02-01,0.39074094546223725,Watch,Logistic Regression,v1.0.0
ENG-00456,2025-03-01,0.3321537069843292,Low,Logistic Regression,v1.0.0
ENG-00456,2025-04-01,0.0399478822072658,Low,Logistic Regression,v1.0.0
ENG-00456,2025-05-01,0.40568769965114293,Watch,Logistic Regression,v1.0.0
ENG-00456,2025-06-01,0.012837253694471305,Low,Logistic Regression,v1.0.0
ENG-00456,2025-07-01,0.1122620843448166,Low,Logistic Regression,v1.0.0
ENG-00456,2025-08-01,0.01900752191990789,Low,Logistic Regression,v1.0.0
ENG-00457,2024-11-01,0.1289212107168193,Low,Logistic Regression,v1.0.0
ENG-00457,2024-12-01,0.04465271053268655,Low,Logistic Regression,v1.0.0
ENG-00457,2025-01-01,0.7235741178360879,Critical,Logistic Regression,v1.0.0
ENG-00457,2025-02-01,0.038629033871669265,Low,Logistic Regression,v1.0.0
ENG-00457,2025-03-01,0.008673589893740176,Low,Logistic Regression,v1.0.0
ENG-00457,2025-04-01,0.07862205198568799,Low,Logistic Regression,v1.0.0
ENG-00457,2025-05-01,0.05307532387312914,Low,Logistic Regression,v1.0.0
ENG-00458,2026-01-01,0.034498236629285174,Low,Logistic Regression,v1.0.0
ENG-00458,2026-02-01,0.2672145543392128,Low,Logistic Regression,v1.0.0
ENG-00458,2026-03-01,0.021840523707690632,Low,Logistic Regression,v1.0.0
ENG-00458,2026-04-01,0.30627739079442345,Low,Logistic Regression,v1.0.0
ENG-00458,2026-05-01,0.021483998361945963,Low,Logistic Regression,v1.0.0
ENG-00458,2026-06-01,0.2228441919704238,Low,Logistic Regression,v1.0.0
ENG-00458,2026-07-01,0.03646701358284139,Low,Logistic Regression,v1.0.0
ENG-00459,2024-06-01,0.006252434416114108,Low,Logistic Regression,v1.0.0
ENG-00459,2024-07-01,0.014081227982974526,Low,Logistic Regression,v1.0.0
ENG-00459,2024-08-01,0.02174847402617816,Low,Logistic Regression,v1.0.0
ENG-00459,2024-09-01,0.010341350499616328,Low,Logistic Regression,v1.0.0
ENG-00459,2024-10-01,0.0017519593104373475,Low,Logistic Regression,v1.0.0
ENG-00459,2024-11-01,0.0681701615116233,Low,Logistic Regression,v1.0.0
ENG-00459,2024-12-01,0.008130472505704874,Low,Logistic Regression,v1.0.0
ENG-00460,2025-06-01,0.46747701261825025,Watch,Logistic Regression,v1.0.0
ENG-00460,2025-07-01,0.01973834496779838,Low,Logistic Regression,v1.0.0
ENG-00460,2025-08-01,0.835310625128139,Critical,Logistic Regression,v1.0.0
ENG-00460,2025-09-01,0.010292711306832951,Low,Logistic Regression,v1.0.0
ENG-00460,2025-10-01,0.4559112089178648,Watch,Logistic Regression,v1.0.0
ENG-00460,2025-11-01,0.3196706340602178,Low,Logistic Regression,v1.0.0
ENG-00460,2025-12-01,0.119328553360919,Low,Logistic Regression,v1.0.0
ENG-00461,2024-07-01,0.32367095443002114,Low,Logistic Regression,v1.0.0
ENG-00461,2024-08-01,0.5572977906024168,Watch,Logistic Regression,v1.0.0
ENG-00461,2024-09-01,0.08097204123953348,Low,Logistic Regression,v1.0.0
ENG-00461,2024-10-01,0.4175814839456732,Watch,Logistic Regression,v1.0.0
ENG-00461,2024-11-01,0.5819225909816492,Watch,Logistic Regression,v1.0.0
ENG-00461,2024-12-01,0.021754679231169544,Low,Logistic Regression,v1.0.0
ENG-00461,2025-01-01,0.3540904076979438,Watch,Logistic Regression,v1.0.0
ENG-00461,2025-02-01,0.010670439176669601,Low,Logistic Regression,v1.0.0
ENG-00461,2025-03-01,0.2698297218413648,Low,Logistic Regression,v1.0.0
ENG-00461,2025-04-01,0.22957935763505075,Low,Logistic Regression,v1.0.0
ENG-00461,2025-05-01,0.13766461344504322,Low,Logistic Regression,v1.0.0
ENG-00461,2025-06-01,0.05249928077887703,Low,Logistic Regression,v1.0.0
ENG-00461,2025-07-01,0.03974781638816025,Low,Logistic Regression,v1.0.0
ENG-00462,2025-12-01,0.0970153879853483,Low,Logistic Regression,v1.0.0
ENG-00462,2026-01-01,0.027724710288142555,Low,Logistic Regression,v1.0.0
ENG-00462,2026-02-01,0.675841018442088,Critical,Logistic Regression,v1.0.0
ENG-00462,2026-03-01,0.07513308538429535,Low,Logistic Regression,v1.0.0
ENG-00462,2026-04-01,0.022335521657338694,Low,Logistic Regression,v1.0.0
ENG-00462,2026-05-01,0.36125374452660813,Watch,Logistic Regression,v1.0.0
ENG-00462,2026-06-01,0.13018839646282931,Low,Logistic Regression,v1.0.0
ENG-00462,2026-07-01,0.009500888477123314,Low,Logistic Regression,v1.0.0
ENG-00462,2026-08-01,0.0793479865082461,Low,Logistic Regression,v1.0.0
ENG-00463,2025-07-01,0.025791239095038793,Low,Logistic Regression,v1.0.0
ENG-00463,2025-08-01,0.0028824993825791174,Low,Logistic Regression,v1.0.0
ENG-00463,2025-09-01,0.022715438424643287,Low,Logistic Regression,v1.0.0
ENG-00463,2025-10-01,0.12909438992468894,Low,Logistic Regression,v1.0.0
ENG-00463,2025-11-01,0.0014176386435400582,Low,Logistic Regression,v1.0.0
ENG-00463,2025-12-01,0.002246234442024946,Low,Logistic Regression,v1.0.0
ENG-00463,2026-01-01,0.09129081507258106,Low,Logistic Regression,v1.0.0
ENG-00463,2026-02-01,0.014226013040661123,Low,Logistic Regression,v1.0.0
ENG-00463,2026-03-01,0.0007693098228966492,Low,Logistic Regression,v1.0.0
ENG-00463,2026-04-01,0.06311615285171068,Low,Logistic Regression,v1.0.0
ENG-00464,2025-09-01,0.12023375268274288,Low,Logistic Regression,v1.0.0
ENG-00464,2025-10-01,0.03787696288145537,Low,Logistic Regression,v1.0.0
ENG-00464,2025-11-01,0.1722314037311849,Low,Logistic Regression,v1.0.0
ENG-00464,2025-12-01,0.05592875845666269,Low,Logistic Regression,v1.0.0
ENG-00464,2026-01-01,0.019068096380766286,Low,Logistic Regression,v1.0.0
ENG-00464,2026-02-01,0.22658178957360553,Low,Logistic Regression,v1.0.0
ENG-00464,2026-03-01,0.21538914931123726,Low,Logistic Regression,v1.0.0
ENG-00464,2026-04-01,0.005052047770406612,Low,Logistic Regression,v1.0.0
ENG-00464,2026-05-01,0.10588796399467805,Low,Logistic Regression,v1.0.0
ENG-00465,2025-10-01,0.0967144686722422,Low,Logistic Regression,v1.0.0
ENG-00465,2025-11-01,0.43056015888489624,Watch,Logistic Regression,v1.0.0
ENG-00465,2025-12-01,0.01273442882315033,Low,Logistic Regression,v1.0.0
ENG-00465,2026-01-01,0.07554222250149,Low,Logistic Regression,v1.0.0
ENG-00465,2026-02-01,0.13591894403986335,Low,Logistic Regression,v1.0.0
ENG-00465,2026-03-01,0.23881713419628942,Low,Logistic Regression,v1.0.0
ENG-00465,2026-04-01,0.017264375750989165,Low,Logistic Regression,v1.0.0
ENG-00465,2026-05-01,0.30772556347445745,Low,Logistic Regression,v1.0.0
ENG-00465,2026-06-01,0.09949797646332185,Low,Logistic Regression,v1.0.0
ENG-00465,2026-07-01,0.012772965524888394,Low,Logistic Regression,v1.0.0
ENG-00465,2026-08-01,0.021961412820170383,Low,Logistic Regression,v1.0.0
ENG-00466,2024-01-01,0.10909839147032202,Low,Logistic Regression,v1.0.0
ENG-00466,2024-02-01,0.9011244191014903,Critical,Logistic Regression,v1.0.0
ENG-00466,2024-03-01,0.5035140817927753,Watch,Logistic Regression,v1.0.0
ENG-00466,2024-04-01,0.9892486047731489,Critical,Logistic Regression,v1.0.0
ENG-00466,2024-05-01,0.9901295985220607,Critical,Logistic Regression,v1.0.0
ENG-00466,2024-06-01,0.9958532401806245,Critical,Logistic Regression,v1.0.0
ENG-00467,2024-05-01,0.1486799502222276,Low,Logistic Regression,v1.0.0
ENG-00467,2024-06-01,0.13046726480904686,Low,Logistic Regression,v1.0.0
ENG-00467,2024-07-01,0.027681843754627705,Low,Logistic Regression,v1.0.0
ENG-00467,2024-08-01,0.27192670328808927,Low,Logistic Regression,v1.0.0
ENG-00467,2024-09-01,0.13064899497310184,Low,Logistic Regression,v1.0.0
ENG-00467,2024-10-01,0.004419043005822298,Low,Logistic Regression,v1.0.0
ENG-00467,2024-11-01,0.03474237422713084,Low,Logistic Regression,v1.0.0
ENG-00467,2024-12-01,0.26281286481891963,Low,Logistic Regression,v1.0.0
ENG-00467,2025-01-01,0.09245493435125508,Low,Logistic Regression,v1.0.0
ENG-00467,2025-02-01,0.013653720457489563,Low,Logistic Regression,v1.0.0
ENG-00467,2025-03-01,0.026675786596470595,Low,Logistic Regression,v1.0.0
ENG-00467,2025-04-01,0.03372513835121801,Low,Logistic Regression,v1.0.0
ENG-00467,2025-05-01,0.05530492963253709,Low,Logistic Regression,v1.0.0
ENG-00468,2025-05-01,0.454759024923244,Watch,Logistic Regression,v1.0.0
ENG-00468,2025-06-01,0.736757373401929,Critical,Logistic Regression,v1.0.0
ENG-00468,2025-07-01,0.3177019686308745,Low,Logistic Regression,v1.0.0
ENG-00468,2025-08-01,0.2899304016725686,Low,Logistic Regression,v1.0.0
ENG-00468,2025-09-01,0.2925851494354711,Low,Logistic Regression,v1.0.0
ENG-00468,2025-10-01,0.8170745896333296,Critical,Logistic Regression,v1.0.0
ENG-00468,2025-11-01,0.44298619386313276,Watch,Logistic Regression,v1.0.0
ENG-00468,2025-12-01,0.695698745382659,Critical,Logistic Regression,v1.0.0
ENG-00468,2026-01-01,0.42665941668083673,Watch,Logistic Regression,v1.0.0
ENG-00468,2026-02-01,0.19417387039073192,Low,Logistic Regression,v1.0.0
ENG-00468,2026-03-01,0.6696794676325605,Critical,Logistic Regression,v1.0.0
ENG-00468,2026-04-01,0.0462944602141859,Low,Logistic Regression,v1.0.0
ENG-00468,2026-05-01,0.7341574661724181,Critical,Logistic Regression,v1.0.0
ENG-00469,2025-09-01,0.17984858594159042,Low,Logistic Regression,v1.0.0
ENG-00469,2025-10-01,0.026654727804797978,Low,Logistic Regression,v1.0.0
ENG-00469,2025-11-01,0.18801919874996334,Low,Logistic Regression,v1.0.0
ENG-00469,2025-12-01,0.03804165735296108,Low,Logistic Regression,v1.0.0
ENG-00469,2026-01-01,0.06645346890538766,Low,Logistic Regression,v1.0.0
ENG-00469,2026-02-01,0.05951244803671931,Low,Logistic Regression,v1.0.0
ENG-00469,2026-03-01,0.3520267652483362,Watch,Logistic Regression,v1.0.0
ENG-00469,2026-04-01,0.011040710241990024,Low,Logistic Regression,v1.0.0
ENG-00469,2026-05-01,0.1702394134177618,Low,Logistic Regression,v1.0.0
ENG-00469,2026-06-01,0.15125295165948902,Low,Logistic Regression,v1.0.0
ENG-00469,2026-07-01,0.05472090517020352,Low,Logistic Regression,v1.0.0
ENG-00469,2026-08-01,0.01997545225215893,Low,Logistic Regression,v1.0.0
ENG-00470,2024-01-01,0.05854050263209248,Low,Logistic Regression,v1.0.0
ENG-00470,2024-02-01,0.08648604234862058,Low,Logistic Regression,v1.0.0
ENG-00470,2024-03-01,0.11605189563383986,Low,Logistic Regression,v1.0.0
ENG-00470,2024-04-01,0.04637522827865205,Low,Logistic Regression,v1.0.0
ENG-00470,2024-05-01,0.04177711442634669,Low,Logistic Regression,v1.0.0
ENG-00470,2024-06-01,0.11188360373331763,Low,Logistic Regression,v1.0.0
ENG-00470,2024-07-01,0.010468600066727025,Low,Logistic Regression,v1.0.0
ENG-00470,2024-08-01,0.6141896588161675,Watch,Logistic Regression,v1.0.0
ENG-00470,2024-09-01,0.05469845173705994,Low,Logistic Regression,v1.0.0
ENG-00471,2026-04-01,0.031144938079266448,Low,Logistic Regression,v1.0.0
ENG-00471,2026-05-01,0.06679711922739584,Low,Logistic Regression,v1.0.0
ENG-00471,2026-06-01,0.0214708290360717,Low,Logistic Regression,v1.0.0
ENG-00471,2026-07-01,0.23182696742122993,Low,Logistic Regression,v1.0.0
ENG-00471,2026-08-01,0.14485137254114244,Low,Logistic Regression,v1.0.0
ENG-00472,2024-04-01,0.03944192872458221,Low,Logistic Regression,v1.0.0
ENG-00472,2024-05-01,0.010164279389235384,Low,Logistic Regression,v1.0.0
ENG-00472,2024-06-01,0.031641444631232946,Low,Logistic Regression,v1.0.0
ENG-00472,2024-07-01,0.012279163548408207,Low,Logistic Regression,v1.0.0
ENG-00472,2024-08-01,0.14110635037873667,Low,Logistic Regression,v1.0.0
ENG-00472,2024-09-01,0.0818210241429588,Low,Logistic Regression,v1.0.0
ENG-00472,2024-10-01,0.0005729912699923078,Low,Logistic Regression,v1.0.0
ENG-00472,2024-11-01,0.3551850119328067,Watch,Logistic Regression,v1.0.0
ENG-00472,2024-12-01,0.061988908832918355,Low,Logistic Regression,v1.0.0
ENG-00472,2025-01-01,0.5196789210895074,Watch,Logistic Regression,v1.0.0
ENG-00472,2025-02-01,0.9538829565370827,Critical,Logistic Regression,v1.0.0
ENG-00473,2024-11-01,0.015209852198731003,Low,Logistic Regression,v1.0.0
ENG-00473,2024-12-01,0.003755420889614543,Low,Logistic Regression,v1.0.0
ENG-00473,2025-01-01,0.11987202657565992,Low,Logistic Regression,v1.0.0
ENG-00473,2025-02-01,0.0011607958110626771,Low,Logistic Regression,v1.0.0
ENG-00473,2025-03-01,0.0072667471851238724,Low,Logistic Regression,v1.0.0
ENG-00473,2025-04-01,0.09343638504644802,Low,Logistic Regression,v1.0.0
ENG-00473,2025-05-01,0.05866803419445016,Low,Logistic Regression,v1.0.0
ENG-00474,2025-02-01,0.08044402909743768,Low,Logistic Regression,v1.0.0
ENG-00474,2025-03-01,0.005333976630933642,Low,Logistic Regression,v1.0.0
ENG-00474,2025-04-01,0.010434302048078239,Low,Logistic Regression,v1.0.0
ENG-00474,2025-05-01,0.01694192110002461,Low,Logistic Regression,v1.0.0
ENG-00474,2025-06-01,0.057979612998167424,Low,Logistic Regression,v1.0.0
ENG-00474,2025-07-01,0.031687349574082445,Low,Logistic Regression,v1.0.0
ENG-00474,2025-08-01,0.009893969585385404,Low,Logistic Regression,v1.0.0
ENG-00474,2025-09-01,0.029392788235352286,Low,Logistic Regression,v1.0.0
ENG-00474,2025-10-01,0.036514082004585786,Low,Logistic Regression,v1.0.0
ENG-00474,2025-11-01,0.028266136610425378,Low,Logistic Regression,v1.0.0
ENG-00475,2024-10-01,0.1816713580162441,Low,Logistic Regression,v1.0.0
ENG-00475,2024-11-01,0.9051595389759854,Critical,Logistic Regression,v1.0.0
ENG-00475,2024-12-01,0.6807501227282553,Critical,Logistic Regression,v1.0.0
ENG-00475,2025-01-01,0.17055560978599624,Low,Logistic Regression,v1.0.0
ENG-00475,2025-02-01,0.3758912965884542,Watch,Logistic Regression,v1.0.0
ENG-00475,2025-03-01,0.2615241792799216,Low,Logistic Regression,v1.0.0
ENG-00475,2025-04-01,0.24728849092446095,Low,Logistic Regression,v1.0.0
ENG-00475,2025-05-01,0.3025724950011317,Low,Logistic Regression,v1.0.0
ENG-00475,2025-06-01,0.7456346226346674,Critical,Logistic Regression,v1.0.0
ENG-00475,2025-07-01,0.03369459257933878,Low,Logistic Regression,v1.0.0
ENG-00475,2025-08-01,0.10166171423813684,Low,Logistic Regression,v1.0.0
ENG-00475,2025-09-01,0.48299252922418,Watch,Logistic Regression,v1.0.0
ENG-00475,2025-10-01,0.010220946399906426,Low,Logistic Regression,v1.0.0
ENG-00476,2025-06-01,0.28335914707172344,Low,Logistic Regression,v1.0.0
ENG-00476,2025-07-01,0.9627389432594963,Critical,Logistic Regression,v1.0.0
ENG-00476,2025-08-01,0.9524203178678516,Critical,Logistic Regression,v1.0.0
ENG-00476,2025-09-01,0.9868266558672719,Critical,Logistic Regression,v1.0.0
ENG-00477,2024-07-01,0.39562126164659556,Watch,Logistic Regression,v1.0.0
ENG-00477,2024-08-01,0.021861516172466167,Low,Logistic Regression,v1.0.0
ENG-00477,2024-09-01,0.1433026263693746,Low,Logistic Regression,v1.0.0
ENG-00477,2024-10-01,0.0979522454715096,Low,Logistic Regression,v1.0.0
ENG-00477,2024-11-01,0.15322910448388163,Low,Logistic Regression,v1.0.0
ENG-00477,2024-12-01,0.1688244636683469,Low,Logistic Regression,v1.0.0
ENG-00477,2025-01-01,0.13193032740418562,Low,Logistic Regression,v1.0.0
ENG-00477,2025-02-01,0.24948785612700802,Low,Logistic Regression,v1.0.0
ENG-00477,2025-03-01,0.011331029163372669,Low,Logistic Regression,v1.0.0
ENG-00477,2025-04-01,0.07131726770314169,Low,Logistic Regression,v1.0.0
ENG-00477,2025-05-01,0.03960666129512639,Low,Logistic Regression,v1.0.0
ENG-00477,2025-06-01,0.2526528161031525,Low,Logistic Regression,v1.0.0
ENG-00477,2025-07-01,0.032284263136179325,Low,Logistic Regression,v1.0.0
ENG-00478,2024-10-01,0.0994350960436415,Low,Logistic Regression,v1.0.0
ENG-00478,2024-11-01,0.6490066175374103,Watch,Logistic Regression,v1.0.0
ENG-00478,2024-12-01,0.9687925301236764,Critical,Logistic Regression,v1.0.0
ENG-00478,2025-01-01,0.683484660569786,Critical,Logistic Regression,v1.0.0
ENG-00478,2025-02-01,0.8674045961454364,Critical,Logistic Regression,v1.0.0
ENG-00479,2025-12-01,0.15395770360046493,Low,Logistic Regression,v1.0.0
ENG-00479,2026-01-01,0.14138811989371053,Low,Logistic Regression,v1.0.0
ENG-00479,2026-02-01,0.19496955827794857,Low,Logistic Regression,v1.0.0
ENG-00479,2026-03-01,0.11128149665865852,Low,Logistic Regression,v1.0.0
ENG-00479,2026-04-01,0.6233658243732081,Watch,Logistic Regression,v1.0.0
ENG-00479,2026-05-01,0.5604162660005412,Watch,Logistic Regression,v1.0.0
ENG-00479,2026-06-01,0.018897091927230682,Low,Logistic Regression,v1.0.0
ENG-00479,2026-07-01,0.04336208220128784,Low,Logistic Regression,v1.0.0
ENG-00479,2026-08-01,0.5934710243830325,Watch,Logistic Regression,v1.0.0
ENG-00480,2026-04-01,0.006785335535150686,Low,Logistic Regression,v1.0.0
ENG-00480,2026-05-01,0.008744286201840762,Low,Logistic Regression,v1.0.0
ENG-00480,2026-06-01,0.0067716029528070475,Low,Logistic Regression,v1.0.0
ENG-00480,2026-07-01,0.01382929606610101,Low,Logistic Regression,v1.0.0
ENG-00480,2026-08-01,0.01479266159463297,Low,Logistic Regression,v1.0.0
ENG-00481,2026-08-01,0.14325666639194518,Low,Logistic Regression,v1.0.0
ENG-00481,2026-09-01,0.9299543099697531,Critical,Logistic Regression,v1.0.0
ENG-00481,2026-10-01,0.9745271772000309,Critical,Logistic Regression,v1.0.0
ENG-00481,2026-11-01,0.996664599272273,Critical,Logistic Regression,v1.0.0
ENG-00482,2026-07-01,0.051971183935340406,Low,Logistic Regression,v1.0.0
ENG-00482,2026-08-01,0.041687616934502895,Low,Logistic Regression,v1.0.0
ENG-00483,2024-10-01,0.26906668164219166,Low,Logistic Regression,v1.0.0
ENG-00483,2024-11-01,0.9069115684752317,Critical,Logistic Regression,v1.0.0
ENG-00483,2024-12-01,0.9993355495105757,Critical,Logistic Regression,v1.0.0
ENG-00483,2025-01-01,0.9962592564515448,Critical,Logistic Regression,v1.0.0
ENG-00483,2025-02-01,0.9958685673804851,Critical,Logistic Regression,v1.0.0
ENG-00484,2024-05-01,0.009185832682212947,Low,Logistic Regression,v1.0.0
ENG-00484,2024-06-01,0.05313518177004715,Low,Logistic Regression,v1.0.0
ENG-00484,2024-07-01,0.009776798641741873,Low,Logistic Regression,v1.0.0
ENG-00484,2024-08-01,0.002261288186874325,Low,Logistic Regression,v1.0.0
ENG-00484,2024-09-01,0.15182886153639652,Low,Logistic Regression,v1.0.0
ENG-00484,2024-10-01,0.0022055241953806517,Low,Logistic Regression,v1.0.0
ENG-00484,2024-11-01,0.033377355207176586,Low,Logistic Regression,v1.0.0
ENG-00484,2024-12-01,0.006045947785144459,Low,Logistic Regression,v1.0.0
ENG-00484,2025-01-01,0.005463009308400624,Low,Logistic Regression,v1.0.0
ENG-00484,2025-02-01,0.0009895580761476689,Low,Logistic Regression,v1.0.0
ENG-00484,2025-03-01,0.08041083642681761,Low,Logistic Regression,v1.0.0
ENG-00484,2025-04-01,0.0026900862917200188,Low,Logistic Regression,v1.0.0
ENG-00484,2025-05-01,0.004664462893306291,Low,Logistic Regression,v1.0.0
ENG-00485,2024-06-01,0.1694297506405915,Low,Logistic Regression,v1.0.0
ENG-00485,2024-07-01,0.05951470887745082,Low,Logistic Regression,v1.0.0
ENG-00485,2024-08-01,0.0593525733119162,Low,Logistic Regression,v1.0.0
ENG-00485,2024-09-01,0.04834837662622933,Low,Logistic Regression,v1.0.0
ENG-00485,2024-10-01,0.06892740470604534,Low,Logistic Regression,v1.0.0
ENG-00485,2024-11-01,0.040492467885996156,Low,Logistic Regression,v1.0.0
ENG-00485,2024-12-01,0.09850101693354586,Low,Logistic Regression,v1.0.0
ENG-00485,2025-01-01,0.024158799892170513,Low,Logistic Regression,v1.0.0
ENG-00485,2025-02-01,0.1072870740611344,Low,Logistic Regression,v1.0.0
ENG-00485,2025-03-01,0.008943974261312897,Low,Logistic Regression,v1.0.0
ENG-00485,2025-04-01,0.0011451243007387743,Low,Logistic Regression,v1.0.0
ENG-00486,2026-02-01,0.05646655472893925,Low,Logistic Regression,v1.0.0
ENG-00486,2026-03-01,0.48684533238266986,Watch,Logistic Regression,v1.0.0
ENG-00486,2026-04-01,0.2012597613730803,Low,Logistic Regression,v1.0.0
ENG-00486,2026-05-01,0.14834023656457032,Low,Logistic Regression,v1.0.0
ENG-00486,2026-06-01,0.01178115434439399,Low,Logistic Regression,v1.0.0
ENG-00486,2026-07-01,0.03421914571415478,Low,Logistic Regression,v1.0.0
ENG-00486,2026-08-01,0.1832676428403841,Low,Logistic Regression,v1.0.0
ENG-00487,2024-10-01,0.052725077128706936,Low,Logistic Regression,v1.0.0
ENG-00487,2024-11-01,0.002509312438968599,Low,Logistic Regression,v1.0.0
ENG-00487,2024-12-01,0.006465737210216947,Low,Logistic Regression,v1.0.0
ENG-00487,2025-01-01,0.6168544238979786,Watch,Logistic Regression,v1.0.0
ENG-00487,2025-02-01,0.05160202793926582,Low,Logistic Regression,v1.0.0
ENG-00487,2025-03-01,0.9037363297316433,Critical,Logistic Regression,v1.0.0
ENG-00487,2025-04-01,0.8198607361781871,Critical,Logistic Regression,v1.0.0
ENG-00488,2024-07-01,0.01263209352594142,Low,Logistic Regression,v1.0.0
ENG-00488,2024-08-01,0.04415860754335954,Low,Logistic Regression,v1.0.0
ENG-00488,2024-09-01,0.18539310802661255,Low,Logistic Regression,v1.0.0
ENG-00488,2024-10-01,0.00013280342826578492,Low,Logistic Regression,v1.0.0
ENG-00488,2024-11-01,0.008382080632100507,Low,Logistic Regression,v1.0.0
ENG-00488,2024-12-01,0.015417741203748612,Low,Logistic Regression,v1.0.0
ENG-00488,2025-01-01,0.05027345406828437,Low,Logistic Regression,v1.0.0
ENG-00488,2025-02-01,0.00880353391315606,Low,Logistic Regression,v1.0.0
ENG-00488,2025-03-01,0.0037783177515355927,Low,Logistic Regression,v1.0.0
ENG-00488,2025-04-01,0.000362607910418363,Low,Logistic Regression,v1.0.0
ENG-00488,2025-05-01,0.01787737001479635,Low,Logistic Regression,v1.0.0
ENG-00489,2025-04-01,0.6239190350161931,Watch,Logistic Regression,v1.0.0
ENG-00489,2025-05-01,0.8019000758748659,Critical,Logistic Regression,v1.0.0
ENG-00489,2025-06-01,0.656497764104316,Critical,Logistic Regression,v1.0.0
ENG-00489,2025-07-01,0.18185405291210338,Low,Logistic Regression,v1.0.0
ENG-00489,2025-08-01,0.7873449543529795,Critical,Logistic Regression,v1.0.0
ENG-00489,2025-09-01,0.9355152397029026,Critical,Logistic Regression,v1.0.0
ENG-00489,2025-10-01,0.9811684530549597,Critical,Logistic Regression,v1.0.0
ENG-00489,2025-11-01,0.9976321026753826,Critical,Logistic Regression,v1.0.0
ENG-00489,2025-12-01,0.9991806217657166,Critical,Logistic Regression,v1.0.0
ENG-00490,2024-08-01,0.10611192451739426,Low,Logistic Regression,v1.0.0
ENG-00490,2024-09-01,0.22672382440581643,Low,Logistic Regression,v1.0.0
ENG-00490,2024-10-01,0.03511452722719414,Low,Logistic Regression,v1.0.0
ENG-00490,2024-11-01,0.30891560240720733,Low,Logistic Regression,v1.0.0
ENG-00490,2024-12-01,0.013069697699647114,Low,Logistic Regression,v1.0.0
ENG-00490,2025-01-01,0.07336766430701717,Low,Logistic Regression,v1.0.0
ENG-00490,2025-02-01,0.05760568948688401,Low,Logistic Regression,v1.0.0
ENG-00491,2024-07-01,0.15415521747312416,Low,Logistic Regression,v1.0.0
ENG-00491,2024-08-01,0.2926214829427129,Low,Logistic Regression,v1.0.0
ENG-00491,2024-09-01,0.1681951473063701,Low,Logistic Regression,v1.0.0
ENG-00491,2024-10-01,0.8137846398650208,Critical,Logistic Regression,v1.0.0
ENG-00491,2024-11-01,0.14230846832650904,Low,Logistic Regression,v1.0.0
ENG-00491,2024-12-01,0.3307500552149947,Low,Logistic Regression,v1.0.0
ENG-00491,2025-01-01,0.07584673113961646,Low,Logistic Regression,v1.0.0
ENG-00491,2025-02-01,0.44835505800213926,Watch,Logistic Regression,v1.0.0
ENG-00491,2025-03-01,0.034206185261736466,Low,Logistic Regression,v1.0.0
ENG-00491,2025-04-01,0.5061408951108805,Watch,Logistic Regression,v1.0.0
ENG-00492,2024-12-01,0.23976896833150105,Low,Logistic Regression,v1.0.0
ENG-00492,2025-01-01,0.037460769604010555,Low,Logistic Regression,v1.0.0
ENG-00492,2025-02-01,0.04570662750385384,Low,Logistic Regression,v1.0.0
ENG-00492,2025-03-01,0.079465324295569,Low,Logistic Regression,v1.0.0
ENG-00492,2025-04-01,0.22023180375218976,Low,Logistic Regression,v1.0.0
ENG-00492,2025-05-01,0.3920502838561138,Watch,Logistic Regression,v1.0.0
ENG-00492,2025-06-01,0.0022411591686094753,Low,Logistic Regression,v1.0.0
ENG-00493,2024-07-01,0.08313364848006856,Low,Logistic Regression,v1.0.0
ENG-00493,2024-08-01,0.005997935627816745,Low,Logistic Regression,v1.0.0
ENG-00493,2024-09-01,0.2263561384730208,Low,Logistic Regression,v1.0.0
ENG-00493,2024-10-01,0.5845608086186378,Watch,Logistic Regression,v1.0.0
ENG-00493,2024-11-01,0.003883067421765735,Low,Logistic Regression,v1.0.0
ENG-00493,2024-12-01,0.06389195764467459,Low,Logistic Regression,v1.0.0
ENG-00493,2025-01-01,0.031424239052665705,Low,Logistic Regression,v1.0.0
ENG-00493,2025-02-01,0.02278975861660964,Low,Logistic Regression,v1.0.0
ENG-00493,2025-03-01,0.01793243341741775,Low,Logistic Regression,v1.0.0
ENG-00494,2025-12-01,0.08723559234785079,Low,Logistic Regression,v1.0.0
ENG-00494,2026-01-01,0.011419593808109548,Low,Logistic Regression,v1.0.0
ENG-00494,2026-02-01,0.010169496711254526,Low,Logistic Regression,v1.0.0
ENG-00494,2026-03-01,0.012750344091824748,Low,Logistic Regression,v1.0.0
ENG-00494,2026-04-01,0.01681478267946997,Low,Logistic Regression,v1.0.0
ENG-00494,2026-05-01,0.029144877614154786,Low,Logistic Regression,v1.0.0
ENG-00494,2026-06-01,0.009874770137719025,Low,Logistic Regression,v1.0.0
ENG-00494,2026-07-01,0.021475116335472562,Low,Logistic Regression,v1.0.0
ENG-00495,2024-08-01,0.005234583609053432,Low,Logistic Regression,v1.0.0
ENG-00495,2024-09-01,0.009261808842033595,Low,Logistic Regression,v1.0.0
ENG-00495,2024-10-01,0.007080744386674093,Low,Logistic Regression,v1.0.0
ENG-00495,2024-11-01,0.0015723520843074629,Low,Logistic Regression,v1.0.0
ENG-00495,2024-12-01,0.030768520636695572,Low,Logistic Regression,v1.0.0
ENG-00495,2025-01-01,0.02118125450472229,Low,Logistic Regression,v1.0.0
ENG-00495,2025-02-01,0.004681161636590212,Low,Logistic Regression,v1.0.0
ENG-00495,2025-03-01,0.046326653327092106,Low,Logistic Regression,v1.0.0
ENG-00495,2025-04-01,0.001298275114955245,Low,Logistic Regression,v1.0.0
ENG-00495,2025-05-01,0.006976214994868239,Low,Logistic Regression,v1.0.0
ENG-00495,2025-06-01,0.015345742780194219,Low,Logistic Regression,v1.0.0
ENG-00495,2025-07-01,0.00559169254518681,Low,Logistic Regression,v1.0.0
ENG-00496,2026-02-01,0.05185119547380617,Low,Logistic Regression,v1.0.0
ENG-00496,2026-03-01,0.019654192398243252,Low,Logistic Regression,v1.0.0
ENG-00496,2026-04-01,0.10933167202959133,Low,Logistic Regression,v1.0.0
ENG-00496,2026-05-01,0.024038714055156948,Low,Logistic Regression,v1.0.0
ENG-00496,2026-06-01,0.011989815616482304,Low,Logistic Regression,v1.0.0
ENG-00496,2026-07-01,0.03064899974487129,Low,Logistic Regression,v1.0.0
ENG-00496,2026-08-01,0.02694011708858729,Low,Logistic Regression,v1.0.0
ENG-00497,2026-06-01,0.06334613071903733,Low,Logistic Regression,v1.0.0
ENG-00497,2026-07-01,0.00472309348146871,Low,Logistic Regression,v1.0.0
ENG-00497,2026-08-01,0.007976208926865156,Low,Logistic Regression,v1.0.0
ENG-00497,2026-09-01,0.08372854120064743,Low,Logistic Regression,v1.0.0
ENG-00497,2026-10-01,0.002754273178927381,Low,Logistic Regression,v1.0.0
ENG-00497,2026-11-01,0.09221815908488136,Low,Logistic Regression,v1.0.0
ENG-00497,2026-12-01,0.7342137494714704,Critical,Logistic Regression,v1.0.0
ENG-00497,2027-01-01,0.4865391641711641,Watch,Logistic Regression,v1.0.0
ENG-00497,2027-02-01,0.872604785723967,Critical,Logistic Regression,v1.0.0
ENG-00498,2026-06-01,0.1405800261934938,Low,Logistic Regression,v1.0.0
ENG-00498,2026-07-01,0.0019157399918406032,Low,Logistic Regression,v1.0.0
ENG-00498,2026-08-01,0.028582012318830667,Low,Logistic Regression,v1.0.0
ENG-00499,2025-04-01,0.008378751035182198,Low,Logistic Regression,v1.0.0
ENG-00499,2025-05-01,0.12571062119073628,Low,Logistic Regression,v1.0.0
ENG-00499,2025-06-01,0.011960978380099732,Low,Logistic Regression,v1.0.0
ENG-00499,2025-07-01,0.009383570907655937,Low,Logistic Regression,v1.0.0
ENG-00499,2025-08-01,0.01171835128048662,Low,Logistic Regression,v1.0.0
ENG-00499,2025-09-01,0.047223462264594264,Low,Logistic Regression,v1.0.0
ENG-00499,2025-10-01,0.007827753812206358,Low,Logistic Regression,v1.0.0
ENG-00499,2025-11-01,0.010721934101496293,Low,Logistic Regression,v1.0.0
ENG-00499,2025-12-01,0.007248986671095193,Low,Logistic Regression,v1.0.0
ENG-00500,2024-10-01,0.10751811790979102,Low,Logistic Regression,v1.0.0
ENG-00500,2024-11-01,0.17600393486717236,Low,Logistic Regression,v1.0.0
ENG-00500,2024-12-01,0.07088450554235746,Low,Logistic Regression,v1.0.0
ENG-00500,2025-01-01,0.12425075815854987,Low,Logistic Regression,v1.0.0
ENG-00500,2025-02-01,0.3633285059699482,Watch,Logistic Regression,v1.0.0
ENG-00500,2025-03-01,0.002558862667916136,Low,Logistic Regression,v1.0.0
ENG-00500,2025-04-01,0.3692684226886531,Watch,Logistic Regression,v1.0.0
ENG-00500,2025-05-01,0.008148515870282648,Low,Logistic Regression,v1.0.0
ENG-00500,2025-06-01,0.07636854023983332,Low,Logistic Regression,v1.0.0
ENG-00500,2025-07-01,0.27937672764085697,Low,Logistic Regression,v1.0.0
ENG-00500,2025-08-01,0.07315909945802664,Low,Logistic Regression,v1.0.0
ENG-00500,2025-09-01,0.1105076902109917,Low,Logistic Regression,v1.0.0
ENG-00501,2025-10-01,0.3756574338643022,Watch,Logistic Regression,v1.0.0
ENG-00501,2025-11-01,0.5310332419035673,Watch,Logistic Regression,v1.0.0
ENG-00501,2025-12-01,0.19737069597902168,Low,Logistic Regression,v1.0.0
ENG-00501,2026-01-01,0.7454375918868409,Critical,Logistic Regression,v1.0.0
ENG-00501,2026-02-01,0.1797868513820424,Low,Logistic Regression,v1.0.0
ENG-00501,2026-03-01,0.8407772166686949,Critical,Logistic Regression,v1.0.0
ENG-00501,2026-04-01,0.9933962532578008,Critical,Logistic Regression,v1.0.0
ENG-00501,2026-05-01,0.8895085258325887,Critical,Logistic Regression,v1.0.0
ENG-00501,2026-06-01,0.9985018281699832,Critical,Logistic Regression,v1.0.0
ENG-00502,2024-01-01,0.26805587046925256,Low,Logistic Regression,v1.0.0
ENG-00502,2024-02-01,0.6437270836267533,Watch,Logistic Regression,v1.0.0
ENG-00502,2024-03-01,0.8986436824188503,Critical,Logistic Regression,v1.0.0
ENG-00502,2024-04-01,0.9983607054107181,Critical,Logistic Regression,v1.0.0
ENG-00502,2024-05-01,0.9893003443503557,Critical,Logistic Regression,v1.0.0
ENG-00503,2025-12-01,0.01139423904027007,Low,Logistic Regression,v1.0.0
ENG-00503,2026-01-01,0.013309911468941041,Low,Logistic Regression,v1.0.0
ENG-00503,2026-02-01,0.0011344154365068237,Low,Logistic Regression,v1.0.0
ENG-00503,2026-03-01,0.19641589598355927,Low,Logistic Regression,v1.0.0
ENG-00503,2026-04-01,0.0010659947424733276,Low,Logistic Regression,v1.0.0
ENG-00503,2026-05-01,0.028662641355549735,Low,Logistic Regression,v1.0.0
ENG-00503,2026-06-01,0.00026839187621921203,Low,Logistic Regression,v1.0.0
ENG-00504,2026-08-01,0.014267470123117942,Low,Logistic Regression,v1.0.0
ENG-00505,2025-02-01,0.1021296598322813,Low,Logistic Regression,v1.0.0
ENG-00505,2025-03-01,0.9927380109279216,Critical,Logistic Regression,v1.0.0
ENG-00505,2025-04-01,0.9991339608005335,Critical,Logistic Regression,v1.0.0
ENG-00505,2025-05-01,0.998483223780015,Critical,Logistic Regression,v1.0.0
ENG-00506,2026-03-01,0.01315374083371083,Low,Logistic Regression,v1.0.0
ENG-00506,2026-04-01,0.7647539328162234,Critical,Logistic Regression,v1.0.0
ENG-00506,2026-05-01,0.8209991328227281,Critical,Logistic Regression,v1.0.0
ENG-00506,2026-06-01,0.9150842486291308,Critical,Logistic Regression,v1.0.0
ENG-00506,2026-07-01,0.9887222915048187,Critical,Logistic Regression,v1.0.0
ENG-00507,2024-04-01,0.15410427487027137,Low,Logistic Regression,v1.0.0
ENG-00507,2024-05-01,0.6188137670596996,Watch,Logistic Regression,v1.0.0
ENG-00507,2024-06-01,0.03168055460069842,Low,Logistic Regression,v1.0.0
ENG-00507,2024-07-01,0.8209303864245436,Critical,Logistic Regression,v1.0.0
ENG-00507,2024-08-01,0.06856318842634607,Low,Logistic Regression,v1.0.0
ENG-00507,2024-09-01,0.7704359680838107,Critical,Logistic Regression,v1.0.0
ENG-00507,2024-10-01,0.07107183760408238,Low,Logistic Regression,v1.0.0
ENG-00507,2024-11-01,0.2855431370345599,Low,Logistic Regression,v1.0.0
ENG-00507,2024-12-01,0.09706154255658529,Low,Logistic Regression,v1.0.0
ENG-00508,2025-03-01,0.02936881346366885,Low,Logistic Regression,v1.0.0
ENG-00508,2025-04-01,0.2569551489621007,Low,Logistic Regression,v1.0.0
ENG-00508,2025-05-01,0.20396856555961665,Low,Logistic Regression,v1.0.0
ENG-00508,2025-06-01,0.14024947409811242,Low,Logistic Regression,v1.0.0
ENG-00508,2025-07-01,0.030959130971301395,Low,Logistic Regression,v1.0.0
ENG-00508,2025-08-01,0.032175999144856846,Low,Logistic Regression,v1.0.0
ENG-00508,2025-09-01,0.1641104313446047,Low,Logistic Regression,v1.0.0
ENG-00508,2025-10-01,0.22969196167166225,Low,Logistic Regression,v1.0.0
ENG-00508,2025-11-01,0.020136040202182966,Low,Logistic Regression,v1.0.0
ENG-00508,2025-12-01,0.009361180159451992,Low,Logistic Regression,v1.0.0
ENG-00508,2026-01-01,0.4028316175313732,Watch,Logistic Regression,v1.0.0
ENG-00509,2025-06-01,0.027629503523642275,Low,Logistic Regression,v1.0.0
ENG-00509,2025-07-01,0.01751891158982285,Low,Logistic Regression,v1.0.0
ENG-00509,2025-08-01,0.2135877513742612,Low,Logistic Regression,v1.0.0
ENG-00509,2025-09-01,0.06686830650078086,Low,Logistic Regression,v1.0.0
ENG-00509,2025-10-01,0.036187484924480866,Low,Logistic Regression,v1.0.0
ENG-00509,2025-11-01,0.009468526240856442,Low,Logistic Regression,v1.0.0
ENG-00509,2025-12-01,0.022860095666067132,Low,Logistic Regression,v1.0.0
ENG-00509,2026-01-01,0.14316038909514336,Low,Logistic Regression,v1.0.0
ENG-00510,2025-02-01,0.0744387563103105,Low,Logistic Regression,v1.0.0
ENG-00510,2025-03-01,0.6867095034040064,Critical,Logistic Regression,v1.0.0
ENG-00510,2025-04-01,0.9166397690866952,Critical,Logistic Regression,v1.0.0
ENG-00510,2025-05-01,0.8617000045614265,Critical,Logistic Regression,v1.0.0
ENG-00510,2025-06-01,0.9908912104318366,Critical,Logistic Regression,v1.0.0
ENG-00510,2025-07-01,0.9874541453478148,Critical,Logistic Regression,v1.0.0
ENG-00511,2026-04-01,0.4849508959095818,Watch,Logistic Regression,v1.0.0
ENG-00511,2026-05-01,0.039918169923947124,Low,Logistic Regression,v1.0.0
ENG-00511,2026-06-01,0.05844838932200394,Low,Logistic Regression,v1.0.0
ENG-00511,2026-07-01,0.6373976921715145,Watch,Logistic Regression,v1.0.0
ENG-00511,2026-08-01,0.11614464083378628,Low,Logistic Regression,v1.0.0
ENG-00512,2024-12-01,0.07495760282338507,Low,Logistic Regression,v1.0.0
ENG-00512,2025-01-01,0.007135766729150098,Low,Logistic Regression,v1.0.0
ENG-00512,2025-02-01,0.11654144317514274,Low,Logistic Regression,v1.0.0
ENG-00512,2025-03-01,0.06384903850198259,Low,Logistic Regression,v1.0.0
ENG-00512,2025-04-01,0.03187553083125834,Low,Logistic Regression,v1.0.0
ENG-00512,2025-05-01,0.024855559312121144,Low,Logistic Regression,v1.0.0
ENG-00512,2025-06-01,0.033381826624101975,Low,Logistic Regression,v1.0.0
ENG-00512,2025-07-01,0.004179401243771545,Low,Logistic Regression,v1.0.0
ENG-00512,2025-08-01,0.09083695173374848,Low,Logistic Regression,v1.0.0
ENG-00512,2025-09-01,0.0040008342144551064,Low,Logistic Regression,v1.0.0
ENG-00512,2025-10-01,0.35491901920572794,Watch,Logistic Regression,v1.0.0
ENG-00512,2025-11-01,0.012177225341993616,Low,Logistic Regression,v1.0.0
ENG-00512,2025-12-01,0.015568519793505209,Low,Logistic Regression,v1.0.0
ENG-00513,2025-08-01,0.1545757294865441,Low,Logistic Regression,v1.0.0
ENG-00513,2025-09-01,0.5937746095457044,Watch,Logistic Regression,v1.0.0
ENG-00513,2025-10-01,0.0676216318246834,Low,Logistic Regression,v1.0.0
ENG-00513,2025-11-01,0.6949274104655454,Critical,Logistic Regression,v1.0.0
ENG-00513,2025-12-01,0.9551704424074087,Critical,Logistic Regression,v1.0.0
ENG-00513,2026-01-01,0.9804161585352766,Critical,Logistic Regression,v1.0.0
ENG-00513,2026-02-01,0.9979863383747882,Critical,Logistic Regression,v1.0.0
ENG-00514,2025-08-01,0.05417961980570683,Low,Logistic Regression,v1.0.0
ENG-00514,2025-09-01,0.0047866795599594576,Low,Logistic Regression,v1.0.0
ENG-00514,2025-10-01,0.033145920206542126,Low,Logistic Regression,v1.0.0
ENG-00514,2025-11-01,0.05378854221887507,Low,Logistic Regression,v1.0.0
ENG-00514,2025-12-01,0.024327603439381344,Low,Logistic Regression,v1.0.0
ENG-00514,2026-01-01,0.015844316443624305,Low,Logistic Regression,v1.0.0
ENG-00514,2026-02-01,0.01530917072018339,Low,Logistic Regression,v1.0.0
ENG-00514,2026-03-01,0.011516455186102286,Low,Logistic Regression,v1.0.0
ENG-00514,2026-04-01,0.01798826214837634,Low,Logistic Regression,v1.0.0
ENG-00514,2026-05-01,0.2254292209138848,Low,Logistic Regression,v1.0.0
ENG-00514,2026-06-01,0.0011191976571097864,Low,Logistic Regression,v1.0.0
ENG-00514,2026-07-01,0.02784357091979355,Low,Logistic Regression,v1.0.0
ENG-00514,2026-08-01,0.0017687815361171369,Low,Logistic Regression,v1.0.0
ENG-00515,2025-10-01,0.5925174924507313,Watch,Logistic Regression,v1.0.0
ENG-00515,2025-11-01,0.9817120526291343,Critical,Logistic Regression,v1.0.0
ENG-00515,2025-12-01,0.8684807194208443,Critical,Logistic Regression,v1.0.0
ENG-00515,2026-01-01,0.9994816407628486,Critical,Logistic Regression,v1.0.0
ENG-00516,2025-04-01,0.009774665057863842,Low,Logistic Regression,v1.0.0
ENG-00516,2025-05-01,0.008379962985448415,Low,Logistic Regression,v1.0.0
ENG-00516,2025-06-01,0.01670162280600342,Low,Logistic Regression,v1.0.0
ENG-00516,2025-07-01,0.026096888141281947,Low,Logistic Regression,v1.0.0
ENG-00516,2025-08-01,0.01712707559831672,Low,Logistic Regression,v1.0.0
ENG-00516,2025-09-01,0.0013926400213683313,Low,Logistic Regression,v1.0.0
ENG-00516,2025-10-01,0.010646266086772002,Low,Logistic Regression,v1.0.0
ENG-00516,2025-11-01,0.026153031446308022,Low,Logistic Regression,v1.0.0
ENG-00516,2025-12-01,0.0020688769657309218,Low,Logistic Regression,v1.0.0
ENG-00517,2024-08-01,0.021043230534182306,Low,Logistic Regression,v1.0.0
ENG-00517,2024-09-01,0.009531955258991297,Low,Logistic Regression,v1.0.0
ENG-00517,2024-10-01,0.04605644373154471,Low,Logistic Regression,v1.0.0
ENG-00517,2024-11-01,0.009908623019749471,Low,Logistic Regression,v1.0.0
ENG-00517,2024-12-01,0.05633173990386007,Low,Logistic Regression,v1.0.0
ENG-00517,2025-01-01,0.002625873359196479,Low,Logistic Regression,v1.0.0
ENG-00517,2025-02-01,0.011553218678125267,Low,Logistic Regression,v1.0.0
ENG-00517,2025-03-01,0.03141861546342588,Low,Logistic Regression,v1.0.0
ENG-00517,2025-04-01,0.008283331268571522,Low,Logistic Regression,v1.0.0
ENG-00518,2024-01-01,0.027384998080769347,Low,Logistic Regression,v1.0.0
ENG-00518,2024-02-01,0.02602107204531472,Low,Logistic Regression,v1.0.0
ENG-00518,2024-03-01,0.003547701404405169,Low,Logistic Regression,v1.0.0
ENG-00518,2024-04-01,0.2968720144327149,Low,Logistic Regression,v1.0.0
ENG-00518,2024-05-01,0.03576030142175466,Low,Logistic Regression,v1.0.0
ENG-00518,2024-06-01,0.0034443574465604,Low,Logistic Regression,v1.0.0
ENG-00518,2024-07-01,0.020690228524826475,Low,Logistic Regression,v1.0.0
ENG-00518,2024-08-01,0.029666419826727946,Low,Logistic Regression,v1.0.0
ENG-00518,2024-09-01,0.013904721242164743,Low,Logistic Regression,v1.0.0
ENG-00518,2024-10-01,0.07248133790843214,Low,Logistic Regression,v1.0.0
ENG-00518,2024-11-01,0.00808536805060931,Low,Logistic Regression,v1.0.0
ENG-00518,2024-12-01,0.0389699808380522,Low,Logistic Regression,v1.0.0
ENG-00519,2024-10-01,0.00897618356908158,Low,Logistic Regression,v1.0.0
ENG-00519,2024-11-01,0.06159059921527475,Low,Logistic Regression,v1.0.0
ENG-00519,2024-12-01,0.005079958216938663,Low,Logistic Regression,v1.0.0
ENG-00519,2025-01-01,0.0052174798797958175,Low,Logistic Regression,v1.0.0
ENG-00519,2025-02-01,0.05057395955520143,Low,Logistic Regression,v1.0.0
ENG-00519,2025-03-01,0.01604053364096369,Low,Logistic Regression,v1.0.0
ENG-00519,2025-04-01,0.04802931902951534,Low,Logistic Regression,v1.0.0
ENG-00519,2025-05-01,0.015119771862902547,Low,Logistic Regression,v1.0.0
ENG-00519,2025-06-01,0.001046588351931976,Low,Logistic Regression,v1.0.0
ENG-00519,2025-07-01,0.006513550618499806,Low,Logistic Regression,v1.0.0
ENG-00519,2025-08-01,0.011773876850459485,Low,Logistic Regression,v1.0.0
ENG-00519,2025-09-01,0.0538639254298279,Low,Logistic Regression,v1.0.0
ENG-00519,2025-10-01,0.0012912133823978515,Low,Logistic Regression,v1.0.0
ENG-00520,2025-03-01,0.04016358949219243,Low,Logistic Regression,v1.0.0
ENG-00520,2025-04-01,0.005621736389420024,Low,Logistic Regression,v1.0.0
ENG-00520,2025-05-01,0.010010908020852954,Low,Logistic Regression,v1.0.0
ENG-00520,2025-06-01,0.13487590819646117,Low,Logistic Regression,v1.0.0
ENG-00520,2025-07-01,0.012695361641280123,Low,Logistic Regression,v1.0.0
ENG-00520,2025-08-01,0.005144170403968635,Low,Logistic Regression,v1.0.0
ENG-00520,2025-09-01,0.16858807139944845,Low,Logistic Regression,v1.0.0
ENG-00520,2025-10-01,0.00405640489648633,Low,Logistic Regression,v1.0.0
ENG-00520,2025-11-01,0.0056412777264334135,Low,Logistic Regression,v1.0.0
ENG-00520,2025-12-01,0.01237895497287989,Low,Logistic Regression,v1.0.0
ENG-00520,2026-01-01,0.0281282037226234,Low,Logistic Regression,v1.0.0
ENG-00520,2026-02-01,0.060253878863710086,Low,Logistic Regression,v1.0.0
ENG-00520,2026-03-01,0.05363158374452137,Low,Logistic Regression,v1.0.0
ENG-00521,2024-02-01,0.021814441051120178,Low,Logistic Regression,v1.0.0
ENG-00521,2024-03-01,0.18379885143240957,Low,Logistic Regression,v1.0.0
ENG-00521,2024-04-01,0.07944987306867632,Low,Logistic Regression,v1.0.0
ENG-00521,2024-05-01,0.005527163393462048,Low,Logistic Regression,v1.0.0
ENG-00521,2024-06-01,0.019106983352228525,Low,Logistic Regression,v1.0.0
ENG-00521,2024-07-01,0.2328246242372056,Low,Logistic Regression,v1.0.0
ENG-00521,2024-08-01,0.009133313727813749,Low,Logistic Regression,v1.0.0
ENG-00521,2024-09-01,0.026659739600755177,Low,Logistic Regression,v1.0.0
ENG-00521,2024-10-01,0.004206455379372488,Low,Logistic Regression,v1.0.0
ENG-00522,2025-06-01,0.5043653211509646,Watch,Logistic Regression,v1.0.0
ENG-00522,2025-07-01,0.3475258583236074,Low,Logistic Regression,v1.0.0
ENG-00522,2025-08-01,0.8763412342715247,Critical,Logistic Regression,v1.0.0
ENG-00522,2025-09-01,0.036628109916112095,Low,Logistic Regression,v1.0.0
ENG-00522,2025-10-01,0.7782218849488517,Critical,Logistic Regression,v1.0.0
ENG-00522,2025-11-01,0.6693296257313939,Critical,Logistic Regression,v1.0.0
ENG-00522,2025-12-01,0.5264585875452228,Watch,Logistic Regression,v1.0.0
ENG-00522,2026-01-01,0.04236910572687144,Low,Logistic Regression,v1.0.0
ENG-00522,2026-02-01,0.6144046085397139,Watch,Logistic Regression,v1.0.0
ENG-00522,2026-03-01,0.18050585756139423,Low,Logistic Regression,v1.0.0
ENG-00522,2026-04-01,0.08137391579116192,Low,Logistic Regression,v1.0.0
ENG-00522,2026-05-01,0.26958133890066616,Low,Logistic Regression,v1.0.0
ENG-00523,2024-01-01,0.5220661101833157,Watch,Logistic Regression,v1.0.0
ENG-00523,2024-02-01,0.5852399339409893,Watch,Logistic Regression,v1.0.0
ENG-00523,2024-03-01,0.6926398979310213,Critical,Logistic Regression,v1.0.0
ENG-00523,2024-04-01,0.6141580259650845,Watch,Logistic Regression,v1.0.0
ENG-00523,2024-05-01,0.9043037444030744,Critical,Logistic Regression,v1.0.0
ENG-00523,2024-06-01,0.24544668412460754,Low,Logistic Regression,v1.0.0
ENG-00523,2024-07-01,0.6201655452020722,Watch,Logistic Regression,v1.0.0
ENG-00523,2024-08-01,0.9853401676701975,Critical,Logistic Regression,v1.0.0
ENG-00523,2024-09-01,0.8166298392591153,Critical,Logistic Regression,v1.0.0
ENG-00524,2025-09-01,0.2566559879911365,Low,Logistic Regression,v1.0.0
ENG-00524,2025-10-01,0.23994100057414258,Low,Logistic Regression,v1.0.0
ENG-00524,2025-11-01,0.2225818552774477,Low,Logistic Regression,v1.0.0
ENG-00524,2025-12-01,0.02388346433816727,Low,Logistic Regression,v1.0.0
ENG-00524,2026-01-01,0.42654841845687724,Watch,Logistic Regression,v1.0.0
ENG-00524,2026-02-01,0.07905577375984396,Low,Logistic Regression,v1.0.0
ENG-00524,2026-03-01,0.0681093386540142,Low,Logistic Regression,v1.0.0
ENG-00524,2026-04-01,0.09389384371798258,Low,Logistic Regression,v1.0.0
ENG-00524,2026-05-01,0.23698684877292608,Low,Logistic Regression,v1.0.0
ENG-00524,2026-06-01,0.2064526844788746,Low,Logistic Regression,v1.0.0
ENG-00524,2026-07-01,0.01667790288090767,Low,Logistic Regression,v1.0.0
ENG-00524,2026-08-01,0.18071891072419355,Low,Logistic Regression,v1.0.0
ENG-00525,2025-02-01,0.28402011904445057,Low,Logistic Regression,v1.0.0
ENG-00525,2025-03-01,0.049245443325915565,Low,Logistic Regression,v1.0.0
ENG-00525,2025-04-01,0.07923266700733386,Low,Logistic Regression,v1.0.0
ENG-00525,2025-05-01,0.4261605056888336,Watch,Logistic Regression,v1.0.0
ENG-00525,2025-06-01,0.016762594905927932,Low,Logistic Regression,v1.0.0
ENG-00525,2025-07-01,0.031276100152951146,Low,Logistic Regression,v1.0.0
ENG-00525,2025-08-01,0.03362854667663864,Low,Logistic Regression,v1.0.0
ENG-00525,2025-09-01,0.2904524395620487,Low,Logistic Regression,v1.0.0
ENG-00526,2026-03-01,0.14693218458113497,Low,Logistic Regression,v1.0.0
ENG-00526,2026-04-01,0.32667149374443283,Low,Logistic Regression,v1.0.0
ENG-00526,2026-05-01,0.244778694321764,Low,Logistic Regression,v1.0.0
ENG-00526,2026-06-01,0.06718395916018417,Low,Logistic Regression,v1.0.0
ENG-00526,2026-07-01,0.0731613968602306,Low,Logistic Regression,v1.0.0
ENG-00526,2026-08-01,0.04251261284618139,Low,Logistic Regression,v1.0.0
ENG-00527,2025-05-01,0.06119086596175137,Low,Logistic Regression,v1.0.0
ENG-00527,2025-06-01,0.9640863881065418,Critical,Logistic Regression,v1.0.0
ENG-00527,2025-07-01,0.9688175609943988,Critical,Logistic Regression,v1.0.0
ENG-00527,2025-08-01,0.9878097622412474,Critical,Logistic Regression,v1.0.0
ENG-00528,2025-05-01,0.034242878969739134,Low,Logistic Regression,v1.0.0
ENG-00528,2025-06-01,0.1715641868330069,Low,Logistic Regression,v1.0.0
ENG-00528,2025-07-01,0.16259714239820525,Low,Logistic Regression,v1.0.0
ENG-00528,2025-08-01,0.1682475510890683,Low,Logistic Regression,v1.0.0
ENG-00528,2025-09-01,0.010728438330210442,Low,Logistic Regression,v1.0.0
ENG-00528,2025-10-01,0.2924344026758147,Low,Logistic Regression,v1.0.0
ENG-00528,2025-11-01,0.0014353850834745389,Low,Logistic Regression,v1.0.0
ENG-00528,2025-12-01,0.28290773027489,Low,Logistic Regression,v1.0.0
ENG-00528,2026-01-01,0.6437076340148806,Watch,Logistic Regression,v1.0.0
ENG-00529,2025-10-01,0.012854014555047595,Low,Logistic Regression,v1.0.0
ENG-00529,2025-11-01,0.17351421837032546,Low,Logistic Regression,v1.0.0
ENG-00529,2025-12-01,0.012125841641636666,Low,Logistic Regression,v1.0.0
ENG-00529,2026-01-01,0.07805831207635966,Low,Logistic Regression,v1.0.0
ENG-00529,2026-02-01,0.0440915903776629,Low,Logistic Regression,v1.0.0
ENG-00529,2026-03-01,0.015555617371449304,Low,Logistic Regression,v1.0.0
ENG-00529,2026-04-01,0.0061230971605185204,Low,Logistic Regression,v1.0.0
ENG-00529,2026-05-01,0.043228565236721625,Low,Logistic Regression,v1.0.0
ENG-00529,2026-06-01,0.03834878375938592,Low,Logistic Regression,v1.0.0
ENG-00529,2026-07-01,0.005269676454915151,Low,Logistic Regression,v1.0.0
ENG-00529,2026-08-01,0.011020084503863044,Low,Logistic Regression,v1.0.0
ENG-00530,2024-12-01,0.005184427737623046,Low,Logistic Regression,v1.0.0
ENG-00530,2025-01-01,0.004536465517962338,Low,Logistic Regression,v1.0.0
ENG-00530,2025-02-01,0.024908550644912496,Low,Logistic Regression,v1.0.0
ENG-00530,2025-03-01,0.0003469755676041398,Low,Logistic Regression,v1.0.0
ENG-00530,2025-04-01,0.0030168530541581935,Low,Logistic Regression,v1.0.0
ENG-00530,2025-05-01,0.013509693836485587,Low,Logistic Regression,v1.0.0
ENG-00530,2025-06-01,0.004335801014831347,Low,Logistic Regression,v1.0.0
ENG-00530,2025-07-01,0.01889090273871595,Low,Logistic Regression,v1.0.0
ENG-00530,2025-08-01,0.0013189244570944308,Low,Logistic Regression,v1.0.0
ENG-00530,2025-09-01,0.0003336761526005209,Low,Logistic Regression,v1.0.0
ENG-00530,2025-10-01,0.012857181474735054,Low,Logistic Regression,v1.0.0
ENG-00530,2025-11-01,0.0004440775007335757,Low,Logistic Regression,v1.0.0
ENG-00530,2025-12-01,0.02127685600787535,Low,Logistic Regression,v1.0.0
ENG-00531,2026-04-01,0.4087973797957409,Watch,Logistic Regression,v1.0.0
ENG-00531,2026-05-01,0.11190091557712124,Low,Logistic Regression,v1.0.0
ENG-00531,2026-06-01,0.9564749789754344,Critical,Logistic Regression,v1.0.0
ENG-00531,2026-07-01,0.9398136924362631,Critical,Logistic Regression,v1.0.0
ENG-00531,2026-08-01,0.38424006708382913,Watch,Logistic Regression,v1.0.0
ENG-00532,2024-01-01,0.1033380088476556,Low,Logistic Regression,v1.0.0
ENG-00532,2024-02-01,0.3231359081399262,Low,Logistic Regression,v1.0.0
ENG-00532,2024-03-01,0.9794280643356459,Critical,Logistic Regression,v1.0.0
ENG-00532,2024-04-01,0.9082653630434286,Critical,Logistic Regression,v1.0.0
ENG-00532,2024-05-01,0.9969318555721032,Critical,Logistic Regression,v1.0.0
ENG-00533,2024-03-01,0.004329329378226337,Low,Logistic Regression,v1.0.0
ENG-00533,2024-04-01,0.18156387021084922,Low,Logistic Regression,v1.0.0
ENG-00533,2024-05-01,0.11733713454730059,Low,Logistic Regression,v1.0.0
ENG-00533,2024-06-01,0.0004052319758310527,Low,Logistic Regression,v1.0.0
ENG-00533,2024-07-01,0.008459027011197214,Low,Logistic Regression,v1.0.0
ENG-00533,2024-08-01,0.02338333711584645,Low,Logistic Regression,v1.0.0
ENG-00533,2024-09-01,0.009635481487503832,Low,Logistic Regression,v1.0.0
ENG-00533,2024-10-01,0.004590685601347873,Low,Logistic Regression,v1.0.0
ENG-00533,2024-11-01,0.011563705912029277,Low,Logistic Regression,v1.0.0
ENG-00533,2024-12-01,0.00899137102564663,Low,Logistic Regression,v1.0.0
ENG-00533,2025-01-01,0.0011085541601043305,Low,Logistic Regression,v1.0.0
ENG-00533,2025-02-01,0.0020925017443195024,Low,Logistic Regression,v1.0.0
ENG-00534,2026-07-01,0.11292917859161473,Low,Logistic Regression,v1.0.0
ENG-00534,2026-08-01,0.9825953467997817,Critical,Logistic Regression,v1.0.0
ENG-00535,2024-05-01,0.023245816574178773,Low,Logistic Regression,v1.0.0
ENG-00535,2024-06-01,0.0034132379843081154,Low,Logistic Regression,v1.0.0
ENG-00535,2024-07-01,0.06212889761612961,Low,Logistic Regression,v1.0.0
ENG-00535,2024-08-01,0.00850032969949397,Low,Logistic Regression,v1.0.0
ENG-00535,2024-09-01,0.026475458042644413,Low,Logistic Regression,v1.0.0
ENG-00535,2024-10-01,0.009893219479233769,Low,Logistic Regression,v1.0.0
ENG-00535,2024-11-01,0.006768078689628916,Low,Logistic Regression,v1.0.0
ENG-00535,2024-12-01,0.024461857208050924,Low,Logistic Regression,v1.0.0
ENG-00536,2025-01-01,0.01882623675356321,Low,Logistic Regression,v1.0.0
ENG-00536,2025-02-01,0.026607990365352562,Low,Logistic Regression,v1.0.0
ENG-00536,2025-03-01,0.0034022337167995452,Low,Logistic Regression,v1.0.0
ENG-00536,2025-04-01,0.03311263031523556,Low,Logistic Regression,v1.0.0
ENG-00536,2025-05-01,0.006137237078855249,Low,Logistic Regression,v1.0.0
ENG-00536,2025-06-01,0.15986281525808135,Low,Logistic Regression,v1.0.0
ENG-00536,2025-07-01,0.001443302995671371,Low,Logistic Regression,v1.0.0
ENG-00536,2025-08-01,0.6763682890399113,Critical,Logistic Regression,v1.0.0
ENG-00536,2025-09-01,0.003477665942750311,Low,Logistic Regression,v1.0.0
ENG-00536,2025-10-01,0.02287837250154869,Low,Logistic Regression,v1.0.0
ENG-00536,2025-11-01,0.012068993862720534,Low,Logistic Regression,v1.0.0
ENG-00536,2025-12-01,0.0327282585023068,Low,Logistic Regression,v1.0.0
ENG-00537,2026-04-01,0.5786579631415061,Watch,Logistic Regression,v1.0.0
ENG-00537,2026-05-01,0.2896119442335643,Low,Logistic Regression,v1.0.0
ENG-00537,2026-06-01,0.7116802835088168,Critical,Logistic Regression,v1.0.0
ENG-00537,2026-07-01,0.6904341557767776,Critical,Logistic Regression,v1.0.0
ENG-00537,2026-08-01,0.39667366061698994,Watch,Logistic Regression,v1.0.0
ENG-00538,2025-09-01,0.026534905731532398,Low,Logistic Regression,v1.0.0
ENG-00538,2025-10-01,0.004751049645058579,Low,Logistic Regression,v1.0.0
ENG-00538,2025-11-01,0.0027361410429396016,Low,Logistic Regression,v1.0.0
ENG-00538,2025-12-01,0.046915569367343465,Low,Logistic Regression,v1.0.0
ENG-00538,2026-01-01,0.005354615720623657,Low,Logistic Regression,v1.0.0
ENG-00538,2026-02-01,0.033529940153057686,Low,Logistic Regression,v1.0.0
ENG-00538,2026-03-01,0.002839434002699739,Low,Logistic Regression,v1.0.0
ENG-00538,2026-04-01,0.04174520802999922,Low,Logistic Regression,v1.0.0
ENG-00538,2026-05-01,0.000598599582727349,Low,Logistic Regression,v1.0.0
ENG-00538,2026-06-01,0.0022230209349267138,Low,Logistic Regression,v1.0.0
ENG-00538,2026-07-01,0.09655087330976067,Low,Logistic Regression,v1.0.0
ENG-00539,2025-03-01,0.020603712924859793,Low,Logistic Regression,v1.0.0
ENG-00539,2025-04-01,0.007618203221616872,Low,Logistic Regression,v1.0.0
ENG-00539,2025-05-01,0.014387840177526342,Low,Logistic Regression,v1.0.0
ENG-00539,2025-06-01,0.008764667209872972,Low,Logistic Regression,v1.0.0
ENG-00539,2025-07-01,0.027143647815050482,Low,Logistic Regression,v1.0.0
ENG-00539,2025-08-01,0.0007825933806794559,Low,Logistic Regression,v1.0.0
ENG-00539,2025-09-01,0.002199576024252802,Low,Logistic Regression,v1.0.0
ENG-00539,2025-10-01,0.03215558044811229,Low,Logistic Regression,v1.0.0
ENG-00539,2025-11-01,0.0745184776682631,Low,Logistic Regression,v1.0.0
ENG-00539,2025-12-01,0.0004922990714025756,Low,Logistic Regression,v1.0.0
ENG-00539,2026-01-01,0.016344758158828132,Low,Logistic Regression,v1.0.0
ENG-00539,2026-02-01,0.00026730509518068513,Low,Logistic Regression,v1.0.0
ENG-00540,2025-11-01,0.2674911240260163,Low,Logistic Regression,v1.0.0
ENG-00540,2025-12-01,0.22570711729817736,Low,Logistic Regression,v1.0.0
ENG-00540,2026-01-01,0.9582082256870371,Critical,Logistic Regression,v1.0.0
ENG-00540,2026-02-01,0.7993632421906486,Critical,Logistic Regression,v1.0.0
ENG-00540,2026-03-01,0.9996530442011962,Critical,Logistic Regression,v1.0.0
ENG-00540,2026-04-01,0.9985503771772692,Critical,Logistic Regression,v1.0.0
ENG-00541,2024-12-01,0.2980959544274162,Low,Logistic Regression,v1.0.0
ENG-00541,2025-01-01,0.9986063346434985,Critical,Logistic Regression,v1.0.0
ENG-00541,2025-02-01,0.9947403121898354,Critical,Logistic Regression,v1.0.0
ENG-00541,2025-03-01,0.9981333250507295,Critical,Logistic Regression,v1.0.0
ENG-00542,2025-11-01,0.34512035165980065,Low,Logistic Regression,v1.0.0
ENG-00542,2025-12-01,0.03632828610182106,Low,Logistic Regression,v1.0.0
ENG-00542,2026-01-01,0.19435936721095945,Low,Logistic Regression,v1.0.0
ENG-00542,2026-02-01,0.6677938818046201,Critical,Logistic Regression,v1.0.0
ENG-00542,2026-03-01,0.28005835087746045,Low,Logistic Regression,v1.0.0
ENG-00542,2026-04-01,0.020931107582148886,Low,Logistic Regression,v1.0.0
ENG-00542,2026-05-01,0.6137808871781163,Watch,Logistic Regression,v1.0.0
ENG-00542,2026-06-01,0.09393546911180285,Low,Logistic Regression,v1.0.0
ENG-00543,2025-05-01,0.03983643948304707,Low,Logistic Regression,v1.0.0
ENG-00543,2025-06-01,0.0019366730243316663,Low,Logistic Regression,v1.0.0
ENG-00543,2025-07-01,0.016842683693817383,Low,Logistic Regression,v1.0.0
ENG-00543,2025-08-01,0.020068472537685702,Low,Logistic Regression,v1.0.0
ENG-00543,2025-09-01,0.027066790681660933,Low,Logistic Regression,v1.0.0
ENG-00543,2025-10-01,0.018953174423124882,Low,Logistic Regression,v1.0.0
ENG-00543,2025-11-01,0.003368676070216636,Low,Logistic Regression,v1.0.0
ENG-00543,2025-12-01,0.029440131911709907,Low,Logistic Regression,v1.0.0
ENG-00543,2026-01-01,0.0006953323566779642,Low,Logistic Regression,v1.0.0
ENG-00543,2026-02-01,0.23485707582799242,Low,Logistic Regression,v1.0.0
ENG-00543,2026-03-01,0.003439745468523491,Low,Logistic Regression,v1.0.0
ENG-00543,2026-04-01,0.0012632983616837985,Low,Logistic Regression,v1.0.0
ENG-00544,2025-04-01,0.6482752247784738,Watch,Logistic Regression,v1.0.0
ENG-00544,2025-05-01,0.5202484083582898,Watch,Logistic Regression,v1.0.0
ENG-00544,2025-06-01,0.9731578293947217,Critical,Logistic Regression,v1.0.0
ENG-00544,2025-07-01,0.9973030988987848,Critical,Logistic Regression,v1.0.0
ENG-00544,2025-08-01,0.9998974194149826,Critical,Logistic Regression,v1.0.0
ENG-00544,2025-09-01,0.9947100617325217,Critical,Logistic Regression,v1.0.0
ENG-00545,2024-06-01,0.13330665132980193,Low,Logistic Regression,v1.0.0
ENG-00545,2024-07-01,0.1506215901589883,Low,Logistic Regression,v1.0.0
ENG-00545,2024-08-01,0.014209119104132265,Low,Logistic Regression,v1.0.0
ENG-00545,2024-09-01,0.6327552411368497,Watch,Logistic Regression,v1.0.0
ENG-00545,2024-10-01,0.024942056056610897,Low,Logistic Regression,v1.0.0
ENG-00545,2024-11-01,0.04505441982121906,Low,Logistic Regression,v1.0.0
ENG-00545,2024-12-01,0.06387737673949963,Low,Logistic Regression,v1.0.0
ENG-00545,2025-01-01,0.0648809723841498,Low,Logistic Regression,v1.0.0
ENG-00545,2025-02-01,0.03700301665638223,Low,Logistic Regression,v1.0.0
ENG-00545,2025-03-01,0.058232720936719495,Low,Logistic Regression,v1.0.0
ENG-00546,2026-07-01,0.03939935370830861,Low,Logistic Regression,v1.0.0
ENG-00546,2026-08-01,0.020210412012887848,Low,Logistic Regression,v1.0.0
ENG-00546,2026-09-01,0.04148855045329568,Low,Logistic Regression,v1.0.0
ENG-00546,2026-10-01,0.007926763362724997,Low,Logistic Regression,v1.0.0
ENG-00546,2026-11-01,0.28344649324105775,Low,Logistic Regression,v1.0.0
ENG-00546,2026-12-01,0.13088301809201308,Low,Logistic Regression,v1.0.0
ENG-00546,2027-01-01,0.8018043412495843,Critical,Logistic Regression,v1.0.0
ENG-00546,2027-02-01,0.9653609922190627,Critical,Logistic Regression,v1.0.0
ENG-00546,2027-03-01,0.9753436907648522,Critical,Logistic Regression,v1.0.0
ENG-00547,2026-02-01,0.22594251048135372,Low,Logistic Regression,v1.0.0
ENG-00547,2026-03-01,0.013348508466508363,Low,Logistic Regression,v1.0.0
ENG-00547,2026-04-01,0.7006236243088725,Critical,Logistic Regression,v1.0.0
ENG-00547,2026-05-01,0.03329956981743564,Low,Logistic Regression,v1.0.0
ENG-00547,2026-06-01,0.3232515155210023,Low,Logistic Regression,v1.0.0
ENG-00547,2026-07-01,0.017911758658265848,Low,Logistic Regression,v1.0.0
ENG-00547,2026-08-01,0.004681433871000024,Low,Logistic Regression,v1.0.0
ENG-00548,2025-12-01,0.35310687234415306,Watch,Logistic Regression,v1.0.0
ENG-00548,2026-01-01,0.6910982211642118,Critical,Logistic Regression,v1.0.0
ENG-00548,2026-02-01,0.1955748529054827,Low,Logistic Regression,v1.0.0
ENG-00548,2026-03-01,0.15815263631163104,Low,Logistic Regression,v1.0.0
ENG-00548,2026-04-01,0.11676005693081049,Low,Logistic Regression,v1.0.0
ENG-00548,2026-05-01,0.6934595233263512,Critical,Logistic Regression,v1.0.0
ENG-00548,2026-06-01,0.5512500895026802,Watch,Logistic Regression,v1.0.0
ENG-00548,2026-07-01,0.11858110028532508,Low,Logistic Regression,v1.0.0
ENG-00548,2026-08-01,0.13106638760761796,Low,Logistic Regression,v1.0.0
ENG-00549,2025-01-01,0.03135242914082759,Low,Logistic Regression,v1.0.0
ENG-00549,2025-02-01,0.008880584922139813,Low,Logistic Regression,v1.0.0
ENG-00549,2025-03-01,0.0447041292013457,Low,Logistic Regression,v1.0.0
ENG-00549,2025-04-01,0.10963878300969482,Low,Logistic Regression,v1.0.0
ENG-00549,2025-05-01,0.0015497864666764367,Low,Logistic Regression,v1.0.0
ENG-00549,2025-06-01,0.06351115542825704,Low,Logistic Regression,v1.0.0
ENG-00549,2025-07-01,0.055381733194006244,Low,Logistic Regression,v1.0.0
ENG-00549,2025-08-01,0.018098042665990383,Low,Logistic Regression,v1.0.0
ENG-00549,2025-09-01,0.05567515939962203,Low,Logistic Regression,v1.0.0
ENG-00550,2024-10-01,0.008869243507477335,Low,Logistic Regression,v1.0.0
ENG-00550,2024-11-01,0.25840475837976695,Low,Logistic Regression,v1.0.0
ENG-00550,2024-12-01,0.020739323171628517,Low,Logistic Regression,v1.0.0
ENG-00550,2025-01-01,0.003559677496288252,Low,Logistic Regression,v1.0.0
ENG-00550,2025-02-01,0.07418043936437768,Low,Logistic Regression,v1.0.0
ENG-00550,2025-03-01,0.04797315156327801,Low,Logistic Regression,v1.0.0
ENG-00550,2025-04-01,0.002058231963813102,Low,Logistic Regression,v1.0.0
ENG-00550,2025-05-01,0.0071589219533578045,Low,Logistic Regression,v1.0.0
ENG-00550,2025-06-01,0.09010009341676582,Low,Logistic Regression,v1.0.0
ENG-00551,2025-07-01,0.25835741554747793,Low,Logistic Regression,v1.0.0
ENG-00551,2025-08-01,0.7618107829379426,Critical,Logistic Regression,v1.0.0
ENG-00551,2025-09-01,0.8800095465045095,Critical,Logistic Regression,v1.0.0
ENG-00551,2025-10-01,0.9732440167543552,Critical,Logistic Regression,v1.0.0
ENG-00552,2024-06-01,0.059527654953962714,Low,Logistic Regression,v1.0.0
ENG-00552,2024-07-01,0.194759154259568,Low,Logistic Regression,v1.0.0
ENG-00552,2024-08-01,0.019817142895253458,Low,Logistic Regression,v1.0.0
ENG-00552,2024-09-01,0.09722992467886055,Low,Logistic Regression,v1.0.0
ENG-00552,2024-10-01,0.007156473416185027,Low,Logistic Regression,v1.0.0
ENG-00552,2024-11-01,0.3016960738240786,Low,Logistic Regression,v1.0.0
ENG-00552,2024-12-01,0.03242509442980607,Low,Logistic Regression,v1.0.0
ENG-00552,2025-01-01,0.9759388426188196,Critical,Logistic Regression,v1.0.0
ENG-00552,2025-02-01,0.9069476762255573,Critical,Logistic Regression,v1.0.0
ENG-00552,2025-03-01,0.9827898354357917,Critical,Logistic Regression,v1.0.0
ENG-00553,2024-02-01,0.05735398380839173,Low,Logistic Regression,v1.0.0
ENG-00553,2024-03-01,0.04170365212130177,Low,Logistic Regression,v1.0.0
ENG-00553,2024-04-01,0.004275527297989035,Low,Logistic Regression,v1.0.0
ENG-00553,2024-05-01,0.05448018054104465,Low,Logistic Regression,v1.0.0
ENG-00553,2024-06-01,0.021423924332167273,Low,Logistic Regression,v1.0.0
ENG-00553,2024-07-01,0.01527587877019565,Low,Logistic Regression,v1.0.0
ENG-00553,2024-08-01,0.0084459770512092,Low,Logistic Regression,v1.0.0
ENG-00553,2024-09-01,0.5506630013219193,Watch,Logistic Regression,v1.0.0
ENG-00553,2024-10-01,0.014778007657634241,Low,Logistic Regression,v1.0.0
ENG-00553,2024-11-01,0.0042681425499177415,Low,Logistic Regression,v1.0.0
ENG-00553,2024-12-01,0.08952762025516398,Low,Logistic Regression,v1.0.0
ENG-00553,2025-01-01,0.28547580869511885,Low,Logistic Regression,v1.0.0
ENG-00553,2025-02-01,0.0277844137550768,Low,Logistic Regression,v1.0.0
ENG-00554,2024-08-01,0.03579769726297773,Low,Logistic Regression,v1.0.0
ENG-00554,2024-09-01,0.1963252445765359,Low,Logistic Regression,v1.0.0
ENG-00554,2024-10-01,0.20754736107015267,Low,Logistic Regression,v1.0.0
ENG-00554,2024-11-01,0.011184353589468392,Low,Logistic Regression,v1.0.0
ENG-00554,2024-12-01,0.0022519197032292155,Low,Logistic Regression,v1.0.0
ENG-00554,2025-01-01,0.03929864849495116,Low,Logistic Regression,v1.0.0
ENG-00554,2025-02-01,0.20463239166545305,Low,Logistic Regression,v1.0.0
ENG-00554,2025-03-01,0.001006078778855347,Low,Logistic Regression,v1.0.0
ENG-00554,2025-04-01,0.04632625095395845,Low,Logistic Regression,v1.0.0
ENG-00554,2025-05-01,0.09184103330666185,Low,Logistic Regression,v1.0.0
ENG-00555,2026-08-01,0.006554889411846246,Low,Logistic Regression,v1.0.0
ENG-00556,2026-06-01,0.09642453553579848,Low,Logistic Regression,v1.0.0
ENG-00556,2026-07-01,0.011015244732944952,Low,Logistic Regression,v1.0.0
ENG-00556,2026-08-01,0.48470163368869645,Watch,Logistic Regression,v1.0.0
ENG-00557,2025-09-01,0.020734391574486005,Low,Logistic Regression,v1.0.0
ENG-00557,2025-10-01,0.2780199662160539,Low,Logistic Regression,v1.0.0
ENG-00557,2025-11-01,0.21519433534693522,Low,Logistic Regression,v1.0.0
ENG-00557,2025-12-01,0.5571099357014676,Watch,Logistic Regression,v1.0.0
ENG-00557,2026-01-01,0.9778779422926421,Critical,Logistic Regression,v1.0.0
ENG-00557,2026-02-01,0.7568656603547459,Critical,Logistic Regression,v1.0.0
ENG-00558,2025-01-01,0.035549601722868335,Low,Logistic Regression,v1.0.0
ENG-00558,2025-02-01,0.008225404901189665,Low,Logistic Regression,v1.0.0
ENG-00558,2025-03-01,0.18594308072612478,Low,Logistic Regression,v1.0.0
ENG-00558,2025-04-01,0.043509643285352465,Low,Logistic Regression,v1.0.0
ENG-00558,2025-05-01,0.33350912723597137,Low,Logistic Regression,v1.0.0
ENG-00558,2025-06-01,0.02053049508379035,Low,Logistic Regression,v1.0.0
ENG-00558,2025-07-01,0.037057751854324646,Low,Logistic Regression,v1.0.0
ENG-00558,2025-08-01,0.416870446615849,Watch,Logistic Regression,v1.0.0
ENG-00559,2025-05-01,0.12333411129483314,Low,Logistic Regression,v1.0.0
ENG-00559,2025-06-01,0.1319151171019715,Low,Logistic Regression,v1.0.0
ENG-00559,2025-07-01,0.1299238151531143,Low,Logistic Regression,v1.0.0
ENG-00559,2025-08-01,0.015748004031131066,Low,Logistic Regression,v1.0.0
ENG-00559,2025-09-01,0.4357887591772003,Watch,Logistic Regression,v1.0.0
ENG-00559,2025-10-01,0.3994972539182332,Watch,Logistic Regression,v1.0.0
ENG-00559,2025-11-01,0.01237593814899019,Low,Logistic Regression,v1.0.0
ENG-00559,2025-12-01,0.09945704938244633,Low,Logistic Regression,v1.0.0
ENG-00559,2026-01-01,0.08872802364739851,Low,Logistic Regression,v1.0.0
ENG-00560,2026-05-01,0.51501477817824,Watch,Logistic Regression,v1.0.0
ENG-00560,2026-06-01,0.9951985779273043,Critical,Logistic Regression,v1.0.0
ENG-00560,2026-07-01,0.9970760175415921,Critical,Logistic Regression,v1.0.0
ENG-00560,2026-08-01,0.9995476457021403,Critical,Logistic Regression,v1.0.0
ENG-00560,2026-09-01,0.9988346972829809,Critical,Logistic Regression,v1.0.0
ENG-00561,2025-11-01,0.0836036291712547,Low,Logistic Regression,v1.0.0
ENG-00561,2025-12-01,0.6408431641448327,Watch,Logistic Regression,v1.0.0
ENG-00561,2026-01-01,0.018656038763026718,Low,Logistic Regression,v1.0.0
ENG-00561,2026-02-01,0.013788452933921117,Low,Logistic Regression,v1.0.0
ENG-00561,2026-03-01,0.06769070458927806,Low,Logistic Regression,v1.0.0
ENG-00561,2026-04-01,0.01768039076765425,Low,Logistic Regression,v1.0.0
ENG-00561,2026-05-01,0.011422641589736444,Low,Logistic Regression,v1.0.0
ENG-00562,2024-02-01,0.047438779272557303,Low,Logistic Regression,v1.0.0
ENG-00562,2024-03-01,0.3861228811267983,Watch,Logistic Regression,v1.0.0
ENG-00562,2024-04-01,0.0342394915841586,Low,Logistic Regression,v1.0.0
ENG-00562,2024-05-01,0.09024405117140229,Low,Logistic Regression,v1.0.0
ENG-00562,2024-06-01,0.33119684809443334,Low,Logistic Regression,v1.0.0
ENG-00562,2024-07-01,0.007311064231127135,Low,Logistic Regression,v1.0.0
ENG-00562,2024-08-01,0.0032008760824968163,Low,Logistic Regression,v1.0.0
ENG-00562,2024-09-01,0.1402890481539067,Low,Logistic Regression,v1.0.0
ENG-00562,2024-10-01,0.35902922727099096,Watch,Logistic Regression,v1.0.0
ENG-00563,2024-07-01,0.04202653799920006,Low,Logistic Regression,v1.0.0
ENG-00563,2024-08-01,0.013517641517717784,Low,Logistic Regression,v1.0.0
ENG-00563,2024-09-01,0.012887892144373867,Low,Logistic Regression,v1.0.0
ENG-00563,2024-10-01,0.04828700916249494,Low,Logistic Regression,v1.0.0
ENG-00563,2024-11-01,0.0018684340399295542,Low,Logistic Regression,v1.0.0
ENG-00563,2024-12-01,0.01237818800710139,Low,Logistic Regression,v1.0.0
ENG-00563,2025-01-01,0.006474713713335165,Low,Logistic Regression,v1.0.0
ENG-00563,2025-02-01,0.013615645564972753,Low,Logistic Regression,v1.0.0
ENG-00563,2025-03-01,0.005323989904548716,Low,Logistic Regression,v1.0.0
ENG-00563,2025-04-01,0.043760716189034474,Low,Logistic Regression,v1.0.0
ENG-00563,2025-05-01,0.005930821090709593,Low,Logistic Regression,v1.0.0
ENG-00563,2025-06-01,0.023066241824046,Low,Logistic Regression,v1.0.0
ENG-00564,2026-06-01,0.03731434046051622,Low,Logistic Regression,v1.0.0
ENG-00564,2026-07-01,0.18602684231009856,Low,Logistic Regression,v1.0.0
ENG-00564,2026-08-01,0.036593097490305995,Low,Logistic Regression,v1.0.0
ENG-00565,2025-11-01,0.07577624325603391,Low,Logistic Regression,v1.0.0
ENG-00565,2025-12-01,0.01046862187572168,Low,Logistic Regression,v1.0.0
ENG-00565,2026-01-01,0.15956564393349257,Low,Logistic Regression,v1.0.0
ENG-00565,2026-02-01,0.019393197016703743,Low,Logistic Regression,v1.0.0
ENG-00565,2026-03-01,0.087901727077456,Low,Logistic Regression,v1.0.0
ENG-00565,2026-04-01,0.029111651591943507,Low,Logistic Regression,v1.0.0
ENG-00565,2026-05-01,0.028241540155592427,Low,Logistic Regression,v1.0.0
ENG-00565,2026-06-01,0.14775531863144564,Low,Logistic Regression,v1.0.0
ENG-00566,2026-02-01,0.03333116826625846,Low,Logistic Regression,v1.0.0
ENG-00566,2026-03-01,0.11002340248436986,Low,Logistic Regression,v1.0.0
ENG-00566,2026-04-01,0.029660198387462196,Low,Logistic Regression,v1.0.0
ENG-00566,2026-05-01,0.06216750803332527,Low,Logistic Regression,v1.0.0
ENG-00566,2026-06-01,0.04430976199177028,Low,Logistic Regression,v1.0.0
ENG-00566,2026-07-01,0.027360707101381256,Low,Logistic Regression,v1.0.0
ENG-00566,2026-08-01,0.2080677846323911,Low,Logistic Regression,v1.0.0
ENG-00567,2024-02-01,0.07533741297044866,Low,Logistic Regression,v1.0.0
ENG-00567,2024-03-01,0.06835466508178803,Low,Logistic Regression,v1.0.0
ENG-00567,2024-04-01,0.014185676940829324,Low,Logistic Regression,v1.0.0
ENG-00567,2024-05-01,0.28447211499696295,Low,Logistic Regression,v1.0.0
ENG-00567,2024-06-01,0.003694063975255861,Low,Logistic Regression,v1.0.0
ENG-00567,2024-07-01,0.09300323211683614,Low,Logistic Regression,v1.0.0
ENG-00567,2024-08-01,0.028363500020162056,Low,Logistic Regression,v1.0.0
ENG-00567,2024-09-01,0.2901282010918336,Low,Logistic Regression,v1.0.0
ENG-00567,2024-10-01,0.02777838972098276,Low,Logistic Regression,v1.0.0
ENG-00567,2024-11-01,0.014262276669922672,Low,Logistic Regression,v1.0.0
ENG-00568,2026-07-01,0.09000427121924529,Low,Logistic Regression,v1.0.0
ENG-00568,2026-08-01,0.00665226098434839,Low,Logistic Regression,v1.0.0
ENG-00569,2025-09-01,0.009370193761638314,Low,Logistic Regression,v1.0.0
ENG-00569,2025-10-01,0.09409873122977626,Low,Logistic Regression,v1.0.0
ENG-00569,2025-11-01,0.003945480999433544,Low,Logistic Regression,v1.0.0
ENG-00569,2025-12-01,0.006724300961182803,Low,Logistic Regression,v1.0.0
ENG-00569,2026-01-01,0.0008843212130394782,Low,Logistic Regression,v1.0.0
ENG-00569,2026-02-01,0.050577549925382694,Low,Logistic Regression,v1.0.0
ENG-00569,2026-03-01,0.011954085173106213,Low,Logistic Regression,v1.0.0
ENG-00569,2026-04-01,0.0008652610516523746,Low,Logistic Regression,v1.0.0
ENG-00569,2026-05-01,0.0013230054632306703,Low,Logistic Regression,v1.0.0
ENG-00569,2026-06-01,0.001100217575782384,Low,Logistic Regression,v1.0.0
ENG-00569,2026-07-01,0.06969583564759729,Low,Logistic Regression,v1.0.0
ENG-00569,2026-08-01,0.000359124375899917,Low,Logistic Regression,v1.0.0
ENG-00570,2025-07-01,0.33766897527618533,Low,Logistic Regression,v1.0.0
ENG-00570,2025-08-01,0.20927336770302427,Low,Logistic Regression,v1.0.0
ENG-00570,2025-09-01,0.11037875533729695,Low,Logistic Regression,v1.0.0
ENG-00570,2025-10-01,0.054473825721881516,Low,Logistic Regression,v1.0.0
ENG-00570,2025-11-01,0.09403781864671687,Low,Logistic Regression,v1.0.0
ENG-00570,2025-12-01,0.13799264048772308,Low,Logistic Regression,v1.0.0
ENG-00570,2026-01-01,0.00203595469178615,Low,Logistic Regression,v1.0.0
ENG-00570,2026-02-01,0.4415063640925392,Watch,Logistic Regression,v1.0.0
ENG-00570,2026-03-01,0.058939136100485345,Low,Logistic Regression,v1.0.0
ENG-00570,2026-04-01,0.03453169729308127,Low,Logistic Regression,v1.0.0
ENG-00571,2025-03-01,0.07909949193336709,Low,Logistic Regression,v1.0.0
ENG-00571,2025-04-01,0.33118089952283836,Low,Logistic Regression,v1.0.0
ENG-00571,2025-05-01,0.060516305138296846,Low,Logistic Regression,v1.0.0
ENG-00571,2025-06-01,0.1323288901184158,Low,Logistic Regression,v1.0.0
ENG-00571,2025-07-01,0.060005071718521256,Low,Logistic Regression,v1.0.0
ENG-00571,2025-08-01,0.09949982725561525,Low,Logistic Regression,v1.0.0
ENG-00571,2025-09-01,0.06360071912201479,Low,Logistic Regression,v1.0.0
ENG-00571,2025-10-01,0.14624223697477254,Low,Logistic Regression,v1.0.0
ENG-00572,2026-01-01,0.8808237975005841,Critical,Logistic Regression,v1.0.0
ENG-00572,2026-02-01,0.9092669398152485,Critical,Logistic Regression,v1.0.0
ENG-00572,2026-03-01,0.9117971083773462,Critical,Logistic Regression,v1.0.0
ENG-00572,2026-04-01,0.7718189747603563,Critical,Logistic Regression,v1.0.0
ENG-00572,2026-05-01,0.9054473396282977,Critical,Logistic Regression,v1.0.0
ENG-00572,2026-06-01,0.17505678668527302,Low,Logistic Regression,v1.0.0
ENG-00572,2026-07-01,0.9572556444301803,Critical,Logistic Regression,v1.0.0
ENG-00572,2026-08-01,0.5579726099196601,Watch,Logistic Regression,v1.0.0
ENG-00573,2024-04-01,0.07643244190900116,Low,Logistic Regression,v1.0.0
ENG-00573,2024-05-01,0.010838098163237974,Low,Logistic Regression,v1.0.0
ENG-00573,2024-06-01,0.022288391854308445,Low,Logistic Regression,v1.0.0
ENG-00573,2024-07-01,0.37000101885110015,Watch,Logistic Regression,v1.0.0
ENG-00573,2024-08-01,0.00536174867407702,Low,Logistic Regression,v1.0.0
ENG-00573,2024-09-01,0.002319387597849609,Low,Logistic Regression,v1.0.0
ENG-00573,2024-10-01,0.5307772301099574,Watch,Logistic Regression,v1.0.0
ENG-00573,2024-11-01,0.008464842330957387,Low,Logistic Regression,v1.0.0
ENG-00574,2025-01-01,0.09894800114262668,Low,Logistic Regression,v1.0.0
ENG-00574,2025-02-01,0.6906119430741662,Critical,Logistic Regression,v1.0.0
ENG-00574,2025-03-01,0.9311510828621967,Critical,Logistic Regression,v1.0.0
ENG-00574,2025-04-01,0.9978055558530544,Critical,Logistic Regression,v1.0.0
ENG-00574,2025-05-01,0.9996898187743084,Critical,Logistic Regression,v1.0.0
ENG-00575,2026-08-01,0.002616175097421881,Low,Logistic Regression,v1.0.0
ENG-00576,2024-11-01,0.018957369548669598,Low,Logistic Regression,v1.0.0
ENG-00576,2024-12-01,0.007545177646782406,Low,Logistic Regression,v1.0.0
ENG-00576,2025-01-01,0.17651078517972363,Low,Logistic Regression,v1.0.0
ENG-00576,2025-02-01,0.002726808438243894,Low,Logistic Regression,v1.0.0
ENG-00576,2025-03-01,0.001495128606797658,Low,Logistic Regression,v1.0.0
ENG-00576,2025-04-01,0.00246315518571289,Low,Logistic Regression,v1.0.0
ENG-00576,2025-05-01,0.06252569087924377,Low,Logistic Regression,v1.0.0
ENG-00576,2025-06-01,0.0027872173571273848,Low,Logistic Regression,v1.0.0
ENG-00576,2025-07-01,0.0085515116948082,Low,Logistic Regression,v1.0.0
ENG-00577,2024-12-01,0.024476923335755997,Low,Logistic Regression,v1.0.0
ENG-00577,2025-01-01,0.11709837471670846,Low,Logistic Regression,v1.0.0
ENG-00577,2025-02-01,0.007247888246476422,Low,Logistic Regression,v1.0.0
ENG-00577,2025-03-01,0.07840888274741875,Low,Logistic Regression,v1.0.0
ENG-00577,2025-04-01,0.013485144143713967,Low,Logistic Regression,v1.0.0
ENG-00577,2025-05-01,0.5813287494532674,Watch,Logistic Regression,v1.0.0
ENG-00577,2025-06-01,0.9050419197056958,Critical,Logistic Regression,v1.0.0
ENG-00577,2025-07-01,0.31453856680753156,Low,Logistic Regression,v1.0.0
ENG-00577,2025-08-01,0.9546827860337369,Critical,Logistic Regression,v1.0.0
ENG-00578,2026-01-01,0.015102816461585082,Low,Logistic Regression,v1.0.0
ENG-00578,2026-02-01,0.03581988066688749,Low,Logistic Regression,v1.0.0
ENG-00578,2026-03-01,0.06399007449448987,Low,Logistic Regression,v1.0.0
ENG-00578,2026-04-01,0.022375369717201173,Low,Logistic Regression,v1.0.0
ENG-00578,2026-05-01,0.02448308373235497,Low,Logistic Regression,v1.0.0
ENG-00578,2026-06-01,0.005607885826877453,Low,Logistic Regression,v1.0.0
ENG-00578,2026-07-01,0.0069401134243743,Low,Logistic Regression,v1.0.0
ENG-00578,2026-08-01,0.07509493091143235,Low,Logistic Regression,v1.0.0
ENG-00579,2024-12-01,0.0448322523739679,Low,Logistic Regression,v1.0.0
ENG-00579,2025-01-01,0.03200010959533048,Low,Logistic Regression,v1.0.0
ENG-00579,2025-02-01,0.005640047547645199,Low,Logistic Regression,v1.0.0
ENG-00579,2025-03-01,0.00896263322597497,Low,Logistic Regression,v1.0.0
ENG-00579,2025-04-01,0.000824898782531183,Low,Logistic Regression,v1.0.0
ENG-00579,2025-05-01,0.054485756301897094,Low,Logistic Regression,v1.0.0
ENG-00579,2025-06-01,0.033917199020981365,Low,Logistic Regression,v1.0.0
ENG-00579,2025-07-01,0.0011872319682111922,Low,Logistic Regression,v1.0.0
ENG-00580,2024-10-01,0.049878277945117365,Low,Logistic Regression,v1.0.0
ENG-00580,2024-11-01,0.06443792678080887,Low,Logistic Regression,v1.0.0
ENG-00580,2024-12-01,0.03235054078012477,Low,Logistic Regression,v1.0.0
ENG-00580,2025-01-01,0.1029725344690123,Low,Logistic Regression,v1.0.0
ENG-00580,2025-02-01,0.02683708881854022,Low,Logistic Regression,v1.0.0
ENG-00580,2025-03-01,0.12789627729745645,Low,Logistic Regression,v1.0.0
ENG-00580,2025-04-01,0.6607635753265914,Critical,Logistic Regression,v1.0.0
ENG-00580,2025-05-01,0.13019100280541102,Low,Logistic Regression,v1.0.0
ENG-00580,2025-06-01,0.8635521005553004,Critical,Logistic Regression,v1.0.0
ENG-00580,2025-07-01,0.9659597992458105,Critical,Logistic Regression,v1.0.0
ENG-00581,2025-10-01,0.6232909312789323,Watch,Logistic Regression,v1.0.0
ENG-00581,2025-11-01,0.054985528631275704,Low,Logistic Regression,v1.0.0
ENG-00581,2025-12-01,0.5425484341811823,Watch,Logistic Regression,v1.0.0
ENG-00581,2026-01-01,0.4625407541937559,Watch,Logistic Regression,v1.0.0
ENG-00581,2026-02-01,0.8559077554662018,Critical,Logistic Regression,v1.0.0
ENG-00581,2026-03-01,0.4225451049500218,Watch,Logistic Regression,v1.0.0
ENG-00581,2026-04-01,0.4063187857789548,Watch,Logistic Regression,v1.0.0
ENG-00581,2026-05-01,0.11372162657725184,Low,Logistic Regression,v1.0.0
ENG-00581,2026-06-01,0.21928581182214837,Low,Logistic Regression,v1.0.0
ENG-00581,2026-07-01,0.5059760655653394,Watch,Logistic Regression,v1.0.0
ENG-00581,2026-08-01,0.6799826744352534,Critical,Logistic Regression,v1.0.0
ENG-00582,2024-03-01,0.18922952595001577,Low,Logistic Regression,v1.0.0
ENG-00582,2024-04-01,0.3027295394753332,Low,Logistic Regression,v1.0.0
ENG-00582,2024-05-01,0.4748389226509137,Watch,Logistic Regression,v1.0.0
ENG-00582,2024-06-01,0.03794190230599078,Low,Logistic Regression,v1.0.0
ENG-00582,2024-07-01,0.35089637401487983,Watch,Logistic Regression,v1.0.0
ENG-00582,2024-08-01,0.059513644268392445,Low,Logistic Regression,v1.0.0
ENG-00582,2024-09-01,0.20249937632661436,Low,Logistic Regression,v1.0.0
ENG-00582,2024-10-01,0.1038215250821321,Low,Logistic Regression,v1.0.0
ENG-00582,2024-11-01,0.6046106254271686,Watch,Logistic Regression,v1.0.0
ENG-00582,2024-12-01,0.04137610456478057,Low,Logistic Regression,v1.0.0
ENG-00583,2025-11-01,0.290153833750753,Low,Logistic Regression,v1.0.0
ENG-00583,2025-12-01,0.30859425463409035,Low,Logistic Regression,v1.0.0
ENG-00583,2026-01-01,0.2524661370431916,Low,Logistic Regression,v1.0.0
ENG-00583,2026-02-01,0.21733343709656733,Low,Logistic Regression,v1.0.0
ENG-00583,2026-03-01,0.15067878168915055,Low,Logistic Regression,v1.0.0
ENG-00583,2026-04-01,0.49509388798025733,Watch,Logistic Regression,v1.0.0
ENG-00583,2026-05-01,0.3270944398544025,Low,Logistic Regression,v1.0.0
ENG-00583,2026-06-01,0.03744975527324667,Low,Logistic Regression,v1.0.0
ENG-00583,2026-07-01,0.6381144627079782,Watch,Logistic Regression,v1.0.0
ENG-00583,2026-08-01,0.040279023401749964,Low,Logistic Regression,v1.0.0
ENG-00584,2024-11-01,0.09764822203992875,Low,Logistic Regression,v1.0.0
ENG-00584,2024-12-01,0.2687924508128747,Low,Logistic Regression,v1.0.0
ENG-00584,2025-01-01,0.11095993458887506,Low,Logistic Regression,v1.0.0
ENG-00584,2025-02-01,0.38501009355469257,Watch,Logistic Regression,v1.0.0
ENG-00584,2025-03-01,0.023884666988593286,Low,Logistic Regression,v1.0.0
ENG-00584,2025-04-01,0.05046167271949396,Low,Logistic Regression,v1.0.0
ENG-00584,2025-05-01,0.44444092642286126,Watch,Logistic Regression,v1.0.0
ENG-00584,2025-06-01,0.008512379503073495,Low,Logistic Regression,v1.0.0
ENG-00584,2025-07-01,0.1299673756346366,Low,Logistic Regression,v1.0.0
ENG-00584,2025-08-01,0.10388560509367385,Low,Logistic Regression,v1.0.0
ENG-00584,2025-09-01,0.04592803447926732,Low,Logistic Regression,v1.0.0
ENG-00585,2024-10-01,0.06845041328759688,Low,Logistic Regression,v1.0.0
ENG-00585,2024-11-01,0.0830288030245906,Low,Logistic Regression,v1.0.0
ENG-00585,2024-12-01,0.17344011822972039,Low,Logistic Regression,v1.0.0
ENG-00585,2025-01-01,0.007636827148761623,Low,Logistic Regression,v1.0.0
ENG-00585,2025-02-01,0.25626353363592536,Low,Logistic Regression,v1.0.0
ENG-00585,2025-03-01,0.28926189093326593,Low,Logistic Regression,v1.0.0
ENG-00585,2025-04-01,0.015678461516669902,Low,Logistic Regression,v1.0.0
ENG-00585,2025-05-01,0.18196804579062897,Low,Logistic Regression,v1.0.0
ENG-00585,2025-06-01,0.11226263200621382,Low,Logistic Regression,v1.0.0
ENG-00585,2025-07-01,0.03345707471873258,Low,Logistic Regression,v1.0.0
ENG-00585,2025-08-01,0.11515835496051212,Low,Logistic Regression,v1.0.0
ENG-00585,2025-09-01,0.022555110567433406,Low,Logistic Regression,v1.0.0
ENG-00586,2024-10-01,0.03381767058588708,Low,Logistic Regression,v1.0.0
ENG-00586,2024-11-01,0.026963570918131494,Low,Logistic Regression,v1.0.0
ENG-00586,2024-12-01,0.0019789128289097874,Low,Logistic Regression,v1.0.0
ENG-00586,2025-01-01,0.11740331587675538,Low,Logistic Regression,v1.0.0
ENG-00586,2025-02-01,0.001547025712325424,Low,Logistic Regression,v1.0.0
ENG-00586,2025-03-01,0.2191088834428681,Low,Logistic Regression,v1.0.0
ENG-00586,2025-04-01,0.009780213016647336,Low,Logistic Regression,v1.0.0
ENG-00586,2025-05-01,0.03859552898222839,Low,Logistic Regression,v1.0.0
ENG-00586,2025-06-01,0.014131510326655758,Low,Logistic Regression,v1.0.0
ENG-00586,2025-07-01,0.00190748031453124,Low,Logistic Regression,v1.0.0
ENG-00586,2025-08-01,0.20104024446226623,Low,Logistic Regression,v1.0.0
ENG-00587,2024-11-01,0.07131837122788136,Low,Logistic Regression,v1.0.0
ENG-00587,2024-12-01,0.1648500636486461,Low,Logistic Regression,v1.0.0
ENG-00587,2025-01-01,0.09317691163758747,Low,Logistic Regression,v1.0.0
ENG-00587,2025-02-01,0.025159864184071044,Low,Logistic Regression,v1.0.0
ENG-00587,2025-03-01,0.47228724908414427,Watch,Logistic Regression,v1.0.0
ENG-00587,2025-04-01,0.0017310930608755192,Low,Logistic Regression,v1.0.0
ENG-00587,2025-05-01,0.7494528673825237,Critical,Logistic Regression,v1.0.0
ENG-00587,2025-06-01,0.007447149280135732,Low,Logistic Regression,v1.0.0
ENG-00587,2025-07-01,0.14042894469786976,Low,Logistic Regression,v1.0.0
ENG-00587,2025-08-01,0.09514415068734693,Low,Logistic Regression,v1.0.0
ENG-00587,2025-09-01,0.0062799446421040895,Low,Logistic Regression,v1.0.0
ENG-00587,2025-10-01,0.0803915061028989,Low,Logistic Regression,v1.0.0
ENG-00588,2025-11-01,0.2172634484689749,Low,Logistic Regression,v1.0.0
ENG-00588,2025-12-01,0.2917515676137859,Low,Logistic Regression,v1.0.0
ENG-00588,2026-01-01,0.039765248268492676,Low,Logistic Regression,v1.0.0
ENG-00588,2026-02-01,0.15512128822111998,Low,Logistic Regression,v1.0.0
ENG-00588,2026-03-01,0.1274652915686466,Low,Logistic Regression,v1.0.0
ENG-00588,2026-04-01,0.018659466500169433,Low,Logistic Regression,v1.0.0
ENG-00588,2026-05-01,0.49329007395788516,Watch,Logistic Regression,v1.0.0
ENG-00588,2026-06-01,0.007019097476083339,Low,Logistic Regression,v1.0.0
ENG-00588,2026-07-01,0.060280031705979904,Low,Logistic Regression,v1.0.0
ENG-00589,2024-04-01,0.014870391265956769,Low,Logistic Regression,v1.0.0
ENG-00589,2024-05-01,0.1388792416902938,Low,Logistic Regression,v1.0.0
ENG-00589,2024-06-01,0.0017076025577830816,Low,Logistic Regression,v1.0.0
ENG-00589,2024-07-01,0.2470036870681807,Low,Logistic Regression,v1.0.0
ENG-00589,2024-08-01,0.0037029469311251617,Low,Logistic Regression,v1.0.0
ENG-00589,2024-09-01,0.004331669896020972,Low,Logistic Regression,v1.0.0
ENG-00589,2024-10-01,0.0015028406222467568,Low,Logistic Regression,v1.0.0
ENG-00589,2024-11-01,0.0028165118232302455,Low,Logistic Regression,v1.0.0
ENG-00589,2024-12-01,0.009638310848698936,Low,Logistic Regression,v1.0.0
ENG-00589,2025-01-01,0.042784675517000915,Low,Logistic Regression,v1.0.0
ENG-00589,2025-02-01,0.001469420780672999,Low,Logistic Regression,v1.0.0
ENG-00590,2025-07-01,0.20174064224999796,Low,Logistic Regression,v1.0.0
ENG-00590,2025-08-01,0.12295406637788897,Low,Logistic Regression,v1.0.0
ENG-00590,2025-09-01,0.04194339786935965,Low,Logistic Regression,v1.0.0
ENG-00590,2025-10-01,0.24209443720756227,Low,Logistic Regression,v1.0.0
ENG-00590,2025-11-01,0.056987369214566486,Low,Logistic Regression,v1.0.0
ENG-00590,2025-12-01,0.0055326278112770326,Low,Logistic Regression,v1.0.0
ENG-00590,2026-01-01,0.1986870541775649,Low,Logistic Regression,v1.0.0
ENG-00590,2026-02-01,0.11213559188571708,Low,Logistic Regression,v1.0.0
ENG-00590,2026-03-01,0.09502771331040542,Low,Logistic Regression,v1.0.0
ENG-00590,2026-04-01,0.028134651561923282,Low,Logistic Regression,v1.0.0
ENG-00590,2026-05-01,0.4713652743822471,Watch,Logistic Regression,v1.0.0
ENG-00591,2024-01-01,0.05750920038608166,Low,Logistic Regression,v1.0.0
ENG-00591,2024-02-01,0.05790984909122224,Low,Logistic Regression,v1.0.0
ENG-00591,2024-03-01,0.033812764428491585,Low,Logistic Regression,v1.0.0
ENG-00591,2024-04-01,0.04339773615254024,Low,Logistic Regression,v1.0.0
ENG-00591,2024-05-01,0.5538040531248727,Watch,Logistic Regression,v1.0.0
ENG-00591,2024-06-01,0.01589569513559924,Low,Logistic Regression,v1.0.0
ENG-00591,2024-07-01,0.14738061003177855,Low,Logistic Regression,v1.0.0
ENG-00591,2024-08-01,0.12617893642762115,Low,Logistic Regression,v1.0.0
ENG-00591,2024-09-01,0.011086731022334385,Low,Logistic Regression,v1.0.0
ENG-00591,2024-10-01,0.31537824013250176,Low,Logistic Regression,v1.0.0
ENG-00591,2024-11-01,0.0020020905846597054,Low,Logistic Regression,v1.0.0
ENG-00591,2024-12-01,0.12345450281498285,Low,Logistic Regression,v1.0.0
ENG-00592,2025-06-01,0.14650427593300813,Low,Logistic Regression,v1.0.0
ENG-00592,2025-07-01,0.014571114297709612,Low,Logistic Regression,v1.0.0
ENG-00592,2025-08-01,0.04941167241927294,Low,Logistic Regression,v1.0.0
ENG-00592,2025-09-01,0.27621548517445665,Low,Logistic Regression,v1.0.0
ENG-00592,2025-10-01,0.012879189590038665,Low,Logistic Regression,v1.0.0
ENG-00592,2025-11-01,0.10043128364774792,Low,Logistic Regression,v1.0.0
ENG-00592,2025-12-01,0.007504076441702492,Low,Logistic Regression,v1.0.0
ENG-00592,2026-01-01,0.06361047697507549,Low,Logistic Regression,v1.0.0
ENG-00592,2026-02-01,0.1784511188554461,Low,Logistic Regression,v1.0.0
ENG-00592,2026-03-01,0.00801895297446597,Low,Logistic Regression,v1.0.0
ENG-00592,2026-04-01,0.04115947393560922,Low,Logistic Regression,v1.0.0
ENG-00592,2026-05-01,0.1741548900276451,Low,Logistic Regression,v1.0.0
ENG-00592,2026-06-01,0.11821592127156842,Low,Logistic Regression,v1.0.0
ENG-00593,2026-07-01,0.03892883986660306,Low,Logistic Regression,v1.0.0
ENG-00593,2026-08-01,0.008962951892945216,Low,Logistic Regression,v1.0.0
ENG-00594,2024-05-01,0.9252584308668949,Critical,Logistic Regression,v1.0.0
ENG-00594,2024-06-01,0.6283836196640497,Watch,Logistic Regression,v1.0.0
ENG-00594,2024-07-01,0.15053560024893164,Low,Logistic Regression,v1.0.0
ENG-00594,2024-08-01,0.9856717515697168,Critical,Logistic Regression,v1.0.0
ENG-00594,2024-09-01,0.7743365235022723,Critical,Logistic Regression,v1.0.0
ENG-00594,2024-10-01,0.9402568106345635,Critical,Logistic Regression,v1.0.0
ENG-00594,2024-11-01,0.7418300481476046,Critical,Logistic Regression,v1.0.0
ENG-00594,2024-12-01,0.47796807175504424,Watch,Logistic Regression,v1.0.0
ENG-00595,2024-04-01,0.08631340669005201,Low,Logistic Regression,v1.0.0
ENG-00595,2024-05-01,0.7278897310170255,Critical,Logistic Regression,v1.0.0
ENG-00595,2024-06-01,0.7201096625220648,Critical,Logistic Regression,v1.0.0
ENG-00595,2024-07-01,0.07129935478353136,Low,Logistic Regression,v1.0.0
ENG-00595,2024-08-01,0.9769406360565155,Critical,Logistic Regression,v1.0.0
ENG-00595,2024-09-01,0.9855437529054144,Critical,Logistic Regression,v1.0.0
ENG-00595,2024-10-01,0.994818644711587,Critical,Logistic Regression,v1.0.0
ENG-00596,2025-07-01,0.0846791991353688,Low,Logistic Regression,v1.0.0
ENG-00596,2025-08-01,0.06783457250565592,Low,Logistic Regression,v1.0.0
ENG-00596,2025-09-01,0.012703788392037346,Low,Logistic Regression,v1.0.0
ENG-00596,2025-10-01,0.0807966829339886,Low,Logistic Regression,v1.0.0
ENG-00596,2025-11-01,0.005245740030365914,Low,Logistic Regression,v1.0.0
ENG-00596,2025-12-01,0.05729802469900565,Low,Logistic Regression,v1.0.0
ENG-00596,2026-01-01,0.4141279007061706,Watch,Logistic Regression,v1.0.0
ENG-00596,2026-02-01,0.00538941711222311,Low,Logistic Regression,v1.0.0
ENG-00596,2026-03-01,0.013186858336486283,Low,Logistic Regression,v1.0.0
ENG-00597,2024-01-01,0.17313598832850724,Low,Logistic Regression,v1.0.0
ENG-00597,2024-02-01,0.07409223709423074,Low,Logistic Regression,v1.0.0
ENG-00597,2024-03-01,0.06340870148269616,Low,Logistic Regression,v1.0.0
ENG-00597,2024-04-01,0.08282581397158949,Low,Logistic Regression,v1.0.0
ENG-00597,2024-05-01,0.021892216515657766,Low,Logistic Regression,v1.0.0
ENG-00597,2024-06-01,0.10326262020140292,Low,Logistic Regression,v1.0.0
ENG-00597,2024-07-01,0.007515234177634571,Low,Logistic Regression,v1.0.0
ENG-00597,2024-08-01,0.0769138787327856,Low,Logistic Regression,v1.0.0
ENG-00598,2024-11-01,0.09720173214117103,Low,Logistic Regression,v1.0.0
ENG-00598,2024-12-01,0.1541548835854908,Low,Logistic Regression,v1.0.0
ENG-00598,2025-01-01,0.9848169434834203,Critical,Logistic Regression,v1.0.0
ENG-00598,2025-02-01,0.9953221179578141,Critical,Logistic Regression,v1.0.0
ENG-00598,2025-03-01,0.9982398541479487,Critical,Logistic Regression,v1.0.0
ENG-00599,2024-06-01,0.5901068975829317,Watch,Logistic Regression,v1.0.0
ENG-00599,2024-07-01,0.30361594223289723,Low,Logistic Regression,v1.0.0
ENG-00599,2024-08-01,0.2263238156940414,Low,Logistic Regression,v1.0.0
ENG-00599,2024-09-01,0.9468119094911062,Critical,Logistic Regression,v1.0.0
ENG-00599,2024-10-01,0.2719756667574887,Low,Logistic Regression,v1.0.0
ENG-00599,2024-11-01,0.7475614846908981,Critical,Logistic Regression,v1.0.0
ENG-00599,2024-12-01,0.4507351166254987,Watch,Logistic Regression,v1.0.0
ENG-00599,2025-01-01,0.25543617292513,Low,Logistic Regression,v1.0.0
ENG-00599,2025-02-01,0.02520531692900662,Low,Logistic Regression,v1.0.0
ENG-00599,2025-03-01,0.7488603451450211,Critical,Logistic Regression,v1.0.0
ENG-00599,2025-04-01,0.5732367354023723,Watch,Logistic Regression,v1.0.0
ENG-00600,2024-02-01,0.32086013299610655,Low,Logistic Regression,v1.0.0
ENG-00600,2024-03-01,0.22260317060586512,Low,Logistic Regression,v1.0.0
ENG-00600,2024-04-01,0.9309612805422961,Critical,Logistic Regression,v1.0.0
ENG-00600,2024-05-01,0.9831614408083792,Critical,Logistic Regression,v1.0.0
ENG-00600,2024-06-01,0.9975569000442205,Critical,Logistic Regression,v1.0.0
ENG-00600,2024-07-01,0.995151572681076,Critical,Logistic Regression,v1.0.0
ENG-00601,2026-03-01,0.055625722267075975,Low,Logistic Regression,v1.0.0
ENG-00601,2026-04-01,0.7297504374697883,Critical,Logistic Regression,v1.0.0
ENG-00601,2026-05-01,0.7456942951761422,Critical,Logistic Regression,v1.0.0
ENG-00601,2026-06-01,0.39027948551848884,Watch,Logistic Regression,v1.0.0
ENG-00601,2026-07-01,0.14023245041543217,Low,Logistic Regression,v1.0.0
ENG-00601,2026-08-01,0.5336895444859762,Watch,Logistic Regression,v1.0.0
ENG-00602,2025-02-01,0.010888978935276317,Low,Logistic Regression,v1.0.0
ENG-00602,2025-03-01,0.176943764292093,Low,Logistic Regression,v1.0.0
ENG-00602,2025-04-01,0.01300987263595395,Low,Logistic Regression,v1.0.0
ENG-00602,2025-05-01,0.04604558810341533,Low,Logistic Regression,v1.0.0
ENG-00602,2025-06-01,0.009706632018549202,Low,Logistic Regression,v1.0.0
ENG-00602,2025-07-01,0.05806581265794512,Low,Logistic Regression,v1.0.0
ENG-00602,2025-08-01,0.014936161311359277,Low,Logistic Regression,v1.0.0
ENG-00602,2025-09-01,0.015793193602959943,Low,Logistic Regression,v1.0.0
ENG-00602,2025-10-01,0.0026120033714486543,Low,Logistic Regression,v1.0.0
ENG-00602,2025-11-01,0.01028985311045233,Low,Logistic Regression,v1.0.0
ENG-00602,2025-12-01,0.014988057458732282,Low,Logistic Regression,v1.0.0
ENG-00603,2025-12-01,0.028662770535056087,Low,Logistic Regression,v1.0.0
ENG-00603,2026-01-01,0.012122388415359207,Low,Logistic Regression,v1.0.0
ENG-00603,2026-02-01,0.5224538495117709,Watch,Logistic Regression,v1.0.0
ENG-00603,2026-03-01,0.11214198395998855,Low,Logistic Regression,v1.0.0
ENG-00603,2026-04-01,0.8922333809463813,Critical,Logistic Regression,v1.0.0
ENG-00603,2026-05-01,0.9921544857756016,Critical,Logistic Regression,v1.0.0
ENG-00604,2025-03-01,0.2986724967269622,Low,Logistic Regression,v1.0.0
ENG-00604,2025-04-01,0.21761815212317587,Low,Logistic Regression,v1.0.0
ENG-00604,2025-05-01,0.029467851548237504,Low,Logistic Regression,v1.0.0
ENG-00604,2025-06-01,0.30981339062587565,Low,Logistic Regression,v1.0.0
ENG-00604,2025-07-01,0.09814810927139493,Low,Logistic Regression,v1.0.0
ENG-00604,2025-08-01,0.2859388599335093,Low,Logistic Regression,v1.0.0
ENG-00604,2025-09-01,0.42579374438659207,Watch,Logistic Regression,v1.0.0
ENG-00604,2025-10-01,0.011127876214466963,Low,Logistic Regression,v1.0.0
ENG-00604,2025-11-01,0.23927277316567058,Low,Logistic Regression,v1.0.0
ENG-00604,2025-12-01,0.037159023802941,Low,Logistic Regression,v1.0.0
ENG-00604,2026-01-01,0.09967592029269871,Low,Logistic Regression,v1.0.0
ENG-00605,2025-11-01,0.24799420024573232,Low,Logistic Regression,v1.0.0
ENG-00605,2025-12-01,0.9483769097148055,Critical,Logistic Regression,v1.0.0
ENG-00605,2026-01-01,0.9985774354918195,Critical,Logistic Regression,v1.0.0
ENG-00605,2026-02-01,0.9934033081796328,Critical,Logistic Regression,v1.0.0
ENG-00606,2024-07-01,0.02792077562716592,Low,Logistic Regression,v1.0.0
ENG-00606,2024-08-01,0.08691183536291548,Low,Logistic Regression,v1.0.0
ENG-00606,2024-09-01,0.2798649989527098,Low,Logistic Regression,v1.0.0
ENG-00606,2024-10-01,0.04884475522397542,Low,Logistic Regression,v1.0.0
ENG-00606,2024-11-01,0.18141101837111498,Low,Logistic Regression,v1.0.0
ENG-00606,2024-12-01,0.02418262414437725,Low,Logistic Regression,v1.0.0
ENG-00606,2025-01-01,0.11438914933496004,Low,Logistic Regression,v1.0.0
ENG-00606,2025-02-01,0.09089602742462444,Low,Logistic Regression,v1.0.0
ENG-00606,2025-03-01,0.10488122351737232,Low,Logistic Regression,v1.0.0
ENG-00606,2025-04-01,0.04838833013583904,Low,Logistic Regression,v1.0.0
ENG-00606,2025-05-01,0.009696299160363483,Low,Logistic Regression,v1.0.0
ENG-00607,2026-04-01,0.014078114991803085,Low,Logistic Regression,v1.0.0
ENG-00607,2026-05-01,0.5723799665003788,Watch,Logistic Regression,v1.0.0
ENG-00607,2026-06-01,0.552587541704028,Watch,Logistic Regression,v1.0.0
ENG-00607,2026-07-01,0.8930253001342359,Critical,Logistic Regression,v1.0.0
ENG-00608,2025-05-01,0.07024457104698001,Low,Logistic Regression,v1.0.0
ENG-00608,2025-06-01,0.04278065465477668,Low,Logistic Regression,v1.0.0
ENG-00608,2025-07-01,0.0023090625868297824,Low,Logistic Regression,v1.0.0
ENG-00608,2025-08-01,0.09462027307119841,Low,Logistic Regression,v1.0.0
ENG-00608,2025-09-01,0.3744486327083439,Watch,Logistic Regression,v1.0.0
ENG-00608,2025-10-01,0.0015938603437544994,Low,Logistic Regression,v1.0.0
ENG-00608,2025-11-01,0.059838908845967,Low,Logistic Regression,v1.0.0
ENG-00608,2025-12-01,0.0010239225688876757,Low,Logistic Regression,v1.0.0
ENG-00608,2026-01-01,0.03425341565345043,Low,Logistic Regression,v1.0.0
ENG-00608,2026-02-01,0.049264512298792744,Low,Logistic Regression,v1.0.0
ENG-00608,2026-03-01,0.00783488804984538,Low,Logistic Regression,v1.0.0
ENG-00608,2026-04-01,0.004091311373026287,Low,Logistic Regression,v1.0.0
ENG-00608,2026-05-01,0.06349600940554623,Low,Logistic Regression,v1.0.0
ENG-00609,2024-07-01,0.015649195893411,Low,Logistic Regression,v1.0.0
ENG-00609,2024-08-01,0.5114137163178141,Watch,Logistic Regression,v1.0.0
ENG-00609,2024-09-01,0.3760360908627137,Watch,Logistic Regression,v1.0.0
ENG-00609,2024-10-01,0.8288320929719064,Critical,Logistic Regression,v1.0.0
ENG-00609,2024-11-01,0.8538927739517403,Critical,Logistic Regression,v1.0.0
ENG-00610,2024-05-01,0.01406843289694368,Low,Logistic Regression,v1.0.0
ENG-00610,2024-06-01,0.001380901032312282,Low,Logistic Regression,v1.0.0
ENG-00610,2024-07-01,0.03285792957446349,Low,Logistic Regression,v1.0.0
ENG-00610,2024-08-01,0.007985151106186587,Low,Logistic Regression,v1.0.0
ENG-00610,2024-09-01,0.0015282464155925795,Low,Logistic Regression,v1.0.0
ENG-00610,2024-10-01,0.0034298989418418985,Low,Logistic Regression,v1.0.0
ENG-00610,2024-11-01,0.22769025047514707,Low,Logistic Regression,v1.0.0
ENG-00610,2024-12-01,0.4450124197415308,Watch,Logistic Regression,v1.0.0
ENG-00610,2025-01-01,0.20762684967236741,Low,Logistic Regression,v1.0.0
ENG-00610,2025-02-01,0.6896927379299107,Critical,Logistic Regression,v1.0.0
ENG-00611,2025-08-01,0.7424229510606559,Critical,Logistic Regression,v1.0.0
ENG-00611,2025-09-01,0.8235684093019608,Critical,Logistic Regression,v1.0.0
ENG-00611,2025-10-01,0.6720209128202584,Critical,Logistic Regression,v1.0.0
ENG-00611,2025-11-01,0.994192124900087,Critical,Logistic Regression,v1.0.0
ENG-00611,2025-12-01,0.990117190443749,Critical,Logistic Regression,v1.0.0
ENG-00612,2024-03-01,0.08753347527509482,Low,Logistic Regression,v1.0.0
ENG-00612,2024-04-01,0.014181470521615953,Low,Logistic Regression,v1.0.0
ENG-00612,2024-05-01,0.10423535149274564,Low,Logistic Regression,v1.0.0
ENG-00612,2024-06-01,0.0044187927502160745,Low,Logistic Regression,v1.0.0
ENG-00612,2024-07-01,0.2430485039122181,Low,Logistic Regression,v1.0.0
ENG-00612,2024-08-01,0.025923294317466827,Low,Logistic Regression,v1.0.0
ENG-00612,2024-09-01,0.017967337428731786,Low,Logistic Regression,v1.0.0
ENG-00612,2024-10-01,0.10879194950403435,Low,Logistic Regression,v1.0.0
ENG-00612,2024-11-01,0.2557352477589443,Low,Logistic Regression,v1.0.0
ENG-00613,2024-07-01,0.09619634584232502,Low,Logistic Regression,v1.0.0
ENG-00613,2024-08-01,0.23326982275720123,Low,Logistic Regression,v1.0.0
ENG-00613,2024-09-01,0.09433242369004971,Low,Logistic Regression,v1.0.0
ENG-00613,2024-10-01,0.19128955000734996,Low,Logistic Regression,v1.0.0
ENG-00613,2024-11-01,0.022584718026503255,Low,Logistic Regression,v1.0.0
ENG-00613,2024-12-01,0.08371018529497672,Low,Logistic Regression,v1.0.0
ENG-00613,2025-01-01,0.27754388659065515,Low,Logistic Regression,v1.0.0
ENG-00613,2025-02-01,0.13763149792464138,Low,Logistic Regression,v1.0.0
ENG-00613,2025-03-01,0.07083236816861962,Low,Logistic Regression,v1.0.0
ENG-00614,2024-02-01,0.006815901326976999,Low,Logistic Regression,v1.0.0
ENG-00614,2024-03-01,0.014204042348487003,Low,Logistic Regression,v1.0.0
ENG-00614,2024-04-01,0.0018113036430127086,Low,Logistic Regression,v1.0.0
ENG-00614,2024-05-01,0.001760495152757905,Low,Logistic Regression,v1.0.0
ENG-00614,2024-06-01,0.005200508168003356,Low,Logistic Regression,v1.0.0
ENG-00614,2024-07-01,0.06598574672953379,Low,Logistic Regression,v1.0.0
ENG-00614,2024-08-01,0.001996359162343332,Low,Logistic Regression,v1.0.0
ENG-00614,2024-09-01,0.0004549498808714692,Low,Logistic Regression,v1.0.0
ENG-00615,2026-07-01,0.9356637479154732,Critical,Logistic Regression,v1.0.0
ENG-00615,2026-08-01,0.9984179708478408,Critical,Logistic Regression,v1.0.0
ENG-00616,2024-04-01,0.012187260569774715,Low,Logistic Regression,v1.0.0
ENG-00616,2024-05-01,0.03520073650538098,Low,Logistic Regression,v1.0.0
ENG-00616,2024-06-01,0.009741536662846382,Low,Logistic Regression,v1.0.0
ENG-00616,2024-07-01,0.025307732547641393,Low,Logistic Regression,v1.0.0
ENG-00616,2024-08-01,0.005029696338988042,Low,Logistic Regression,v1.0.0
ENG-00616,2024-09-01,0.04322066343273073,Low,Logistic Regression,v1.0.0
ENG-00616,2024-10-01,0.0017911380720697046,Low,Logistic Regression,v1.0.0
ENG-00616,2024-11-01,0.23978584870775999,Low,Logistic Regression,v1.0.0
ENG-00617,2024-04-01,0.010607672327186637,Low,Logistic Regression,v1.0.0
ENG-00617,2024-05-01,0.022700654247130463,Low,Logistic Regression,v1.0.0
ENG-00617,2024-06-01,0.00505308177444628,Low,Logistic Regression,v1.0.0
ENG-00617,2024-07-01,0.003823796401225608,Low,Logistic Regression,v1.0.0
ENG-00617,2024-08-01,0.015316718863254638,Low,Logistic Regression,v1.0.0
ENG-00617,2024-09-01,0.005411301839311791,Low,Logistic Regression,v1.0.0
ENG-00617,2024-10-01,0.0015547762446413585,Low,Logistic Regression,v1.0.0
ENG-00617,2024-11-01,0.040773734399130214,Low,Logistic Regression,v1.0.0
ENG-00617,2024-12-01,0.0005743325434966387,Low,Logistic Regression,v1.0.0
ENG-00617,2025-01-01,0.0027037705007398813,Low,Logistic Regression,v1.0.0
ENG-00618,2024-08-01,0.032748997513459936,Low,Logistic Regression,v1.0.0
ENG-00618,2024-09-01,0.021570390745159873,Low,Logistic Regression,v1.0.0
ENG-00618,2024-10-01,0.01640605813464318,Low,Logistic Regression,v1.0.0
ENG-00618,2024-11-01,0.02706729307470986,Low,Logistic Regression,v1.0.0
ENG-00618,2024-12-01,0.045837518174072264,Low,Logistic Regression,v1.0.0
ENG-00618,2025-01-01,0.014466661017605017,Low,Logistic Regression,v1.0.0
ENG-00618,2025-02-01,0.026468583388069886,Low,Logistic Regression,v1.0.0
ENG-00618,2025-03-01,0.23120340183393723,Low,Logistic Regression,v1.0.0
ENG-00618,2025-04-01,0.0015109594445850503,Low,Logistic Regression,v1.0.0
ENG-00619,2026-05-01,0.16348768325843346,Low,Logistic Regression,v1.0.0
ENG-00619,2026-06-01,0.7379018239316765,Critical,Logistic Regression,v1.0.0
ENG-00619,2026-07-01,0.9977369089548673,Critical,Logistic Regression,v1.0.0
ENG-00619,2026-08-01,0.9863052047748448,Critical,Logistic Regression,v1.0.0
ENG-00619,2026-09-01,0.999848689236073,Critical,Logistic Regression,v1.0.0
ENG-00620,2024-07-01,0.8025402558932189,Critical,Logistic Regression,v1.0.0
ENG-00620,2024-08-01,0.972838984677397,Critical,Logistic Regression,v1.0.0
ENG-00620,2024-09-01,0.38513134664237175,Watch,Logistic Regression,v1.0.0
ENG-00620,2024-10-01,0.9111794184969927,Critical,Logistic Regression,v1.0.0
ENG-00620,2024-11-01,0.48549427844180987,Watch,Logistic Regression,v1.0.0
ENG-00620,2024-12-01,0.6045662335674152,Watch,Logistic Regression,v1.0.0
ENG-00620,2025-01-01,0.6796237982424141,Critical,Logistic Regression,v1.0.0
ENG-00620,2025-02-01,0.4176789183638241,Watch,Logistic Regression,v1.0.0
ENG-00620,2025-03-01,0.9608002292352883,Critical,Logistic Regression,v1.0.0
ENG-00620,2025-04-01,0.5202961681878254,Watch,Logistic Regression,v1.0.0
ENG-00621,2025-07-01,0.5896462942903193,Watch,Logistic Regression,v1.0.0
ENG-00621,2025-08-01,0.5494600949093627,Watch,Logistic Regression,v1.0.0
ENG-00621,2025-09-01,0.9682471513446139,Critical,Logistic Regression,v1.0.0
ENG-00621,2025-10-01,0.9310666955278624,Critical,Logistic Regression,v1.0.0
ENG-00621,2025-11-01,0.9814246984550311,Critical,Logistic Regression,v1.0.0
ENG-00621,2025-12-01,0.09090849332784108,Low,Logistic Regression,v1.0.0
ENG-00621,2026-01-01,0.979019348206428,Critical,Logistic Regression,v1.0.0
ENG-00621,2026-02-01,0.73611470703286,Critical,Logistic Regression,v1.0.0
ENG-00622,2026-08-01,0.03720880925598139,Low,Logistic Regression,v1.0.0
ENG-00623,2026-03-01,0.1493810269627937,Low,Logistic Regression,v1.0.0
ENG-00623,2026-04-01,0.37212223101206593,Watch,Logistic Regression,v1.0.0
ENG-00623,2026-05-01,0.3715739948153497,Watch,Logistic Regression,v1.0.0
ENG-00623,2026-06-01,0.5135743210674515,Watch,Logistic Regression,v1.0.0
ENG-00623,2026-07-01,0.8894830155679999,Critical,Logistic Regression,v1.0.0
ENG-00623,2026-08-01,0.36075355546702725,Watch,Logistic Regression,v1.0.0
ENG-00624,2024-07-01,0.02636059748318833,Low,Logistic Regression,v1.0.0
ENG-00624,2024-08-01,0.7809224995903755,Critical,Logistic Regression,v1.0.0
ENG-00624,2024-09-01,0.2920503254837133,Low,Logistic Regression,v1.0.0
ENG-00624,2024-10-01,0.058583906501456715,Low,Logistic Regression,v1.0.0
ENG-00624,2024-11-01,0.24224290242704644,Low,Logistic Regression,v1.0.0
ENG-00624,2024-12-01,0.18082942509549604,Low,Logistic Regression,v1.0.0
ENG-00624,2025-01-01,0.02730616012244182,Low,Logistic Regression,v1.0.0
ENG-00625,2024-06-01,0.05035897196560607,Low,Logistic Regression,v1.0.0
ENG-00625,2024-07-01,0.003298926684996387,Low,Logistic Regression,v1.0.0
ENG-00625,2024-08-01,0.038842914335733864,Low,Logistic Regression,v1.0.0
ENG-00625,2024-09-01,0.00290027832476934,Low,Logistic Regression,v1.0.0
ENG-00625,2024-10-01,0.010773573268825715,Low,Logistic Regression,v1.0.0
ENG-00625,2024-11-01,0.010080539031035148,Low,Logistic Regression,v1.0.0
ENG-00625,2024-12-01,0.022255137927302326,Low,Logistic Regression,v1.0.0
ENG-00626,2024-09-01,0.03967940738070962,Low,Logistic Regression,v1.0.0
ENG-00626,2024-10-01,0.04012492169994479,Low,Logistic Regression,v1.0.0
ENG-00626,2024-11-01,0.7846051433835023,Critical,Logistic Regression,v1.0.0
ENG-00626,2024-12-01,0.7922194050658059,Critical,Logistic Regression,v1.0.0
ENG-00626,2025-01-01,0.8956585533802599,Critical,Logistic Regression,v1.0.0
ENG-00627,2026-07-01,0.004034229750053067,Low,Logistic Regression,v1.0.0
ENG-00627,2026-08-01,0.13625184335105092,Low,Logistic Regression,v1.0.0
ENG-00627,2026-09-01,0.004219317616179705,Low,Logistic Regression,v1.0.0
ENG-00627,2026-10-01,0.005352368618955202,Low,Logistic Regression,v1.0.0
ENG-00627,2026-11-01,0.18655054138426808,Low,Logistic Regression,v1.0.0
ENG-00627,2026-12-01,0.5193587111891206,Watch,Logistic Regression,v1.0.0
ENG-00627,2027-01-01,0.40664583453483366,Watch,Logistic Regression,v1.0.0
ENG-00627,2027-02-01,0.5943051331342749,Watch,Logistic Regression,v1.0.0
ENG-00628,2024-10-01,0.43027618207971513,Watch,Logistic Regression,v1.0.0
ENG-00628,2024-11-01,0.3531470660097689,Watch,Logistic Regression,v1.0.0
ENG-00628,2024-12-01,0.08644293312665181,Low,Logistic Regression,v1.0.0
ENG-00628,2025-01-01,0.13495622813656194,Low,Logistic Regression,v1.0.0
ENG-00628,2025-02-01,0.46588851831104044,Watch,Logistic Regression,v1.0.0
ENG-00628,2025-03-01,0.18932438218528716,Low,Logistic Regression,v1.0.0
ENG-00628,2025-04-01,0.06191306410030687,Low,Logistic Regression,v1.0.0
ENG-00628,2025-05-01,0.7120576985989642,Critical,Logistic Regression,v1.0.0
ENG-00629,2025-10-01,0.19459999304744852,Low,Logistic Regression,v1.0.0
ENG-00629,2025-11-01,0.011871902145395826,Low,Logistic Regression,v1.0.0
ENG-00629,2025-12-01,0.37628399366692916,Watch,Logistic Regression,v1.0.0
ENG-00629,2026-01-01,0.12515361447168954,Low,Logistic Regression,v1.0.0
ENG-00629,2026-02-01,0.3271287191072367,Low,Logistic Regression,v1.0.0
ENG-00629,2026-03-01,0.1702431375133764,Low,Logistic Regression,v1.0.0
ENG-00629,2026-04-01,0.0812350677745181,Low,Logistic Regression,v1.0.0
ENG-00629,2026-05-01,0.04865364197305426,Low,Logistic Regression,v1.0.0
ENG-00630,2024-04-01,0.039800915116823245,Low,Logistic Regression,v1.0.0
ENG-00630,2024-05-01,0.12549095526901763,Low,Logistic Regression,v1.0.0
ENG-00630,2024-06-01,0.001058376491749108,Low,Logistic Regression,v1.0.0
ENG-00630,2024-07-01,0.17408066063335487,Low,Logistic Regression,v1.0.0
ENG-00630,2024-08-01,0.005439547317964151,Low,Logistic Regression,v1.0.0
ENG-00630,2024-09-01,0.016584784957474005,Low,Logistic Regression,v1.0.0
ENG-00630,2024-10-01,0.10289839618478555,Low,Logistic Regression,v1.0.0
ENG-00630,2024-11-01,0.004868338051505475,Low,Logistic Regression,v1.0.0
ENG-00630,2024-12-01,0.2095226967235187,Low,Logistic Regression,v1.0.0
ENG-00630,2025-01-01,0.006237099330362996,Low,Logistic Regression,v1.0.0
ENG-00630,2025-02-01,0.008510293496483148,Low,Logistic Regression,v1.0.0
ENG-00630,2025-03-01,0.012263885080468167,Low,Logistic Regression,v1.0.0
ENG-00631,2024-11-01,0.13920364026218124,Low,Logistic Regression,v1.0.0
ENG-00631,2024-12-01,0.03964446107696338,Low,Logistic Regression,v1.0.0
ENG-00631,2025-01-01,0.13251508689248592,Low,Logistic Regression,v1.0.0
ENG-00631,2025-02-01,0.13550704987327516,Low,Logistic Regression,v1.0.0
ENG-00631,2025-03-01,0.06789160914282731,Low,Logistic Regression,v1.0.0
ENG-00631,2025-04-01,0.0014848735609549345,Low,Logistic Regression,v1.0.0
ENG-00631,2025-05-01,0.9100294446760493,Critical,Logistic Regression,v1.0.0
ENG-00631,2025-06-01,0.016854692246304297,Low,Logistic Regression,v1.0.0
ENG-00631,2025-07-01,0.034443901139364484,Low,Logistic Regression,v1.0.0
ENG-00631,2025-08-01,0.25005490856737295,Low,Logistic Regression,v1.0.0
ENG-00632,2026-02-01,0.04999120236467617,Low,Logistic Regression,v1.0.0
ENG-00632,2026-03-01,0.19656994414364376,Low,Logistic Regression,v1.0.0
ENG-00632,2026-04-01,0.011450131562471912,Low,Logistic Regression,v1.0.0
ENG-00632,2026-05-01,0.1316923554653804,Low,Logistic Regression,v1.0.0
ENG-00632,2026-06-01,0.20331614748615234,Low,Logistic Regression,v1.0.0
ENG-00632,2026-07-01,0.7165231917135468,Critical,Logistic Regression,v1.0.0
ENG-00632,2026-08-01,0.2989512176291622,Low,Logistic Regression,v1.0.0
ENG-00633,2025-05-01,0.14995022128621907,Low,Logistic Regression,v1.0.0
ENG-00633,2025-06-01,0.005159696508089302,Low,Logistic Regression,v1.0.0
ENG-00633,2025-07-01,0.1147013413149816,Low,Logistic Regression,v1.0.0
ENG-00633,2025-08-01,0.14686243628466006,Low,Logistic Regression,v1.0.0
ENG-00633,2025-09-01,0.015218614910705038,Low,Logistic Regression,v1.0.0
ENG-00633,2025-10-01,0.34106525810969973,Low,Logistic Regression,v1.0.0
ENG-00633,2025-11-01,0.10062997863402841,Low,Logistic Regression,v1.0.0
ENG-00633,2025-12-01,0.041080741220817854,Low,Logistic Regression,v1.0.0
ENG-00633,2026-01-01,0.024337455590801714,Low,Logistic Regression,v1.0.0
ENG-00633,2026-02-01,0.06869160338608003,Low,Logistic Regression,v1.0.0
ENG-00633,2026-03-01,0.06359081099874102,Low,Logistic Regression,v1.0.0
ENG-00633,2026-04-01,0.036573250351308775,Low,Logistic Regression,v1.0.0
ENG-00633,2026-05-01,0.1346362946203973,Low,Logistic Regression,v1.0.0
ENG-00634,2026-04-01,0.008022792956170012,Low,Logistic Regression,v1.0.0
ENG-00634,2026-05-01,0.006554897545803879,Low,Logistic Regression,v1.0.0
ENG-00634,2026-06-01,0.022657712650137562,Low,Logistic Regression,v1.0.0
ENG-00634,2026-07-01,0.04232975666631575,Low,Logistic Regression,v1.0.0
ENG-00634,2026-08-01,0.011269460687728024,Low,Logistic Regression,v1.0.0
ENG-00635,2025-11-01,0.04385520031795037,Low,Logistic Regression,v1.0.0
ENG-00635,2025-12-01,0.0713390104136685,Low,Logistic Regression,v1.0.0
ENG-00635,2026-01-01,0.2539958784841928,Low,Logistic Regression,v1.0.0
ENG-00635,2026-02-01,0.01109392630129642,Low,Logistic Regression,v1.0.0
ENG-00635,2026-03-01,0.01914099931098818,Low,Logistic Regression,v1.0.0
ENG-00635,2026-04-01,0.32610858999436,Low,Logistic Regression,v1.0.0
ENG-00635,2026-05-01,0.00580936269330632,Low,Logistic Regression,v1.0.0
ENG-00635,2026-06-01,0.02898513563789378,Low,Logistic Regression,v1.0.0
ENG-00635,2026-07-01,0.036472035716661105,Low,Logistic Regression,v1.0.0
ENG-00636,2025-07-01,0.019034391158672972,Low,Logistic Regression,v1.0.0
ENG-00636,2025-08-01,0.00033363710304234567,Low,Logistic Regression,v1.0.0
ENG-00636,2025-09-01,0.06606917146540595,Low,Logistic Regression,v1.0.0
ENG-00636,2025-10-01,0.0053983652469937245,Low,Logistic Regression,v1.0.0
ENG-00636,2025-11-01,0.006179357835165496,Low,Logistic Regression,v1.0.0
ENG-00636,2025-12-01,0.0013758188021434268,Low,Logistic Regression,v1.0.0
ENG-00636,2026-01-01,0.0020521466058796532,Low,Logistic Regression,v1.0.0
ENG-00636,2026-02-01,0.0024528832625251374,Low,Logistic Regression,v1.0.0
ENG-00636,2026-03-01,0.002771514572829752,Low,Logistic Regression,v1.0.0
ENG-00636,2026-04-01,0.0018142782579369545,Low,Logistic Regression,v1.0.0
ENG-00636,2026-05-01,0.00018565707386027268,Low,Logistic Regression,v1.0.0
ENG-00637,2026-01-01,0.08432756454791003,Low,Logistic Regression,v1.0.0
ENG-00637,2026-02-01,0.1826935077718513,Low,Logistic Regression,v1.0.0
ENG-00637,2026-03-01,0.05330553488604505,Low,Logistic Regression,v1.0.0
ENG-00637,2026-04-01,0.007693965795499502,Low,Logistic Regression,v1.0.0
ENG-00637,2026-05-01,0.5715788807230371,Watch,Logistic Regression,v1.0.0
ENG-00637,2026-06-01,0.008725449438103335,Low,Logistic Regression,v1.0.0
ENG-00637,2026-07-01,0.05912991735686328,Low,Logistic Regression,v1.0.0
ENG-00637,2026-08-01,0.30446509548589296,Low,Logistic Regression,v1.0.0
ENG-00638,2024-12-01,0.05573121050076966,Low,Logistic Regression,v1.0.0
ENG-00638,2025-01-01,0.11974352147685455,Low,Logistic Regression,v1.0.0
ENG-00638,2025-02-01,0.10984983900907344,Low,Logistic Regression,v1.0.0
ENG-00638,2025-03-01,0.12384435525290398,Low,Logistic Regression,v1.0.0
ENG-00638,2025-04-01,0.0007293794773000438,Low,Logistic Regression,v1.0.0
ENG-00638,2025-05-01,0.327582448482058,Low,Logistic Regression,v1.0.0
ENG-00638,2025-06-01,0.23663306560341155,Low,Logistic Regression,v1.0.0
ENG-00638,2025-07-01,0.051421967938713516,Low,Logistic Regression,v1.0.0
ENG-00639,2025-12-01,0.22368882748190025,Low,Logistic Regression,v1.0.0
ENG-00639,2026-01-01,0.429546875391428,Watch,Logistic Regression,v1.0.0
ENG-00639,2026-02-01,0.04940924140697058,Low,Logistic Regression,v1.0.0
ENG-00639,2026-03-01,0.1912141627922379,Low,Logistic Regression,v1.0.0
ENG-00639,2026-04-01,0.17882871184341176,Low,Logistic Regression,v1.0.0
ENG-00639,2026-05-01,0.3668103094823332,Watch,Logistic Regression,v1.0.0
ENG-00639,2026-06-01,0.07796967941505183,Low,Logistic Regression,v1.0.0
ENG-00639,2026-07-01,0.07905705834400706,Low,Logistic Regression,v1.0.0
ENG-00639,2026-08-01,0.8759115355929507,Critical,Logistic Regression,v1.0.0
ENG-00640,2026-01-01,0.20811142937848273,Low,Logistic Regression,v1.0.0
ENG-00640,2026-02-01,0.28369696376322984,Low,Logistic Regression,v1.0.0
ENG-00640,2026-03-01,0.018364749006512873,Low,Logistic Regression,v1.0.0
ENG-00640,2026-04-01,0.22660398256055111,Low,Logistic Regression,v1.0.0
ENG-00640,2026-05-01,0.04715282864618152,Low,Logistic Regression,v1.0.0
ENG-00640,2026-06-01,0.7951424026730192,Critical,Logistic Regression,v1.0.0
ENG-00640,2026-07-01,0.04897319582321633,Low,Logistic Regression,v1.0.0
ENG-00640,2026-08-01,0.01777080715957648,Low,Logistic Regression,v1.0.0
ENG-00641,2025-07-01,0.7937466954315961,Critical,Logistic Regression,v1.0.0
ENG-00641,2025-08-01,0.919180003327498,Critical,Logistic Regression,v1.0.0
ENG-00641,2025-09-01,0.9557122881942391,Critical,Logistic Regression,v1.0.0
ENG-00641,2025-10-01,0.1108550593854016,Low,Logistic Regression,v1.0.0
ENG-00641,2025-11-01,0.9617436513115325,Critical,Logistic Regression,v1.0.0
ENG-00641,2025-12-01,0.9525554197037756,Critical,Logistic Regression,v1.0.0
ENG-00641,2026-01-01,0.7580945625781692,Critical,Logistic Regression,v1.0.0
ENG-00641,2026-02-01,0.6542286589576742,Critical,Logistic Regression,v1.0.0
ENG-00641,2026-03-01,0.6903049714779722,Critical,Logistic Regression,v1.0.0
ENG-00641,2026-04-01,0.9053085877139398,Critical,Logistic Regression,v1.0.0
ENG-00642,2024-09-01,0.06670751273947673,Low,Logistic Regression,v1.0.0
ENG-00642,2024-10-01,0.3607597913778527,Watch,Logistic Regression,v1.0.0
ENG-00642,2024-11-01,0.08695830638878146,Low,Logistic Regression,v1.0.0
ENG-00642,2024-12-01,0.029627975494487795,Low,Logistic Regression,v1.0.0
ENG-00642,2025-01-01,0.24479478837290475,Low,Logistic Regression,v1.0.0
ENG-00642,2025-02-01,0.04286223858864927,Low,Logistic Regression,v1.0.0
ENG-00642,2025-03-01,0.10353699866445255,Low,Logistic Regression,v1.0.0
ENG-00642,2025-04-01,0.3509244164169252,Watch,Logistic Regression,v1.0.0
ENG-00642,2025-05-01,0.006169011560579289,Low,Logistic Regression,v1.0.0
ENG-00642,2025-06-01,0.17639536037090844,Low,Logistic Regression,v1.0.0
ENG-00642,2025-07-01,0.02215380334756509,Low,Logistic Regression,v1.0.0
ENG-00643,2025-05-01,0.03698482813207464,Low,Logistic Regression,v1.0.0
ENG-00643,2025-06-01,0.05547544578300982,Low,Logistic Regression,v1.0.0
ENG-00643,2025-07-01,0.3811405813809133,Watch,Logistic Regression,v1.0.0
ENG-00643,2025-08-01,0.0035564501339025423,Low,Logistic Regression,v1.0.0
ENG-00643,2025-09-01,0.006713892217100108,Low,Logistic Regression,v1.0.0
ENG-00643,2025-10-01,0.008210526060819151,Low,Logistic Regression,v1.0.0
ENG-00643,2025-11-01,0.028878166748935463,Low,Logistic Regression,v1.0.0
ENG-00643,2025-12-01,0.009650659609619345,Low,Logistic Regression,v1.0.0
ENG-00643,2026-01-01,0.12340134698423477,Low,Logistic Regression,v1.0.0
ENG-00643,2026-02-01,0.020228921996345232,Low,Logistic Regression,v1.0.0
ENG-00643,2026-03-01,0.03213978520348996,Low,Logistic Regression,v1.0.0
ENG-00643,2026-04-01,0.05706879171373506,Low,Logistic Regression,v1.0.0
ENG-00644,2026-07-01,0.37596879737801336,Watch,Logistic Regression,v1.0.0
ENG-00644,2026-08-01,0.23895125174022272,Low,Logistic Regression,v1.0.0
ENG-00645,2025-01-01,0.8726202269554904,Critical,Logistic Regression,v1.0.0
ENG-00645,2025-02-01,0.8111519837317873,Critical,Logistic Regression,v1.0.0
ENG-00645,2025-03-01,0.4888970287373229,Watch,Logistic Regression,v1.0.0
ENG-00645,2025-04-01,0.796947839941036,Critical,Logistic Regression,v1.0.0
ENG-00645,2025-05-01,0.606235732425423,Watch,Logistic Regression,v1.0.0
ENG-00645,2025-06-01,0.44636533390811095,Watch,Logistic Regression,v1.0.0
ENG-00645,2025-07-01,0.8757331444830574,Critical,Logistic Regression,v1.0.0
ENG-00646,2025-02-01,0.019454762364305708,Low,Logistic Regression,v1.0.0
ENG-00646,2025-03-01,0.4860792927245536,Watch,Logistic Regression,v1.0.0
ENG-00646,2025-04-01,0.21320393615998723,Low,Logistic Regression,v1.0.0
ENG-00646,2025-05-01,0.5853883292188389,Watch,Logistic Regression,v1.0.0
ENG-00646,2025-06-01,0.9327643618907876,Critical,Logistic Regression,v1.0.0
ENG-00647,2025-06-01,0.0069948865034923,Low,Logistic Regression,v1.0.0
ENG-00647,2025-07-01,0.009944478016378199,Low,Logistic Regression,v1.0.0
ENG-00647,2025-08-01,0.005382110484551601,Low,Logistic Regression,v1.0.0
ENG-00647,2025-09-01,0.0006962685175223116,Low,Logistic Regression,v1.0.0
ENG-00647,2025-10-01,0.010812984573187316,Low,Logistic Regression,v1.0.0
ENG-00647,2025-11-01,0.00381338239244042,Low,Logistic Regression,v1.0.0
ENG-00647,2025-12-01,0.0054913068922025085,Low,Logistic Regression,v1.0.0
ENG-00647,2026-01-01,0.0002552617425125944,Low,Logistic Regression,v1.0.0
ENG-00647,2026-02-01,0.010535558936593649,Low,Logistic Regression,v1.0.0
ENG-00647,2026-03-01,0.002235899686729681,Low,Logistic Regression,v1.0.0
ENG-00647,2026-04-01,0.0006696816827343092,Low,Logistic Regression,v1.0.0
ENG-00648,2026-08-01,0.11923389044991868,Low,Logistic Regression,v1.0.0
ENG-00649,2025-06-01,0.013918360512095605,Low,Logistic Regression,v1.0.0
ENG-00649,2025-07-01,0.05404501467408353,Low,Logistic Regression,v1.0.0
ENG-00649,2025-08-01,0.016232616997869903,Low,Logistic Regression,v1.0.0
ENG-00649,2025-09-01,0.008385548165974324,Low,Logistic Regression,v1.0.0
ENG-00649,2025-10-01,0.041929680838932344,Low,Logistic Regression,v1.0.0
ENG-00649,2025-11-01,0.015275783298294803,Low,Logistic Regression,v1.0.0
ENG-00649,2025-12-01,0.008755991452453874,Low,Logistic Regression,v1.0.0
ENG-00649,2026-01-01,0.1652416432166542,Low,Logistic Regression,v1.0.0
ENG-00649,2026-02-01,0.006028460540766593,Low,Logistic Regression,v1.0.0
ENG-00649,2026-03-01,0.010225734931683921,Low,Logistic Regression,v1.0.0
ENG-00649,2026-04-01,0.003091583805347346,Low,Logistic Regression,v1.0.0
ENG-00649,2026-05-01,0.01794938177858379,Low,Logistic Regression,v1.0.0
ENG-00650,2026-06-01,0.06758487421519306,Low,Logistic Regression,v1.0.0
ENG-00650,2026-07-01,0.6428890266047631,Watch,Logistic Regression,v1.0.0
ENG-00650,2026-08-01,0.8815028928774321,Critical,Logistic Regression,v1.0.0
ENG-00651,2024-11-01,0.022585629871631655,Low,Logistic Regression,v1.0.0
ENG-00651,2024-12-01,0.0896319408945323,Low,Logistic Regression,v1.0.0
ENG-00651,2025-01-01,0.012327696257325818,Low,Logistic Regression,v1.0.0
ENG-00651,2025-02-01,0.02966590429439017,Low,Logistic Regression,v1.0.0
ENG-00651,2025-03-01,0.0008055821187184538,Low,Logistic Regression,v1.0.0
ENG-00651,2025-04-01,0.13217655621683724,Low,Logistic Regression,v1.0.0
ENG-00651,2025-05-01,0.0210812919781679,Low,Logistic Regression,v1.0.0
ENG-00651,2025-06-01,0.15458034432150863,Low,Logistic Regression,v1.0.0
ENG-00651,2025-07-01,0.0007715271063278717,Low,Logistic Regression,v1.0.0
ENG-00651,2025-08-01,0.07191034587436472,Low,Logistic Regression,v1.0.0
ENG-00652,2025-01-01,0.02591298412381803,Low,Logistic Regression,v1.0.0
ENG-00652,2025-02-01,0.09669161733097553,Low,Logistic Regression,v1.0.0
ENG-00652,2025-03-01,0.012134298742197023,Low,Logistic Regression,v1.0.0
ENG-00652,2025-04-01,0.05039148835282815,Low,Logistic Regression,v1.0.0
ENG-00652,2025-05-01,0.04008856950332575,Low,Logistic Regression,v1.0.0
ENG-00652,2025-06-01,0.008096777777292083,Low,Logistic Regression,v1.0.0
ENG-00652,2025-07-01,0.19842405266724605,Low,Logistic Regression,v1.0.0
ENG-00652,2025-08-01,0.012591528605839106,Low,Logistic Regression,v1.0.0
ENG-00652,2025-09-01,0.00975539234538188,Low,Logistic Regression,v1.0.0
ENG-00652,2025-10-01,0.003994154624728556,Low,Logistic Regression,v1.0.0
ENG-00652,2025-11-01,0.034487044065252846,Low,Logistic Regression,v1.0.0
ENG-00652,2025-12-01,0.0022296846649005326,Low,Logistic Regression,v1.0.0
ENG-00652,2026-01-01,0.023677469503162487,Low,Logistic Regression,v1.0.0
ENG-00653,2024-06-01,0.7692211944891888,Critical,Logistic Regression,v1.0.0
ENG-00653,2024-07-01,0.11605656769513178,Low,Logistic Regression,v1.0.0
ENG-00653,2024-08-01,0.4827659700969907,Watch,Logistic Regression,v1.0.0
ENG-00653,2024-09-01,0.28149430123397623,Low,Logistic Regression,v1.0.0
ENG-00653,2024-10-01,0.6919227640435779,Critical,Logistic Regression,v1.0.0
ENG-00653,2024-11-01,0.8485766433429265,Critical,Logistic Regression,v1.0.0
ENG-00653,2024-12-01,0.04420841788761628,Low,Logistic Regression,v1.0.0
ENG-00653,2025-01-01,0.31252632501626876,Low,Logistic Regression,v1.0.0
ENG-00653,2025-02-01,0.9479881738785815,Critical,Logistic Regression,v1.0.0
ENG-00653,2025-03-01,0.06309270745841848,Low,Logistic Regression,v1.0.0
ENG-00653,2025-04-01,0.12203722786275834,Low,Logistic Regression,v1.0.0
ENG-00653,2025-05-01,0.17339009833280344,Low,Logistic Regression,v1.0.0
ENG-00653,2025-06-01,0.8888620564487856,Critical,Logistic Regression,v1.0.0
ENG-00654,2024-06-01,0.3425236863305413,Low,Logistic Regression,v1.0.0
ENG-00654,2024-07-01,0.32411292119605795,Low,Logistic Regression,v1.0.0
ENG-00654,2024-08-01,0.4819020357895076,Watch,Logistic Regression,v1.0.0
ENG-00654,2024-09-01,0.058994907437427524,Low,Logistic Regression,v1.0.0
ENG-00654,2024-10-01,0.5520650928461913,Watch,Logistic Regression,v1.0.0
ENG-00654,2024-11-01,0.033382975657145535,Low,Logistic Regression,v1.0.0
ENG-00654,2024-12-01,0.8766060877339622,Critical,Logistic Regression,v1.0.0
ENG-00654,2025-01-01,0.5303966097315295,Watch,Logistic Regression,v1.0.0
ENG-00654,2025-02-01,0.91786000626888,Critical,Logistic Regression,v1.0.0
ENG-00654,2025-03-01,0.960108600155712,Critical,Logistic Regression,v1.0.0
ENG-00655,2025-01-01,0.028681299309769506,Low,Logistic Regression,v1.0.0
ENG-00655,2025-02-01,0.005655154628479355,Low,Logistic Regression,v1.0.0
ENG-00655,2025-03-01,0.182384499416476,Low,Logistic Regression,v1.0.0
ENG-00655,2025-04-01,0.01924481522175892,Low,Logistic Regression,v1.0.0
ENG-00655,2025-05-01,0.009647697684383222,Low,Logistic Regression,v1.0.0
ENG-00655,2025-06-01,0.049956424892192174,Low,Logistic Regression,v1.0.0
ENG-00655,2025-07-01,0.3824931959743337,Watch,Logistic Regression,v1.0.0
ENG-00655,2025-08-01,0.011333430638287763,Low,Logistic Regression,v1.0.0
ENG-00655,2025-09-01,0.0011584103092919693,Low,Logistic Regression,v1.0.0
ENG-00655,2025-10-01,0.02398832348434364,Low,Logistic Regression,v1.0.0
ENG-00655,2025-11-01,0.011799661890168445,Low,Logistic Regression,v1.0.0
ENG-00656,2024-08-01,0.2556732403046649,Low,Logistic Regression,v1.0.0
ENG-00656,2024-09-01,0.8506666901092153,Critical,Logistic Regression,v1.0.0
ENG-00656,2024-10-01,0.07249129002882665,Low,Logistic Regression,v1.0.0
ENG-00656,2024-11-01,0.034100257247710285,Low,Logistic Regression,v1.0.0
ENG-00656,2024-12-01,0.06591730485182151,Low,Logistic Regression,v1.0.0
ENG-00656,2025-01-01,0.26401521888807783,Low,Logistic Regression,v1.0.0
ENG-00656,2025-02-01,0.3136399358147909,Low,Logistic Regression,v1.0.0
ENG-00656,2025-03-01,0.013504792188437944,Low,Logistic Regression,v1.0.0
ENG-00656,2025-04-01,0.30887079864497,Low,Logistic Regression,v1.0.0
ENG-00656,2025-05-01,0.21992643350054264,Low,Logistic Regression,v1.0.0
ENG-00657,2025-04-01,0.24731444220431173,Low,Logistic Regression,v1.0.0
ENG-00657,2025-05-01,0.043683934809415105,Low,Logistic Regression,v1.0.0
ENG-00657,2025-06-01,0.14618683642656108,Low,Logistic Regression,v1.0.0
ENG-00657,2025-07-01,0.04394308095192836,Low,Logistic Regression,v1.0.0
ENG-00657,2025-08-01,0.06195130595075107,Low,Logistic Regression,v1.0.0
ENG-00657,2025-09-01,0.4431470628595641,Watch,Logistic Regression,v1.0.0
ENG-00657,2025-10-01,0.00262993804498813,Low,Logistic Regression,v1.0.0
ENG-00657,2025-11-01,0.48877866849416596,Watch,Logistic Regression,v1.0.0
ENG-00657,2025-12-01,0.039389431749522974,Low,Logistic Regression,v1.0.0
ENG-00657,2026-01-01,0.34371215901291335,Low,Logistic Regression,v1.0.0
ENG-00657,2026-02-01,0.012777658233491838,Low,Logistic Regression,v1.0.0
ENG-00658,2026-02-01,0.10856967825384252,Low,Logistic Regression,v1.0.0
ENG-00658,2026-03-01,0.9964601882444031,Critical,Logistic Regression,v1.0.0
ENG-00658,2026-04-01,0.9702602110570672,Critical,Logistic Regression,v1.0.0
ENG-00658,2026-05-01,0.998712542294496,Critical,Logistic Regression,v1.0.0
ENG-00659,2024-10-01,0.061646354967030234,Low,Logistic Regression,v1.0.0
ENG-00659,2024-11-01,0.05231486065540394,Low,Logistic Regression,v1.0.0
ENG-00659,2024-12-01,0.028314607068076824,Low,Logistic Regression,v1.0.0
ENG-00659,2025-01-01,0.260421837168373,Low,Logistic Regression,v1.0.0
ENG-00659,2025-02-01,0.01893180354803708,Low,Logistic Regression,v1.0.0
ENG-00659,2025-03-01,0.001071866460070297,Low,Logistic Regression,v1.0.0
ENG-00659,2025-04-01,0.29007833702760405,Low,Logistic Regression,v1.0.0
ENG-00659,2025-05-01,0.006118166504203784,Low,Logistic Regression,v1.0.0
ENG-00659,2025-06-01,0.007419467116655593,Low,Logistic Regression,v1.0.0
ENG-00659,2025-07-01,0.04835392655119504,Low,Logistic Regression,v1.0.0
ENG-00660,2025-01-01,0.23574105443233173,Low,Logistic Regression,v1.0.0
ENG-00660,2025-02-01,0.6285807473270583,Watch,Logistic Regression,v1.0.0
ENG-00660,2025-03-01,0.9968040035919179,Critical,Logistic Regression,v1.0.0
ENG-00660,2025-04-01,0.998836965722771,Critical,Logistic Regression,v1.0.0
ENG-00660,2025-05-01,0.9931041853544139,Critical,Logistic Regression,v1.0.0
ENG-00661,2025-05-01,0.13275209795171256,Low,Logistic Regression,v1.0.0
ENG-00661,2025-06-01,0.22696783059636627,Low,Logistic Regression,v1.0.0
ENG-00661,2025-07-01,0.043555075329960384,Low,Logistic Regression,v1.0.0
ENG-00661,2025-08-01,0.11603063883710904,Low,Logistic Regression,v1.0.0
ENG-00661,2025-09-01,0.018802844993818926,Low,Logistic Regression,v1.0.0
ENG-00661,2025-10-01,0.33546252487334005,Low,Logistic Regression,v1.0.0
ENG-00661,2025-11-01,0.06648542422417121,Low,Logistic Regression,v1.0.0
ENG-00661,2025-12-01,0.0887262756952349,Low,Logistic Regression,v1.0.0
ENG-00661,2026-01-01,0.0757919463338851,Low,Logistic Regression,v1.0.0
ENG-00661,2026-02-01,0.11342653864891498,Low,Logistic Regression,v1.0.0
ENG-00661,2026-03-01,0.028744956526999908,Low,Logistic Regression,v1.0.0
ENG-00661,2026-04-01,0.07892332694786104,Low,Logistic Regression,v1.0.0
ENG-00662,2024-03-01,0.18649487698454106,Low,Logistic Regression,v1.0.0
ENG-00662,2024-04-01,0.002609723059347593,Low,Logistic Regression,v1.0.0
ENG-00662,2024-05-01,0.07466444115149531,Low,Logistic Regression,v1.0.0
ENG-00662,2024-06-01,0.1907159212262324,Low,Logistic Regression,v1.0.0
ENG-00662,2024-07-01,0.019055532815389815,Low,Logistic Regression,v1.0.0
ENG-00662,2024-08-01,0.052840011862029586,Low,Logistic Regression,v1.0.0
ENG-00662,2024-09-01,0.02744150351769601,Low,Logistic Regression,v1.0.0
ENG-00662,2024-10-01,0.022951651025855755,Low,Logistic Regression,v1.0.0
ENG-00662,2024-11-01,0.021990030498848047,Low,Logistic Regression,v1.0.0
ENG-00662,2024-12-01,0.0195326707711199,Low,Logistic Regression,v1.0.0
ENG-00662,2025-01-01,0.011392485560328533,Low,Logistic Regression,v1.0.0
ENG-00662,2025-02-01,0.17158390508188576,Low,Logistic Regression,v1.0.0
ENG-00662,2025-03-01,0.016315441636404072,Low,Logistic Regression,v1.0.0
ENG-00663,2025-02-01,0.027516647317558235,Low,Logistic Regression,v1.0.0
ENG-00663,2025-03-01,0.30697836417213403,Low,Logistic Regression,v1.0.0
ENG-00663,2025-04-01,0.8818084050696189,Critical,Logistic Regression,v1.0.0
ENG-00663,2025-05-01,0.4460707095263174,Watch,Logistic Regression,v1.0.0
ENG-00663,2025-06-01,0.99286865424547,Critical,Logistic Regression,v1.0.0
ENG-00664,2026-06-01,0.1703580895451675,Low,Logistic Regression,v1.0.0
ENG-00664,2026-07-01,0.05064801129138466,Low,Logistic Regression,v1.0.0
ENG-00664,2026-08-01,0.05437122628699899,Low,Logistic Regression,v1.0.0
ENG-00664,2026-09-01,0.7043721584926509,Critical,Logistic Regression,v1.0.0
ENG-00664,2026-10-01,0.06674189160848393,Low,Logistic Regression,v1.0.0
ENG-00664,2026-11-01,0.36093190781998447,Watch,Logistic Regression,v1.0.0
ENG-00664,2026-12-01,0.9779128370435519,Critical,Logistic Regression,v1.0.0
ENG-00664,2027-01-01,0.3671161881223531,Watch,Logistic Regression,v1.0.0
ENG-00664,2027-02-01,0.9484264306339156,Critical,Logistic Regression,v1.0.0
ENG-00665,2024-04-01,0.020395650946105508,Low,Logistic Regression,v1.0.0
ENG-00665,2024-05-01,0.0034743364704566335,Low,Logistic Regression,v1.0.0
ENG-00665,2024-06-01,0.026600256322432805,Low,Logistic Regression,v1.0.0
ENG-00665,2024-07-01,0.0068664816720699785,Low,Logistic Regression,v1.0.0
ENG-00665,2024-08-01,0.0016295779878028023,Low,Logistic Regression,v1.0.0
ENG-00665,2024-09-01,0.007464300754979098,Low,Logistic Regression,v1.0.0
ENG-00665,2024-10-01,0.0021317518877884208,Low,Logistic Regression,v1.0.0
ENG-00665,2024-11-01,0.0031892502727181747,Low,Logistic Regression,v1.0.0
ENG-00665,2024-12-01,0.0018137410174014644,Low,Logistic Regression,v1.0.0
ENG-00665,2025-01-01,0.0004517077824565837,Low,Logistic Regression,v1.0.0
ENG-00665,2025-02-01,0.00033411525643570184,Low,Logistic Regression,v1.0.0
ENG-00665,2025-03-01,0.002504650127013536,Low,Logistic Regression,v1.0.0
ENG-00665,2025-04-01,0.000904626784467642,Low,Logistic Regression,v1.0.0
ENG-00666,2024-06-01,0.011852411306139836,Low,Logistic Regression,v1.0.0
ENG-00666,2024-07-01,0.03322558967855208,Low,Logistic Regression,v1.0.0
ENG-00666,2024-08-01,0.0011634090831434225,Low,Logistic Regression,v1.0.0
ENG-00666,2024-09-01,0.0888117017054552,Low,Logistic Regression,v1.0.0
ENG-00666,2024-10-01,0.0018046426902272755,Low,Logistic Regression,v1.0.0
ENG-00666,2024-11-01,0.0007142897169256967,Low,Logistic Regression,v1.0.0
ENG-00666,2024-12-01,0.02217742512166957,Low,Logistic Regression,v1.0.0
ENG-00666,2025-01-01,0.0018631009869766017,Low,Logistic Regression,v1.0.0
ENG-00666,2025-02-01,0.0012639736226902076,Low,Logistic Regression,v1.0.0
ENG-00666,2025-03-01,0.09388282124020335,Low,Logistic Regression,v1.0.0
ENG-00666,2025-04-01,5.1031121856139294e-05,Low,Logistic Regression,v1.0.0
ENG-00667,2025-04-01,0.04525100419759307,Low,Logistic Regression,v1.0.0
ENG-00667,2025-05-01,0.01071492980260611,Low,Logistic Regression,v1.0.0
ENG-00667,2025-06-01,0.1525953771419956,Low,Logistic Regression,v1.0.0
ENG-00667,2025-07-01,0.009865079323259522,Low,Logistic Regression,v1.0.0
ENG-00667,2025-08-01,0.024616634871683776,Low,Logistic Regression,v1.0.0
ENG-00667,2025-09-01,0.015830544429168248,Low,Logistic Regression,v1.0.0
ENG-00667,2025-10-01,0.004352108499220383,Low,Logistic Regression,v1.0.0
ENG-00667,2025-11-01,0.029975569238602156,Low,Logistic Regression,v1.0.0
ENG-00667,2025-12-01,0.03114295551346895,Low,Logistic Regression,v1.0.0
ENG-00668,2025-12-01,0.17103188393371252,Low,Logistic Regression,v1.0.0
ENG-00668,2026-01-01,0.14385942241265456,Low,Logistic Regression,v1.0.0
ENG-00668,2026-02-01,0.011433465510731738,Low,Logistic Regression,v1.0.0
ENG-00668,2026-03-01,0.10744869429978285,Low,Logistic Regression,v1.0.0
ENG-00668,2026-04-01,0.003518151410631448,Low,Logistic Regression,v1.0.0
ENG-00668,2026-05-01,0.11827621111605639,Low,Logistic Regression,v1.0.0
ENG-00668,2026-06-01,0.2119709104087852,Low,Logistic Regression,v1.0.0
ENG-00668,2026-07-01,0.13740338972698835,Low,Logistic Regression,v1.0.0
ENG-00668,2026-08-01,0.0036085872682983812,Low,Logistic Regression,v1.0.0
ENG-00669,2025-05-01,0.16559997772811902,Low,Logistic Regression,v1.0.0
ENG-00669,2025-06-01,0.9965361369720401,Critical,Logistic Regression,v1.0.0
ENG-00669,2025-07-01,0.9725347992303822,Critical,Logistic Regression,v1.0.0
ENG-00669,2025-08-01,0.9999527296781978,Critical,Logistic Regression,v1.0.0
ENG-00670,2025-01-01,0.17204629716359646,Low,Logistic Regression,v1.0.0
ENG-00670,2025-02-01,0.1470039833001151,Low,Logistic Regression,v1.0.0
ENG-00670,2025-03-01,0.01546806240568975,Low,Logistic Regression,v1.0.0
ENG-00670,2025-04-01,0.08130853025513715,Low,Logistic Regression,v1.0.0
ENG-00670,2025-05-01,0.1986023500296485,Low,Logistic Regression,v1.0.0
ENG-00670,2025-06-01,0.29360624236436705,Low,Logistic Regression,v1.0.0
ENG-00670,2025-07-01,0.0029993909761113985,Low,Logistic Regression,v1.0.0
ENG-00670,2025-08-01,0.5402674929568412,Watch,Logistic Regression,v1.0.0
ENG-00670,2025-09-01,0.06476812216182959,Low,Logistic Regression,v1.0.0
ENG-00670,2025-10-01,0.04170211407762057,Low,Logistic Regression,v1.0.0
ENG-00671,2024-06-01,0.12660353611692973,Low,Logistic Regression,v1.0.0
ENG-00671,2024-07-01,0.16872657902534133,Low,Logistic Regression,v1.0.0
ENG-00671,2024-08-01,0.15837989834483218,Low,Logistic Regression,v1.0.0
ENG-00671,2024-09-01,0.23652268544011862,Low,Logistic Regression,v1.0.0
ENG-00671,2024-10-01,0.014039277975372926,Low,Logistic Regression,v1.0.0
ENG-00671,2024-11-01,0.09361879722881447,Low,Logistic Regression,v1.0.0
ENG-00671,2024-12-01,0.013951181289047212,Low,Logistic Regression,v1.0.0
ENG-00671,2025-01-01,0.08903846650960566,Low,Logistic Regression,v1.0.0
ENG-00671,2025-02-01,0.062164371459924164,Low,Logistic Regression,v1.0.0
ENG-00671,2025-03-01,0.03747076963438928,Low,Logistic Regression,v1.0.0
ENG-00671,2025-04-01,0.25187191710219187,Low,Logistic Regression,v1.0.0
ENG-00671,2025-05-01,0.06717391129894504,Low,Logistic Regression,v1.0.0
ENG-00672,2025-03-01,0.046237548001323944,Low,Logistic Regression,v1.0.0
ENG-00672,2025-04-01,0.01815148694529014,Low,Logistic Regression,v1.0.0
ENG-00672,2025-05-01,0.10679158599107663,Low,Logistic Regression,v1.0.0
ENG-00672,2025-06-01,0.16726194236252093,Low,Logistic Regression,v1.0.0
ENG-00672,2025-07-01,0.02622375641761454,Low,Logistic Regression,v1.0.0
ENG-00672,2025-08-01,0.03628244111263565,Low,Logistic Regression,v1.0.0
ENG-00672,2025-09-01,0.006362500904306397,Low,Logistic Regression,v1.0.0
ENG-00673,2026-03-01,0.10756931346669864,Low,Logistic Regression,v1.0.0
ENG-00673,2026-04-01,0.051697505835525175,Low,Logistic Regression,v1.0.0
ENG-00673,2026-05-01,0.755577637732703,Critical,Logistic Regression,v1.0.0
ENG-00673,2026-06-01,0.008167456317232594,Low,Logistic Regression,v1.0.0
ENG-00673,2026-07-01,0.6968397646166088,Critical,Logistic Regression,v1.0.0
ENG-00673,2026-08-01,0.9917232828098599,Critical,Logistic Regression,v1.0.0
ENG-00673,2026-09-01,0.22119273848903484,Low,Logistic Regression,v1.0.0
ENG-00673,2026-10-01,0.9985408677538273,Critical,Logistic Regression,v1.0.0
ENG-00674,2025-09-01,0.17255260402314973,Low,Logistic Regression,v1.0.0
ENG-00674,2025-10-01,0.2046052336207618,Low,Logistic Regression,v1.0.0
ENG-00674,2025-11-01,0.23466039847712725,Low,Logistic Regression,v1.0.0
ENG-00674,2025-12-01,0.020814120511502814,Low,Logistic Regression,v1.0.0
ENG-00674,2026-01-01,0.1826061584832357,Low,Logistic Regression,v1.0.0
ENG-00674,2026-02-01,0.4406985393088701,Watch,Logistic Regression,v1.0.0
ENG-00674,2026-03-01,0.06583994304652092,Low,Logistic Regression,v1.0.0
ENG-00674,2026-04-01,0.0044641870079530285,Low,Logistic Regression,v1.0.0
ENG-00674,2026-05-01,0.8853851563342511,Critical,Logistic Regression,v1.0.0
ENG-00674,2026-06-01,0.054100860758313024,Low,Logistic Regression,v1.0.0
ENG-00675,2024-10-01,0.05286767254678935,Low,Logistic Regression,v1.0.0
ENG-00675,2024-11-01,0.6603432579594914,Critical,Logistic Regression,v1.0.0
ENG-00675,2024-12-01,0.1025048987056336,Low,Logistic Regression,v1.0.0
ENG-00675,2025-01-01,0.04924775365435403,Low,Logistic Regression,v1.0.0
ENG-00675,2025-02-01,0.005367938156515522,Low,Logistic Regression,v1.0.0
ENG-00675,2025-03-01,0.5644109568089153,Watch,Logistic Regression,v1.0.0
ENG-00675,2025-04-01,0.019238349324101896,Low,Logistic Regression,v1.0.0
ENG-00675,2025-05-01,0.32085315692160155,Low,Logistic Regression,v1.0.0
ENG-00675,2025-06-01,0.07028261618928346,Low,Logistic Regression,v1.0.0
ENG-00675,2025-07-01,0.20703058471167043,Low,Logistic Regression,v1.0.0
ENG-00676,2026-06-01,0.2967287996878974,Low,Logistic Regression,v1.0.0
ENG-00676,2026-07-01,0.3383377942091532,Low,Logistic Regression,v1.0.0
ENG-00676,2026-08-01,0.049420141926605037,Low,Logistic Regression,v1.0.0
ENG-00677,2024-04-01,0.5763992516101744,Watch,Logistic Regression,v1.0.0
ENG-00677,2024-05-01,0.0632281185224778,Low,Logistic Regression,v1.0.0
ENG-00677,2024-06-01,0.048652866105968036,Low,Logistic Regression,v1.0.0
ENG-00677,2024-07-01,0.6642651392381115,Critical,Logistic Regression,v1.0.0
ENG-00677,2024-08-01,0.5696107461602888,Watch,Logistic Regression,v1.0.0
ENG-00677,2024-09-01,0.07074933630650665,Low,Logistic Regression,v1.0.0
ENG-00677,2024-10-01,0.42319010222099457,Watch,Logistic Regression,v1.0.0
ENG-00677,2024-11-01,0.09874295950415989,Low,Logistic Regression,v1.0.0
ENG-00677,2024-12-01,0.29776984655925687,Low,Logistic Regression,v1.0.0
ENG-00678,2026-01-01,0.011186465932970714,Low,Logistic Regression,v1.0.0
ENG-00678,2026-02-01,0.005097184021142361,Low,Logistic Regression,v1.0.0
ENG-00678,2026-03-01,0.015514712341728876,Low,Logistic Regression,v1.0.0
ENG-00678,2026-04-01,0.006063642328051087,Low,Logistic Regression,v1.0.0
ENG-00678,2026-05-01,0.02783595332383166,Low,Logistic Regression,v1.0.0
ENG-00678,2026-06-01,0.0006595516779635414,Low,Logistic Regression,v1.0.0
ENG-00678,2026-07-01,0.03734261165071935,Low,Logistic Regression,v1.0.0
ENG-00678,2026-08-01,0.007295745186018243,Low,Logistic Regression,v1.0.0
ENG-00679,2024-04-01,0.2623832692938259,Low,Logistic Regression,v1.0.0
ENG-00679,2024-05-01,0.21367352311602636,Low,Logistic Regression,v1.0.0
ENG-00679,2024-06-01,0.01978728347621469,Low,Logistic Regression,v1.0.0
ENG-00679,2024-07-01,0.09618740239101216,Low,Logistic Regression,v1.0.0
ENG-00679,2024-08-01,0.10080380813590582,Low,Logistic Regression,v1.0.0
ENG-00679,2024-09-01,0.7274974874625009,Critical,Logistic Regression,v1.0.0
ENG-00679,2024-10-01,0.047253125579499226,Low,Logistic Regression,v1.0.0
ENG-00679,2024-11-01,0.1441066873574049,Low,Logistic Regression,v1.0.0
ENG-00679,2024-12-01,0.5053061055768604,Watch,Logistic Regression,v1.0.0
ENG-00679,2025-01-01,0.02870149899992211,Low,Logistic Regression,v1.0.0
ENG-00680,2024-03-01,0.3520468718111698,Watch,Logistic Regression,v1.0.0
ENG-00680,2024-04-01,0.08614353271238691,Low,Logistic Regression,v1.0.0
ENG-00680,2024-05-01,0.03966460438915885,Low,Logistic Regression,v1.0.0
ENG-00680,2024-06-01,0.04115098482429772,Low,Logistic Regression,v1.0.0
ENG-00680,2024-07-01,0.1840890836124676,Low,Logistic Regression,v1.0.0
ENG-00680,2024-08-01,0.18573983551454207,Low,Logistic Regression,v1.0.0
ENG-00680,2024-09-01,0.6665255814434776,Critical,Logistic Regression,v1.0.0
ENG-00680,2024-10-01,0.08512202725071298,Low,Logistic Regression,v1.0.0
ENG-00680,2024-11-01,0.16716560905916472,Low,Logistic Regression,v1.0.0
ENG-00680,2024-12-01,0.1669800706149576,Low,Logistic Regression,v1.0.0
ENG-00680,2025-01-01,0.045411612546295596,Low,Logistic Regression,v1.0.0
ENG-00680,2025-02-01,0.0907143305707996,Low,Logistic Regression,v1.0.0
ENG-00680,2025-03-01,0.13712984586949797,Low,Logistic Regression,v1.0.0
ENG-00681,2026-02-01,0.4664337778348916,Watch,Logistic Regression,v1.0.0
ENG-00681,2026-03-01,0.27433004637656483,Low,Logistic Regression,v1.0.0
ENG-00681,2026-04-01,0.6230028473339931,Watch,Logistic Regression,v1.0.0
ENG-00681,2026-05-01,0.28795326917798536,Low,Logistic Regression,v1.0.0
ENG-00681,2026-06-01,0.20716540020280375,Low,Logistic Regression,v1.0.0
ENG-00681,2026-07-01,0.1811322701957917,Low,Logistic Regression,v1.0.0
ENG-00681,2026-08-01,0.9490901030667115,Critical,Logistic Regression,v1.0.0
ENG-00681,2026-09-01,0.8863564108900112,Critical,Logistic Regression,v1.0.0
ENG-00681,2026-10-01,0.9970490486600221,Critical,Logistic Regression,v1.0.0
ENG-00681,2026-11-01,0.9843185450602385,Critical,Logistic Regression,v1.0.0
ENG-00682,2024-09-01,0.02375427784932111,Low,Logistic Regression,v1.0.0
ENG-00682,2024-10-01,0.0045650133130829395,Low,Logistic Regression,v1.0.0
ENG-00682,2024-11-01,0.011186589052080888,Low,Logistic Regression,v1.0.0
ENG-00682,2024-12-01,0.013102305978313342,Low,Logistic Regression,v1.0.0
ENG-00682,2025-01-01,0.02584845446527527,Low,Logistic Regression,v1.0.0
ENG-00682,2025-02-01,0.07471453739724697,Low,Logistic Regression,v1.0.0
ENG-00682,2025-03-01,0.0014011292802613218,Low,Logistic Regression,v1.0.0
ENG-00682,2025-04-01,0.03695650156450005,Low,Logistic Regression,v1.0.0
ENG-00682,2025-05-01,0.008977186915772617,Low,Logistic Regression,v1.0.0
ENG-00682,2025-06-01,0.0011361370545122816,Low,Logistic Regression,v1.0.0
ENG-00682,2025-07-01,0.01256548286451687,Low,Logistic Regression,v1.0.0
ENG-00682,2025-08-01,0.011274770476250957,Low,Logistic Regression,v1.0.0
ENG-00683,2025-03-01,0.0321784095789461,Low,Logistic Regression,v1.0.0
ENG-00683,2025-04-01,0.47089139817476056,Watch,Logistic Regression,v1.0.0
ENG-00683,2025-05-01,0.011296811882226141,Low,Logistic Regression,v1.0.0
ENG-00683,2025-06-01,0.6986671351246269,Critical,Logistic Regression,v1.0.0
ENG-00683,2025-07-01,0.3421651921103232,Low,Logistic Regression,v1.0.0
ENG-00683,2025-08-01,0.9731292016733631,Critical,Logistic Regression,v1.0.0
ENG-00683,2025-09-01,0.9042476595301432,Critical,Logistic Regression,v1.0.0
ENG-00684,2024-05-01,0.4434987686620901,Watch,Logistic Regression,v1.0.0
ENG-00684,2024-06-01,0.9830846412027506,Critical,Logistic Regression,v1.0.0
ENG-00684,2024-07-01,0.9787814534563087,Critical,Logistic Regression,v1.0.0
ENG-00684,2024-08-01,0.9999522767088029,Critical,Logistic Regression,v1.0.0
ENG-00685,2025-06-01,0.019408100593729407,Low,Logistic Regression,v1.0.0
ENG-00685,2025-07-01,0.40904006780111785,Watch,Logistic Regression,v1.0.0
ENG-00685,2025-08-01,0.009454585678109249,Low,Logistic Regression,v1.0.0
ENG-00685,2025-09-01,0.1493807254272168,Low,Logistic Regression,v1.0.0
ENG-00685,2025-10-01,0.0018086460331973103,Low,Logistic Regression,v1.0.0
ENG-00685,2025-11-01,0.0029771111205387953,Low,Logistic Regression,v1.0.0
ENG-00685,2025-12-01,0.14204035255510986,Low,Logistic Regression,v1.0.0
ENG-00685,2026-01-01,0.012216379794761395,Low,Logistic Regression,v1.0.0
ENG-00685,2026-02-01,0.011244015529120655,Low,Logistic Regression,v1.0.0
ENG-00685,2026-03-01,0.017653120686812313,Low,Logistic Regression,v1.0.0
ENG-00685,2026-04-01,0.014769342212272859,Low,Logistic Regression,v1.0.0
ENG-00686,2025-09-01,0.06667966726978407,Low,Logistic Regression,v1.0.0
ENG-00686,2025-10-01,0.001230495159192632,Low,Logistic Regression,v1.0.0
ENG-00686,2025-11-01,0.05216503614293207,Low,Logistic Regression,v1.0.0
ENG-00686,2025-12-01,0.3466366544133085,Low,Logistic Regression,v1.0.0
ENG-00686,2026-01-01,0.04726054967949162,Low,Logistic Regression,v1.0.0
ENG-00686,2026-02-01,0.028983512736787814,Low,Logistic Regression,v1.0.0
ENG-00686,2026-03-01,0.002347571076688069,Low,Logistic Regression,v1.0.0
ENG-00686,2026-04-01,0.5689971074999733,Watch,Logistic Regression,v1.0.0
ENG-00686,2026-05-01,0.0011184795883580224,Low,Logistic Regression,v1.0.0
ENG-00686,2026-06-01,0.004605512919953905,Low,Logistic Regression,v1.0.0
ENG-00687,2024-04-01,0.010967167211469807,Low,Logistic Regression,v1.0.0
ENG-00687,2024-05-01,0.010596680318604758,Low,Logistic Regression,v1.0.0
ENG-00687,2024-06-01,0.016919634428035346,Low,Logistic Regression,v1.0.0
ENG-00687,2024-07-01,0.0012466353068104504,Low,Logistic Regression,v1.0.0
ENG-00687,2024-08-01,0.002498237010083549,Low,Logistic Regression,v1.0.0
ENG-00687,2024-09-01,0.002291406484538022,Low,Logistic Regression,v1.0.0
ENG-00687,2024-10-01,0.0035144034992931534,Low,Logistic Regression,v1.0.0
ENG-00687,2024-11-01,0.0063939677808347835,Low,Logistic Regression,v1.0.0
ENG-00687,2024-12-01,0.0017255835934678635,Low,Logistic Regression,v1.0.0
ENG-00687,2025-01-01,0.003106551573890838,Low,Logistic Regression,v1.0.0
ENG-00687,2025-02-01,0.0014948991929112192,Low,Logistic Regression,v1.0.0
ENG-00688,2025-12-01,0.05507303826373736,Low,Logistic Regression,v1.0.0
ENG-00688,2026-01-01,0.07435936301444321,Low,Logistic Regression,v1.0.0
ENG-00688,2026-02-01,0.5871064785278454,Watch,Logistic Regression,v1.0.0
ENG-00688,2026-03-01,0.013078097636244347,Low,Logistic Regression,v1.0.0
ENG-00688,2026-04-01,0.2669220263489273,Low,Logistic Regression,v1.0.0
ENG-00688,2026-05-01,0.07714594350548334,Low,Logistic Regression,v1.0.0
ENG-00688,2026-06-01,0.01616336910615454,Low,Logistic Regression,v1.0.0
ENG-00688,2026-07-01,0.7998658202185681,Critical,Logistic Regression,v1.0.0
ENG-00689,2025-08-01,0.06573752908740421,Low,Logistic Regression,v1.0.0
ENG-00689,2025-09-01,0.8615418565914026,Critical,Logistic Regression,v1.0.0
ENG-00689,2025-10-01,0.9958692223100173,Critical,Logistic Regression,v1.0.0
ENG-00689,2025-11-01,0.9826470520554126,Critical,Logistic Regression,v1.0.0
ENG-00689,2025-12-01,0.99635971784847,Critical,Logistic Regression,v1.0.0
ENG-00690,2024-06-01,0.009636333786667698,Low,Logistic Regression,v1.0.0
ENG-00690,2024-07-01,0.007397837913918574,Low,Logistic Regression,v1.0.0
ENG-00690,2024-08-01,0.06420675915927021,Low,Logistic Regression,v1.0.0
ENG-00690,2024-09-01,0.0012620454586806892,Low,Logistic Regression,v1.0.0
ENG-00690,2024-10-01,0.008927729319300973,Low,Logistic Regression,v1.0.0
ENG-00690,2024-11-01,0.01973560122971883,Low,Logistic Regression,v1.0.0
ENG-00690,2024-12-01,0.012814420448130462,Low,Logistic Regression,v1.0.0
ENG-00690,2025-01-01,0.10539934326637301,Low,Logistic Regression,v1.0.0
ENG-00690,2025-02-01,0.0009446844374237313,Low,Logistic Regression,v1.0.0
ENG-00690,2025-03-01,0.0038283051640779987,Low,Logistic Regression,v1.0.0
ENG-00691,2024-08-01,0.28503360154210244,Low,Logistic Regression,v1.0.0
ENG-00691,2024-09-01,0.2535085377151842,Low,Logistic Regression,v1.0.0
ENG-00691,2024-10-01,0.4765209163386472,Watch,Logistic Regression,v1.0.0
ENG-00691,2024-11-01,0.20756390867007268,Low,Logistic Regression,v1.0.0
ENG-00691,2024-12-01,0.1701053035293015,Low,Logistic Regression,v1.0.0
ENG-00691,2025-01-01,0.07204533290163934,Low,Logistic Regression,v1.0.0
ENG-00691,2025-02-01,0.4181466719388278,Watch,Logistic Regression,v1.0.0
ENG-00691,2025-03-01,0.5391673695502176,Watch,Logistic Regression,v1.0.0
ENG-00691,2025-04-01,0.020012740461776406,Low,Logistic Regression,v1.0.0
ENG-00691,2025-05-01,0.5139514945345283,Watch,Logistic Regression,v1.0.0
ENG-00692,2025-04-01,0.037165287182962865,Low,Logistic Regression,v1.0.0
ENG-00692,2025-05-01,0.32128853372848,Low,Logistic Regression,v1.0.0
ENG-00692,2025-06-01,0.0011518419333828545,Low,Logistic Regression,v1.0.0
ENG-00692,2025-07-01,0.09023355427180235,Low,Logistic Regression,v1.0.0
ENG-00692,2025-08-01,0.10645815878014141,Low,Logistic Regression,v1.0.0
ENG-00692,2025-09-01,0.06871510893367182,Low,Logistic Regression,v1.0.0
ENG-00692,2025-10-01,0.010174693796372102,Low,Logistic Regression,v1.0.0
ENG-00692,2025-11-01,0.5500842475062303,Watch,Logistic Regression,v1.0.0
ENG-00692,2025-12-01,0.004243147704182301,Low,Logistic Regression,v1.0.0
ENG-00692,2026-01-01,0.0062704940549277235,Low,Logistic Regression,v1.0.0
ENG-00692,2026-02-01,0.052977083749681644,Low,Logistic Regression,v1.0.0
ENG-00692,2026-03-01,0.09182321758534959,Low,Logistic Regression,v1.0.0
ENG-00693,2024-05-01,0.256539326392421,Low,Logistic Regression,v1.0.0
ENG-00693,2024-06-01,0.5073011295145262,Watch,Logistic Regression,v1.0.0
ENG-00693,2024-07-01,0.3836396909199705,Watch,Logistic Regression,v1.0.0
ENG-00693,2024-08-01,0.43082185158251546,Watch,Logistic Regression,v1.0.0
ENG-00693,2024-09-01,0.5134858989349858,Watch,Logistic Regression,v1.0.0
ENG-00693,2024-10-01,0.49537238221098445,Watch,Logistic Regression,v1.0.0
ENG-00693,2024-11-01,0.015389539046837144,Low,Logistic Regression,v1.0.0
ENG-00693,2024-12-01,0.745801015535764,Critical,Logistic Regression,v1.0.0
ENG-00694,2026-01-01,0.26304093131035583,Low,Logistic Regression,v1.0.0
ENG-00694,2026-02-01,0.2184970684892384,Low,Logistic Regression,v1.0.0
ENG-00694,2026-03-01,0.10000721105867343,Low,Logistic Regression,v1.0.0
ENG-00694,2026-04-01,0.5337626895623456,Watch,Logistic Regression,v1.0.0
ENG-00694,2026-05-01,0.31424016191998516,Low,Logistic Regression,v1.0.0
ENG-00694,2026-06-01,0.006084219420356662,Low,Logistic Regression,v1.0.0
ENG-00694,2026-07-01,0.6864523044713133,Critical,Logistic Regression,v1.0.0
ENG-00695,2025-05-01,0.016735615052441748,Low,Logistic Regression,v1.0.0
ENG-00695,2025-06-01,0.0021533206308061233,Low,Logistic Regression,v1.0.0
ENG-00695,2025-07-01,0.07600949541873898,Low,Logistic Regression,v1.0.0
ENG-00695,2025-08-01,0.008177589344820439,Low,Logistic Regression,v1.0.0
ENG-00695,2025-09-01,0.001672509230722069,Low,Logistic Regression,v1.0.0
ENG-00695,2025-10-01,0.15625105046657453,Low,Logistic Regression,v1.0.0
ENG-00695,2025-11-01,0.00139970104768791,Low,Logistic Regression,v1.0.0
ENG-00695,2025-12-01,0.014660101523670012,Low,Logistic Regression,v1.0.0
ENG-00695,2026-01-01,0.0017651542714834001,Low,Logistic Regression,v1.0.0
ENG-00695,2026-02-01,0.005658787008373853,Low,Logistic Regression,v1.0.0
ENG-00695,2026-03-01,0.08339779518532128,Low,Logistic Regression,v1.0.0
ENG-00695,2026-04-01,0.003167640216478371,Low,Logistic Regression,v1.0.0
ENG-00696,2025-11-01,0.07206799611118925,Low,Logistic Regression,v1.0.0
ENG-00696,2025-12-01,0.001358858498716094,Low,Logistic Regression,v1.0.0
ENG-00696,2026-01-01,0.02912549215948532,Low,Logistic Regression,v1.0.0
ENG-00696,2026-02-01,0.08068512279094876,Low,Logistic Regression,v1.0.0
ENG-00696,2026-03-01,0.006466658489476825,Low,Logistic Regression,v1.0.0
ENG-00696,2026-04-01,0.31992040667948163,Low,Logistic Regression,v1.0.0
ENG-00696,2026-05-01,0.004285997959470709,Low,Logistic Regression,v1.0.0
ENG-00696,2026-06-01,0.018067644356194488,Low,Logistic Regression,v1.0.0
ENG-00697,2025-12-01,0.22230559711360814,Low,Logistic Regression,v1.0.0
ENG-00697,2026-01-01,0.5605366741614133,Watch,Logistic Regression,v1.0.0
ENG-00697,2026-02-01,0.5658501945172821,Watch,Logistic Regression,v1.0.0
ENG-00697,2026-03-01,0.5950473946608597,Watch,Logistic Regression,v1.0.0
ENG-00697,2026-04-01,0.9654023057059632,Critical,Logistic Regression,v1.0.0
ENG-00698,2024-04-01,0.029495681114821606,Low,Logistic Regression,v1.0.0
ENG-00698,2024-05-01,0.12419972460330642,Low,Logistic Regression,v1.0.0
ENG-00698,2024-06-01,0.47809451305410433,Watch,Logistic Regression,v1.0.0
ENG-00698,2024-07-01,0.3898584823570326,Watch,Logistic Regression,v1.0.0
ENG-00698,2024-08-01,0.9738207062689713,Critical,Logistic Regression,v1.0.0
ENG-00698,2024-09-01,0.4564009807782806,Watch,Logistic Regression,v1.0.0
ENG-00699,2025-02-01,0.47073949662579606,Watch,Logistic Regression,v1.0.0
ENG-00699,2025-03-01,0.11140817267579306,Low,Logistic Regression,v1.0.0
ENG-00699,2025-04-01,0.7820523311214418,Critical,Logistic Regression,v1.0.0
ENG-00699,2025-05-01,0.010827177256551085,Low,Logistic Regression,v1.0.0
ENG-00699,2025-06-01,0.24733851912582488,Low,Logistic Regression,v1.0.0
ENG-00699,2025-07-01,0.9550725986395585,Critical,Logistic Regression,v1.0.0
ENG-00699,2025-08-01,0.6827744533399918,Critical,Logistic Regression,v1.0.0
ENG-00699,2025-09-01,0.029213913318033927,Low,Logistic Regression,v1.0.0
ENG-00699,2025-10-01,0.6097220808152899,Watch,Logistic Regression,v1.0.0
ENG-00699,2025-11-01,0.07082820700577207,Low,Logistic Regression,v1.0.0
ENG-00699,2025-12-01,0.055920562690282165,Low,Logistic Regression,v1.0.0
ENG-00699,2026-01-01,0.7179319823415853,Critical,Logistic Regression,v1.0.0
ENG-00700,2025-03-01,0.4548427474829612,Watch,Logistic Regression,v1.0.0
ENG-00700,2025-04-01,0.8896455003728372,Critical,Logistic Regression,v1.0.0
ENG-00700,2025-05-01,0.9985822366860914,Critical,Logistic Regression,v1.0.0
ENG-00700,2025-06-01,0.9993822047213229,Critical,Logistic Regression,v1.0.0
ENG-00701,2024-04-01,0.10837163200542581,Low,Logistic Regression,v1.0.0
ENG-00701,2024-05-01,0.054602281272534345,Low,Logistic Regression,v1.0.0
ENG-00701,2024-06-01,0.17034089036392436,Low,Logistic Regression,v1.0.0
ENG-00701,2024-07-01,0.12290480271356188,Low,Logistic Regression,v1.0.0
ENG-00701,2024-08-01,0.2300492125179878,Low,Logistic Regression,v1.0.0
ENG-00701,2024-09-01,0.07748123915549987,Low,Logistic Regression,v1.0.0
ENG-00701,2024-10-01,0.1353547704244779,Low,Logistic Regression,v1.0.0
ENG-00701,2024-11-01,0.027566145919361518,Low,Logistic Regression,v1.0.0
ENG-00701,2024-12-01,0.22257323331778314,Low,Logistic Regression,v1.0.0
ENG-00701,2025-01-01,0.12855279657983507,Low,Logistic Regression,v1.0.0
ENG-00701,2025-02-01,0.04509781265258477,Low,Logistic Regression,v1.0.0
ENG-00701,2025-03-01,0.1732284405109694,Low,Logistic Regression,v1.0.0
ENG-00701,2025-04-01,0.010235663306783247,Low,Logistic Regression,v1.0.0
ENG-00702,2026-05-01,0.03158688782905659,Low,Logistic Regression,v1.0.0
ENG-00702,2026-06-01,0.04885231474859826,Low,Logistic Regression,v1.0.0
ENG-00702,2026-07-01,0.014631588614152742,Low,Logistic Regression,v1.0.0
ENG-00702,2026-08-01,0.01833102507430009,Low,Logistic Regression,v1.0.0
ENG-00703,2024-08-01,0.04089734997500102,Low,Logistic Regression,v1.0.0
ENG-00703,2024-09-01,0.0025654608975143383,Low,Logistic Regression,v1.0.0
ENG-00703,2024-10-01,0.33154502093640464,Low,Logistic Regression,v1.0.0
ENG-00703,2024-11-01,0.0036218580012766823,Low,Logistic Regression,v1.0.0
ENG-00703,2024-12-01,0.19709672851534282,Low,Logistic Regression,v1.0.0
ENG-00703,2025-01-01,0.0009859239081615107,Low,Logistic Regression,v1.0.0
ENG-00703,2025-02-01,0.009803114556451801,Low,Logistic Regression,v1.0.0
ENG-00703,2025-03-01,0.0016886261789568803,Low,Logistic Regression,v1.0.0
ENG-00704,2024-11-01,0.010732363856596734,Low,Logistic Regression,v1.0.0
ENG-00704,2024-12-01,0.002956534852219202,Low,Logistic Regression,v1.0.0
ENG-00704,2025-01-01,0.050949897937187794,Low,Logistic Regression,v1.0.0
ENG-00704,2025-02-01,0.003758069529529211,Low,Logistic Regression,v1.0.0
ENG-00704,2025-03-01,0.0066032217031554855,Low,Logistic Regression,v1.0.0
ENG-00704,2025-04-01,0.010513659036833701,Low,Logistic Regression,v1.0.0
ENG-00704,2025-05-01,0.0004746461348776386,Low,Logistic Regression,v1.0.0
ENG-00704,2025-06-01,0.0029447322666391364,Low,Logistic Regression,v1.0.0
ENG-00704,2025-07-01,0.10133854430538428,Low,Logistic Regression,v1.0.0
ENG-00705,2026-06-01,0.491096368070971,Watch,Logistic Regression,v1.0.0
ENG-00705,2026-07-01,0.15275822499453426,Low,Logistic Regression,v1.0.0
ENG-00705,2026-08-01,0.1443487430570328,Low,Logistic Regression,v1.0.0
ENG-00706,2024-06-01,0.32815550348218525,Low,Logistic Regression,v1.0.0
ENG-00706,2024-07-01,0.05517431447638135,Low,Logistic Regression,v1.0.0
ENG-00706,2024-08-01,0.6784751159231986,Critical,Logistic Regression,v1.0.0
ENG-00706,2024-09-01,0.0370484871471389,Low,Logistic Regression,v1.0.0
ENG-00706,2024-10-01,0.9609148288967193,Critical,Logistic Regression,v1.0.0
ENG-00706,2024-11-01,0.9993126906110262,Critical,Logistic Regression,v1.0.0
ENG-00706,2024-12-01,0.9944483633116715,Critical,Logistic Regression,v1.0.0
ENG-00707,2025-08-01,0.08321351764733383,Low,Logistic Regression,v1.0.0
ENG-00707,2025-09-01,0.32924025051942507,Low,Logistic Regression,v1.0.0
ENG-00707,2025-10-01,0.03266270680322148,Low,Logistic Regression,v1.0.0
ENG-00707,2025-11-01,0.7942034024166902,Critical,Logistic Regression,v1.0.0
ENG-00707,2025-12-01,0.8347854292735284,Critical,Logistic Regression,v1.0.0
ENG-00707,2026-01-01,0.9956194595933507,Critical,Logistic Regression,v1.0.0
ENG-00707,2026-02-01,0.9910028910804232,Critical,Logistic Regression,v1.0.0
ENG-00708,2025-04-01,0.03578076371803425,Low,Logistic Regression,v1.0.0
ENG-00708,2025-05-01,0.13878114657395815,Low,Logistic Regression,v1.0.0
ENG-00708,2025-06-01,0.0022953733333779466,Low,Logistic Regression,v1.0.0
ENG-00708,2025-07-01,0.2915153280139142,Low,Logistic Regression,v1.0.0
ENG-00708,2025-08-01,0.006061131909237996,Low,Logistic Regression,v1.0.0
ENG-00708,2025-09-01,0.08388187926466259,Low,Logistic Regression,v1.0.0
ENG-00708,2025-10-01,0.008308332652392154,Low,Logistic Regression,v1.0.0
ENG-00708,2025-11-01,0.07563686969956894,Low,Logistic Regression,v1.0.0
ENG-00708,2025-12-01,0.011738107566944992,Low,Logistic Regression,v1.0.0
ENG-00708,2026-01-01,0.11406721938156975,Low,Logistic Regression,v1.0.0
ENG-00709,2025-05-01,0.22306323874679926,Low,Logistic Regression,v1.0.0
ENG-00709,2025-06-01,0.4722224738078796,Watch,Logistic Regression,v1.0.0
ENG-00709,2025-07-01,0.017948424184223787,Low,Logistic Regression,v1.0.0
ENG-00709,2025-08-01,0.4911058060912587,Watch,Logistic Regression,v1.0.0
ENG-00709,2025-09-01,0.6408265878181412,Watch,Logistic Regression,v1.0.0
ENG-00709,2025-10-01,0.06351999368642323,Low,Logistic Regression,v1.0.0
ENG-00709,2025-11-01,0.5156780696214014,Watch,Logistic Regression,v1.0.0
ENG-00709,2025-12-01,0.03490143297907112,Low,Logistic Regression,v1.0.0
ENG-00709,2026-01-01,0.09528540579802784,Low,Logistic Regression,v1.0.0
ENG-00709,2026-02-01,0.3525684087278379,Watch,Logistic Regression,v1.0.0
ENG-00709,2026-03-01,0.03870376023856314,Low,Logistic Regression,v1.0.0
ENG-00709,2026-04-01,0.43302807002760246,Watch,Logistic Regression,v1.0.0
ENG-00710,2026-03-01,0.01985719389050569,Low,Logistic Regression,v1.0.0
ENG-00710,2026-04-01,0.2698971838497736,Low,Logistic Regression,v1.0.0
ENG-00710,2026-05-01,0.008517942783597571,Low,Logistic Regression,v1.0.0
ENG-00710,2026-06-01,0.04984213738605724,Low,Logistic Regression,v1.0.0
ENG-00710,2026-07-01,0.025481575057094613,Low,Logistic Regression,v1.0.0
ENG-00710,2026-08-01,0.03100389066855148,Low,Logistic Regression,v1.0.0
ENG-00711,2025-03-01,0.007889356641621765,Low,Logistic Regression,v1.0.0
ENG-00711,2025-04-01,0.05154154982796,Low,Logistic Regression,v1.0.0
ENG-00711,2025-05-01,0.1073396774535444,Low,Logistic Regression,v1.0.0
ENG-00711,2025-06-01,0.005589548190697706,Low,Logistic Regression,v1.0.0
ENG-00711,2025-07-01,0.037910666388087357,Low,Logistic Regression,v1.0.0
ENG-00711,2025-08-01,0.028006524065299486,Low,Logistic Regression,v1.0.0
ENG-00711,2025-09-01,0.020027686143938347,Low,Logistic Regression,v1.0.0
ENG-00711,2025-10-01,0.07529399225821377,Low,Logistic Regression,v1.0.0
ENG-00712,2024-10-01,0.08897270227342324,Low,Logistic Regression,v1.0.0
ENG-00712,2024-11-01,0.06463488826538152,Low,Logistic Regression,v1.0.0
ENG-00712,2024-12-01,0.03122273942615271,Low,Logistic Regression,v1.0.0
ENG-00712,2025-01-01,0.04921980298743885,Low,Logistic Regression,v1.0.0
ENG-00712,2025-02-01,0.04218954019690785,Low,Logistic Regression,v1.0.0
ENG-00712,2025-03-01,0.0043379367424782826,Low,Logistic Regression,v1.0.0
ENG-00712,2025-04-01,0.028927419119882652,Low,Logistic Regression,v1.0.0
ENG-00712,2025-05-01,0.5409399039340702,Watch,Logistic Regression,v1.0.0
ENG-00713,2025-12-01,0.009823257970656592,Low,Logistic Regression,v1.0.0
ENG-00713,2026-01-01,0.006894115955404781,Low,Logistic Regression,v1.0.0
ENG-00713,2026-02-01,0.010806170511162741,Low,Logistic Regression,v1.0.0
ENG-00713,2026-03-01,0.006938746305943013,Low,Logistic Regression,v1.0.0
ENG-00713,2026-04-01,0.0013709677469262993,Low,Logistic Regression,v1.0.0
ENG-00713,2026-05-01,0.10844051359255576,Low,Logistic Regression,v1.0.0
ENG-00713,2026-06-01,0.022966444555909113,Low,Logistic Regression,v1.0.0
ENG-00714,2025-05-01,0.29121460318309084,Low,Logistic Regression,v1.0.0
ENG-00714,2025-06-01,0.08835278540808744,Low,Logistic Regression,v1.0.0
ENG-00714,2025-07-01,0.6180757788165843,Watch,Logistic Regression,v1.0.0
ENG-00714,2025-08-01,0.5433337062998482,Watch,Logistic Regression,v1.0.0
ENG-00714,2025-09-01,0.034349903039083966,Low,Logistic Regression,v1.0.0
ENG-00714,2025-10-01,0.8637939899866831,Critical,Logistic Regression,v1.0.0
ENG-00714,2025-11-01,0.09335813175880907,Low,Logistic Regression,v1.0.0
ENG-00714,2025-12-01,0.1627347106140688,Low,Logistic Regression,v1.0.0
ENG-00714,2026-01-01,0.6045216371765786,Watch,Logistic Regression,v1.0.0
ENG-00714,2026-02-01,0.03434845525250987,Low,Logistic Regression,v1.0.0
ENG-00714,2026-03-01,0.3534679910148022,Watch,Logistic Regression,v1.0.0
ENG-00714,2026-04-01,0.02723967071408118,Low,Logistic Regression,v1.0.0
ENG-00714,2026-05-01,0.8305757622298912,Critical,Logistic Regression,v1.0.0
ENG-00715,2024-08-01,0.007842992124477841,Low,Logistic Regression,v1.0.0
ENG-00715,2024-09-01,0.3475175918164563,Low,Logistic Regression,v1.0.0
ENG-00715,2024-10-01,0.0333836478117254,Low,Logistic Regression,v1.0.0
ENG-00715,2024-11-01,0.0003159030472654376,Low,Logistic Regression,v1.0.0
ENG-00715,2024-12-01,0.2734461876752256,Low,Logistic Regression,v1.0.0
ENG-00715,2025-01-01,0.013745012743793828,Low,Logistic Regression,v1.0.0
ENG-00715,2025-02-01,0.0065993537402902445,Low,Logistic Regression,v1.0.0
ENG-00715,2025-03-01,0.027932137905337773,Low,Logistic Regression,v1.0.0
ENG-00715,2025-04-01,0.0014847494625111247,Low,Logistic Regression,v1.0.0
ENG-00715,2025-05-01,0.02245011511705019,Low,Logistic Regression,v1.0.0
ENG-00715,2025-06-01,0.010916562553706254,Low,Logistic Regression,v1.0.0
ENG-00716,2026-05-01,0.0034667032500638744,Low,Logistic Regression,v1.0.0
ENG-00716,2026-06-01,0.007531740480503257,Low,Logistic Regression,v1.0.0
ENG-00716,2026-07-01,0.13203515002511654,Low,Logistic Regression,v1.0.0
ENG-00716,2026-08-01,0.21004873854269285,Low,Logistic Regression,v1.0.0
ENG-00716,2026-09-01,0.7325738346209396,Critical,Logistic Regression,v1.0.0
ENG-00716,2026-10-01,0.9743812614092022,Critical,Logistic Regression,v1.0.0
ENG-00717,2025-02-01,0.2630987545162192,Low,Logistic Regression,v1.0.0
ENG-00717,2025-03-01,0.3357531441895104,Low,Logistic Regression,v1.0.0
ENG-00717,2025-04-01,0.731129175489814,Critical,Logistic Regression,v1.0.0
ENG-00717,2025-05-01,0.017926654220067673,Low,Logistic Regression,v1.0.0
ENG-00717,2025-06-01,0.7822375563408774,Critical,Logistic Regression,v1.0.0
ENG-00717,2025-07-01,0.4755317039068272,Watch,Logistic Regression,v1.0.0
ENG-00717,2025-08-01,0.14991665295240791,Low,Logistic Regression,v1.0.0
ENG-00718,2026-08-01,0.2168931791858284,Low,Logistic Regression,v1.0.0
ENG-00719,2024-12-01,0.02467982009151075,Low,Logistic Regression,v1.0.0
ENG-00719,2025-01-01,0.04533747493825484,Low,Logistic Regression,v1.0.0
ENG-00719,2025-02-01,0.0037767691763462286,Low,Logistic Regression,v1.0.0
ENG-00719,2025-03-01,0.021729827290616413,Low,Logistic Regression,v1.0.0
ENG-00719,2025-04-01,0.20266305827299544,Low,Logistic Regression,v1.0.0
ENG-00719,2025-05-01,0.0019265970402420486,Low,Logistic Regression,v1.0.0
ENG-00719,2025-06-01,0.039324804925349725,Low,Logistic Regression,v1.0.0
ENG-00720,2024-04-01,0.5846943533243805,Watch,Logistic Regression,v1.0.0
ENG-00720,2024-05-01,0.9073334200671033,Critical,Logistic Regression,v1.0.0
ENG-00720,2024-06-01,0.08000903491728693,Low,Logistic Regression,v1.0.0
ENG-00720,2024-07-01,0.9579548416831699,Critical,Logistic Regression,v1.0.0
ENG-00720,2024-08-01,0.07213048276308458,Low,Logistic Regression,v1.0.0
ENG-00720,2024-09-01,0.47814959735982204,Watch,Logistic Regression,v1.0.0
ENG-00720,2024-10-01,0.8799730644491055,Critical,Logistic Regression,v1.0.0
ENG-00720,2024-11-01,0.21436153076594605,Low,Logistic Regression,v1.0.0
ENG-00720,2024-12-01,0.8834370426822856,Critical,Logistic Regression,v1.0.0
ENG-00720,2025-01-01,0.5924989585938542,Watch,Logistic Regression,v1.0.0
ENG-00720,2025-02-01,0.05085377078163354,Low,Logistic Regression,v1.0.0
ENG-00720,2025-03-01,0.35581008234261663,Watch,Logistic Regression,v1.0.0
ENG-00720,2025-04-01,0.09761739393064395,Low,Logistic Regression,v1.0.0
ENG-00721,2025-01-01,0.1265369026378063,Low,Logistic Regression,v1.0.0
ENG-00721,2025-02-01,0.15890188931081584,Low,Logistic Regression,v1.0.0
ENG-00721,2025-03-01,0.008809766012287565,Low,Logistic Regression,v1.0.0
ENG-00721,2025-04-01,0.01422751562770954,Low,Logistic Regression,v1.0.0
ENG-00721,2025-05-01,0.403256844519359,Watch,Logistic Regression,v1.0.0
ENG-00721,2025-06-01,0.008158378819795684,Low,Logistic Regression,v1.0.0
ENG-00721,2025-07-01,0.029944817453330837,Low,Logistic Regression,v1.0.0
ENG-00721,2025-08-01,0.18794367978481955,Low,Logistic Regression,v1.0.0
ENG-00721,2025-09-01,0.008610691205242058,Low,Logistic Regression,v1.0.0
ENG-00721,2025-10-01,0.011712493600833797,Low,Logistic Regression,v1.0.0
ENG-00721,2025-11-01,0.15562599067531685,Low,Logistic Regression,v1.0.0
ENG-00721,2025-12-01,0.33664364054701273,Low,Logistic Regression,v1.0.0
ENG-00721,2026-01-01,0.0013488848511432774,Low,Logistic Regression,v1.0.0
ENG-00722,2024-01-01,0.117734963282952,Low,Logistic Regression,v1.0.0
ENG-00722,2024-02-01,0.6057468586760761,Watch,Logistic Regression,v1.0.0
ENG-00722,2024-03-01,0.6033653761378984,Watch,Logistic Regression,v1.0.0
ENG-00722,2024-04-01,0.09117527642403739,Low,Logistic Regression,v1.0.0
ENG-00722,2024-05-01,0.21540450808586087,Low,Logistic Regression,v1.0.0
ENG-00722,2024-06-01,0.5664356114663112,Watch,Logistic Regression,v1.0.0
ENG-00722,2024-07-01,0.034067013549030266,Low,Logistic Regression,v1.0.0
ENG-00722,2024-08-01,0.466611732415324,Watch,Logistic Regression,v1.0.0
ENG-00722,2024-09-01,0.04371715369503951,Low,Logistic Regression,v1.0.0
ENG-00722,2024-10-01,0.24896863001747319,Low,Logistic Regression,v1.0.0
ENG-00722,2024-11-01,0.6138515280257585,Watch,Logistic Regression,v1.0.0
ENG-00722,2024-12-01,0.10726682409900556,Low,Logistic Regression,v1.0.0
ENG-00723,2026-03-01,0.008249026879096157,Low,Logistic Regression,v1.0.0
ENG-00723,2026-04-01,0.08323704827674634,Low,Logistic Regression,v1.0.0
ENG-00723,2026-05-01,0.026454332736464126,Low,Logistic Regression,v1.0.0
ENG-00723,2026-06-01,0.004389734573864784,Low,Logistic Regression,v1.0.0
ENG-00723,2026-07-01,0.7999863077813228,Critical,Logistic Regression,v1.0.0
ENG-00723,2026-08-01,0.00457757326081802,Low,Logistic Regression,v1.0.0
ENG-00724,2026-07-01,0.0412022320477304,Low,Logistic Regression,v1.0.0
ENG-00724,2026-08-01,0.005191954143054358,Low,Logistic Regression,v1.0.0
ENG-00725,2025-08-01,0.060607651521507724,Low,Logistic Regression,v1.0.0
ENG-00725,2025-09-01,0.1734227279901849,Low,Logistic Regression,v1.0.0
ENG-00725,2025-10-01,0.014969180885642851,Low,Logistic Regression,v1.0.0
ENG-00725,2025-11-01,0.25147218011931716,Low,Logistic Regression,v1.0.0
ENG-00725,2025-12-01,0.0006833749216919103,Low,Logistic Regression,v1.0.0
ENG-00725,2026-01-01,0.19305587668456906,Low,Logistic Regression,v1.0.0
ENG-00725,2026-02-01,0.002808883254594734,Low,Logistic Regression,v1.0.0
ENG-00726,2025-11-01,0.33387237674999604,Low,Logistic Regression,v1.0.0
ENG-00726,2025-12-01,0.27962806517184374,Low,Logistic Regression,v1.0.0
ENG-00726,2026-01-01,0.692416279884744,Critical,Logistic Regression,v1.0.0
ENG-00726,2026-02-01,0.6231778083027816,Watch,Logistic Regression,v1.0.0
ENG-00726,2026-03-01,0.5297085084916088,Watch,Logistic Regression,v1.0.0
ENG-00726,2026-04-01,0.23792552290581603,Low,Logistic Regression,v1.0.0
ENG-00726,2026-05-01,0.6608349311244113,Critical,Logistic Regression,v1.0.0
ENG-00726,2026-06-01,0.08585839086754476,Low,Logistic Regression,v1.0.0
ENG-00726,2026-07-01,0.8697156788406005,Critical,Logistic Regression,v1.0.0
ENG-00727,2024-03-01,0.31725340156831444,Low,Logistic Regression,v1.0.0
ENG-00727,2024-04-01,0.4005913295901966,Watch,Logistic Regression,v1.0.0
ENG-00727,2024-05-01,0.14265734283734807,Low,Logistic Regression,v1.0.0
ENG-00727,2024-06-01,0.2596825353171718,Low,Logistic Regression,v1.0.0
ENG-00727,2024-07-01,0.05639682007265641,Low,Logistic Regression,v1.0.0
ENG-00727,2024-08-01,0.2117953152548264,Low,Logistic Regression,v1.0.0
ENG-00727,2024-09-01,0.44669606939429235,Watch,Logistic Regression,v1.0.0
ENG-00727,2024-10-01,0.21990027977332474,Low,Logistic Regression,v1.0.0
ENG-00727,2024-11-01,0.04384639004147376,Low,Logistic Regression,v1.0.0
ENG-00727,2024-12-01,0.3112670568958693,Low,Logistic Regression,v1.0.0
ENG-00728,2024-05-01,0.1021904004018061,Low,Logistic Regression,v1.0.0
ENG-00728,2024-06-01,0.0257067933366811,Low,Logistic Regression,v1.0.0
ENG-00728,2024-07-01,0.012991735409712324,Low,Logistic Regression,v1.0.0
ENG-00728,2024-08-01,0.19163754961009133,Low,Logistic Regression,v1.0.0
ENG-00728,2024-09-01,0.0025681568932541064,Low,Logistic Regression,v1.0.0
ENG-00728,2024-10-01,0.057149253369999854,Low,Logistic Regression,v1.0.0
ENG-00728,2024-11-01,0.031278977605481054,Low,Logistic Regression,v1.0.0
ENG-00728,2024-12-01,0.015232534926181061,Low,Logistic Regression,v1.0.0
ENG-00728,2025-01-01,0.01919899565810415,Low,Logistic Regression,v1.0.0
ENG-00728,2025-02-01,0.02289173864615853,Low,Logistic Regression,v1.0.0
ENG-00728,2025-03-01,0.0069658735877726405,Low,Logistic Regression,v1.0.0
ENG-00729,2025-12-01,0.015314447636968343,Low,Logistic Regression,v1.0.0
ENG-00729,2026-01-01,0.003730589217035752,Low,Logistic Regression,v1.0.0
ENG-00729,2026-02-01,0.578789183350678,Watch,Logistic Regression,v1.0.0
ENG-00729,2026-03-01,0.00017963187534806495,Low,Logistic Regression,v1.0.0
ENG-00729,2026-04-01,0.016242071719475164,Low,Logistic Regression,v1.0.0
ENG-00729,2026-05-01,0.007306195706286977,Low,Logistic Regression,v1.0.0
ENG-00729,2026-06-01,0.010909698185297051,Low,Logistic Regression,v1.0.0
ENG-00729,2026-07-01,0.004745469130978943,Low,Logistic Regression,v1.0.0
ENG-00730,2025-08-01,0.11599222466714355,Low,Logistic Regression,v1.0.0
ENG-00730,2025-09-01,0.01451299757305008,Low,Logistic Regression,v1.0.0
ENG-00730,2025-10-01,0.08273010823839207,Low,Logistic Regression,v1.0.0
ENG-00730,2025-11-01,0.03359707493135135,Low,Logistic Regression,v1.0.0
ENG-00730,2025-12-01,0.002932313606278524,Low,Logistic Regression,v1.0.0
ENG-00730,2026-01-01,0.12334352443941465,Low,Logistic Regression,v1.0.0
ENG-00730,2026-02-01,0.0017641479813718954,Low,Logistic Regression,v1.0.0
ENG-00730,2026-03-01,0.0864754723510881,Low,Logistic Regression,v1.0.0
ENG-00730,2026-04-01,0.012459830064032364,Low,Logistic Regression,v1.0.0
ENG-00730,2026-05-01,0.002392076589221884,Low,Logistic Regression,v1.0.0
ENG-00730,2026-06-01,0.005097994632841326,Low,Logistic Regression,v1.0.0
ENG-00730,2026-07-01,0.018353522448276375,Low,Logistic Regression,v1.0.0
ENG-00730,2026-08-01,0.0009754505533185489,Low,Logistic Regression,v1.0.0
ENG-00731,2026-03-01,0.02344952838818539,Low,Logistic Regression,v1.0.0
ENG-00731,2026-04-01,0.017461886566933805,Low,Logistic Regression,v1.0.0
ENG-00731,2026-05-01,0.0007700221645117382,Low,Logistic Regression,v1.0.0
ENG-00731,2026-06-01,0.14106092953016783,Low,Logistic Regression,v1.0.0
ENG-00731,2026-07-01,0.0013250254178516258,Low,Logistic Regression,v1.0.0
ENG-00731,2026-08-01,0.022874879377981702,Low,Logistic Regression,v1.0.0
ENG-00732,2024-02-01,0.25161702773532285,Low,Logistic Regression,v1.0.0
ENG-00732,2024-03-01,0.9151179915228868,Critical,Logistic Regression,v1.0.0
ENG-00732,2024-04-01,0.9988762392107383,Critical,Logistic Regression,v1.0.0
ENG-00732,2024-05-01,0.9157740867796511,Critical,Logistic Regression,v1.0.0
ENG-00733,2026-08-01,0.04219942393818186,Low,Logistic Regression,v1.0.0
ENG-00734,2025-11-01,0.04508328775331861,Low,Logistic Regression,v1.0.0
ENG-00734,2025-12-01,0.022833513996481924,Low,Logistic Regression,v1.0.0
ENG-00734,2026-01-01,0.027186078021380688,Low,Logistic Regression,v1.0.0
ENG-00734,2026-02-01,0.0686699987903424,Low,Logistic Regression,v1.0.0
ENG-00734,2026-03-01,0.011963402304734843,Low,Logistic Regression,v1.0.0
ENG-00734,2026-04-01,0.003429249678370792,Low,Logistic Regression,v1.0.0
ENG-00734,2026-05-01,0.0227372741210228,Low,Logistic Regression,v1.0.0
ENG-00734,2026-06-01,0.1716854131965248,Low,Logistic Regression,v1.0.0
ENG-00734,2026-07-01,0.006918351386351166,Low,Logistic Regression,v1.0.0
ENG-00735,2025-07-01,0.01977106213150466,Low,Logistic Regression,v1.0.0
ENG-00735,2025-08-01,0.03789332221756226,Low,Logistic Regression,v1.0.0
ENG-00735,2025-09-01,0.0003582058810680637,Low,Logistic Regression,v1.0.0
ENG-00735,2025-10-01,0.2665576901986821,Low,Logistic Regression,v1.0.0
ENG-00735,2025-11-01,0.032002612408900025,Low,Logistic Regression,v1.0.0
ENG-00735,2025-12-01,0.0010617916178880288,Low,Logistic Regression,v1.0.0
ENG-00735,2026-01-01,0.023234488867125362,Low,Logistic Regression,v1.0.0
ENG-00735,2026-02-01,0.008691938538023419,Low,Logistic Regression,v1.0.0
ENG-00735,2026-03-01,0.03667655260036731,Low,Logistic Regression,v1.0.0
ENG-00735,2026-04-01,0.11912199354315454,Low,Logistic Regression,v1.0.0
ENG-00736,2024-10-01,0.37982672860170585,Watch,Logistic Regression,v1.0.0
ENG-00736,2024-11-01,0.7861438440615808,Critical,Logistic Regression,v1.0.0
ENG-00736,2024-12-01,0.5523991834642494,Watch,Logistic Regression,v1.0.0
ENG-00736,2025-01-01,0.7606238217903619,Critical,Logistic Regression,v1.0.0
ENG-00736,2025-02-01,0.3527517593845281,Watch,Logistic Regression,v1.0.0
ENG-00736,2025-03-01,0.25848435385978097,Low,Logistic Regression,v1.0.0
ENG-00736,2025-04-01,0.9556157463854468,Critical,Logistic Regression,v1.0.0
ENG-00736,2025-05-01,0.9889523169460592,Critical,Logistic Regression,v1.0.0
ENG-00736,2025-06-01,0.981664894037957,Critical,Logistic Regression,v1.0.0
ENG-00736,2025-07-01,0.999450374990638,Critical,Logistic Regression,v1.0.0
ENG-00737,2025-12-01,0.027633476184684664,Low,Logistic Regression,v1.0.0
ENG-00737,2026-01-01,0.0015229874584710736,Low,Logistic Regression,v1.0.0
ENG-00737,2026-02-01,0.04636878286486587,Low,Logistic Regression,v1.0.0
ENG-00737,2026-03-01,0.029172107171934122,Low,Logistic Regression,v1.0.0
ENG-00737,2026-04-01,0.021292726290952507,Low,Logistic Regression,v1.0.0
ENG-00737,2026-05-01,0.01615105403011866,Low,Logistic Regression,v1.0.0
ENG-00737,2026-06-01,0.07831128542597728,Low,Logistic Regression,v1.0.0
ENG-00738,2026-01-01,0.30744066069653553,Low,Logistic Regression,v1.0.0
ENG-00738,2026-02-01,0.23379736563832554,Low,Logistic Regression,v1.0.0
ENG-00738,2026-03-01,0.8797898811764024,Critical,Logistic Regression,v1.0.0
ENG-00738,2026-04-01,0.09217613450746376,Low,Logistic Regression,v1.0.0
ENG-00738,2026-05-01,0.4309303374006122,Watch,Logistic Regression,v1.0.0
ENG-00738,2026-06-01,0.09397731314032781,Low,Logistic Regression,v1.0.0
ENG-00738,2026-07-01,0.9623094085894203,Critical,Logistic Regression,v1.0.0
ENG-00738,2026-08-01,0.5713446291860401,Watch,Logistic Regression,v1.0.0
ENG-00739,2025-11-01,0.12450288764563591,Low,Logistic Regression,v1.0.0
ENG-00739,2025-12-01,0.9325280501496441,Critical,Logistic Regression,v1.0.0
ENG-00739,2026-01-01,0.991099985011493,Critical,Logistic Regression,v1.0.0
ENG-00739,2026-02-01,0.9797729130971652,Critical,Logistic Regression,v1.0.0
ENG-00740,2026-06-01,0.11432298976550809,Low,Logistic Regression,v1.0.0
ENG-00740,2026-07-01,0.21405809907251197,Low,Logistic Regression,v1.0.0
ENG-00740,2026-08-01,0.9951912628409149,Critical,Logistic Regression,v1.0.0
ENG-00740,2026-09-01,0.9978173540962016,Critical,Logistic Regression,v1.0.0
ENG-00740,2026-10-01,0.9926424301730926,Critical,Logistic Regression,v1.0.0
ENG-00741,2026-07-01,0.20792335389236116,Low,Logistic Regression,v1.0.0
ENG-00741,2026-08-01,0.05096499717755728,Low,Logistic Regression,v1.0.0
ENG-00742,2026-08-01,0.5690417018585987,Watch,Logistic Regression,v1.0.0
ENG-00743,2025-10-01,0.016994849797035343,Low,Logistic Regression,v1.0.0
ENG-00743,2025-11-01,0.036795351983253406,Low,Logistic Regression,v1.0.0
ENG-00743,2025-12-01,0.012047818425396943,Low,Logistic Regression,v1.0.0
ENG-00743,2026-01-01,0.11620866042609056,Low,Logistic Regression,v1.0.0
ENG-00743,2026-02-01,0.001511732447658192,Low,Logistic Regression,v1.0.0
ENG-00743,2026-03-01,0.04028857707422877,Low,Logistic Regression,v1.0.0
ENG-00743,2026-04-01,0.018792149993296394,Low,Logistic Regression,v1.0.0
ENG-00743,2026-05-01,0.0500562867323796,Low,Logistic Regression,v1.0.0
ENG-00743,2026-06-01,0.013132290389845482,Low,Logistic Regression,v1.0.0
ENG-00744,2026-02-01,0.012019373659016567,Low,Logistic Regression,v1.0.0
ENG-00744,2026-03-01,0.18995777740354558,Low,Logistic Regression,v1.0.0
ENG-00744,2026-04-01,0.015875129154420336,Low,Logistic Regression,v1.0.0
ENG-00744,2026-05-01,0.012460192123258284,Low,Logistic Regression,v1.0.0
ENG-00744,2026-06-01,0.004357133753620652,Low,Logistic Regression,v1.0.0
ENG-00744,2026-07-01,0.0483832659296005,Low,Logistic Regression,v1.0.0
ENG-00744,2026-08-01,0.008673674634932944,Low,Logistic Regression,v1.0.0
ENG-00745,2025-07-01,0.6340850319943799,Watch,Logistic Regression,v1.0.0
ENG-00745,2025-08-01,0.7450022691576016,Critical,Logistic Regression,v1.0.0
ENG-00745,2025-09-01,0.857087743654311,Critical,Logistic Regression,v1.0.0
ENG-00745,2025-10-01,0.9992658771679036,Critical,Logistic Regression,v1.0.0
ENG-00745,2025-11-01,0.9990325441605395,Critical,Logistic Regression,v1.0.0
ENG-00745,2025-12-01,0.9988692866859755,Critical,Logistic Regression,v1.0.0
ENG-00746,2026-07-01,0.030674609524400157,Low,Logistic Regression,v1.0.0
ENG-00746,2026-08-01,0.3184605942174083,Low,Logistic Regression,v1.0.0
ENG-00747,2025-02-01,0.3862366771607241,Watch,Logistic Regression,v1.0.0
ENG-00747,2025-03-01,0.02979656129267756,Low,Logistic Regression,v1.0.0
ENG-00747,2025-04-01,0.017887712680134886,Low,Logistic Regression,v1.0.0
ENG-00747,2025-05-01,0.31084842020830133,Low,Logistic Regression,v1.0.0
ENG-00747,2025-06-01,0.2492610069079693,Low,Logistic Regression,v1.0.0
ENG-00747,2025-07-01,0.14424971283426005,Low,Logistic Regression,v1.0.0
ENG-00747,2025-08-01,0.02888684468943542,Low,Logistic Regression,v1.0.0
ENG-00747,2025-09-01,0.13613239267958896,Low,Logistic Regression,v1.0.0
ENG-00747,2025-10-01,0.06983320813004704,Low,Logistic Regression,v1.0.0
ENG-00748,2026-08-01,0.012876367944941064,Low,Logistic Regression,v1.0.0
ENG-00749,2026-06-01,0.11735356456384588,Low,Logistic Regression,v1.0.0
ENG-00749,2026-07-01,0.005050584852203641,Low,Logistic Regression,v1.0.0
ENG-00749,2026-08-01,0.005024630451198455,Low,Logistic Regression,v1.0.0
ENG-00750,2024-11-01,0.06767973057894655,Low,Logistic Regression,v1.0.0
ENG-00750,2024-12-01,0.10490835397465074,Low,Logistic Regression,v1.0.0
ENG-00750,2025-01-01,0.026703288165046482,Low,Logistic Regression,v1.0.0
ENG-00750,2025-02-01,0.03869966020499811,Low,Logistic Regression,v1.0.0
ENG-00750,2025-03-01,0.09355864114669309,Low,Logistic Regression,v1.0.0
ENG-00750,2025-04-01,0.0551424066790926,Low,Logistic Regression,v1.0.0
ENG-00750,2025-05-01,0.020175523800607276,Low,Logistic Regression,v1.0.0
ENG-00751,2024-02-01,0.08229363127140876,Low,Logistic Regression,v1.0.0
ENG-00751,2024-03-01,0.04246043659989831,Low,Logistic Regression,v1.0.0
ENG-00751,2024-04-01,0.09384567800151523,Low,Logistic Regression,v1.0.0
ENG-00751,2024-05-01,0.5288269586504551,Watch,Logistic Regression,v1.0.0
ENG-00751,2024-06-01,0.01407190201047527,Low,Logistic Regression,v1.0.0
ENG-00751,2024-07-01,0.08893583590175443,Low,Logistic Regression,v1.0.0
ENG-00751,2024-08-01,0.010895061678435503,Low,Logistic Regression,v1.0.0
ENG-00752,2026-02-01,0.02217621559753665,Low,Logistic Regression,v1.0.0
ENG-00752,2026-03-01,0.0026516023541838336,Low,Logistic Regression,v1.0.0
ENG-00752,2026-04-01,0.05827076256743002,Low,Logistic Regression,v1.0.0
ENG-00752,2026-05-01,0.006867254534560933,Low,Logistic Regression,v1.0.0
ENG-00752,2026-06-01,0.01599021464927866,Low,Logistic Regression,v1.0.0
ENG-00752,2026-07-01,0.04341034882356689,Low,Logistic Regression,v1.0.0
ENG-00752,2026-08-01,0.0035366721279915876,Low,Logistic Regression,v1.0.0
ENG-00753,2025-04-01,0.014572094092767824,Low,Logistic Regression,v1.0.0
ENG-00753,2025-05-01,0.00045796159294896787,Low,Logistic Regression,v1.0.0
ENG-00753,2025-06-01,0.5286774932248792,Watch,Logistic Regression,v1.0.0
ENG-00753,2025-07-01,0.003738324181974253,Low,Logistic Regression,v1.0.0
ENG-00753,2025-08-01,0.023868116410084458,Low,Logistic Regression,v1.0.0
ENG-00753,2025-09-01,0.011756174901684175,Low,Logistic Regression,v1.0.0
ENG-00753,2025-10-01,0.009338009949122351,Low,Logistic Regression,v1.0.0
ENG-00753,2025-11-01,0.002426313405420285,Low,Logistic Regression,v1.0.0
ENG-00754,2024-01-01,0.07112875486381884,Low,Logistic Regression,v1.0.0
ENG-00754,2024-02-01,0.032991608946203704,Low,Logistic Regression,v1.0.0
ENG-00754,2024-03-01,0.02089710273489004,Low,Logistic Regression,v1.0.0
ENG-00754,2024-04-01,0.08420641901959865,Low,Logistic Regression,v1.0.0
ENG-00754,2024-05-01,0.0024784566567881616,Low,Logistic Regression,v1.0.0
ENG-00754,2024-06-01,0.04198583910668604,Low,Logistic Regression,v1.0.0
ENG-00754,2024-07-01,0.0184881738238445,Low,Logistic Regression,v1.0.0
ENG-00754,2024-08-01,0.20700095968533988,Low,Logistic Regression,v1.0.0
ENG-00754,2024-09-01,0.0014120135058958477,Low,Logistic Regression,v1.0.0
ENG-00754,2024-10-01,0.016572902678906848,Low,Logistic Regression,v1.0.0
ENG-00755,2024-03-01,0.010684656324891127,Low,Logistic Regression,v1.0.0
ENG-00755,2024-04-01,0.010233332972418593,Low,Logistic Regression,v1.0.0
ENG-00755,2024-05-01,0.0033111251271211247,Low,Logistic Regression,v1.0.0
ENG-00755,2024-06-01,0.007659692732170301,Low,Logistic Regression,v1.0.0
ENG-00755,2024-07-01,0.004417470441981534,Low,Logistic Regression,v1.0.0
ENG-00755,2024-08-01,0.03307736384853423,Low,Logistic Regression,v1.0.0
ENG-00755,2024-09-01,0.0006148786503359897,Low,Logistic Regression,v1.0.0
ENG-00755,2024-10-01,0.005657176241470078,Low,Logistic Regression,v1.0.0
ENG-00755,2024-11-01,0.009114059950729574,Low,Logistic Regression,v1.0.0
ENG-00755,2024-12-01,0.0016875329211737875,Low,Logistic Regression,v1.0.0
ENG-00755,2025-01-01,0.0036986431995446544,Low,Logistic Regression,v1.0.0
ENG-00755,2025-02-01,0.0025926045495530043,Low,Logistic Regression,v1.0.0
ENG-00756,2026-08-01,0.2614948621645102,Low,Logistic Regression,v1.0.0
ENG-00757,2024-04-01,0.05043559366936888,Low,Logistic Regression,v1.0.0
ENG-00757,2024-05-01,0.007147350248773856,Low,Logistic Regression,v1.0.0
ENG-00757,2024-06-01,0.0024326394871819917,Low,Logistic Regression,v1.0.0
ENG-00757,2024-07-01,0.03150741795271588,Low,Logistic Regression,v1.0.0
ENG-00757,2024-08-01,0.001216548607603443,Low,Logistic Regression,v1.0.0
ENG-00757,2024-09-01,0.06944731161389318,Low,Logistic Regression,v1.0.0
ENG-00757,2024-10-01,0.019957483271726438,Low,Logistic Regression,v1.0.0
ENG-00757,2024-11-01,0.004550975020821638,Low,Logistic Regression,v1.0.0
ENG-00757,2024-12-01,0.028260166304970854,Low,Logistic Regression,v1.0.0
ENG-00758,2025-08-01,0.06608613963384434,Low,Logistic Regression,v1.0.0
ENG-00758,2025-09-01,0.007247795812032584,Low,Logistic Regression,v1.0.0
ENG-00758,2025-10-01,0.03343500952985064,Low,Logistic Regression,v1.0.0
ENG-00758,2025-11-01,0.03385633025862878,Low,Logistic Regression,v1.0.0
ENG-00758,2025-12-01,0.015747131754943227,Low,Logistic Regression,v1.0.0
ENG-00758,2026-01-01,0.026686786857171754,Low,Logistic Regression,v1.0.0
ENG-00758,2026-02-01,0.016444457465438378,Low,Logistic Regression,v1.0.0
ENG-00758,2026-03-01,0.03490725204017145,Low,Logistic Regression,v1.0.0
ENG-00758,2026-04-01,0.022606256982537522,Low,Logistic Regression,v1.0.0
ENG-00758,2026-05-01,0.0939290740222569,Low,Logistic Regression,v1.0.0
ENG-00758,2026-06-01,0.0005502128542277766,Low,Logistic Regression,v1.0.0
ENG-00758,2026-07-01,0.02065206551253267,Low,Logistic Regression,v1.0.0
ENG-00758,2026-08-01,0.030902482144027656,Low,Logistic Regression,v1.0.0
ENG-00759,2024-12-01,0.5525372945342756,Watch,Logistic Regression,v1.0.0
ENG-00759,2025-01-01,0.9736882142900622,Critical,Logistic Regression,v1.0.0
ENG-00759,2025-02-01,0.9988062325838222,Critical,Logistic Regression,v1.0.0
ENG-00759,2025-03-01,0.9998801713849401,Critical,Logistic Regression,v1.0.0
ENG-00760,2024-10-01,0.04446658509816762,Low,Logistic Regression,v1.0.0
ENG-00760,2024-11-01,0.011917047490849332,Low,Logistic Regression,v1.0.0
ENG-00760,2024-12-01,0.003586259179866809,Low,Logistic Regression,v1.0.0
ENG-00760,2025-01-01,0.08822917809524493,Low,Logistic Regression,v1.0.0
ENG-00760,2025-02-01,0.024030283877584043,Low,Logistic Regression,v1.0.0
ENG-00760,2025-03-01,0.013351901079430895,Low,Logistic Regression,v1.0.0
ENG-00760,2025-04-01,0.05082374711233628,Low,Logistic Regression,v1.0.0
ENG-00760,2025-05-01,0.01463941012509667,Low,Logistic Regression,v1.0.0
ENG-00760,2025-06-01,0.042209978917492855,Low,Logistic Regression,v1.0.0
ENG-00760,2025-07-01,0.1743284301257438,Low,Logistic Regression,v1.0.0
ENG-00761,2025-01-01,0.2739760875701479,Low,Logistic Regression,v1.0.0
ENG-00761,2025-02-01,0.2850705360145922,Low,Logistic Regression,v1.0.0
ENG-00761,2025-03-01,0.8821745956585149,Critical,Logistic Regression,v1.0.0
ENG-00761,2025-04-01,0.9731035984594963,Critical,Logistic Regression,v1.0.0
ENG-00761,2025-05-01,0.9965423422206624,Critical,Logistic Regression,v1.0.0
ENG-00761,2025-06-01,0.9995349350314645,Critical,Logistic Regression,v1.0.0
ENG-00762,2024-10-01,0.40870311408910787,Watch,Logistic Regression,v1.0.0
ENG-00762,2024-11-01,0.8721481496700861,Critical,Logistic Regression,v1.0.0
ENG-00762,2024-12-01,0.2368560141587569,Low,Logistic Regression,v1.0.0
ENG-00762,2025-01-01,0.6366835041312267,Watch,Logistic Regression,v1.0.0
ENG-00762,2025-02-01,0.18532539408307974,Low,Logistic Regression,v1.0.0
ENG-00762,2025-03-01,0.5113891968660841,Watch,Logistic Regression,v1.0.0
ENG-00762,2025-04-01,0.786020875787463,Critical,Logistic Regression,v1.0.0
ENG-00762,2025-05-01,0.3551412198943568,Watch,Logistic Regression,v1.0.0
ENG-00762,2025-06-01,0.2906932600136555,Low,Logistic Regression,v1.0.0
ENG-00763,2025-09-01,0.11686597080403786,Low,Logistic Regression,v1.0.0
ENG-00763,2025-10-01,0.9212316074101053,Critical,Logistic Regression,v1.0.0
ENG-00763,2025-11-01,0.9176856888101189,Critical,Logistic Regression,v1.0.0
ENG-00763,2025-12-01,0.9963264034232459,Critical,Logistic Regression,v1.0.0
ENG-00763,2026-01-01,0.994706330003261,Critical,Logistic Regression,v1.0.0
ENG-00764,2025-04-01,0.03151712885006423,Low,Logistic Regression,v1.0.0
ENG-00764,2025-05-01,0.022130874056895015,Low,Logistic Regression,v1.0.0
ENG-00764,2025-06-01,0.01875837018718856,Low,Logistic Regression,v1.0.0
ENG-00764,2025-07-01,0.3495110566333469,Low,Logistic Regression,v1.0.0
ENG-00764,2025-08-01,0.16878393130977465,Low,Logistic Regression,v1.0.0
ENG-00764,2025-09-01,0.6436596596034131,Watch,Logistic Regression,v1.0.0
ENG-00764,2025-10-01,0.9837261859236708,Critical,Logistic Regression,v1.0.0
ENG-00765,2024-10-01,0.05405708230992722,Low,Logistic Regression,v1.0.0
ENG-00765,2024-11-01,0.11806819540217582,Low,Logistic Regression,v1.0.0
ENG-00765,2024-12-01,0.6103451967053265,Watch,Logistic Regression,v1.0.0
ENG-00765,2025-01-01,0.06881119016853524,Low,Logistic Regression,v1.0.0
ENG-00765,2025-02-01,0.06274362796282104,Low,Logistic Regression,v1.0.0
ENG-00765,2025-03-01,0.05085463766646746,Low,Logistic Regression,v1.0.0
ENG-00765,2025-04-01,0.09426878986234291,Low,Logistic Regression,v1.0.0
ENG-00765,2025-05-01,0.010913576662502353,Low,Logistic Regression,v1.0.0
ENG-00765,2025-06-01,0.5117614021194574,Watch,Logistic Regression,v1.0.0
ENG-00765,2025-07-01,0.3717955572144218,Watch,Logistic Regression,v1.0.0
ENG-00765,2025-08-01,0.01345213461842846,Low,Logistic Regression,v1.0.0
ENG-00765,2025-09-01,0.02589415973366087,Low,Logistic Regression,v1.0.0
ENG-00765,2025-10-01,0.14408899738453027,Low,Logistic Regression,v1.0.0
ENG-00766,2026-04-01,0.09890099994112839,Low,Logistic Regression,v1.0.0
ENG-00766,2026-05-01,0.040197617089971424,Low,Logistic Regression,v1.0.0
ENG-00766,2026-06-01,0.15919101722663218,Low,Logistic Regression,v1.0.0
ENG-00766,2026-07-01,0.0037259459560889936,Low,Logistic Regression,v1.0.0
ENG-00766,2026-08-01,0.43214006871561744,Watch,Logistic Regression,v1.0.0
ENG-00767,2025-05-01,0.008444973563848383,Low,Logistic Regression,v1.0.0
ENG-00767,2025-06-01,0.15270491317487617,Low,Logistic Regression,v1.0.0
ENG-00767,2025-07-01,0.3634053424920082,Watch,Logistic Regression,v1.0.0
ENG-00767,2025-08-01,0.049754633496101645,Low,Logistic Regression,v1.0.0
ENG-00767,2025-09-01,0.5250554145194505,Watch,Logistic Regression,v1.0.0
ENG-00767,2025-10-01,0.985004184907641,Critical,Logistic Regression,v1.0.0
ENG-00768,2025-04-01,0.1306107212436415,Low,Logistic Regression,v1.0.0
ENG-00768,2025-05-01,0.9991550188179538,Critical,Logistic Regression,v1.0.0
ENG-00768,2025-06-01,0.918730635518711,Critical,Logistic Regression,v1.0.0
ENG-00768,2025-07-01,0.999284954735816,Critical,Logistic Regression,v1.0.0
ENG-00769,2024-01-01,0.6487398910922751,Watch,Logistic Regression,v1.0.0
ENG-00769,2024-02-01,0.16549650355723944,Low,Logistic Regression,v1.0.0
ENG-00769,2024-03-01,0.838437944773838,Critical,Logistic Regression,v1.0.0
ENG-00769,2024-04-01,0.025060068891602567,Low,Logistic Regression,v1.0.0
ENG-00769,2024-05-01,0.8789095690586441,Critical,Logistic Regression,v1.0.0
ENG-00769,2024-06-01,0.6398661899538018,Watch,Logistic Regression,v1.0.0
ENG-00769,2024-07-01,0.3585093867256471,Watch,Logistic Regression,v1.0.0
ENG-00769,2024-08-01,0.03176403653138731,Low,Logistic Regression,v1.0.0
ENG-00769,2024-09-01,0.3639941232568994,Watch,Logistic Regression,v1.0.0
ENG-00769,2024-10-01,0.7900298545309544,Critical,Logistic Regression,v1.0.0
ENG-00769,2024-11-01,0.17062062887621593,Low,Logistic Regression,v1.0.0
ENG-00769,2024-12-01,0.6863066353584064,Critical,Logistic Regression,v1.0.0
ENG-00770,2025-08-01,0.06489819048545861,Low,Logistic Regression,v1.0.0
ENG-00770,2025-09-01,0.255546248432123,Low,Logistic Regression,v1.0.0
ENG-00770,2025-10-01,0.9843069675257298,Critical,Logistic Regression,v1.0.0
ENG-00770,2025-11-01,0.9963981997072385,Critical,Logistic Regression,v1.0.0
ENG-00770,2025-12-01,0.9947700536486489,Critical,Logistic Regression,v1.0.0
ENG-00771,2025-01-01,0.15405022709957678,Low,Logistic Regression,v1.0.0
ENG-00771,2025-02-01,0.21378663505328357,Low,Logistic Regression,v1.0.0
ENG-00771,2025-03-01,0.06332898683612649,Low,Logistic Regression,v1.0.0
ENG-00771,2025-04-01,0.09404249415667269,Low,Logistic Regression,v1.0.0
ENG-00771,2025-05-01,0.0531814350928906,Low,Logistic Regression,v1.0.0
ENG-00771,2025-06-01,0.1279357637006099,Low,Logistic Regression,v1.0.0
ENG-00771,2025-07-01,0.04565707060378268,Low,Logistic Regression,v1.0.0
ENG-00771,2025-08-01,0.00977539471262057,Low,Logistic Regression,v1.0.0
ENG-00771,2025-09-01,0.15327547735509608,Low,Logistic Regression,v1.0.0
ENG-00771,2025-10-01,0.13752596840832243,Low,Logistic Regression,v1.0.0
ENG-00772,2024-11-01,0.05905557476816861,Low,Logistic Regression,v1.0.0
ENG-00772,2024-12-01,0.11565793610295992,Low,Logistic Regression,v1.0.0
ENG-00772,2025-01-01,0.14364487624047192,Low,Logistic Regression,v1.0.0
ENG-00772,2025-02-01,0.4253302516793205,Watch,Logistic Regression,v1.0.0
ENG-00772,2025-03-01,0.02396928257245851,Low,Logistic Regression,v1.0.0
ENG-00772,2025-04-01,0.1960033884882974,Low,Logistic Regression,v1.0.0
ENG-00772,2025-05-01,0.024393026140990672,Low,Logistic Regression,v1.0.0
ENG-00772,2025-06-01,0.16278928341781723,Low,Logistic Regression,v1.0.0
ENG-00772,2025-07-01,0.13209265334972464,Low,Logistic Regression,v1.0.0
ENG-00772,2025-08-01,0.053313068548325696,Low,Logistic Regression,v1.0.0
ENG-00772,2025-09-01,0.11142642592376709,Low,Logistic Regression,v1.0.0
ENG-00773,2025-01-01,0.013822300246358441,Low,Logistic Regression,v1.0.0
ENG-00773,2025-02-01,0.0011075381261672938,Low,Logistic Regression,v1.0.0
ENG-00773,2025-03-01,0.011191406696902034,Low,Logistic Regression,v1.0.0
ENG-00773,2025-04-01,0.0005418496176275306,Low,Logistic Regression,v1.0.0
ENG-00773,2025-05-01,0.04223455604321356,Low,Logistic Regression,v1.0.0
ENG-00773,2025-06-01,0.0020754864048518444,Low,Logistic Regression,v1.0.0
ENG-00773,2025-07-01,0.010243595556890776,Low,Logistic Regression,v1.0.0
ENG-00773,2025-08-01,0.03986490114394473,Low,Logistic Regression,v1.0.0
ENG-00773,2025-09-01,0.008400688051196984,Low,Logistic Regression,v1.0.0
ENG-00774,2025-11-01,0.02449028746629752,Low,Logistic Regression,v1.0.0
ENG-00774,2025-12-01,0.22812678665256728,Low,Logistic Regression,v1.0.0
ENG-00774,2026-01-01,0.0054418372693549886,Low,Logistic Regression,v1.0.0
ENG-00774,2026-02-01,0.06604706963821018,Low,Logistic Regression,v1.0.0
ENG-00774,2026-03-01,0.14948172385649663,Low,Logistic Regression,v1.0.0
ENG-00774,2026-04-01,0.009472091814766255,Low,Logistic Regression,v1.0.0
ENG-00774,2026-05-01,0.07796583047240002,Low,Logistic Regression,v1.0.0
ENG-00774,2026-06-01,0.00460376297231272,Low,Logistic Regression,v1.0.0
ENG-00774,2026-07-01,0.08607103719099757,Low,Logistic Regression,v1.0.0
ENG-00775,2026-08-01,0.14731658091607253,Low,Logistic Regression,v1.0.0
ENG-00776,2026-04-01,0.0686122994607552,Low,Logistic Regression,v1.0.0
ENG-00776,2026-05-01,0.07474387010694176,Low,Logistic Regression,v1.0.0
ENG-00776,2026-06-01,0.23030783566864205,Low,Logistic Regression,v1.0.0
ENG-00776,2026-07-01,0.21423874355907896,Low,Logistic Regression,v1.0.0
ENG-00776,2026-08-01,0.0057776591146677615,Low,Logistic Regression,v1.0.0
ENG-00777,2026-04-01,0.3505492668586241,Watch,Logistic Regression,v1.0.0
ENG-00777,2026-05-01,0.7713393029989196,Critical,Logistic Regression,v1.0.0
ENG-00777,2026-06-01,0.0738357583243849,Low,Logistic Regression,v1.0.0
ENG-00777,2026-07-01,0.3104879318570309,Low,Logistic Regression,v1.0.0
ENG-00777,2026-08-01,0.5576030210174336,Watch,Logistic Regression,v1.0.0
ENG-00778,2024-09-01,0.1486501821378631,Low,Logistic Regression,v1.0.0
ENG-00778,2024-10-01,0.006313265796020278,Low,Logistic Regression,v1.0.0
ENG-00778,2024-11-01,0.04120606719662531,Low,Logistic Regression,v1.0.0
ENG-00778,2024-12-01,0.0041492483957582755,Low,Logistic Regression,v1.0.0
ENG-00778,2025-01-01,0.10423546085986303,Low,Logistic Regression,v1.0.0
ENG-00778,2025-02-01,0.008437353602207178,Low,Logistic Regression,v1.0.0
ENG-00778,2025-03-01,0.10364663284351305,Low,Logistic Regression,v1.0.0
ENG-00778,2025-04-01,0.010954460818420568,Low,Logistic Regression,v1.0.0
ENG-00779,2026-02-01,0.33757034500172245,Low,Logistic Regression,v1.0.0
ENG-00779,2026-03-01,0.9116638427337143,Critical,Logistic Regression,v1.0.0
ENG-00779,2026-04-01,0.4788076891332576,Watch,Logistic Regression,v1.0.0
ENG-00779,2026-05-01,0.27197241622621404,Low,Logistic Regression,v1.0.0
ENG-00779,2026-06-01,0.4782346834778288,Watch,Logistic Regression,v1.0.0
ENG-00779,2026-07-01,0.06804399948235298,Low,Logistic Regression,v1.0.0
ENG-00779,2026-08-01,0.3853247615496873,Watch,Logistic Regression,v1.0.0
ENG-00780,2024-01-01,0.15076710642563226,Low,Logistic Regression,v1.0.0
ENG-00780,2024-02-01,0.03411057235191573,Low,Logistic Regression,v1.0.0
ENG-00780,2024-03-01,0.035542005645000686,Low,Logistic Regression,v1.0.0
ENG-00780,2024-04-01,0.09484969799595999,Low,Logistic Regression,v1.0.0
ENG-00780,2024-05-01,0.009068354151202065,Low,Logistic Regression,v1.0.0
ENG-00780,2024-06-01,0.5330471264516374,Watch,Logistic Regression,v1.0.0
ENG-00780,2024-07-01,0.07038182026276285,Low,Logistic Regression,v1.0.0
ENG-00780,2024-08-01,0.011755759147979957,Low,Logistic Regression,v1.0.0
ENG-00781,2024-05-01,0.08489960274127174,Low,Logistic Regression,v1.0.0
ENG-00781,2024-06-01,0.01755009680036511,Low,Logistic Regression,v1.0.0
ENG-00781,2024-07-01,0.033577863716912036,Low,Logistic Regression,v1.0.0
ENG-00781,2024-08-01,0.4462347743051275,Watch,Logistic Regression,v1.0.0
ENG-00781,2024-09-01,0.006440646532787229,Low,Logistic Regression,v1.0.0
ENG-00781,2024-10-01,0.08537587633840532,Low,Logistic Regression,v1.0.0
ENG-00781,2024-11-01,0.019763474356455094,Low,Logistic Regression,v1.0.0
ENG-00781,2024-12-01,0.06960714173181701,Low,Logistic Regression,v1.0.0
ENG-00781,2025-01-01,0.0026124587724652855,Low,Logistic Regression,v1.0.0
ENG-00782,2026-03-01,0.01802414707665815,Low,Logistic Regression,v1.0.0
ENG-00782,2026-04-01,0.1250227614848927,Low,Logistic Regression,v1.0.0
ENG-00782,2026-05-01,0.01411606050330216,Low,Logistic Regression,v1.0.0
ENG-00782,2026-06-01,0.07676267673893217,Low,Logistic Regression,v1.0.0
ENG-00782,2026-07-01,0.0005563690456746636,Low,Logistic Regression,v1.0.0
ENG-00782,2026-08-01,0.08531344329896362,Low,Logistic Regression,v1.0.0
ENG-00783,2025-07-01,0.06708907040460672,Low,Logistic Regression,v1.0.0
ENG-00783,2025-08-01,0.22594124369788054,Low,Logistic Regression,v1.0.0
ENG-00783,2025-09-01,0.09575370568842716,Low,Logistic Regression,v1.0.0
ENG-00783,2025-10-01,0.23703153965316948,Low,Logistic Regression,v1.0.0
ENG-00783,2025-11-01,0.1006656815062552,Low,Logistic Regression,v1.0.0
ENG-00783,2025-12-01,0.19443277419562321,Low,Logistic Regression,v1.0.0
ENG-00783,2026-01-01,0.026100058755455662,Low,Logistic Regression,v1.0.0
ENG-00783,2026-02-01,0.11872510943925627,Low,Logistic Regression,v1.0.0
ENG-00784,2025-09-01,0.00446302945244931,Low,Logistic Regression,v1.0.0
ENG-00784,2025-10-01,0.0037343272499585165,Low,Logistic Regression,v1.0.0
ENG-00784,2025-11-01,0.6031651172977796,Watch,Logistic Regression,v1.0.0
ENG-00784,2025-12-01,0.35102135423211844,Watch,Logistic Regression,v1.0.0
ENG-00784,2026-01-01,0.6038416663752986,Watch,Logistic Regression,v1.0.0
ENG-00784,2026-02-01,0.820515423273116,Critical,Logistic Regression,v1.0.0
ENG-00785,2024-07-01,0.017670022109680706,Low,Logistic Regression,v1.0.0
ENG-00785,2024-08-01,0.011504209892171532,Low,Logistic Regression,v1.0.0
ENG-00785,2024-09-01,0.019301148368390537,Low,Logistic Regression,v1.0.0
ENG-00785,2024-10-01,0.002954579892156644,Low,Logistic Regression,v1.0.0
ENG-00785,2024-11-01,0.0262906362474843,Low,Logistic Regression,v1.0.0
ENG-00785,2024-12-01,0.04292121745375461,Low,Logistic Regression,v1.0.0
ENG-00785,2025-01-01,0.015589256796649792,Low,Logistic Regression,v1.0.0
ENG-00786,2025-06-01,0.01621771806611552,Low,Logistic Regression,v1.0.0
ENG-00786,2025-07-01,0.10618944764540596,Low,Logistic Regression,v1.0.0
ENG-00786,2025-08-01,0.0033062316217263798,Low,Logistic Regression,v1.0.0
ENG-00786,2025-09-01,0.027080634310726583,Low,Logistic Regression,v1.0.0
ENG-00786,2025-10-01,0.060807544263461896,Low,Logistic Regression,v1.0.0
ENG-00786,2025-11-01,0.011050123852141385,Low,Logistic Regression,v1.0.0
ENG-00786,2025-12-01,0.014392193028994372,Low,Logistic Regression,v1.0.0
ENG-00786,2026-01-01,0.0015284386447586376,Low,Logistic Regression,v1.0.0
ENG-00787,2026-05-01,0.02976580538579342,Low,Logistic Regression,v1.0.0
ENG-00787,2026-06-01,0.013505326655288872,Low,Logistic Regression,v1.0.0
ENG-00787,2026-07-01,0.0035633028157393163,Low,Logistic Regression,v1.0.0
ENG-00787,2026-08-01,0.13306654883775096,Low,Logistic Regression,v1.0.0
ENG-00788,2024-06-01,0.02384504567636743,Low,Logistic Regression,v1.0.0
ENG-00788,2024-07-01,0.7016942907788725,Critical,Logistic Regression,v1.0.0
ENG-00788,2024-08-01,0.6179040050569307,Watch,Logistic Regression,v1.0.0
ENG-00788,2024-09-01,0.7978515815326909,Critical,Logistic Regression,v1.0.0
ENG-00788,2024-10-01,0.9282740163308725,Critical,Logistic Regression,v1.0.0
ENG-00788,2024-11-01,0.9183881520591987,Critical,Logistic Regression,v1.0.0
ENG-00789,2026-01-01,0.11157314466967602,Low,Logistic Regression,v1.0.0
ENG-00789,2026-02-01,0.06625892319719698,Low,Logistic Regression,v1.0.0
ENG-00789,2026-03-01,0.010361579995971395,Low,Logistic Regression,v1.0.0
ENG-00789,2026-04-01,0.09956566377978943,Low,Logistic Regression,v1.0.0
ENG-00789,2026-05-01,0.25192267974884697,Low,Logistic Regression,v1.0.0
ENG-00789,2026-06-01,0.026871641615034792,Low,Logistic Regression,v1.0.0
ENG-00789,2026-07-01,0.003253877319924753,Low,Logistic Regression,v1.0.0
ENG-00789,2026-08-01,0.043978859108580196,Low,Logistic Regression,v1.0.0
ENG-00790,2024-03-01,0.10952339399967218,Low,Logistic Regression,v1.0.0
ENG-00790,2024-04-01,0.10613301657092217,Low,Logistic Regression,v1.0.0
ENG-00790,2024-05-01,0.01920328923008358,Low,Logistic Regression,v1.0.0
ENG-00790,2024-06-01,0.31282593660019276,Low,Logistic Regression,v1.0.0
ENG-00790,2024-07-01,0.3101512331574624,Low,Logistic Regression,v1.0.0
ENG-00790,2024-08-01,0.016446734959577585,Low,Logistic Regression,v1.0.0
ENG-00790,2024-09-01,0.13185904918246238,Low,Logistic Regression,v1.0.0
ENG-00790,2024-10-01,0.05760688566138985,Low,Logistic Regression,v1.0.0
ENG-00790,2024-11-01,0.1310739823203455,Low,Logistic Regression,v1.0.0
ENG-00790,2024-12-01,0.029775411228072587,Low,Logistic Regression,v1.0.0
ENG-00790,2025-01-01,0.25331386708785975,Low,Logistic Regression,v1.0.0
ENG-00790,2025-02-01,0.008488947764272446,Low,Logistic Regression,v1.0.0
ENG-00791,2024-10-01,0.3997010879088426,Watch,Logistic Regression,v1.0.0
ENG-00791,2024-11-01,0.9060897059140479,Critical,Logistic Regression,v1.0.0
ENG-00791,2024-12-01,0.978865271079882,Critical,Logistic Regression,v1.0.0
ENG-00791,2025-01-01,0.9964560000040321,Critical,Logistic Regression,v1.0.0
ENG-00791,2025-02-01,0.9996067051748652,Critical,Logistic Regression,v1.0.0
ENG-00792,2026-08-01,0.6365383887878433,Watch,Logistic Regression,v1.0.0
ENG-00792,2026-09-01,0.9551881875919195,Critical,Logistic Regression,v1.0.0
ENG-00792,2026-10-01,0.9951843680583702,Critical,Logistic Regression,v1.0.0
ENG-00792,2026-11-01,0.9877606936670107,Critical,Logistic Regression,v1.0.0
ENG-00792,2026-12-01,0.9990987454276099,Critical,Logistic Regression,v1.0.0
ENG-00792,2027-01-01,0.9985238895403434,Critical,Logistic Regression,v1.0.0
ENG-00793,2025-09-01,0.0851689557332795,Low,Logistic Regression,v1.0.0
ENG-00793,2025-10-01,0.024172032574460805,Low,Logistic Regression,v1.0.0
ENG-00793,2025-11-01,0.002729220685907537,Low,Logistic Regression,v1.0.0
ENG-00793,2025-12-01,0.03913404422826897,Low,Logistic Regression,v1.0.0
ENG-00793,2026-01-01,0.014008235064997012,Low,Logistic Regression,v1.0.0
ENG-00793,2026-02-01,0.016733336402440343,Low,Logistic Regression,v1.0.0
ENG-00793,2026-03-01,0.007966361928703043,Low,Logistic Regression,v1.0.0
ENG-00793,2026-04-01,0.0031475114506583426,Low,Logistic Regression,v1.0.0
ENG-00793,2026-05-01,0.037985508781001834,Low,Logistic Regression,v1.0.0
ENG-00793,2026-06-01,0.0030380411852674004,Low,Logistic Regression,v1.0.0
ENG-00793,2026-07-01,0.0023464983187194938,Low,Logistic Regression,v1.0.0
ENG-00793,2026-08-01,0.002937068240018202,Low,Logistic Regression,v1.0.0
ENG-00794,2024-05-01,0.05051143381049501,Low,Logistic Regression,v1.0.0
ENG-00794,2024-06-01,0.001009833386489773,Low,Logistic Regression,v1.0.0
ENG-00794,2024-07-01,0.02398036749761163,Low,Logistic Regression,v1.0.0
ENG-00794,2024-08-01,0.005228000641785872,Low,Logistic Regression,v1.0.0
ENG-00794,2024-09-01,0.024528725470129027,Low,Logistic Regression,v1.0.0
ENG-00794,2024-10-01,0.04030633382154186,Low,Logistic Regression,v1.0.0
ENG-00794,2024-11-01,0.02177858970073056,Low,Logistic Regression,v1.0.0
ENG-00794,2024-12-01,0.0134325142411619,Low,Logistic Regression,v1.0.0
ENG-00794,2025-01-01,0.01794613158532083,Low,Logistic Regression,v1.0.0
ENG-00794,2025-02-01,0.0171798552808967,Low,Logistic Regression,v1.0.0
ENG-00794,2025-03-01,0.0036030905593111115,Low,Logistic Regression,v1.0.0
ENG-00794,2025-04-01,0.015324447563350656,Low,Logistic Regression,v1.0.0
ENG-00794,2025-05-01,0.015313841158577533,Low,Logistic Regression,v1.0.0
ENG-00795,2025-10-01,0.2732049171024214,Low,Logistic Regression,v1.0.0
ENG-00795,2025-11-01,0.6379094292264239,Watch,Logistic Regression,v1.0.0
ENG-00795,2025-12-01,0.1914300319702374,Low,Logistic Regression,v1.0.0
ENG-00795,2026-01-01,0.6569839038068437,Critical,Logistic Regression,v1.0.0
ENG-00795,2026-02-01,0.8868358577498108,Critical,Logistic Regression,v1.0.0
ENG-00795,2026-03-01,0.9852474607544826,Critical,Logistic Regression,v1.0.0
ENG-00795,2026-04-01,0.9978895378889688,Critical,Logistic Regression,v1.0.0
ENG-00795,2026-05-01,0.9992935489252484,Critical,Logistic Regression,v1.0.0
ENG-00796,2025-07-01,0.014845146861439609,Low,Logistic Regression,v1.0.0
ENG-00796,2025-08-01,0.2784571435942143,Low,Logistic Regression,v1.0.0
ENG-00796,2025-09-01,0.04531966721421331,Low,Logistic Regression,v1.0.0
ENG-00796,2025-10-01,0.9553154890129235,Critical,Logistic Regression,v1.0.0
ENG-00797,2024-08-01,0.14192406965733212,Low,Logistic Regression,v1.0.0
ENG-00797,2024-09-01,0.13669978242708727,Low,Logistic Regression,v1.0.0
ENG-00797,2024-10-01,0.06569697924668584,Low,Logistic Regression,v1.0.0
ENG-00797,2024-11-01,0.013872758919052352,Low,Logistic Regression,v1.0.0
ENG-00797,2024-12-01,0.5847489062157825,Watch,Logistic Regression,v1.0.0
ENG-00797,2025-01-01,0.023338933049812674,Low,Logistic Regression,v1.0.0
ENG-00797,2025-02-01,0.03806738478974556,Low,Logistic Regression,v1.0.0
ENG-00797,2025-03-01,0.1700203575376478,Low,Logistic Regression,v1.0.0
ENG-00797,2025-04-01,0.08369099107956354,Low,Logistic Regression,v1.0.0
ENG-00797,2025-05-01,0.06754181896524682,Low,Logistic Regression,v1.0.0
ENG-00797,2025-06-01,0.26769454370149265,Low,Logistic Regression,v1.0.0
ENG-00797,2025-07-01,0.06966328381813335,Low,Logistic Regression,v1.0.0
ENG-00797,2025-08-01,0.014752805844603777,Low,Logistic Regression,v1.0.0
ENG-00798,2025-01-01,0.3002075497835439,Low,Logistic Regression,v1.0.0
ENG-00798,2025-02-01,0.29467318327041503,Low,Logistic Regression,v1.0.0
ENG-00798,2025-03-01,0.11742161427873317,Low,Logistic Regression,v1.0.0
ENG-00798,2025-04-01,0.13756792107388982,Low,Logistic Regression,v1.0.0
ENG-00798,2025-05-01,0.2824422866278876,Low,Logistic Regression,v1.0.0
ENG-00798,2025-06-01,0.14269442986942218,Low,Logistic Regression,v1.0.0
ENG-00798,2025-07-01,0.5981443520983909,Watch,Logistic Regression,v1.0.0
ENG-00799,2025-10-01,0.026810323355476735,Low,Logistic Regression,v1.0.0
ENG-00799,2025-11-01,0.06891932591872395,Low,Logistic Regression,v1.0.0
ENG-00799,2025-12-01,0.0062100090665105955,Low,Logistic Regression,v1.0.0
ENG-00799,2026-01-01,0.02324806810080262,Low,Logistic Regression,v1.0.0
ENG-00799,2026-02-01,0.2692135989810891,Low,Logistic Regression,v1.0.0
ENG-00799,2026-03-01,0.004644836278000614,Low,Logistic Regression,v1.0.0
ENG-00799,2026-04-01,0.0011863710385505394,Low,Logistic Regression,v1.0.0
ENG-00800,2025-09-01,0.5646157592787712,Watch,Logistic Regression,v1.0.0
ENG-00800,2025-10-01,0.03891799976031508,Low,Logistic Regression,v1.0.0
ENG-00800,2025-11-01,0.30585472204035297,Low,Logistic Regression,v1.0.0
ENG-00800,2025-12-01,0.29315592048244377,Low,Logistic Regression,v1.0.0
ENG-00800,2026-01-01,0.19262877113221352,Low,Logistic Regression,v1.0.0
ENG-00800,2026-02-01,0.3877308182591539,Watch,Logistic Regression,v1.0.0
ENG-00800,2026-03-01,0.11886690534009008,Low,Logistic Regression,v1.0.0
ENG-00801,2024-03-01,0.3058108581889011,Low,Logistic Regression,v1.0.0
ENG-00801,2024-04-01,0.4610913810664196,Watch,Logistic Regression,v1.0.0
ENG-00801,2024-05-01,0.04266256547505747,Low,Logistic Regression,v1.0.0
ENG-00801,2024-06-01,0.6845220909675418,Critical,Logistic Regression,v1.0.0
ENG-00801,2024-07-01,0.004605569400728926,Low,Logistic Regression,v1.0.0
ENG-00801,2024-08-01,0.19289695204024215,Low,Logistic Regression,v1.0.0
ENG-00801,2024-09-01,0.2408234860105176,Low,Logistic Regression,v1.0.0
ENG-00801,2024-10-01,0.43571720123970226,Watch,Logistic Regression,v1.0.0
ENG-00801,2024-11-01,0.030828194847691448,Low,Logistic Regression,v1.0.0
ENG-00801,2024-12-01,0.09317109684628735,Low,Logistic Regression,v1.0.0
ENG-00801,2025-01-01,0.04896429520131149,Low,Logistic Regression,v1.0.0
ENG-00801,2025-02-01,0.08212143367194534,Low,Logistic Regression,v1.0.0
ENG-00802,2026-04-01,0.03430023244750585,Low,Logistic Regression,v1.0.0
ENG-00802,2026-05-01,0.004316423263936721,Low,Logistic Regression,v1.0.0
ENG-00802,2026-06-01,0.01058044061156508,Low,Logistic Regression,v1.0.0
ENG-00802,2026-07-01,0.022151582492854677,Low,Logistic Regression,v1.0.0
ENG-00802,2026-08-01,0.0007216385349680583,Low,Logistic Regression,v1.0.0
ENG-00803,2024-11-01,0.04838814651944712,Low,Logistic Regression,v1.0.0
ENG-00803,2024-12-01,0.008810958711546624,Low,Logistic Regression,v1.0.0
ENG-00803,2025-01-01,0.8305435008308192,Critical,Logistic Regression,v1.0.0
ENG-00803,2025-02-01,0.8802075153160163,Critical,Logistic Regression,v1.0.0
ENG-00803,2025-03-01,0.916933613215044,Critical,Logistic Regression,v1.0.0
ENG-00803,2025-04-01,0.8841640724356805,Critical,Logistic Regression,v1.0.0
ENG-00804,2024-10-01,0.010276449253505895,Low,Logistic Regression,v1.0.0
ENG-00804,2024-11-01,0.1933294769284191,Low,Logistic Regression,v1.0.0
ENG-00804,2024-12-01,0.35174387356394504,Watch,Logistic Regression,v1.0.0
ENG-00804,2025-01-01,0.7890941310005154,Critical,Logistic Regression,v1.0.0
ENG-00804,2025-02-01,0.9766625940836688,Critical,Logistic Regression,v1.0.0
ENG-00805,2026-08-01,0.010281802570754365,Low,Logistic Regression,v1.0.0
ENG-00806,2025-06-01,0.15131980674909878,Low,Logistic Regression,v1.0.0
ENG-00806,2025-07-01,0.02720237790376163,Low,Logistic Regression,v1.0.0
ENG-00806,2025-08-01,0.74568180808532,Critical,Logistic Regression,v1.0.0
ENG-00806,2025-09-01,0.1823220890403396,Low,Logistic Regression,v1.0.0
ENG-00806,2025-10-01,0.7089575661496265,Critical,Logistic Regression,v1.0.0
ENG-00806,2025-11-01,0.9595020452146761,Critical,Logistic Regression,v1.0.0
ENG-00806,2025-12-01,0.9696574753629289,Critical,Logistic Regression,v1.0.0
ENG-00806,2026-01-01,0.9997075460282305,Critical,Logistic Regression,v1.0.0
ENG-00807,2024-02-01,0.08613416871825151,Low,Logistic Regression,v1.0.0
ENG-00807,2024-03-01,0.015001908420810266,Low,Logistic Regression,v1.0.0
ENG-00807,2024-04-01,0.6377236088646415,Watch,Logistic Regression,v1.0.0
ENG-00807,2024-05-01,0.06089215792064964,Low,Logistic Regression,v1.0.0
ENG-00807,2024-06-01,0.1403850368244484,Low,Logistic Regression,v1.0.0
ENG-00807,2024-07-01,0.18393278822921652,Low,Logistic Regression,v1.0.0
ENG-00807,2024-08-01,0.2944463497350003,Low,Logistic Regression,v1.0.0
ENG-00807,2024-09-01,0.012967476649072381,Low,Logistic Regression,v1.0.0
ENG-00808,2026-05-01,0.003734310853301246,Low,Logistic Regression,v1.0.0
ENG-00808,2026-06-01,0.009297181471361266,Low,Logistic Regression,v1.0.0
ENG-00808,2026-07-01,0.0332406734646558,Low,Logistic Regression,v1.0.0
ENG-00808,2026-08-01,0.0021156538281928367,Low,Logistic Regression,v1.0.0
ENG-00809,2025-10-01,0.47779073695176133,Watch,Logistic Regression,v1.0.0
ENG-00809,2025-11-01,0.8903795383655363,Critical,Logistic Regression,v1.0.0
ENG-00809,2025-12-01,0.9035310115729095,Critical,Logistic Regression,v1.0.0
ENG-00809,2026-01-01,0.9999475884981569,Critical,Logistic Regression,v1.0.0
ENG-00810,2026-07-01,0.02778551275804265,Low,Logistic Regression,v1.0.0
ENG-00810,2026-08-01,0.9669413443779192,Critical,Logistic Regression,v1.0.0
ENG-00811,2026-02-01,0.7927287950077357,Critical,Logistic Regression,v1.0.0
ENG-00811,2026-03-01,0.10086166436765308,Low,Logistic Regression,v1.0.0
ENG-00811,2026-04-01,0.4294829777447528,Watch,Logistic Regression,v1.0.0
ENG-00811,2026-05-01,0.028810585105471763,Low,Logistic Regression,v1.0.0
ENG-00811,2026-06-01,0.6879506761989473,Critical,Logistic Regression,v1.0.0
ENG-00811,2026-07-01,0.9439663471804994,Critical,Logistic Regression,v1.0.0
ENG-00811,2026-08-01,0.513453918361413,Watch,Logistic Regression,v1.0.0
ENG-00812,2024-06-01,0.028534459226551647,Low,Logistic Regression,v1.0.0
ENG-00812,2024-07-01,0.5400943162370709,Watch,Logistic Regression,v1.0.0
ENG-00812,2024-08-01,0.005503396263099247,Low,Logistic Regression,v1.0.0
ENG-00812,2024-09-01,0.0383220774303731,Low,Logistic Regression,v1.0.0
ENG-00812,2024-10-01,0.07050780504795585,Low,Logistic Regression,v1.0.0
ENG-00812,2024-11-01,0.0013445929059545446,Low,Logistic Regression,v1.0.0
ENG-00812,2024-12-01,0.09986046276414522,Low,Logistic Regression,v1.0.0
ENG-00812,2025-01-01,0.08839179862776385,Low,Logistic Regression,v1.0.0
ENG-00812,2025-02-01,0.0036220717700448765,Low,Logistic Regression,v1.0.0
ENG-00812,2025-03-01,0.0031269765379463516,Low,Logistic Regression,v1.0.0
ENG-00812,2025-04-01,0.0019088544949224272,Low,Logistic Regression,v1.0.0
ENG-00812,2025-05-01,0.03058076325981146,Low,Logistic Regression,v1.0.0
ENG-00813,2025-01-01,0.5050999041603311,Watch,Logistic Regression,v1.0.0
ENG-00813,2025-02-01,0.36992094594217656,Watch,Logistic Regression,v1.0.0
ENG-00813,2025-03-01,0.5197423217704719,Watch,Logistic Regression,v1.0.0
ENG-00813,2025-04-01,0.17330016189954317,Low,Logistic Regression,v1.0.0
ENG-00813,2025-05-01,0.4895128932500081,Watch,Logistic Regression,v1.0.0
ENG-00813,2025-06-01,0.08438182512704936,Low,Logistic Regression,v1.0.0
ENG-00813,2025-07-01,0.44058060561566315,Watch,Logistic Regression,v1.0.0
ENG-00813,2025-08-01,0.4477281609077474,Watch,Logistic Regression,v1.0.0
ENG-00813,2025-09-01,0.4633225043129711,Watch,Logistic Regression,v1.0.0
ENG-00814,2024-08-01,0.14278920715035706,Low,Logistic Regression,v1.0.0
ENG-00814,2024-09-01,0.6468357855988309,Watch,Logistic Regression,v1.0.0
ENG-00814,2024-10-01,0.027254349509970584,Low,Logistic Regression,v1.0.0
ENG-00814,2024-11-01,0.1844674145563536,Low,Logistic Regression,v1.0.0
ENG-00814,2024-12-01,0.11520327486413007,Low,Logistic Regression,v1.0.0
ENG-00814,2025-01-01,0.09419177008153122,Low,Logistic Regression,v1.0.0
ENG-00814,2025-02-01,0.5261706668957564,Watch,Logistic Regression,v1.0.0
ENG-00814,2025-03-01,0.14260850352081317,Low,Logistic Regression,v1.0.0
ENG-00814,2025-04-01,0.006837504487901441,Low,Logistic Regression,v1.0.0
ENG-00814,2025-05-01,0.6172746484242417,Watch,Logistic Regression,v1.0.0
ENG-00814,2025-06-01,0.0037579640193004258,Low,Logistic Regression,v1.0.0
ENG-00814,2025-07-01,0.32012404065092903,Low,Logistic Regression,v1.0.0
ENG-00814,2025-08-01,0.06151643216268871,Low,Logistic Regression,v1.0.0
ENG-00815,2025-07-01,0.013606440357025962,Low,Logistic Regression,v1.0.0
ENG-00815,2025-08-01,0.008709410150738308,Low,Logistic Regression,v1.0.0
ENG-00815,2025-09-01,0.0073167995932535805,Low,Logistic Regression,v1.0.0
ENG-00815,2025-10-01,0.010346511314392914,Low,Logistic Regression,v1.0.0
ENG-00815,2025-11-01,0.1266167893018912,Low,Logistic Regression,v1.0.0
ENG-00815,2025-12-01,0.0005985778734349323,Low,Logistic Regression,v1.0.0
ENG-00815,2026-01-01,0.020664293034873008,Low,Logistic Regression,v1.0.0
ENG-00815,2026-02-01,0.011109442978390725,Low,Logistic Regression,v1.0.0
ENG-00815,2026-03-01,0.010784892491097275,Low,Logistic Regression,v1.0.0
ENG-00815,2026-04-01,0.013108212257802657,Low,Logistic Regression,v1.0.0
ENG-00815,2026-05-01,0.0039787859209081565,Low,Logistic Regression,v1.0.0
ENG-00815,2026-06-01,0.004255811189023846,Low,Logistic Regression,v1.0.0
ENG-00816,2024-06-01,0.14649282993844848,Low,Logistic Regression,v1.0.0
ENG-00816,2024-07-01,0.8487414712383823,Critical,Logistic Regression,v1.0.0
ENG-00816,2024-08-01,0.9455467443489414,Critical,Logistic Regression,v1.0.0
ENG-00816,2024-09-01,0.9994648719746675,Critical,Logistic Regression,v1.0.0
ENG-00816,2024-10-01,0.9998473831390611,Critical,Logistic Regression,v1.0.0
ENG-00817,2026-05-01,0.011706801009023826,Low,Logistic Regression,v1.0.0
ENG-00817,2026-06-01,0.01721540298835582,Low,Logistic Regression,v1.0.0
ENG-00817,2026-07-01,0.22941757306130403,Low,Logistic Regression,v1.0.0
ENG-00817,2026-08-01,0.4891889887111898,Watch,Logistic Regression,v1.0.0
ENG-00818,2025-06-01,0.04878243499368338,Low,Logistic Regression,v1.0.0
ENG-00818,2025-07-01,0.029625837629130677,Low,Logistic Regression,v1.0.0
ENG-00818,2025-08-01,0.034991229110594546,Low,Logistic Regression,v1.0.0
ENG-00818,2025-09-01,0.11557188837955645,Low,Logistic Regression,v1.0.0
ENG-00818,2025-10-01,0.15981524144207193,Low,Logistic Regression,v1.0.0
ENG-00818,2025-11-01,0.059339676492410114,Low,Logistic Regression,v1.0.0
ENG-00818,2025-12-01,0.1959633876236816,Low,Logistic Regression,v1.0.0
ENG-00818,2026-01-01,0.08824095932375142,Low,Logistic Regression,v1.0.0
ENG-00818,2026-02-01,0.013008464464739378,Low,Logistic Regression,v1.0.0
ENG-00818,2026-03-01,0.09435905705198676,Low,Logistic Regression,v1.0.0
ENG-00819,2024-11-01,0.11313856615887694,Low,Logistic Regression,v1.0.0
ENG-00819,2024-12-01,0.7690443373931425,Critical,Logistic Regression,v1.0.0
ENG-00819,2025-01-01,0.011799703158736722,Low,Logistic Regression,v1.0.0
ENG-00819,2025-02-01,0.07737059341011214,Low,Logistic Regression,v1.0.0
ENG-00819,2025-03-01,0.014371765166174857,Low,Logistic Regression,v1.0.0
ENG-00819,2025-04-01,0.13038926426321926,Low,Logistic Regression,v1.0.0
ENG-00819,2025-05-01,0.28707282099045806,Low,Logistic Regression,v1.0.0
ENG-00819,2025-06-01,0.022433034552965154,Low,Logistic Regression,v1.0.0
ENG-00819,2025-07-01,0.2282944797453924,Low,Logistic Regression,v1.0.0
ENG-00819,2025-08-01,0.0019969979041787114,Low,Logistic Regression,v1.0.0
ENG-00819,2025-09-01,0.1985838807040935,Low,Logistic Regression,v1.0.0
ENG-00819,2025-10-01,0.15663114964601974,Low,Logistic Regression,v1.0.0
ENG-00819,2025-11-01,0.004932264905343212,Low,Logistic Regression,v1.0.0
ENG-00820,2025-03-01,0.0985958040399245,Low,Logistic Regression,v1.0.0
ENG-00820,2025-04-01,0.4230261538195738,Watch,Logistic Regression,v1.0.0
ENG-00820,2025-05-01,0.007346444585979081,Low,Logistic Regression,v1.0.0
ENG-00820,2025-06-01,0.06244610264793246,Low,Logistic Regression,v1.0.0
ENG-00820,2025-07-01,0.27501322068449047,Low,Logistic Regression,v1.0.0
ENG-00820,2025-08-01,0.042455819664684785,Low,Logistic Regression,v1.0.0
ENG-00820,2025-09-01,0.033494533947277035,Low,Logistic Regression,v1.0.0
ENG-00821,2024-05-01,0.08168383636046418,Low,Logistic Regression,v1.0.0
ENG-00821,2024-06-01,0.06382288618756325,Low,Logistic Regression,v1.0.0
ENG-00821,2024-07-01,0.007189642350754976,Low,Logistic Regression,v1.0.0
ENG-00821,2024-08-01,0.09599282455014198,Low,Logistic Regression,v1.0.0
ENG-00821,2024-09-01,0.03141903271188171,Low,Logistic Regression,v1.0.0
ENG-00821,2024-10-01,0.1003832690817601,Low,Logistic Regression,v1.0.0
ENG-00821,2024-11-01,0.0551708129501371,Low,Logistic Regression,v1.0.0
ENG-00821,2024-12-01,0.10074481832677977,Low,Logistic Regression,v1.0.0
ENG-00821,2025-01-01,0.01715963042384464,Low,Logistic Regression,v1.0.0
ENG-00822,2024-04-01,0.029119974971963464,Low,Logistic Regression,v1.0.0
ENG-00822,2024-05-01,0.02658178633256274,Low,Logistic Regression,v1.0.0
ENG-00822,2024-06-01,0.004799994570322248,Low,Logistic Regression,v1.0.0
ENG-00822,2024-07-01,0.05776014127097957,Low,Logistic Regression,v1.0.0
ENG-00822,2024-08-01,0.009675029209807708,Low,Logistic Regression,v1.0.0
ENG-00822,2024-09-01,0.630931077461731,Watch,Logistic Regression,v1.0.0
ENG-00822,2024-10-01,0.9551139374915446,Critical,Logistic Regression,v1.0.0
ENG-00822,2024-11-01,0.2176271998412733,Low,Logistic Regression,v1.0.0
ENG-00822,2024-12-01,0.9953266293713661,Critical,Logistic Regression,v1.0.0
ENG-00823,2025-03-01,0.06028855957768026,Low,Logistic Regression,v1.0.0
ENG-00823,2025-04-01,0.0633760671650581,Low,Logistic Regression,v1.0.0
ENG-00823,2025-05-01,0.08122154365301149,Low,Logistic Regression,v1.0.0
ENG-00823,2025-06-01,0.16650115969405202,Low,Logistic Regression,v1.0.0
ENG-00823,2025-07-01,0.010437644943342735,Low,Logistic Regression,v1.0.0
ENG-00823,2025-08-01,0.015181365432355428,Low,Logistic Regression,v1.0.0
ENG-00823,2025-09-01,0.5625920294259461,Watch,Logistic Regression,v1.0.0
ENG-00823,2025-10-01,0.0030584028133263017,Low,Logistic Regression,v1.0.0
ENG-00823,2025-11-01,0.011076027127037159,Low,Logistic Regression,v1.0.0
ENG-00824,2025-09-01,0.0316926648149686,Low,Logistic Regression,v1.0.0
ENG-00824,2025-10-01,0.0302102801632694,Low,Logistic Regression,v1.0.0
ENG-00824,2025-11-01,0.4659845610404745,Watch,Logistic Regression,v1.0.0
ENG-00824,2025-12-01,0.0005283495042238065,Low,Logistic Regression,v1.0.0
ENG-00824,2026-01-01,0.04263461857593077,Low,Logistic Regression,v1.0.0
ENG-00824,2026-02-01,0.06025540911387899,Low,Logistic Regression,v1.0.0
ENG-00824,2026-03-01,0.0018749722402122712,Low,Logistic Regression,v1.0.0
ENG-00824,2026-04-01,0.0920276689574434,Low,Logistic Regression,v1.0.0
ENG-00824,2026-05-01,0.07312876115413508,Low,Logistic Regression,v1.0.0
ENG-00824,2026-06-01,0.006764683658756411,Low,Logistic Regression,v1.0.0
ENG-00824,2026-07-01,0.4634852340806991,Watch,Logistic Regression,v1.0.0
ENG-00824,2026-08-01,0.008480695900775112,Low,Logistic Regression,v1.0.0
ENG-00825,2024-12-01,0.03492049375396964,Low,Logistic Regression,v1.0.0
ENG-00825,2025-01-01,0.0233244723526585,Low,Logistic Regression,v1.0.0
ENG-00825,2025-02-01,0.17326031295677022,Low,Logistic Regression,v1.0.0
ENG-00825,2025-03-01,0.013552467209479387,Low,Logistic Regression,v1.0.0
ENG-00825,2025-04-01,0.04207524314107829,Low,Logistic Regression,v1.0.0
ENG-00825,2025-05-01,0.04639824875225,Low,Logistic Regression,v1.0.0
ENG-00825,2025-06-01,0.017407866185782387,Low,Logistic Regression,v1.0.0
ENG-00825,2025-07-01,0.1045317134053014,Low,Logistic Regression,v1.0.0
ENG-00825,2025-08-01,0.008256138517088264,Low,Logistic Regression,v1.0.0
ENG-00825,2025-09-01,0.20431528349940875,Low,Logistic Regression,v1.0.0
ENG-00825,2025-10-01,0.06651729502688562,Low,Logistic Regression,v1.0.0
ENG-00826,2026-07-01,0.2549385691758828,Low,Logistic Regression,v1.0.0
ENG-00826,2026-08-01,0.02420926232950092,Low,Logistic Regression,v1.0.0
ENG-00827,2025-10-01,0.05601495511764697,Low,Logistic Regression,v1.0.0
ENG-00827,2025-11-01,0.17455154810802154,Low,Logistic Regression,v1.0.0
ENG-00827,2025-12-01,0.013232225712173761,Low,Logistic Regression,v1.0.0
ENG-00827,2026-01-01,0.011703487769916185,Low,Logistic Regression,v1.0.0
ENG-00827,2026-02-01,0.11062819970460885,Low,Logistic Regression,v1.0.0
ENG-00827,2026-03-01,0.027450252953477274,Low,Logistic Regression,v1.0.0
ENG-00827,2026-04-01,0.21472554119680487,Low,Logistic Regression,v1.0.0
ENG-00827,2026-05-01,0.35113245202185905,Watch,Logistic Regression,v1.0.0
ENG-00827,2026-06-01,0.8522115843357361,Critical,Logistic Regression,v1.0.0
ENG-00827,2026-07-01,0.9900493641757686,Critical,Logistic Regression,v1.0.0
ENG-00828,2025-05-01,0.11892860068753626,Low,Logistic Regression,v1.0.0
ENG-00828,2025-06-01,0.16541265055050203,Low,Logistic Regression,v1.0.0
ENG-00828,2025-07-01,0.6475305421021986,Watch,Logistic Regression,v1.0.0
ENG-00828,2025-08-01,0.05058300507112605,Low,Logistic Regression,v1.0.0
ENG-00828,2025-09-01,0.13085100587823845,Low,Logistic Regression,v1.0.0
ENG-00828,2025-10-01,0.009942723037515973,Low,Logistic Regression,v1.0.0
ENG-00828,2025-11-01,0.5555917010989287,Watch,Logistic Regression,v1.0.0
ENG-00828,2025-12-01,0.015541910549286398,Low,Logistic Regression,v1.0.0
ENG-00828,2026-01-01,0.4454733170711702,Watch,Logistic Regression,v1.0.0
ENG-00828,2026-02-01,0.009642842875864316,Low,Logistic Regression,v1.0.0
ENG-00829,2024-06-01,0.04862731253265224,Low,Logistic Regression,v1.0.0
ENG-00829,2024-07-01,0.3119919587779508,Low,Logistic Regression,v1.0.0
ENG-00829,2024-08-01,0.07889525691299264,Low,Logistic Regression,v1.0.0
ENG-00829,2024-09-01,0.4789990199667312,Watch,Logistic Regression,v1.0.0
ENG-00829,2024-10-01,0.014217238258755703,Low,Logistic Regression,v1.0.0
ENG-00829,2024-11-01,0.23929726723607658,Low,Logistic Regression,v1.0.0
ENG-00829,2024-12-01,0.015392253960686856,Low,Logistic Regression,v1.0.0
ENG-00830,2025-01-01,0.08036902592131252,Low,Logistic Regression,v1.0.0
ENG-00830,2025-02-01,0.4270180688506485,Watch,Logistic Regression,v1.0.0
ENG-00830,2025-03-01,0.3536610345687714,Watch,Logistic Regression,v1.0.0
ENG-00830,2025-04-01,0.5319812439774844,Watch,Logistic Regression,v1.0.0
ENG-00830,2025-05-01,0.9942864118482622,Critical,Logistic Regression,v1.0.0
ENG-00831,2025-07-01,0.11052077802111349,Low,Logistic Regression,v1.0.0
ENG-00831,2025-08-01,0.06433601166362156,Low,Logistic Regression,v1.0.0
ENG-00831,2025-09-01,0.0008765141113724573,Low,Logistic Regression,v1.0.0
ENG-00831,2025-10-01,0.20668276111288672,Low,Logistic Regression,v1.0.0
ENG-00831,2025-11-01,0.008751758733169277,Low,Logistic Regression,v1.0.0
ENG-00831,2025-12-01,0.04753482879153702,Low,Logistic Regression,v1.0.0
ENG-00831,2026-01-01,0.046883915344201256,Low,Logistic Regression,v1.0.0
ENG-00831,2026-02-01,0.009320807666720363,Low,Logistic Regression,v1.0.0
ENG-00831,2026-03-01,0.058465207820124085,Low,Logistic Regression,v1.0.0
ENG-00831,2026-04-01,0.04447917215946306,Low,Logistic Regression,v1.0.0
ENG-00832,2026-06-01,0.1709273108542145,Low,Logistic Regression,v1.0.0
ENG-00832,2026-07-01,0.013632658270695376,Low,Logistic Regression,v1.0.0
ENG-00832,2026-08-01,0.06309249382318831,Low,Logistic Regression,v1.0.0
ENG-00833,2025-10-01,0.20784217376975844,Low,Logistic Regression,v1.0.0
ENG-00833,2025-11-01,0.1497233989412198,Low,Logistic Regression,v1.0.0
ENG-00833,2025-12-01,0.12190307740001424,Low,Logistic Regression,v1.0.0
ENG-00833,2026-01-01,0.006920825426854367,Low,Logistic Regression,v1.0.0
ENG-00833,2026-02-01,0.14254568187853375,Low,Logistic Regression,v1.0.0
ENG-00833,2026-03-01,0.06656329488996739,Low,Logistic Regression,v1.0.0
ENG-00833,2026-04-01,0.06134620006125748,Low,Logistic Regression,v1.0.0
ENG-00833,2026-05-01,0.2371140888740591,Low,Logistic Regression,v1.0.0
ENG-00834,2026-01-01,0.27675718357993456,Low,Logistic Regression,v1.0.0
ENG-00834,2026-02-01,0.24779978330561298,Low,Logistic Regression,v1.0.0
ENG-00834,2026-03-01,0.7743789179299151,Critical,Logistic Regression,v1.0.0
ENG-00834,2026-04-01,0.1473165546808691,Low,Logistic Regression,v1.0.0
ENG-00834,2026-05-01,0.46137654579711324,Watch,Logistic Regression,v1.0.0
ENG-00834,2026-06-01,0.0714892817525513,Low,Logistic Regression,v1.0.0
ENG-00834,2026-07-01,0.35071928569655764,Watch,Logistic Regression,v1.0.0
ENG-00834,2026-08-01,0.17929874301453413,Low,Logistic Regression,v1.0.0
ENG-00835,2026-06-01,0.00892233350695412,Low,Logistic Regression,v1.0.0
ENG-00835,2026-07-01,0.19366902335737451,Low,Logistic Regression,v1.0.0
ENG-00835,2026-08-01,0.7000467376093357,Critical,Logistic Regression,v1.0.0
ENG-00835,2026-09-01,0.9185927379433068,Critical,Logistic Regression,v1.0.0
ENG-00835,2026-10-01,0.35162279047351297,Watch,Logistic Regression,v1.0.0
ENG-00835,2026-11-01,0.9205342512582385,Critical,Logistic Regression,v1.0.0
ENG-00836,2025-07-01,0.03185971181233155,Low,Logistic Regression,v1.0.0
ENG-00836,2025-08-01,0.05833346327908115,Low,Logistic Regression,v1.0.0
ENG-00836,2025-09-01,0.3672706338619196,Watch,Logistic Regression,v1.0.0
ENG-00836,2025-10-01,0.4750916145962618,Watch,Logistic Regression,v1.0.0
ENG-00836,2025-11-01,0.11728929313772662,Low,Logistic Regression,v1.0.0
ENG-00836,2025-12-01,0.20228103509390968,Low,Logistic Regression,v1.0.0
ENG-00836,2026-01-01,0.017884803690187325,Low,Logistic Regression,v1.0.0
ENG-00836,2026-02-01,0.0814228592893127,Low,Logistic Regression,v1.0.0
ENG-00836,2026-03-01,0.1827916425342338,Low,Logistic Regression,v1.0.0
ENG-00836,2026-04-01,0.024626421951000625,Low,Logistic Regression,v1.0.0
ENG-00836,2026-05-01,0.1892169799137892,Low,Logistic Regression,v1.0.0
ENG-00837,2024-09-01,0.7348915235164543,Critical,Logistic Regression,v1.0.0
ENG-00837,2024-10-01,0.7159218628311683,Critical,Logistic Regression,v1.0.0
ENG-00837,2024-11-01,0.7759337485602924,Critical,Logistic Regression,v1.0.0
ENG-00837,2024-12-01,0.8812258751874138,Critical,Logistic Regression,v1.0.0
ENG-00837,2025-01-01,0.6201281768562354,Watch,Logistic Regression,v1.0.0
ENG-00837,2025-02-01,0.8927584584238454,Critical,Logistic Regression,v1.0.0
ENG-00837,2025-03-01,0.8402801962575682,Critical,Logistic Regression,v1.0.0
ENG-00838,2026-05-01,0.01700377008443345,Low,Logistic Regression,v1.0.0
ENG-00838,2026-06-01,0.0749473535235788,Low,Logistic Regression,v1.0.0
ENG-00838,2026-07-01,0.040608201936968485,Low,Logistic Regression,v1.0.0
ENG-00838,2026-08-01,0.5206103212043937,Watch,Logistic Regression,v1.0.0
ENG-00839,2026-07-01,0.9044244415635833,Critical,Logistic Regression,v1.0.0
ENG-00839,2026-08-01,0.986746481818952,Critical,Logistic Regression,v1.0.0
ENG-00840,2026-03-01,0.28531708153989677,Low,Logistic Regression,v1.0.0
ENG-00840,2026-04-01,0.5926118199691626,Watch,Logistic Regression,v1.0.0
ENG-00840,2026-05-01,0.21731782301759156,Low,Logistic Regression,v1.0.0
ENG-00840,2026-06-01,0.37637478681410413,Watch,Logistic Regression,v1.0.0
ENG-00840,2026-07-01,0.5104825767015759,Watch,Logistic Regression,v1.0.0
ENG-00840,2026-08-01,0.1600426864728921,Low,Logistic Regression,v1.0.0
ENG-00841,2024-06-01,0.07367257862994728,Low,Logistic Regression,v1.0.0
ENG-00841,2024-07-01,0.08486111312183349,Low,Logistic Regression,v1.0.0
ENG-00841,2024-08-01,0.34382294712696365,Low,Logistic Regression,v1.0.0
ENG-00841,2024-09-01,0.00957951924017985,Low,Logistic Regression,v1.0.0
ENG-00841,2024-10-01,0.2712412129764066,Low,Logistic Regression,v1.0.0
ENG-00841,2024-11-01,0.006207959661837877,Low,Logistic Regression,v1.0.0
ENG-00841,2024-12-01,0.3417926716807235,Low,Logistic Regression,v1.0.0
ENG-00841,2025-01-01,0.1693345384137246,Low,Logistic Regression,v1.0.0
ENG-00841,2025-02-01,0.0013079659606685715,Low,Logistic Regression,v1.0.0
ENG-00842,2024-01-01,0.20604109069828347,Low,Logistic Regression,v1.0.0
ENG-00842,2024-02-01,0.364620778844236,Watch,Logistic Regression,v1.0.0
ENG-00842,2024-03-01,0.3670623351059431,Watch,Logistic Regression,v1.0.0
ENG-00842,2024-04-01,0.45229368513686397,Watch,Logistic Regression,v1.0.0
ENG-00842,2024-05-01,0.36308939991755695,Watch,Logistic Regression,v1.0.0
ENG-00842,2024-06-01,0.17934712021452548,Low,Logistic Regression,v1.0.0
ENG-00842,2024-07-01,0.42122824411382326,Watch,Logistic Regression,v1.0.0
ENG-00842,2024-08-01,0.030549443449849747,Low,Logistic Regression,v1.0.0
ENG-00842,2024-09-01,0.3790885815040345,Watch,Logistic Regression,v1.0.0
ENG-00842,2024-10-01,0.6547259252142202,Critical,Logistic Regression,v1.0.0
ENG-00842,2024-11-01,0.04966470559823897,Low,Logistic Regression,v1.0.0
ENG-00843,2025-12-01,0.4273638210069827,Watch,Logistic Regression,v1.0.0
ENG-00843,2026-01-01,0.746007308918862,Critical,Logistic Regression,v1.0.0
ENG-00843,2026-02-01,0.19550687968257313,Low,Logistic Regression,v1.0.0
ENG-00843,2026-03-01,0.8516849862812513,Critical,Logistic Regression,v1.0.0
ENG-00843,2026-04-01,0.24416534520183839,Low,Logistic Regression,v1.0.0
ENG-00843,2026-05-01,0.07318348981920607,Low,Logistic Regression,v1.0.0
ENG-00843,2026-06-01,0.1821720286659641,Low,Logistic Regression,v1.0.0
ENG-00844,2025-08-01,0.3846272547846239,Watch,Logistic Regression,v1.0.0
ENG-00844,2025-09-01,0.558614129114281,Watch,Logistic Regression,v1.0.0
ENG-00844,2025-10-01,0.06693304747438525,Low,Logistic Regression,v1.0.0
ENG-00844,2025-11-01,0.5558258796767316,Watch,Logistic Regression,v1.0.0
ENG-00844,2025-12-01,0.2730203537052763,Low,Logistic Regression,v1.0.0
ENG-00844,2026-01-01,0.3486327168924625,Low,Logistic Regression,v1.0.0
ENG-00844,2026-02-01,0.4373075731894708,Watch,Logistic Regression,v1.0.0
ENG-00844,2026-03-01,0.18186873831249087,Low,Logistic Regression,v1.0.0
ENG-00844,2026-04-01,0.0987329148351119,Low,Logistic Regression,v1.0.0
ENG-00844,2026-05-01,0.24819387578947094,Low,Logistic Regression,v1.0.0
ENG-00844,2026-06-01,0.013540650482582023,Low,Logistic Regression,v1.0.0
ENG-00844,2026-07-01,0.38932240292856657,Watch,Logistic Regression,v1.0.0
ENG-00844,2026-08-01,0.06615908311995232,Low,Logistic Regression,v1.0.0
ENG-00845,2024-12-01,0.20415764329737368,Low,Logistic Regression,v1.0.0
ENG-00845,2025-01-01,0.724551594044665,Critical,Logistic Regression,v1.0.0
ENG-00845,2025-02-01,0.24259365472530103,Low,Logistic Regression,v1.0.0
ENG-00845,2025-03-01,0.08753897910283892,Low,Logistic Regression,v1.0.0
ENG-00845,2025-04-01,0.2679398969231444,Low,Logistic Regression,v1.0.0
ENG-00845,2025-05-01,0.04555210331051665,Low,Logistic Regression,v1.0.0
ENG-00845,2025-06-01,0.25658157025781375,Low,Logistic Regression,v1.0.0
ENG-00845,2025-07-01,0.015957106464678777,Low,Logistic Regression,v1.0.0
ENG-00845,2025-08-01,0.03052239797680051,Low,Logistic Regression,v1.0.0
ENG-00845,2025-09-01,0.27677692431072765,Low,Logistic Regression,v1.0.0
ENG-00845,2025-10-01,0.033341385360353346,Low,Logistic Regression,v1.0.0
ENG-00845,2025-11-01,0.047541781230600676,Low,Logistic Regression,v1.0.0
ENG-00846,2024-10-01,0.03479281953782652,Low,Logistic Regression,v1.0.0
ENG-00846,2024-11-01,0.37077713343623897,Watch,Logistic Regression,v1.0.0
ENG-00846,2024-12-01,0.004241725354536405,Low,Logistic Regression,v1.0.0
ENG-00846,2025-01-01,0.03056139405563291,Low,Logistic Regression,v1.0.0
ENG-00846,2025-02-01,0.009182652391823922,Low,Logistic Regression,v1.0.0
ENG-00846,2025-03-01,0.046521694994592744,Low,Logistic Regression,v1.0.0
ENG-00846,2025-04-01,0.007670322584826017,Low,Logistic Regression,v1.0.0
ENG-00847,2026-03-01,0.007183459808652541,Low,Logistic Regression,v1.0.0
ENG-00847,2026-04-01,0.03007075113293744,Low,Logistic Regression,v1.0.0
ENG-00847,2026-05-01,0.0045777906844857545,Low,Logistic Regression,v1.0.0
ENG-00847,2026-06-01,0.0046428720555574884,Low,Logistic Regression,v1.0.0
ENG-00847,2026-07-01,0.010510105508820346,Low,Logistic Regression,v1.0.0
ENG-00847,2026-08-01,0.021984650651644295,Low,Logistic Regression,v1.0.0
ENG-00848,2025-11-01,0.006886252279179398,Low,Logistic Regression,v1.0.0
ENG-00848,2025-12-01,0.08745821982794459,Low,Logistic Regression,v1.0.0
ENG-00848,2026-01-01,0.0013963478522245778,Low,Logistic Regression,v1.0.0
ENG-00848,2026-02-01,0.0011702090019264626,Low,Logistic Regression,v1.0.0
ENG-00848,2026-03-01,0.09769298552073385,Low,Logistic Regression,v1.0.0
ENG-00848,2026-04-01,0.016364196909711356,Low,Logistic Regression,v1.0.0
ENG-00848,2026-05-01,0.00043336211855399617,Low,Logistic Regression,v1.0.0
ENG-00848,2026-06-01,0.010463045196571754,Low,Logistic Regression,v1.0.0
ENG-00848,2026-07-01,0.01222573987082951,Low,Logistic Regression,v1.0.0
ENG-00848,2026-08-01,0.005310834648071239,Low,Logistic Regression,v1.0.0
ENG-00849,2025-01-01,0.7725152801852885,Critical,Logistic Regression,v1.0.0
ENG-00849,2025-02-01,0.9932277463515843,Critical,Logistic Regression,v1.0.0
ENG-00849,2025-03-01,0.9981641261496136,Critical,Logistic Regression,v1.0.0
ENG-00849,2025-04-01,0.9992112000844905,Critical,Logistic Regression,v1.0.0
ENG-00850,2026-01-01,0.11234781101254465,Low,Logistic Regression,v1.0.0
ENG-00850,2026-02-01,0.019113918739673,Low,Logistic Regression,v1.0.0
ENG-00850,2026-03-01,0.11841203003466755,Low,Logistic Regression,v1.0.0
ENG-00850,2026-04-01,0.11293982354146974,Low,Logistic Regression,v1.0.0
ENG-00850,2026-05-01,0.040004350787371135,Low,Logistic Regression,v1.0.0
ENG-00850,2026-06-01,0.01993984629532874,Low,Logistic Regression,v1.0.0
ENG-00850,2026-07-01,0.0655275394824186,Low,Logistic Regression,v1.0.0
ENG-00850,2026-08-01,0.01552826582427528,Low,Logistic Regression,v1.0.0
ENG-00851,2024-03-01,0.032618306418872686,Low,Logistic Regression,v1.0.0
ENG-00851,2024-04-01,0.9972958090582696,Critical,Logistic Regression,v1.0.0
ENG-00851,2024-05-01,0.7396569058256721,Critical,Logistic Regression,v1.0.0
ENG-00851,2024-06-01,0.9969757369160707,Critical,Logistic Regression,v1.0.0
ENG-00851,2024-07-01,0.9992447991833227,Critical,Logistic Regression,v1.0.0
ENG-00852,2025-08-01,0.06598678737339302,Low,Logistic Regression,v1.0.0
ENG-00852,2025-09-01,0.3161904425703665,Low,Logistic Regression,v1.0.0
ENG-00852,2025-10-01,0.0033078180408758007,Low,Logistic Regression,v1.0.0
ENG-00852,2025-11-01,0.025816589394706338,Low,Logistic Regression,v1.0.0
ENG-00852,2025-12-01,0.003875595848184487,Low,Logistic Regression,v1.0.0
ENG-00852,2026-01-01,0.1905501209097024,Low,Logistic Regression,v1.0.0
ENG-00852,2026-02-01,0.006000398064773443,Low,Logistic Regression,v1.0.0
ENG-00852,2026-03-01,0.013633252432534479,Low,Logistic Regression,v1.0.0
ENG-00852,2026-04-01,0.048196543745006114,Low,Logistic Regression,v1.0.0
ENG-00852,2026-05-01,0.0027022104947877538,Low,Logistic Regression,v1.0.0
ENG-00853,2025-10-01,0.04282674242413839,Low,Logistic Regression,v1.0.0
ENG-00853,2025-11-01,0.020013160945882524,Low,Logistic Regression,v1.0.0
ENG-00853,2025-12-01,0.7103691093363684,Critical,Logistic Regression,v1.0.0
ENG-00853,2026-01-01,0.8936530661733861,Critical,Logistic Regression,v1.0.0
ENG-00853,2026-02-01,0.9800015984980087,Critical,Logistic Regression,v1.0.0
ENG-00853,2026-03-01,0.9642186860135971,Critical,Logistic Regression,v1.0.0
ENG-00854,2024-09-01,0.21603616355130062,Low,Logistic Regression,v1.0.0
ENG-00854,2024-10-01,0.14769758765895236,Low,Logistic Regression,v1.0.0
ENG-00854,2024-11-01,0.0030134323021516253,Low,Logistic Regression,v1.0.0
ENG-00854,2024-12-01,0.4315140648095114,Watch,Logistic Regression,v1.0.0
ENG-00854,2025-01-01,0.07360124078589714,Low,Logistic Regression,v1.0.0
ENG-00854,2025-02-01,0.06370295418576041,Low,Logistic Regression,v1.0.0
ENG-00854,2025-03-01,0.02094646506306623,Low,Logistic Regression,v1.0.0
ENG-00854,2025-04-01,0.009759125387272591,Low,Logistic Regression,v1.0.0
ENG-00854,2025-05-01,0.6239879638277669,Watch,Logistic Regression,v1.0.0
ENG-00854,2025-06-01,0.003904044104512897,Low,Logistic Regression,v1.0.0
ENG-00855,2026-07-01,0.0038198285680691195,Low,Logistic Regression,v1.0.0
ENG-00855,2026-08-01,0.05664619036761017,Low,Logistic Regression,v1.0.0
ENG-00855,2026-09-01,0.0015082397576187516,Low,Logistic Regression,v1.0.0
ENG-00855,2026-10-01,0.005389391172525739,Low,Logistic Regression,v1.0.0
ENG-00855,2026-11-01,0.003032706822335386,Low,Logistic Regression,v1.0.0
ENG-00855,2026-12-01,0.0010688140534592186,Low,Logistic Regression,v1.0.0
ENG-00855,2027-01-01,0.13693154962952275,Low,Logistic Regression,v1.0.0
ENG-00855,2027-02-01,0.11797981056069962,Low,Logistic Regression,v1.0.0
ENG-00855,2027-03-01,0.1394693026942487,Low,Logistic Regression,v1.0.0
ENG-00855,2027-04-01,0.9006366091925094,Critical,Logistic Regression,v1.0.0
ENG-00856,2025-06-01,0.03596356209142615,Low,Logistic Regression,v1.0.0
ENG-00856,2025-07-01,0.02022367506110278,Low,Logistic Regression,v1.0.0
ENG-00856,2025-08-01,0.6690476471294038,Critical,Logistic Regression,v1.0.0
ENG-00856,2025-09-01,0.7819662911400663,Critical,Logistic Regression,v1.0.0
ENG-00856,2025-10-01,0.9492393936338539,Critical,Logistic Regression,v1.0.0
ENG-00856,2025-11-01,0.980564891367765,Critical,Logistic Regression,v1.0.0
ENG-00857,2025-12-01,0.2573617837055952,Low,Logistic Regression,v1.0.0
ENG-00857,2026-01-01,0.6533386238981675,Critical,Logistic Regression,v1.0.0
ENG-00857,2026-02-01,0.16586802847601953,Low,Logistic Regression,v1.0.0
ENG-00857,2026-03-01,0.6471586283863074,Watch,Logistic Regression,v1.0.0
ENG-00857,2026-04-01,0.11727874241393389,Low,Logistic Regression,v1.0.0
ENG-00857,2026-05-01,0.11351599937236803,Low,Logistic Regression,v1.0.0
ENG-00857,2026-06-01,0.049985349032618406,Low,Logistic Regression,v1.0.0
ENG-00857,2026-07-01,0.5276449123795327,Watch,Logistic Regression,v1.0.0
ENG-00857,2026-08-01,0.01008295427583717,Low,Logistic Regression,v1.0.0
ENG-00858,2025-10-01,0.20057725099020718,Low,Logistic Regression,v1.0.0
ENG-00858,2025-11-01,0.4145022442740857,Watch,Logistic Regression,v1.0.0
ENG-00858,2025-12-01,0.6132825340185628,Watch,Logistic Regression,v1.0.0
ENG-00858,2026-01-01,0.028144173012931494,Low,Logistic Regression,v1.0.0
ENG-00858,2026-02-01,0.6685638874367658,Critical,Logistic Regression,v1.0.0
ENG-00858,2026-03-01,0.024293200704462052,Low,Logistic Regression,v1.0.0
ENG-00858,2026-04-01,0.030878804751378774,Low,Logistic Regression,v1.0.0
ENG-00858,2026-05-01,0.08642401143573403,Low,Logistic Regression,v1.0.0
ENG-00858,2026-06-01,0.17262412503914992,Low,Logistic Regression,v1.0.0
ENG-00858,2026-07-01,0.08748751708438635,Low,Logistic Regression,v1.0.0
ENG-00858,2026-08-01,0.11189461967080597,Low,Logistic Regression,v1.0.0
ENG-00859,2024-08-01,0.7469923951109229,Critical,Logistic Regression,v1.0.0
ENG-00859,2024-09-01,0.08528346340894344,Low,Logistic Regression,v1.0.0
ENG-00859,2024-10-01,0.8259330277338045,Critical,Logistic Regression,v1.0.0
ENG-00859,2024-11-01,0.9960565661070898,Critical,Logistic Regression,v1.0.0
ENG-00859,2024-12-01,0.996936535703035,Critical,Logistic Regression,v1.0.0
ENG-00859,2025-01-01,0.9989981988949108,Critical,Logistic Regression,v1.0.0
ENG-00859,2025-02-01,0.9993587059631308,Critical,Logistic Regression,v1.0.0
ENG-00860,2026-08-01,0.3261364164659666,Low,Logistic Regression,v1.0.0
ENG-00860,2026-09-01,0.5545380751461897,Watch,Logistic Regression,v1.0.0
ENG-00860,2026-10-01,0.966083730623938,Critical,Logistic Regression,v1.0.0
ENG-00860,2026-11-01,0.0961369106560154,Low,Logistic Regression,v1.0.0
ENG-00860,2026-12-01,0.9088141764601635,Critical,Logistic Regression,v1.0.0
ENG-00860,2027-01-01,0.9978290736959602,Critical,Logistic Regression,v1.0.0
ENG-00860,2027-02-01,0.9718791517864754,Critical,Logistic Regression,v1.0.0
ENG-00860,2027-03-01,0.9998890220316508,Critical,Logistic Regression,v1.0.0
ENG-00861,2025-10-01,0.13310214855888913,Low,Logistic Regression,v1.0.0
ENG-00861,2025-11-01,0.8754254778433398,Critical,Logistic Regression,v1.0.0
ENG-00861,2025-12-01,0.9767660680634298,Critical,Logistic Regression,v1.0.0
ENG-00861,2026-01-01,0.9964354780719453,Critical,Logistic Regression,v1.0.0
ENG-00862,2026-05-01,0.06897557583761989,Low,Logistic Regression,v1.0.0
ENG-00862,2026-06-01,0.007994057848954315,Low,Logistic Regression,v1.0.0
ENG-00862,2026-07-01,0.7693967660438804,Critical,Logistic Regression,v1.0.0
ENG-00862,2026-08-01,0.019675118336556236,Low,Logistic Regression,v1.0.0
ENG-00862,2026-09-01,0.15366231345785897,Low,Logistic Regression,v1.0.0
ENG-00862,2026-10-01,0.2634462605814014,Low,Logistic Regression,v1.0.0
ENG-00862,2026-11-01,0.934397497931996,Critical,Logistic Regression,v1.0.0
ENG-00862,2026-12-01,0.7379073362829845,Critical,Logistic Regression,v1.0.0
ENG-00862,2027-01-01,0.9975286012787019,Critical,Logistic Regression,v1.0.0
ENG-00863,2025-09-01,0.04405232263335013,Low,Logistic Regression,v1.0.0
ENG-00863,2025-10-01,0.006971173213461121,Low,Logistic Regression,v1.0.0
ENG-00863,2025-11-01,0.006673710416411962,Low,Logistic Regression,v1.0.0
ENG-00863,2025-12-01,0.004587402142111598,Low,Logistic Regression,v1.0.0
ENG-00863,2026-01-01,0.010717108302622179,Low,Logistic Regression,v1.0.0
ENG-00863,2026-02-01,0.2199762301308298,Low,Logistic Regression,v1.0.0
ENG-00863,2026-03-01,0.006448652406599323,Low,Logistic Regression,v1.0.0
ENG-00863,2026-04-01,0.004287578623311529,Low,Logistic Regression,v1.0.0
ENG-00863,2026-05-01,0.05385108926412543,Low,Logistic Regression,v1.0.0
ENG-00863,2026-06-01,0.035473781256356626,Low,Logistic Regression,v1.0.0
ENG-00863,2026-07-01,0.02683592526223929,Low,Logistic Regression,v1.0.0
ENG-00863,2026-08-01,0.0020069318804671545,Low,Logistic Regression,v1.0.0
ENG-00864,2025-05-01,0.31517134189274487,Low,Logistic Regression,v1.0.0
ENG-00864,2025-06-01,0.6072559371965522,Watch,Logistic Regression,v1.0.0
ENG-00864,2025-07-01,0.05595549150562938,Low,Logistic Regression,v1.0.0
ENG-00864,2025-08-01,0.2936004084530297,Low,Logistic Regression,v1.0.0
ENG-00864,2025-09-01,0.461995979111255,Watch,Logistic Regression,v1.0.0
ENG-00864,2025-10-01,0.5536849390291493,Watch,Logistic Regression,v1.0.0
ENG-00864,2025-11-01,0.11736440870091656,Low,Logistic Regression,v1.0.0
ENG-00864,2025-12-01,0.5969519100203092,Watch,Logistic Regression,v1.0.0
ENG-00865,2025-05-01,0.5701948475985311,Watch,Logistic Regression,v1.0.0
ENG-00865,2025-06-01,0.9395152470380773,Critical,Logistic Regression,v1.0.0
ENG-00865,2025-07-01,0.031302116909680607,Low,Logistic Regression,v1.0.0
ENG-00865,2025-08-01,0.9156276995793843,Critical,Logistic Regression,v1.0.0
ENG-00865,2025-09-01,0.023806046586381167,Low,Logistic Regression,v1.0.0
ENG-00865,2025-10-01,0.6282115699132522,Watch,Logistic Regression,v1.0.0
ENG-00865,2025-11-01,0.3339503264890511,Low,Logistic Regression,v1.0.0
ENG-00866,2024-03-01,0.06900780828746499,Low,Logistic Regression,v1.0.0
ENG-00866,2024-04-01,0.0014879697185650692,Low,Logistic Regression,v1.0.0
ENG-00866,2024-05-01,0.01121478473077168,Low,Logistic Regression,v1.0.0
ENG-00866,2024-06-01,0.16866717981899124,Low,Logistic Regression,v1.0.0
ENG-00866,2024-07-01,0.003354427175656688,Low,Logistic Regression,v1.0.0
ENG-00866,2024-08-01,0.022763561033014516,Low,Logistic Regression,v1.0.0
ENG-00866,2024-09-01,0.05559117287477755,Low,Logistic Regression,v1.0.0
ENG-00867,2026-05-01,0.02537400047583265,Low,Logistic Regression,v1.0.0
ENG-00867,2026-06-01,0.7141110481952744,Critical,Logistic Regression,v1.0.0
ENG-00867,2026-07-01,0.17074451461233164,Low,Logistic Regression,v1.0.0
ENG-00867,2026-08-01,0.9769962354368518,Critical,Logistic Regression,v1.0.0
ENG-00867,2026-09-01,0.9703060271203384,Critical,Logistic Regression,v1.0.0
ENG-00868,2025-06-01,0.10935086998305635,Low,Logistic Regression,v1.0.0
ENG-00868,2025-07-01,0.0720929734106448,Low,Logistic Regression,v1.0.0
ENG-00868,2025-08-01,0.45905604395687477,Watch,Logistic Regression,v1.0.0
ENG-00868,2025-09-01,0.1371024850574404,Low,Logistic Regression,v1.0.0
ENG-00868,2025-10-01,0.0027162329659546638,Low,Logistic Regression,v1.0.0
ENG-00868,2025-11-01,0.06805376635505848,Low,Logistic Regression,v1.0.0
ENG-00868,2025-12-01,0.6289157680170366,Watch,Logistic Regression,v1.0.0
ENG-00868,2026-01-01,0.047254442929465575,Low,Logistic Regression,v1.0.0
ENG-00868,2026-02-01,0.1328821095924278,Low,Logistic Regression,v1.0.0
ENG-00868,2026-03-01,0.05865559604548005,Low,Logistic Regression,v1.0.0
ENG-00868,2026-04-01,0.2511510132761321,Low,Logistic Regression,v1.0.0
ENG-00869,2024-10-01,0.10135718736427449,Low,Logistic Regression,v1.0.0
ENG-00869,2024-11-01,0.019504687317332643,Low,Logistic Regression,v1.0.0
ENG-00869,2024-12-01,0.5702048878954955,Watch,Logistic Regression,v1.0.0
ENG-00869,2025-01-01,0.07221493007131818,Low,Logistic Regression,v1.0.0
ENG-00869,2025-02-01,0.012136614838199751,Low,Logistic Regression,v1.0.0
ENG-00869,2025-03-01,0.011288496658032107,Low,Logistic Regression,v1.0.0
ENG-00869,2025-04-01,0.03064564470330848,Low,Logistic Regression,v1.0.0
ENG-00869,2025-05-01,0.26604611592467453,Low,Logistic Regression,v1.0.0
ENG-00869,2025-06-01,0.016130649301809265,Low,Logistic Regression,v1.0.0
ENG-00869,2025-07-01,0.010518447983063428,Low,Logistic Regression,v1.0.0
ENG-00869,2025-08-01,0.020504954837519324,Low,Logistic Regression,v1.0.0
ENG-00869,2025-09-01,0.058312723506717935,Low,Logistic Regression,v1.0.0
ENG-00870,2026-07-01,0.023385569766971058,Low,Logistic Regression,v1.0.0
ENG-00870,2026-08-01,0.6737871077440964,Critical,Logistic Regression,v1.0.0
ENG-00871,2026-02-01,0.6492269449951247,Watch,Logistic Regression,v1.0.0
ENG-00871,2026-03-01,0.5988042972717723,Watch,Logistic Regression,v1.0.0
ENG-00871,2026-04-01,0.8337344458370898,Critical,Logistic Regression,v1.0.0
ENG-00871,2026-05-01,0.0986214965657259,Low,Logistic Regression,v1.0.0
ENG-00871,2026-06-01,0.6912834617001259,Critical,Logistic Regression,v1.0.0
ENG-00871,2026-07-01,0.8977014363138193,Critical,Logistic Regression,v1.0.0
ENG-00871,2026-08-01,0.41845695890602314,Watch,Logistic Regression,v1.0.0
ENG-00872,2026-08-01,0.03779879263933875,Low,Logistic Regression,v1.0.0
ENG-00873,2026-02-01,0.044793058583026325,Low,Logistic Regression,v1.0.0
ENG-00873,2026-03-01,0.030425573370834444,Low,Logistic Regression,v1.0.0
ENG-00873,2026-04-01,0.023098390255639423,Low,Logistic Regression,v1.0.0
ENG-00873,2026-05-01,0.04610723087837087,Low,Logistic Regression,v1.0.0
ENG-00873,2026-06-01,0.0919286914855562,Low,Logistic Regression,v1.0.0
ENG-00873,2026-07-01,0.0322310993149002,Low,Logistic Regression,v1.0.0
ENG-00873,2026-08-01,0.06463527303878294,Low,Logistic Regression,v1.0.0
ENG-00874,2025-05-01,0.024193051503826432,Low,Logistic Regression,v1.0.0
ENG-00874,2025-06-01,0.10713397185487517,Low,Logistic Regression,v1.0.0
ENG-00874,2025-07-01,0.0021510738629504462,Low,Logistic Regression,v1.0.0
ENG-00874,2025-08-01,0.19718279554620352,Low,Logistic Regression,v1.0.0
ENG-00874,2025-09-01,0.008925006899434774,Low,Logistic Regression,v1.0.0
ENG-00874,2025-10-01,0.05965059163822419,Low,Logistic Regression,v1.0.0
ENG-00874,2025-11-01,0.0064209351556227525,Low,Logistic Regression,v1.0.0
ENG-00874,2025-12-01,0.08609805461139025,Low,Logistic Regression,v1.0.0
ENG-00874,2026-01-01,0.00532938071436688,Low,Logistic Regression,v1.0.0
ENG-00874,2026-02-01,0.04464700231867555,Low,Logistic Regression,v1.0.0
ENG-00874,2026-03-01,0.0037917992479681033,Low,Logistic Regression,v1.0.0
ENG-00874,2026-04-01,0.01432457649568494,Low,Logistic Regression,v1.0.0
ENG-00874,2026-05-01,0.0012050716883006455,Low,Logistic Regression,v1.0.0
ENG-00875,2025-01-01,0.05470018880291007,Low,Logistic Regression,v1.0.0
ENG-00875,2025-02-01,0.3324456957622569,Low,Logistic Regression,v1.0.0
ENG-00875,2025-03-01,0.0005633059209279748,Low,Logistic Regression,v1.0.0
ENG-00875,2025-04-01,0.12463404534476666,Low,Logistic Regression,v1.0.0
ENG-00875,2025-05-01,0.10728734188087798,Low,Logistic Regression,v1.0.0
ENG-00875,2025-06-01,0.023242016484165993,Low,Logistic Regression,v1.0.0
ENG-00875,2025-07-01,0.08635077388832062,Low,Logistic Regression,v1.0.0
ENG-00875,2025-08-01,0.0009823013196488418,Low,Logistic Regression,v1.0.0
ENG-00875,2025-09-01,0.18589063811440407,Low,Logistic Regression,v1.0.0
ENG-00875,2025-10-01,0.003930679791498933,Low,Logistic Regression,v1.0.0
ENG-00875,2025-11-01,0.03226780275028147,Low,Logistic Regression,v1.0.0
ENG-00876,2026-04-01,0.05116042171663239,Low,Logistic Regression,v1.0.0
ENG-00876,2026-05-01,0.017474495304723496,Low,Logistic Regression,v1.0.0
ENG-00876,2026-06-01,0.1440422881783116,Low,Logistic Regression,v1.0.0
ENG-00876,2026-07-01,0.18890060434603795,Low,Logistic Regression,v1.0.0
ENG-00876,2026-08-01,0.17225377281190776,Low,Logistic Regression,v1.0.0
ENG-00877,2025-12-01,0.01035331675918864,Low,Logistic Regression,v1.0.0
ENG-00877,2026-01-01,0.00416647152619982,Low,Logistic Regression,v1.0.0
ENG-00877,2026-02-01,0.065258397132874,Low,Logistic Regression,v1.0.0
ENG-00877,2026-03-01,0.005146182115016384,Low,Logistic Regression,v1.0.0
ENG-00877,2026-04-01,0.015097657620834126,Low,Logistic Regression,v1.0.0
ENG-00877,2026-05-01,0.037902719301495726,Low,Logistic Regression,v1.0.0
ENG-00877,2026-06-01,0.14082619213190845,Low,Logistic Regression,v1.0.0
ENG-00877,2026-07-01,0.1675210074422027,Low,Logistic Regression,v1.0.0
ENG-00877,2026-08-01,0.6095270020743274,Watch,Logistic Regression,v1.0.0
ENG-00877,2026-09-01,0.8759652000856435,Critical,Logistic Regression,v1.0.0
ENG-00878,2026-07-01,0.10706705808153386,Low,Logistic Regression,v1.0.0
ENG-00878,2026-08-01,0.08429675893234394,Low,Logistic Regression,v1.0.0
ENG-00879,2024-01-01,0.12746504950034734,Low,Logistic Regression,v1.0.0
ENG-00879,2024-02-01,0.9156934975217871,Critical,Logistic Regression,v1.0.0
ENG-00879,2024-03-01,0.9586750536609262,Critical,Logistic Regression,v1.0.0
ENG-00879,2024-04-01,0.9992594373637304,Critical,Logistic Regression,v1.0.0
ENG-00880,2024-05-01,0.07086018209035774,Low,Logistic Regression,v1.0.0
ENG-00880,2024-06-01,0.029857963779289728,Low,Logistic Regression,v1.0.0
ENG-00880,2024-07-01,0.0796853173303692,Low,Logistic Regression,v1.0.0
ENG-00880,2024-08-01,0.1951114663178606,Low,Logistic Regression,v1.0.0
ENG-00880,2024-09-01,0.010790623270068219,Low,Logistic Regression,v1.0.0
ENG-00880,2024-10-01,0.609434024012739,Watch,Logistic Regression,v1.0.0
ENG-00880,2024-11-01,0.0015981083791459581,Low,Logistic Regression,v1.0.0
ENG-00880,2024-12-01,0.5615354946940422,Watch,Logistic Regression,v1.0.0
ENG-00880,2025-01-01,0.00557155376424577,Low,Logistic Regression,v1.0.0
ENG-00880,2025-02-01,0.37826153986263705,Watch,Logistic Regression,v1.0.0
ENG-00881,2026-07-01,0.06389169586067119,Low,Logistic Regression,v1.0.0
ENG-00881,2026-08-01,0.11721560878595391,Low,Logistic Regression,v1.0.0
ENG-00881,2026-09-01,0.9030578498414734,Critical,Logistic Regression,v1.0.0
ENG-00881,2026-10-01,0.9561125773792228,Critical,Logistic Regression,v1.0.0
ENG-00881,2026-11-01,0.9618030220534223,Critical,Logistic Regression,v1.0.0
ENG-00882,2026-01-01,0.3650471391963012,Watch,Logistic Regression,v1.0.0
ENG-00882,2026-02-01,0.03971602865566314,Low,Logistic Regression,v1.0.0
ENG-00882,2026-03-01,0.03828130369570602,Low,Logistic Regression,v1.0.0
ENG-00882,2026-04-01,0.12611901276906462,Low,Logistic Regression,v1.0.0
ENG-00882,2026-05-01,0.10535497596858316,Low,Logistic Regression,v1.0.0
ENG-00882,2026-06-01,0.08721340098113455,Low,Logistic Regression,v1.0.0
ENG-00882,2026-07-01,0.022815531247856586,Low,Logistic Regression,v1.0.0
ENG-00882,2026-08-01,0.9576539342859303,Critical,Logistic Regression,v1.0.0
ENG-00883,2026-01-01,0.18308590297594185,Low,Logistic Regression,v1.0.0
ENG-00883,2026-02-01,0.10057269163350914,Low,Logistic Regression,v1.0.0
ENG-00883,2026-03-01,0.18303868442676063,Low,Logistic Regression,v1.0.0
ENG-00883,2026-04-01,0.10879252570042487,Low,Logistic Regression,v1.0.0
ENG-00883,2026-05-01,0.013467494334027429,Low,Logistic Regression,v1.0.0
ENG-00883,2026-06-01,0.07498387092691085,Low,Logistic Regression,v1.0.0
ENG-00883,2026-07-01,0.02070833775462571,Low,Logistic Regression,v1.0.0
ENG-00883,2026-08-01,0.04440570506885093,Low,Logistic Regression,v1.0.0
ENG-00884,2026-04-01,0.37596083850341666,Watch,Logistic Regression,v1.0.0
ENG-00884,2026-05-01,0.9990489807822834,Critical,Logistic Regression,v1.0.0
ENG-00884,2026-06-01,0.9990112213521348,Critical,Logistic Regression,v1.0.0
ENG-00884,2026-07-01,0.9954703850882002,Critical,Logistic Regression,v1.0.0
ENG-00885,2024-12-01,0.016167260455204946,Low,Logistic Regression,v1.0.0
ENG-00885,2025-01-01,0.0008393850807999845,Low,Logistic Regression,v1.0.0
ENG-00885,2025-02-01,0.12720617909798812,Low,Logistic Regression,v1.0.0
ENG-00885,2025-03-01,0.0017031349915169268,Low,Logistic Regression,v1.0.0
ENG-00885,2025-04-01,0.01625163635173371,Low,Logistic Regression,v1.0.0
ENG-00885,2025-05-01,0.01755804692559462,Low,Logistic Regression,v1.0.0
ENG-00885,2025-06-01,0.006995994159043765,Low,Logistic Regression,v1.0.0
ENG-00885,2025-07-01,0.052555976705912145,Low,Logistic Regression,v1.0.0
ENG-00886,2026-03-01,0.2006117017351091,Low,Logistic Regression,v1.0.0
ENG-00886,2026-04-01,0.004923354080946229,Low,Logistic Regression,v1.0.0
ENG-00886,2026-05-01,0.12453348986504226,Low,Logistic Regression,v1.0.0
ENG-00886,2026-06-01,0.03790298995243139,Low,Logistic Regression,v1.0.0
ENG-00886,2026-07-01,0.22978101632872688,Low,Logistic Regression,v1.0.0
ENG-00886,2026-08-01,0.4207092245778291,Watch,Logistic Regression,v1.0.0
ENG-00887,2024-06-01,0.039749615912635816,Low,Logistic Regression,v1.0.0
ENG-00887,2024-07-01,0.0590900431800295,Low,Logistic Regression,v1.0.0
ENG-00887,2024-08-01,0.29973839593267926,Low,Logistic Regression,v1.0.0
ENG-00887,2024-09-01,0.06860729053960421,Low,Logistic Regression,v1.0.0
ENG-00887,2024-10-01,0.024450680253604196,Low,Logistic Regression,v1.0.0
ENG-00887,2024-11-01,0.08082486975114093,Low,Logistic Regression,v1.0.0
ENG-00887,2024-12-01,0.009298153774644562,Low,Logistic Regression,v1.0.0
ENG-00888,2024-05-01,0.01320649955351192,Low,Logistic Regression,v1.0.0
ENG-00888,2024-06-01,0.07264580993616816,Low,Logistic Regression,v1.0.0
ENG-00888,2024-07-01,0.06408808087767592,Low,Logistic Regression,v1.0.0
ENG-00888,2024-08-01,0.07961954085603085,Low,Logistic Regression,v1.0.0
ENG-00888,2024-09-01,0.0010122328772565494,Low,Logistic Regression,v1.0.0
ENG-00888,2024-10-01,0.015150685880822952,Low,Logistic Regression,v1.0.0
ENG-00888,2024-11-01,0.0037247131055630034,Low,Logistic Regression,v1.0.0
ENG-00888,2024-12-01,0.003392373414906886,Low,Logistic Regression,v1.0.0
ENG-00888,2025-01-01,0.051770173341385464,Low,Logistic Regression,v1.0.0
ENG-00889,2026-05-01,0.00915956782460606,Low,Logistic Regression,v1.0.0
ENG-00889,2026-06-01,0.014902581557371463,Low,Logistic Regression,v1.0.0
ENG-00889,2026-07-01,0.008273909343643786,Low,Logistic Regression,v1.0.0
ENG-00889,2026-08-01,0.0030027570614882667,Low,Logistic Regression,v1.0.0
ENG-00890,2026-07-01,0.0027851944574008632,Low,Logistic Regression,v1.0.0
ENG-00890,2026-08-01,0.918440434555886,Critical,Logistic Regression,v1.0.0
ENG-00891,2025-07-01,0.3543480775578996,Watch,Logistic Regression,v1.0.0
ENG-00891,2025-08-01,0.1329753600886799,Low,Logistic Regression,v1.0.0
ENG-00891,2025-09-01,0.27780067988108204,Low,Logistic Regression,v1.0.0
ENG-00891,2025-10-01,0.1878679941219537,Low,Logistic Regression,v1.0.0
ENG-00891,2025-11-01,0.8411148960174971,Critical,Logistic Regression,v1.0.0
ENG-00891,2025-12-01,0.45835018536364874,Watch,Logistic Regression,v1.0.0
ENG-00891,2026-01-01,0.02951187437155453,Low,Logistic Regression,v1.0.0
ENG-00892,2025-06-01,0.5972257007775117,Watch,Logistic Regression,v1.0.0
ENG-00892,2025-07-01,0.980559691949882,Critical,Logistic Regression,v1.0.0
ENG-00892,2025-08-01,0.9941403197924196,Critical,Logistic Regression,v1.0.0
ENG-00892,2025-09-01,0.9996119323628253,Critical,Logistic Regression,v1.0.0
ENG-00892,2025-10-01,0.9991331029269119,Critical,Logistic Regression,v1.0.0
ENG-00893,2025-02-01,0.05837025818007938,Low,Logistic Regression,v1.0.0
ENG-00893,2025-03-01,0.2508925204499708,Low,Logistic Regression,v1.0.0
ENG-00893,2025-04-01,0.0016067493159699214,Low,Logistic Regression,v1.0.0
ENG-00893,2025-05-01,0.06569316141205801,Low,Logistic Regression,v1.0.0
ENG-00893,2025-06-01,0.010804132268534031,Low,Logistic Regression,v1.0.0
ENG-00893,2025-07-01,0.017903712495372186,Low,Logistic Regression,v1.0.0
ENG-00893,2025-08-01,0.038778429820764744,Low,Logistic Regression,v1.0.0
ENG-00893,2025-09-01,0.0017839163791281345,Low,Logistic Regression,v1.0.0
ENG-00893,2025-10-01,0.5595050150459344,Watch,Logistic Regression,v1.0.0
ENG-00893,2025-11-01,0.010517591062886552,Low,Logistic Regression,v1.0.0
ENG-00894,2025-06-01,0.06880366671513101,Low,Logistic Regression,v1.0.0
ENG-00894,2025-07-01,0.020641903131155173,Low,Logistic Regression,v1.0.0
ENG-00894,2025-08-01,0.004537324683527921,Low,Logistic Regression,v1.0.0
ENG-00894,2025-09-01,0.01972519760151323,Low,Logistic Regression,v1.0.0
ENG-00894,2025-10-01,0.022324254610790687,Low,Logistic Regression,v1.0.0
ENG-00894,2025-11-01,0.000883838651972968,Low,Logistic Regression,v1.0.0
ENG-00894,2025-12-01,0.5816819723069415,Watch,Logistic Regression,v1.0.0
ENG-00894,2026-01-01,0.00140528754473399,Low,Logistic Regression,v1.0.0
ENG-00894,2026-02-01,0.08675210462798957,Low,Logistic Regression,v1.0.0
ENG-00895,2024-11-01,0.05970577946269721,Low,Logistic Regression,v1.0.0
ENG-00895,2024-12-01,0.08778296591298906,Low,Logistic Regression,v1.0.0
ENG-00895,2025-01-01,0.04910880606748243,Low,Logistic Regression,v1.0.0
ENG-00895,2025-02-01,0.30188484735814825,Low,Logistic Regression,v1.0.0
ENG-00895,2025-03-01,0.0160746009628137,Low,Logistic Regression,v1.0.0
ENG-00895,2025-04-01,0.06601154695523946,Low,Logistic Regression,v1.0.0
ENG-00895,2025-05-01,0.09585816102249774,Low,Logistic Regression,v1.0.0
ENG-00895,2025-06-01,0.04318136873426521,Low,Logistic Regression,v1.0.0
ENG-00895,2025-07-01,0.02473022865811905,Low,Logistic Regression,v1.0.0
ENG-00895,2025-08-01,0.0034434329750898766,Low,Logistic Regression,v1.0.0
ENG-00895,2025-09-01,0.27451162072169083,Low,Logistic Regression,v1.0.0
ENG-00896,2024-03-01,0.023846710694937,Low,Logistic Regression,v1.0.0
ENG-00896,2024-04-01,0.007505278975008577,Low,Logistic Regression,v1.0.0
ENG-00896,2024-05-01,0.013382481233407384,Low,Logistic Regression,v1.0.0
ENG-00896,2024-06-01,0.1029084407924234,Low,Logistic Regression,v1.0.0
ENG-00896,2024-07-01,0.015681753466279282,Low,Logistic Regression,v1.0.0
ENG-00896,2024-08-01,0.1699198417144245,Low,Logistic Regression,v1.0.0
ENG-00896,2024-09-01,0.9042444231911256,Critical,Logistic Regression,v1.0.0
ENG-00896,2024-10-01,0.7900482520521758,Critical,Logistic Regression,v1.0.0
ENG-00896,2024-11-01,0.9604302188380078,Critical,Logistic Regression,v1.0.0
ENG-00897,2025-08-01,0.013519144004605703,Low,Logistic Regression,v1.0.0
ENG-00897,2025-09-01,0.07041283761875437,Low,Logistic Regression,v1.0.0
ENG-00897,2025-10-01,0.0023959906400230937,Low,Logistic Regression,v1.0.0
ENG-00897,2025-11-01,0.04661400416122,Low,Logistic Regression,v1.0.0
ENG-00897,2025-12-01,0.02313307215631714,Low,Logistic Regression,v1.0.0
ENG-00897,2026-01-01,0.01088365231641743,Low,Logistic Regression,v1.0.0
ENG-00897,2026-02-01,0.0008453954827992466,Low,Logistic Regression,v1.0.0
ENG-00897,2026-03-01,0.014360343667257438,Low,Logistic Regression,v1.0.0
ENG-00897,2026-04-01,0.0008721387548553965,Low,Logistic Regression,v1.0.0
ENG-00897,2026-05-01,0.02019041702766003,Low,Logistic Regression,v1.0.0
ENG-00897,2026-06-01,0.0002027974509480674,Low,Logistic Regression,v1.0.0
ENG-00898,2026-05-01,0.02107328068511863,Low,Logistic Regression,v1.0.0
ENG-00898,2026-06-01,0.02675488458521504,Low,Logistic Regression,v1.0.0
ENG-00898,2026-07-01,0.014535810215424914,Low,Logistic Regression,v1.0.0
ENG-00898,2026-08-01,0.016078268815864615,Low,Logistic Regression,v1.0.0
ENG-00899,2024-06-01,0.04451344005846664,Low,Logistic Regression,v1.0.0
ENG-00899,2024-07-01,0.17349422161555977,Low,Logistic Regression,v1.0.0
ENG-00899,2024-08-01,0.0648300768919074,Low,Logistic Regression,v1.0.0
ENG-00899,2024-09-01,0.034168999886144996,Low,Logistic Regression,v1.0.0
ENG-00899,2024-10-01,0.015551666759802433,Low,Logistic Regression,v1.0.0
ENG-00899,2024-11-01,0.02739113304742015,Low,Logistic Regression,v1.0.0
ENG-00899,2024-12-01,0.039426128614066074,Low,Logistic Regression,v1.0.0
ENG-00899,2025-01-01,0.005493702471920283,Low,Logistic Regression,v1.0.0
ENG-00900,2024-03-01,0.1491666339437454,Low,Logistic Regression,v1.0.0
ENG-00900,2024-04-01,0.06283532710528766,Low,Logistic Regression,v1.0.0
ENG-00900,2024-05-01,0.4273020130841159,Watch,Logistic Regression,v1.0.0
ENG-00900,2024-06-01,0.07139510657517001,Low,Logistic Regression,v1.0.0
ENG-00900,2024-07-01,0.09463246100227093,Low,Logistic Regression,v1.0.0
ENG-00900,2024-08-01,0.2091550695792837,Low,Logistic Regression,v1.0.0
ENG-00900,2024-09-01,0.024387797309532718,Low,Logistic Regression,v1.0.0
ENG-00900,2024-10-01,0.00909617720644481,Low,Logistic Regression,v1.0.0
ENG-00900,2024-11-01,0.05593312324184801,Low,Logistic Regression,v1.0.0
ENG-00900,2024-12-01,0.04865648732921043,Low,Logistic Regression,v1.0.0
ENG-00900,2025-01-01,0.12887638624741102,Low,Logistic Regression,v1.0.0
ENG-00901,2025-10-01,0.13928581186348118,Low,Logistic Regression,v1.0.0
ENG-00901,2025-11-01,0.479795538083327,Watch,Logistic Regression,v1.0.0
ENG-00901,2025-12-01,0.9602509310807068,Critical,Logistic Regression,v1.0.0
ENG-00901,2026-01-01,0.9031568072902791,Critical,Logistic Regression,v1.0.0
ENG-00901,2026-02-01,0.9921814967494521,Critical,Logistic Regression,v1.0.0
ENG-00901,2026-03-01,0.9987968620836802,Critical,Logistic Regression,v1.0.0
ENG-00902,2026-01-01,0.02135563490106208,Low,Logistic Regression,v1.0.0
ENG-00902,2026-02-01,0.024333951167292204,Low,Logistic Regression,v1.0.0
ENG-00902,2026-03-01,0.00489757346802996,Low,Logistic Regression,v1.0.0
ENG-00902,2026-04-01,0.011862607617288811,Low,Logistic Regression,v1.0.0
ENG-00902,2026-05-01,0.05126179071010162,Low,Logistic Regression,v1.0.0
ENG-00902,2026-06-01,0.0003126258694840757,Low,Logistic Regression,v1.0.0
ENG-00902,2026-07-01,0.015284818541165318,Low,Logistic Regression,v1.0.0
ENG-00902,2026-08-01,0.0550496290963762,Low,Logistic Regression,v1.0.0
ENG-00903,2024-09-01,0.011187135189125187,Low,Logistic Regression,v1.0.0
ENG-00903,2024-10-01,0.03382157025730967,Low,Logistic Regression,v1.0.0
ENG-00903,2024-11-01,0.04022030830680057,Low,Logistic Regression,v1.0.0
ENG-00903,2024-12-01,0.31510251574052567,Low,Logistic Regression,v1.0.0
ENG-00903,2025-01-01,0.03737630687898661,Low,Logistic Regression,v1.0.0
ENG-00903,2025-02-01,0.0077381449925109525,Low,Logistic Regression,v1.0.0
ENG-00903,2025-03-01,0.20580897061392095,Low,Logistic Regression,v1.0.0
ENG-00904,2024-07-01,0.15888949818090353,Low,Logistic Regression,v1.0.0
ENG-00904,2024-08-01,0.053507298657532044,Low,Logistic Regression,v1.0.0
ENG-00904,2024-09-01,0.08485582308779635,Low,Logistic Regression,v1.0.0
ENG-00904,2024-10-01,0.6691502537180247,Critical,Logistic Regression,v1.0.0
ENG-00904,2024-11-01,0.06117738861863364,Low,Logistic Regression,v1.0.0
ENG-00904,2024-12-01,0.8151119248903834,Critical,Logistic Regression,v1.0.0
ENG-00904,2025-01-01,0.11171848482006976,Low,Logistic Regression,v1.0.0
ENG-00905,2026-04-01,0.03791313017013656,Low,Logistic Regression,v1.0.0
ENG-00905,2026-05-01,0.0729439531352998,Low,Logistic Regression,v1.0.0
ENG-00905,2026-06-01,0.05588738237440454,Low,Logistic Regression,v1.0.0
ENG-00905,2026-07-01,0.08379533381994657,Low,Logistic Regression,v1.0.0
ENG-00905,2026-08-01,0.01557438610979324,Low,Logistic Regression,v1.0.0
ENG-00905,2026-09-01,0.009109219307604347,Low,Logistic Regression,v1.0.0
ENG-00905,2026-10-01,0.04151632784470258,Low,Logistic Regression,v1.0.0
ENG-00905,2026-11-01,0.35852423052583016,Watch,Logistic Regression,v1.0.0
ENG-00905,2026-12-01,0.5404484973798162,Watch,Logistic Regression,v1.0.0
ENG-00905,2027-01-01,0.4193369315066469,Watch,Logistic Regression,v1.0.0
ENG-00905,2027-02-01,0.9611101191271303,Critical,Logistic Regression,v1.0.0
ENG-00906,2024-05-01,0.06697739862407526,Low,Logistic Regression,v1.0.0
ENG-00906,2024-06-01,0.0195225200762754,Low,Logistic Regression,v1.0.0
ENG-00906,2024-07-01,0.14782737069364976,Low,Logistic Regression,v1.0.0
ENG-00906,2024-08-01,0.030369346873744357,Low,Logistic Regression,v1.0.0
ENG-00906,2024-09-01,0.0701123864680954,Low,Logistic Regression,v1.0.0
ENG-00906,2024-10-01,0.08897696186376743,Low,Logistic Regression,v1.0.0
ENG-00906,2024-11-01,0.05938602285810538,Low,Logistic Regression,v1.0.0
ENG-00906,2024-12-01,0.007823671527190504,Low,Logistic Regression,v1.0.0
ENG-00906,2025-01-01,0.2871637673622149,Low,Logistic Regression,v1.0.0
ENG-00906,2025-02-01,0.043128660566137546,Low,Logistic Regression,v1.0.0
ENG-00906,2025-03-01,0.027363310881878326,Low,Logistic Regression,v1.0.0
ENG-00906,2025-04-01,0.04926178176117618,Low,Logistic Regression,v1.0.0
ENG-00907,2025-09-01,0.12229640746709163,Low,Logistic Regression,v1.0.0
ENG-00907,2025-10-01,0.38937098114298346,Watch,Logistic Regression,v1.0.0
ENG-00907,2025-11-01,0.021186821028473062,Low,Logistic Regression,v1.0.0
ENG-00907,2025-12-01,0.3407125780006202,Low,Logistic Regression,v1.0.0
ENG-00907,2026-01-01,0.0823324580532971,Low,Logistic Regression,v1.0.0
ENG-00907,2026-02-01,0.07502162552505243,Low,Logistic Regression,v1.0.0
ENG-00907,2026-03-01,0.22032552531940583,Low,Logistic Regression,v1.0.0
ENG-00907,2026-04-01,0.004005189075975259,Low,Logistic Regression,v1.0.0
ENG-00907,2026-05-01,0.30744699686220145,Low,Logistic Regression,v1.0.0
ENG-00907,2026-06-01,0.11341104711992538,Low,Logistic Regression,v1.0.0
ENG-00907,2026-07-01,0.4381552506223893,Watch,Logistic Regression,v1.0.0
ENG-00908,2025-11-01,0.07387376537612603,Low,Logistic Regression,v1.0.0
ENG-00908,2025-12-01,0.9456934351015489,Critical,Logistic Regression,v1.0.0
ENG-00908,2026-01-01,0.9554033584496257,Critical,Logistic Regression,v1.0.0
ENG-00908,2026-02-01,0.9647443174440448,Critical,Logistic Regression,v1.0.0
ENG-00909,2025-04-01,0.20211660029460893,Low,Logistic Regression,v1.0.0
ENG-00909,2025-05-01,0.9714068965700798,Critical,Logistic Regression,v1.0.0
ENG-00909,2025-06-01,0.5652702128928849,Watch,Logistic Regression,v1.0.0
ENG-00909,2025-07-01,0.9998923037986015,Critical,Logistic Regression,v1.0.0
ENG-00909,2025-08-01,0.9911754607981001,Critical,Logistic Regression,v1.0.0
ENG-00910,2026-08-01,0.30721753711629424,Low,Logistic Regression,v1.0.0
ENG-00911,2025-03-01,0.01488773276380595,Low,Logistic Regression,v1.0.0
ENG-00911,2025-04-01,0.07897921038256954,Low,Logistic Regression,v1.0.0
ENG-00911,2025-05-01,0.002311402117859466,Low,Logistic Regression,v1.0.0
ENG-00911,2025-06-01,0.5955547004631067,Watch,Logistic Regression,v1.0.0
ENG-00911,2025-07-01,0.6313782129864587,Watch,Logistic Regression,v1.0.0
ENG-00911,2025-08-01,0.5745941739245577,Watch,Logistic Regression,v1.0.0
ENG-00911,2025-09-01,0.9895153784459088,Critical,Logistic Regression,v1.0.0
ENG-00912,2025-12-01,0.014313708964053285,Low,Logistic Regression,v1.0.0
ENG-00912,2026-01-01,0.00833690146305545,Low,Logistic Regression,v1.0.0
ENG-00912,2026-02-01,0.042227635484994724,Low,Logistic Regression,v1.0.0
ENG-00912,2026-03-01,0.024241928286871255,Low,Logistic Regression,v1.0.0
ENG-00912,2026-04-01,0.01398453144634335,Low,Logistic Regression,v1.0.0
ENG-00912,2026-05-01,0.008617248659627036,Low,Logistic Regression,v1.0.0
ENG-00912,2026-06-01,0.011763135752486517,Low,Logistic Regression,v1.0.0
ENG-00912,2026-07-01,0.0022157160269195343,Low,Logistic Regression,v1.0.0
ENG-00912,2026-08-01,0.02462183915859092,Low,Logistic Regression,v1.0.0
ENG-00913,2024-11-01,0.08086550838210366,Low,Logistic Regression,v1.0.0
ENG-00913,2024-12-01,0.12338552612941713,Low,Logistic Regression,v1.0.0
ENG-00913,2025-01-01,0.014177823100854458,Low,Logistic Regression,v1.0.0
ENG-00913,2025-02-01,0.6079057179221415,Watch,Logistic Regression,v1.0.0
ENG-00913,2025-03-01,0.003548856046207665,Low,Logistic Regression,v1.0.0
ENG-00913,2025-04-01,0.34268215450520345,Low,Logistic Regression,v1.0.0
ENG-00913,2025-05-01,0.03779989467651517,Low,Logistic Regression,v1.0.0
ENG-00913,2025-06-01,0.03250447409836188,Low,Logistic Regression,v1.0.0
ENG-00913,2025-07-01,0.029135142452937822,Low,Logistic Regression,v1.0.0
ENG-00913,2025-08-01,0.004666650717896121,Low,Logistic Regression,v1.0.0
ENG-00913,2025-09-01,0.018750450742568838,Low,Logistic Regression,v1.0.0
ENG-00914,2026-05-01,0.3907850812514941,Watch,Logistic Regression,v1.0.0
ENG-00914,2026-06-01,0.7343260034908495,Critical,Logistic Regression,v1.0.0
ENG-00914,2026-07-01,0.9692437282997559,Critical,Logistic Regression,v1.0.0
ENG-00914,2026-08-01,0.9784904973891517,Critical,Logistic Regression,v1.0.0
ENG-00915,2024-10-01,0.0022464635783498166,Low,Logistic Regression,v1.0.0
ENG-00915,2024-11-01,0.022776729496443982,Low,Logistic Regression,v1.0.0
ENG-00915,2024-12-01,0.00018396046065631344,Low,Logistic Regression,v1.0.0
ENG-00915,2025-01-01,0.08878156464710807,Low,Logistic Regression,v1.0.0
ENG-00915,2025-02-01,0.0029868218421586915,Low,Logistic Regression,v1.0.0
ENG-00915,2025-03-01,0.006208167053661047,Low,Logistic Regression,v1.0.0
ENG-00915,2025-04-01,0.0014233769642575766,Low,Logistic Regression,v1.0.0
ENG-00915,2025-05-01,0.006579654662857826,Low,Logistic Regression,v1.0.0
ENG-00916,2025-07-01,0.0069190707854381184,Low,Logistic Regression,v1.0.0
ENG-00916,2025-08-01,0.006719833704324631,Low,Logistic Regression,v1.0.0
ENG-00916,2025-09-01,0.0045876206323790065,Low,Logistic Regression,v1.0.0
ENG-00916,2025-10-01,0.006651796953847727,Low,Logistic Regression,v1.0.0
ENG-00916,2025-11-01,0.0001515844972926716,Low,Logistic Regression,v1.0.0
ENG-00916,2025-12-01,0.04017021157611358,Low,Logistic Regression,v1.0.0
ENG-00916,2026-01-01,0.003007414633728906,Low,Logistic Regression,v1.0.0
ENG-00916,2026-02-01,0.0012453978070075592,Low,Logistic Regression,v1.0.0
ENG-00916,2026-03-01,0.0026695630156829786,Low,Logistic Regression,v1.0.0
ENG-00916,2026-04-01,0.009624933460410812,Low,Logistic Regression,v1.0.0
ENG-00917,2025-08-01,0.008442742690862171,Low,Logistic Regression,v1.0.0
ENG-00917,2025-09-01,0.0539899259445784,Low,Logistic Regression,v1.0.0
ENG-00917,2025-10-01,0.0034443311514478115,Low,Logistic Regression,v1.0.0
ENG-00917,2025-11-01,0.028680159109295337,Low,Logistic Regression,v1.0.0
ENG-00917,2025-12-01,0.022514959466681084,Low,Logistic Regression,v1.0.0
ENG-00917,2026-01-01,0.183977316997,Low,Logistic Regression,v1.0.0
ENG-00917,2026-02-01,0.3159604128404774,Low,Logistic Regression,v1.0.0
ENG-00917,2026-03-01,0.8870194215190088,Critical,Logistic Regression,v1.0.0
ENG-00917,2026-04-01,0.9175465311091923,Critical,Logistic Regression,v1.0.0
ENG-00918,2025-11-01,0.08001470911018002,Low,Logistic Regression,v1.0.0
ENG-00918,2025-12-01,0.07635777644473268,Low,Logistic Regression,v1.0.0
ENG-00918,2026-01-01,0.09461534435308454,Low,Logistic Regression,v1.0.0
ENG-00918,2026-02-01,0.09970256633050642,Low,Logistic Regression,v1.0.0
ENG-00918,2026-03-01,0.4985721658441057,Watch,Logistic Regression,v1.0.0
ENG-00918,2026-04-01,0.01238533558790141,Low,Logistic Regression,v1.0.0
ENG-00918,2026-05-01,0.834978510988157,Critical,Logistic Regression,v1.0.0
ENG-00918,2026-06-01,0.33965615286145934,Low,Logistic Regression,v1.0.0
ENG-00918,2026-07-01,0.8664954648969958,Critical,Logistic Regression,v1.0.0
ENG-00918,2026-08-01,0.9976978929129582,Critical,Logistic Regression,v1.0.0
ENG-00919,2026-06-01,0.04813032462954802,Low,Logistic Regression,v1.0.0
ENG-00919,2026-07-01,0.9260494426972794,Critical,Logistic Regression,v1.0.0
ENG-00919,2026-08-01,0.9583263380765588,Critical,Logistic Regression,v1.0.0
ENG-00920,2024-07-01,0.06717785423691226,Low,Logistic Regression,v1.0.0
ENG-00920,2024-08-01,0.016497409124585336,Low,Logistic Regression,v1.0.0
ENG-00920,2024-09-01,0.2116653477004867,Low,Logistic Regression,v1.0.0
ENG-00920,2024-10-01,0.0112813079771998,Low,Logistic Regression,v1.0.0
ENG-00920,2024-11-01,0.04686339157022032,Low,Logistic Regression,v1.0.0
ENG-00920,2024-12-01,0.17670889919207106,Low,Logistic Regression,v1.0.0
ENG-00920,2025-01-01,0.20433222686290248,Low,Logistic Regression,v1.0.0
ENG-00920,2025-02-01,0.015362354263900114,Low,Logistic Regression,v1.0.0
ENG-00920,2025-03-01,0.30291027002641596,Low,Logistic Regression,v1.0.0
ENG-00920,2025-04-01,0.11853139187159503,Low,Logistic Regression,v1.0.0
ENG-00920,2025-05-01,0.05700392510001829,Low,Logistic Regression,v1.0.0
ENG-00921,2025-12-01,0.39931557373379867,Watch,Logistic Regression,v1.0.0
ENG-00921,2026-01-01,0.06522800738613392,Low,Logistic Regression,v1.0.0
ENG-00921,2026-02-01,0.042276567214462456,Low,Logistic Regression,v1.0.0
ENG-00921,2026-03-01,0.5820275835733704,Watch,Logistic Regression,v1.0.0
ENG-00921,2026-04-01,0.3262808084690806,Low,Logistic Regression,v1.0.0
ENG-00921,2026-05-01,0.5242589945299673,Watch,Logistic Regression,v1.0.0
ENG-00921,2026-06-01,0.2430346649888278,Low,Logistic Regression,v1.0.0
ENG-00921,2026-07-01,0.2945328055706377,Low,Logistic Regression,v1.0.0
ENG-00921,2026-08-01,0.4211455221601288,Watch,Logistic Regression,v1.0.0
ENG-00922,2026-02-01,0.5544984788882537,Watch,Logistic Regression,v1.0.0
ENG-00922,2026-03-01,0.13501518514546113,Low,Logistic Regression,v1.0.0
ENG-00922,2026-04-01,0.10389336987446172,Low,Logistic Regression,v1.0.0
ENG-00922,2026-05-01,0.4535609424672401,Watch,Logistic Regression,v1.0.0
ENG-00922,2026-06-01,0.02423134855760272,Low,Logistic Regression,v1.0.0
ENG-00922,2026-07-01,0.22195606628952752,Low,Logistic Regression,v1.0.0
ENG-00922,2026-08-01,0.07047142712013785,Low,Logistic Regression,v1.0.0
ENG-00923,2025-07-01,0.16499926494694564,Low,Logistic Regression,v1.0.0
ENG-00923,2025-08-01,0.7619263200463108,Critical,Logistic Regression,v1.0.0
ENG-00923,2025-09-01,0.5263406701211777,Watch,Logistic Regression,v1.0.0
ENG-00923,2025-10-01,0.1571293537130973,Low,Logistic Regression,v1.0.0
ENG-00923,2025-11-01,0.14195676192348353,Low,Logistic Regression,v1.0.0
ENG-00923,2025-12-01,0.7677307739470726,Critical,Logistic Regression,v1.0.0
ENG-00923,2026-01-01,0.07434711901570812,Low,Logistic Regression,v1.0.0
ENG-00923,2026-02-01,0.6020267484565579,Watch,Logistic Regression,v1.0.0
ENG-00924,2026-08-01,0.11928384048270319,Low,Logistic Regression,v1.0.0
ENG-00925,2024-02-01,0.23104248736348557,Low,Logistic Regression,v1.0.0
ENG-00925,2024-03-01,0.9965774104737837,Critical,Logistic Regression,v1.0.0
ENG-00925,2024-04-01,0.8636492093909574,Critical,Logistic Regression,v1.0.0
ENG-00925,2024-05-01,0.9942940989355593,Critical,Logistic Regression,v1.0.0
ENG-00925,2024-06-01,0.9999282091525924,Critical,Logistic Regression,v1.0.0
ENG-00926,2024-05-01,0.05995349951594691,Low,Logistic Regression,v1.0.0
ENG-00926,2024-06-01,0.8190309176357885,Critical,Logistic Regression,v1.0.0
ENG-00926,2024-07-01,0.40905300416601936,Watch,Logistic Regression,v1.0.0
ENG-00926,2024-08-01,0.6704699444105411,Critical,Logistic Regression,v1.0.0
ENG-00927,2024-11-01,0.22017850737251007,Low,Logistic Regression,v1.0.0
ENG-00927,2024-12-01,0.1504360170971489,Low,Logistic Regression,v1.0.0
ENG-00927,2025-01-01,0.026681680653725736,Low,Logistic Regression,v1.0.0
ENG-00927,2025-02-01,0.8932337290800113,Critical,Logistic Regression,v1.0.0
ENG-00927,2025-03-01,0.7678899761892067,Critical,Logistic Regression,v1.0.0
ENG-00927,2025-04-01,0.9394000613508253,Critical,Logistic Regression,v1.0.0
ENG-00927,2025-05-01,0.9985022088831492,Critical,Logistic Regression,v1.0.0
ENG-00928,2025-06-01,0.768016287762907,Critical,Logistic Regression,v1.0.0
ENG-00928,2025-07-01,0.9951855635098995,Critical,Logistic Regression,v1.0.0
ENG-00928,2025-08-01,0.9817929067297605,Critical,Logistic Regression,v1.0.0
ENG-00928,2025-09-01,0.9999531690721126,Critical,Logistic Regression,v1.0.0
ENG-00929,2026-02-01,0.4013560466876763,Watch,Logistic Regression,v1.0.0
ENG-00929,2026-03-01,0.44006179206694235,Watch,Logistic Regression,v1.0.0
ENG-00929,2026-04-01,0.4388027198878702,Watch,Logistic Regression,v1.0.0
ENG-00929,2026-05-01,0.2253951412580538,Low,Logistic Regression,v1.0.0
ENG-00929,2026-06-01,0.4713968537843661,Watch,Logistic Regression,v1.0.0
ENG-00929,2026-07-01,0.21969424477242536,Low,Logistic Regression,v1.0.0
ENG-00929,2026-08-01,0.05206554949881282,Low,Logistic Regression,v1.0.0
ENG-00930,2025-08-01,0.2713106846041833,Low,Logistic Regression,v1.0.0
ENG-00930,2025-09-01,0.039777658366897214,Low,Logistic Regression,v1.0.0
ENG-00930,2025-10-01,0.7273691831827475,Critical,Logistic Regression,v1.0.0
ENG-00930,2025-11-01,0.4184002122155105,Watch,Logistic Regression,v1.0.0
ENG-00930,2025-12-01,0.0633625606301999,Low,Logistic Regression,v1.0.0
ENG-00930,2026-01-01,0.1273630873944742,Low,Logistic Regression,v1.0.0
ENG-00930,2026-02-01,0.6321232466747996,Watch,Logistic Regression,v1.0.0
ENG-00930,2026-03-01,0.011637219579853092,Low,Logistic Regression,v1.0.0
ENG-00930,2026-04-01,0.7105525954644344,Critical,Logistic Regression,v1.0.0
ENG-00931,2025-11-01,0.012055590337191276,Low,Logistic Regression,v1.0.0
ENG-00931,2025-12-01,0.003557058116371497,Low,Logistic Regression,v1.0.0
ENG-00931,2026-01-01,0.35360247308072923,Watch,Logistic Regression,v1.0.0
ENG-00931,2026-02-01,0.100024884150124,Low,Logistic Regression,v1.0.0
ENG-00931,2026-03-01,0.03317990095201646,Low,Logistic Regression,v1.0.0
ENG-00931,2026-04-01,0.35208189142115803,Watch,Logistic Regression,v1.0.0
ENG-00932,2024-04-01,0.05316575407472776,Low,Logistic Regression,v1.0.0
ENG-00932,2024-05-01,0.08223458530743567,Low,Logistic Regression,v1.0.0
ENG-00932,2024-06-01,0.19171484469309577,Low,Logistic Regression,v1.0.0
ENG-00932,2024-07-01,0.3717643779601543,Watch,Logistic Regression,v1.0.0
ENG-00932,2024-08-01,0.8447028093335314,Critical,Logistic Regression,v1.0.0
ENG-00932,2024-09-01,0.9128092791624105,Critical,Logistic Regression,v1.0.0
ENG-00932,2024-10-01,0.9375430465555911,Critical,Logistic Regression,v1.0.0
ENG-00933,2025-07-01,0.030780568295571187,Low,Logistic Regression,v1.0.0
ENG-00933,2025-08-01,0.00663984709139828,Low,Logistic Regression,v1.0.0
ENG-00933,2025-09-01,0.007815473393180129,Low,Logistic Regression,v1.0.0
ENG-00933,2025-10-01,0.07778990032782593,Low,Logistic Regression,v1.0.0
ENG-00933,2025-11-01,0.09675745842748129,Low,Logistic Regression,v1.0.0
ENG-00933,2025-12-01,0.004346307372081206,Low,Logistic Regression,v1.0.0
ENG-00933,2026-01-01,0.0031266114789857613,Low,Logistic Regression,v1.0.0
ENG-00933,2026-02-01,0.026087294859281032,Low,Logistic Regression,v1.0.0
ENG-00933,2026-03-01,0.025969647694858752,Low,Logistic Regression,v1.0.0
ENG-00933,2026-04-01,0.037092157247236864,Low,Logistic Regression,v1.0.0
ENG-00933,2026-05-01,0.004901951995522217,Low,Logistic Regression,v1.0.0
ENG-00933,2026-06-01,0.07730647510297184,Low,Logistic Regression,v1.0.0
ENG-00934,2025-03-01,0.04433649907003857,Low,Logistic Regression,v1.0.0
ENG-00934,2025-04-01,0.6510037399210138,Critical,Logistic Regression,v1.0.0
ENG-00934,2025-05-01,0.18184904129852614,Low,Logistic Regression,v1.0.0
ENG-00934,2025-06-01,0.04379218699401842,Low,Logistic Regression,v1.0.0
ENG-00934,2025-07-01,0.38044372216642747,Watch,Logistic Regression,v1.0.0
ENG-00934,2025-08-01,0.025614368664717592,Low,Logistic Regression,v1.0.0
ENG-00934,2025-09-01,0.0724833562258097,Low,Logistic Regression,v1.0.0
ENG-00934,2025-10-01,0.8390540232885013,Critical,Logistic Regression,v1.0.0
ENG-00934,2025-11-01,0.07733999977996331,Low,Logistic Regression,v1.0.0
ENG-00934,2025-12-01,0.09777345237628184,Low,Logistic Regression,v1.0.0
ENG-00935,2025-08-01,0.006286028723647431,Low,Logistic Regression,v1.0.0
ENG-00935,2025-09-01,0.04225330085481293,Low,Logistic Regression,v1.0.0
ENG-00935,2025-10-01,0.006459011986109155,Low,Logistic Regression,v1.0.0
ENG-00935,2025-11-01,0.00042483392477066267,Low,Logistic Regression,v1.0.0
ENG-00935,2025-12-01,0.13335825106729918,Low,Logistic Regression,v1.0.0
ENG-00935,2026-01-01,0.007078471471312689,Low,Logistic Regression,v1.0.0
ENG-00935,2026-02-01,0.009324436162893078,Low,Logistic Regression,v1.0.0
ENG-00936,2024-04-01,0.09283991116142387,Low,Logistic Regression,v1.0.0
ENG-00936,2024-05-01,0.22125364465991118,Low,Logistic Regression,v1.0.0
ENG-00936,2024-06-01,0.7384654724287913,Critical,Logistic Regression,v1.0.0
ENG-00936,2024-07-01,0.9234900006292702,Critical,Logistic Regression,v1.0.0
ENG-00936,2024-08-01,0.9260279568576768,Critical,Logistic Regression,v1.0.0
ENG-00936,2024-09-01,0.9987459886076034,Critical,Logistic Regression,v1.0.0
ENG-00937,2024-01-01,0.018613112665534434,Low,Logistic Regression,v1.0.0
ENG-00937,2024-02-01,0.7913220061469641,Critical,Logistic Regression,v1.0.0
ENG-00937,2024-03-01,0.9781186566397634,Critical,Logistic Regression,v1.0.0
ENG-00937,2024-04-01,0.8426630191095223,Critical,Logistic Regression,v1.0.0
ENG-00937,2024-05-01,0.9995868037307235,Critical,Logistic Regression,v1.0.0
ENG-00938,2025-11-01,0.006760179962185564,Low,Logistic Regression,v1.0.0
ENG-00938,2025-12-01,0.269058414864022,Low,Logistic Regression,v1.0.0
ENG-00938,2026-01-01,0.029026840277014267,Low,Logistic Regression,v1.0.0
ENG-00938,2026-02-01,0.09935849053921939,Low,Logistic Regression,v1.0.0
ENG-00938,2026-03-01,0.21185892010246973,Low,Logistic Regression,v1.0.0
ENG-00938,2026-04-01,0.08064238509930134,Low,Logistic Regression,v1.0.0
ENG-00938,2026-05-01,0.4196395998891238,Watch,Logistic Regression,v1.0.0
ENG-00939,2025-10-01,0.6548043295172956,Critical,Logistic Regression,v1.0.0
ENG-00939,2025-11-01,0.5462187870063661,Watch,Logistic Regression,v1.0.0
ENG-00939,2025-12-01,0.9711095147537564,Critical,Logistic Regression,v1.0.0
ENG-00939,2026-01-01,0.5252865438153603,Watch,Logistic Regression,v1.0.0
ENG-00939,2026-02-01,0.2755213001215135,Low,Logistic Regression,v1.0.0
ENG-00939,2026-03-01,0.9408447729774294,Critical,Logistic Regression,v1.0.0
ENG-00939,2026-04-01,0.9974620867023475,Critical,Logistic Regression,v1.0.0
ENG-00939,2026-05-01,0.9928769476768143,Critical,Logistic Regression,v1.0.0
ENG-00939,2026-06-01,0.992092054275391,Critical,Logistic Regression,v1.0.0
ENG-00940,2026-06-01,0.28616529515385175,Low,Logistic Regression,v1.0.0
ENG-00940,2026-07-01,0.21066444077126,Low,Logistic Regression,v1.0.0
ENG-00940,2026-08-01,0.2780893035987669,Low,Logistic Regression,v1.0.0
ENG-00941,2025-04-01,0.014076201672117641,Low,Logistic Regression,v1.0.0
ENG-00941,2025-05-01,0.06356207585286883,Low,Logistic Regression,v1.0.0
ENG-00941,2025-06-01,0.0019911143925983726,Low,Logistic Regression,v1.0.0
ENG-00941,2025-07-01,0.1150506846193427,Low,Logistic Regression,v1.0.0
ENG-00941,2025-08-01,0.003286925149110958,Low,Logistic Regression,v1.0.0
ENG-00941,2025-09-01,0.34506179960751504,Low,Logistic Regression,v1.0.0
ENG-00941,2025-10-01,0.0010265096485828893,Low,Logistic Regression,v1.0.0
ENG-00941,2025-11-01,0.021535693832253695,Low,Logistic Regression,v1.0.0
ENG-00941,2025-12-01,0.026968791089146012,Low,Logistic Regression,v1.0.0
ENG-00941,2026-01-01,0.007731410111544575,Low,Logistic Regression,v1.0.0
ENG-00941,2026-02-01,0.0018570175049524467,Low,Logistic Regression,v1.0.0
ENG-00941,2026-03-01,0.03968263969266206,Low,Logistic Regression,v1.0.0
ENG-00942,2024-03-01,0.2109536590535759,Low,Logistic Regression,v1.0.0
ENG-00942,2024-04-01,0.06463560158250567,Low,Logistic Regression,v1.0.0
ENG-00942,2024-05-01,0.014335130959583588,Low,Logistic Regression,v1.0.0
ENG-00942,2024-06-01,0.03518377721095411,Low,Logistic Regression,v1.0.0
ENG-00942,2024-07-01,0.7109254051897226,Critical,Logistic Regression,v1.0.0
ENG-00942,2024-08-01,0.06961280072640776,Low,Logistic Regression,v1.0.0
ENG-00942,2024-09-01,0.22293448509554858,Low,Logistic Regression,v1.0.0
ENG-00943,2024-09-01,0.1004658811827741,Low,Logistic Regression,v1.0.0
ENG-00943,2024-10-01,0.8250697334527987,Critical,Logistic Regression,v1.0.0
ENG-00943,2024-11-01,0.943324271031839,Critical,Logistic Regression,v1.0.0
ENG-00943,2024-12-01,0.9988937388427096,Critical,Logistic Regression,v1.0.0
ENG-00944,2024-01-01,0.02161227991080227,Low,Logistic Regression,v1.0.0
ENG-00944,2024-02-01,0.051258475746443544,Low,Logistic Regression,v1.0.0
ENG-00944,2024-03-01,0.040819592361484,Low,Logistic Regression,v1.0.0
ENG-00944,2024-04-01,0.19218442994863577,Low,Logistic Regression,v1.0.0
ENG-00944,2024-05-01,0.04027350159314735,Low,Logistic Regression,v1.0.0
ENG-00944,2024-06-01,0.024510211359141824,Low,Logistic Regression,v1.0.0
ENG-00944,2024-07-01,0.01579010344463163,Low,Logistic Regression,v1.0.0
ENG-00944,2024-08-01,0.02434877777950351,Low,Logistic Regression,v1.0.0
ENG-00944,2024-09-01,0.2284060472462251,Low,Logistic Regression,v1.0.0
ENG-00944,2024-10-01,0.014155528462893458,Low,Logistic Regression,v1.0.0
ENG-00944,2024-11-01,0.0017091560666427825,Low,Logistic Regression,v1.0.0
ENG-00944,2024-12-01,0.09485311680327982,Low,Logistic Regression,v1.0.0
ENG-00945,2025-08-01,0.011293891196490236,Low,Logistic Regression,v1.0.0
ENG-00945,2025-09-01,0.01385410481750239,Low,Logistic Regression,v1.0.0
ENG-00945,2025-10-01,0.005193614744614043,Low,Logistic Regression,v1.0.0
ENG-00945,2025-11-01,0.035226403149558154,Low,Logistic Regression,v1.0.0
ENG-00945,2025-12-01,0.005420401644867178,Low,Logistic Regression,v1.0.0
ENG-00945,2026-01-01,0.03401092475160886,Low,Logistic Regression,v1.0.0
ENG-00945,2026-02-01,0.0040337669599300255,Low,Logistic Regression,v1.0.0
ENG-00945,2026-03-01,0.04010904050682759,Low,Logistic Regression,v1.0.0
ENG-00945,2026-04-01,0.002478747093041677,Low,Logistic Regression,v1.0.0
ENG-00945,2026-05-01,0.0006779339476648434,Low,Logistic Regression,v1.0.0
ENG-00946,2024-03-01,0.07664268001276288,Low,Logistic Regression,v1.0.0
ENG-00946,2024-04-01,0.15501975076463284,Low,Logistic Regression,v1.0.0
ENG-00946,2024-05-01,0.19986485395354314,Low,Logistic Regression,v1.0.0
ENG-00946,2024-06-01,0.011847258925200244,Low,Logistic Regression,v1.0.0
ENG-00946,2024-07-01,0.04625653598407602,Low,Logistic Regression,v1.0.0
ENG-00946,2024-08-01,0.2996491584651178,Low,Logistic Regression,v1.0.0
ENG-00946,2024-09-01,0.011012629701811782,Low,Logistic Regression,v1.0.0
ENG-00947,2025-04-01,0.038347071585190434,Low,Logistic Regression,v1.0.0
ENG-00947,2025-05-01,0.0014908625479920726,Low,Logistic Regression,v1.0.0
ENG-00947,2025-06-01,0.07635638517731345,Low,Logistic Regression,v1.0.0
ENG-00947,2025-07-01,0.1768202175926222,Low,Logistic Regression,v1.0.0
ENG-00947,2025-08-01,0.0765559621773492,Low,Logistic Regression,v1.0.0
ENG-00947,2025-09-01,0.9837193949237754,Critical,Logistic Regression,v1.0.0
ENG-00947,2025-10-01,0.6501335780615493,Critical,Logistic Regression,v1.0.0
ENG-00947,2025-11-01,0.6637492411037017,Critical,Logistic Regression,v1.0.0
ENG-00948,2024-01-01,0.8064694429556798,Critical,Logistic Regression,v1.0.0
ENG-00948,2024-02-01,0.7983010439958519,Critical,Logistic Regression,v1.0.0
ENG-00948,2024-03-01,0.2598464543982501,Low,Logistic Regression,v1.0.0
ENG-00948,2024-04-01,0.45948603479533273,Watch,Logistic Regression,v1.0.0
ENG-00948,2024-05-01,0.20615653334578446,Low,Logistic Regression,v1.0.0
ENG-00948,2024-06-01,0.5031121141926177,Watch,Logistic Regression,v1.0.0
ENG-00948,2024-07-01,0.2430233684155854,Low,Logistic Regression,v1.0.0
ENG-00948,2024-08-01,0.2234385567888396,Low,Logistic Regression,v1.0.0
ENG-00948,2024-09-01,0.22493327162764734,Low,Logistic Regression,v1.0.0
ENG-00948,2024-10-01,0.6879570278747568,Critical,Logistic Regression,v1.0.0
ENG-00948,2024-11-01,0.12460932462273651,Low,Logistic Regression,v1.0.0
ENG-00948,2024-12-01,0.03065560636014895,Low,Logistic Regression,v1.0.0
ENG-00949,2025-03-01,0.008862705665650632,Low,Logistic Regression,v1.0.0
ENG-00949,2025-04-01,0.03228190974139505,Low,Logistic Regression,v1.0.0
ENG-00949,2025-05-01,0.08306640045643035,Low,Logistic Regression,v1.0.0
ENG-00949,2025-06-01,0.06343924269583595,Low,Logistic Regression,v1.0.0
ENG-00949,2025-07-01,0.013318766586701402,Low,Logistic Regression,v1.0.0
ENG-00949,2025-08-01,0.0028520282283249704,Low,Logistic Regression,v1.0.0
ENG-00949,2025-09-01,0.004017933304189953,Low,Logistic Regression,v1.0.0
ENG-00950,2026-04-01,0.05566555594467168,Low,Logistic Regression,v1.0.0
ENG-00950,2026-05-01,0.4208924853611707,Watch,Logistic Regression,v1.0.0
ENG-00950,2026-06-01,0.0035204961335346587,Low,Logistic Regression,v1.0.0
ENG-00950,2026-07-01,0.005731771289895299,Low,Logistic Regression,v1.0.0
ENG-00950,2026-08-01,0.009373629013335192,Low,Logistic Regression,v1.0.0
ENG-00951,2024-10-01,0.21932060813020363,Low,Logistic Regression,v1.0.0
ENG-00951,2024-11-01,0.1199904789346913,Low,Logistic Regression,v1.0.0
ENG-00951,2024-12-01,0.28663362049873264,Low,Logistic Regression,v1.0.0
ENG-00951,2025-01-01,0.46662438274761875,Watch,Logistic Regression,v1.0.0
ENG-00951,2025-02-01,0.025520693973296055,Low,Logistic Regression,v1.0.0
ENG-00951,2025-03-01,0.07024517561080865,Low,Logistic Regression,v1.0.0
ENG-00951,2025-04-01,0.06341615929601321,Low,Logistic Regression,v1.0.0
ENG-00951,2025-05-01,0.3029079953762287,Low,Logistic Regression,v1.0.0
ENG-00951,2025-06-01,0.0977862739660521,Low,Logistic Regression,v1.0.0
ENG-00951,2025-07-01,0.008212610042791077,Low,Logistic Regression,v1.0.0
ENG-00951,2025-08-01,0.4218291345249471,Watch,Logistic Regression,v1.0.0
ENG-00952,2024-02-01,0.0036853264723301997,Low,Logistic Regression,v1.0.0
ENG-00952,2024-03-01,0.017725100349745306,Low,Logistic Regression,v1.0.0
ENG-00952,2024-04-01,0.01349805639398238,Low,Logistic Regression,v1.0.0
ENG-00952,2024-05-01,0.0031026725081723734,Low,Logistic Regression,v1.0.0
ENG-00952,2024-06-01,0.001710073639901582,Low,Logistic Regression,v1.0.0
ENG-00952,2024-07-01,0.002383326526993492,Low,Logistic Regression,v1.0.0
ENG-00952,2024-08-01,0.01274553915321322,Low,Logistic Regression,v1.0.0
ENG-00952,2024-09-01,0.000537259584078381,Low,Logistic Regression,v1.0.0
ENG-00953,2026-07-01,0.17233410373781122,Low,Logistic Regression,v1.0.0
ENG-00953,2026-08-01,0.010383573759321205,Low,Logistic Regression,v1.0.0
ENG-00954,2024-01-01,0.019956003887868605,Low,Logistic Regression,v1.0.0
ENG-00954,2024-02-01,0.0014188049249940348,Low,Logistic Regression,v1.0.0
ENG-00954,2024-03-01,0.09295272820785465,Low,Logistic Regression,v1.0.0
ENG-00954,2024-04-01,0.00281808016165504,Low,Logistic Regression,v1.0.0
ENG-00954,2024-05-01,0.09959566709626792,Low,Logistic Regression,v1.0.0
ENG-00954,2024-06-01,0.005093193717594243,Low,Logistic Regression,v1.0.0
ENG-00954,2024-07-01,0.11538298344045218,Low,Logistic Regression,v1.0.0
ENG-00954,2024-08-01,0.0009495034228110036,Low,Logistic Regression,v1.0.0
ENG-00954,2024-09-01,0.020009132532521637,Low,Logistic Regression,v1.0.0
ENG-00954,2024-10-01,0.00983789315884244,Low,Logistic Regression,v1.0.0
ENG-00955,2024-12-01,0.07007909514474489,Low,Logistic Regression,v1.0.0
ENG-00955,2025-01-01,0.058157767336103804,Low,Logistic Regression,v1.0.0
ENG-00955,2025-02-01,0.09046541461073566,Low,Logistic Regression,v1.0.0
ENG-00955,2025-03-01,0.19377453571714628,Low,Logistic Regression,v1.0.0
ENG-00955,2025-04-01,0.010207960183026953,Low,Logistic Regression,v1.0.0
ENG-00955,2025-05-01,0.14222300373922567,Low,Logistic Regression,v1.0.0
ENG-00955,2025-06-01,0.048982490714108734,Low,Logistic Regression,v1.0.0
ENG-00955,2025-07-01,0.046342629348601914,Low,Logistic Regression,v1.0.0
ENG-00955,2025-08-01,0.011391027829957271,Low,Logistic Regression,v1.0.0
ENG-00955,2025-09-01,0.01395329896260269,Low,Logistic Regression,v1.0.0
ENG-00955,2025-10-01,0.07511209932250626,Low,Logistic Regression,v1.0.0
ENG-00955,2025-11-01,0.0727498699876436,Low,Logistic Regression,v1.0.0
ENG-00955,2025-12-01,0.05376559706023023,Low,Logistic Regression,v1.0.0
ENG-00956,2024-12-01,0.18813014581677825,Low,Logistic Regression,v1.0.0
ENG-00956,2025-01-01,0.2963842122379399,Low,Logistic Regression,v1.0.0
ENG-00956,2025-02-01,0.2480787399337324,Low,Logistic Regression,v1.0.0
ENG-00956,2025-03-01,0.008799785231352825,Low,Logistic Regression,v1.0.0
ENG-00956,2025-04-01,0.01066302055861526,Low,Logistic Regression,v1.0.0
ENG-00956,2025-05-01,0.547331017726252,Watch,Logistic Regression,v1.0.0
ENG-00956,2025-06-01,0.4083372060702379,Watch,Logistic Regression,v1.0.0
ENG-00956,2025-07-01,0.0059046744099692,Low,Logistic Regression,v1.0.0
ENG-00956,2025-08-01,0.5542206827956792,Watch,Logistic Regression,v1.0.0
ENG-00956,2025-09-01,0.14806199828765243,Low,Logistic Regression,v1.0.0
ENG-00956,2025-10-01,0.04959972263984491,Low,Logistic Regression,v1.0.0
ENG-00956,2025-11-01,0.1429855263642176,Low,Logistic Regression,v1.0.0
ENG-00957,2025-05-01,0.07131453180575069,Low,Logistic Regression,v1.0.0
ENG-00957,2025-06-01,0.5286636739018208,Watch,Logistic Regression,v1.0.0
ENG-00957,2025-07-01,0.9853503098680892,Critical,Logistic Regression,v1.0.0
ENG-00957,2025-08-01,0.9792727005175802,Critical,Logistic Regression,v1.0.0
ENG-00957,2025-09-01,0.9935505590899412,Critical,Logistic Regression,v1.0.0
ENG-00958,2024-12-01,0.034541869635900335,Low,Logistic Regression,v1.0.0
ENG-00958,2025-01-01,0.18133427150808992,Low,Logistic Regression,v1.0.0
ENG-00958,2025-02-01,0.2157526405961942,Low,Logistic Regression,v1.0.0
ENG-00958,2025-03-01,0.21919961924552644,Low,Logistic Regression,v1.0.0
ENG-00958,2025-04-01,0.22419547892401848,Low,Logistic Regression,v1.0.0
ENG-00958,2025-05-01,0.4667707038374674,Watch,Logistic Regression,v1.0.0
ENG-00958,2025-06-01,0.8739061800677256,Critical,Logistic Regression,v1.0.0
ENG-00958,2025-07-01,0.9091498025339074,Critical,Logistic Regression,v1.0.0
ENG-00959,2025-09-01,0.2930759534625388,Low,Logistic Regression,v1.0.0
ENG-00959,2025-10-01,0.12823828310184163,Low,Logistic Regression,v1.0.0
ENG-00959,2025-11-01,0.1109041193264384,Low,Logistic Regression,v1.0.0
ENG-00959,2025-12-01,0.663945315562271,Critical,Logistic Regression,v1.0.0
ENG-00959,2026-01-01,0.24426480812286988,Low,Logistic Regression,v1.0.0
ENG-00959,2026-02-01,0.4656253247518228,Watch,Logistic Regression,v1.0.0
ENG-00959,2026-03-01,0.1794152457932315,Low,Logistic Regression,v1.0.0
ENG-00959,2026-04-01,0.09347244783979097,Low,Logistic Regression,v1.0.0
ENG-00959,2026-05-01,0.06988530776706185,Low,Logistic Regression,v1.0.0
ENG-00959,2026-06-01,0.5313887909403227,Watch,Logistic Regression,v1.0.0
ENG-00959,2026-07-01,0.056476414853096873,Low,Logistic Regression,v1.0.0
ENG-00959,2026-08-01,0.024280135399971314,Low,Logistic Regression,v1.0.0
ENG-00960,2025-01-01,0.05614878277763615,Low,Logistic Regression,v1.0.0
ENG-00960,2025-02-01,0.013325351840774215,Low,Logistic Regression,v1.0.0
ENG-00960,2025-03-01,0.037278442257785836,Low,Logistic Regression,v1.0.0
ENG-00960,2025-04-01,0.0034551657252810328,Low,Logistic Regression,v1.0.0
ENG-00960,2025-05-01,0.18190747779345817,Low,Logistic Regression,v1.0.0
ENG-00960,2025-06-01,0.009565225167054651,Low,Logistic Regression,v1.0.0
ENG-00960,2025-07-01,0.003328026382928982,Low,Logistic Regression,v1.0.0
ENG-00960,2025-08-01,0.017320991657385723,Low,Logistic Regression,v1.0.0
ENG-00960,2025-09-01,0.22650202727962154,Low,Logistic Regression,v1.0.0
ENG-00960,2025-10-01,0.0007461497859031702,Low,Logistic Regression,v1.0.0
ENG-00961,2024-01-01,0.006605956676566374,Low,Logistic Regression,v1.0.0
ENG-00961,2024-02-01,0.00756557895536394,Low,Logistic Regression,v1.0.0
ENG-00961,2024-03-01,0.08605382283877237,Low,Logistic Regression,v1.0.0
ENG-00961,2024-04-01,0.0012334036589432466,Low,Logistic Regression,v1.0.0
ENG-00961,2024-05-01,0.004088130421202509,Low,Logistic Regression,v1.0.0
ENG-00961,2024-06-01,0.06222752474700838,Low,Logistic Regression,v1.0.0
ENG-00961,2024-07-01,0.0017010596229752564,Low,Logistic Regression,v1.0.0
ENG-00961,2024-08-01,0.0011708937987629663,Low,Logistic Regression,v1.0.0
ENG-00962,2025-07-01,0.7102116925495445,Critical,Logistic Regression,v1.0.0
ENG-00962,2025-08-01,0.8918387945491408,Critical,Logistic Regression,v1.0.0
ENG-00962,2025-09-01,0.12324492767313301,Low,Logistic Regression,v1.0.0
ENG-00962,2025-10-01,0.25329047415420974,Low,Logistic Regression,v1.0.0
ENG-00962,2025-11-01,0.7396026024372341,Critical,Logistic Regression,v1.0.0
ENG-00962,2025-12-01,0.8795248516611801,Critical,Logistic Regression,v1.0.0
ENG-00962,2026-01-01,0.599300230621692,Watch,Logistic Regression,v1.0.0
ENG-00962,2026-02-01,0.5118356282104632,Watch,Logistic Regression,v1.0.0
ENG-00962,2026-03-01,0.07964208600413078,Low,Logistic Regression,v1.0.0
ENG-00962,2026-04-01,0.9806553921140401,Critical,Logistic Regression,v1.0.0
ENG-00962,2026-05-01,0.1593030060568977,Low,Logistic Regression,v1.0.0
ENG-00962,2026-06-01,0.7320961479422584,Critical,Logistic Regression,v1.0.0
ENG-00963,2026-07-01,0.679920447809037,Critical,Logistic Regression,v1.0.0
ENG-00963,2026-08-01,0.17329396194049335,Low,Logistic Regression,v1.0.0
ENG-00964,2025-03-01,0.058183496234266434,Low,Logistic Regression,v1.0.0
ENG-00964,2025-04-01,0.006243992599383803,Low,Logistic Regression,v1.0.0
ENG-00964,2025-05-01,0.7337356451448326,Critical,Logistic Regression,v1.0.0
ENG-00964,2025-06-01,0.8117611966977357,Critical,Logistic Regression,v1.0.0
ENG-00964,2025-07-01,0.9623864084628961,Critical,Logistic Regression,v1.0.0
ENG-00964,2025-08-01,0.8358692280645621,Critical,Logistic Regression,v1.0.0
ENG-00965,2024-04-01,0.03588957372892151,Low,Logistic Regression,v1.0.0
ENG-00965,2024-05-01,0.0013432989321688121,Low,Logistic Regression,v1.0.0
ENG-00965,2024-06-01,0.5526664083949969,Watch,Logistic Regression,v1.0.0
ENG-00965,2024-07-01,0.0021391811934278037,Low,Logistic Regression,v1.0.0
ENG-00965,2024-08-01,0.009083209239080878,Low,Logistic Regression,v1.0.0
ENG-00965,2024-09-01,0.01144521789318028,Low,Logistic Regression,v1.0.0
ENG-00965,2024-10-01,0.01966972730820205,Low,Logistic Regression,v1.0.0
ENG-00965,2024-11-01,0.0025994427504797564,Low,Logistic Regression,v1.0.0
ENG-00965,2024-12-01,0.00042088376677255196,Low,Logistic Regression,v1.0.0
ENG-00965,2025-01-01,0.10913142703472893,Low,Logistic Regression,v1.0.0
ENG-00965,2025-02-01,0.038042617137415656,Low,Logistic Regression,v1.0.0
ENG-00965,2025-03-01,0.0021214540339115962,Low,Logistic Regression,v1.0.0
ENG-00966,2024-05-01,0.034686351857396026,Low,Logistic Regression,v1.0.0
ENG-00966,2024-06-01,0.7268130135081418,Critical,Logistic Regression,v1.0.0
ENG-00966,2024-07-01,0.003248730821184967,Low,Logistic Regression,v1.0.0
ENG-00966,2024-08-01,0.957826412237163,Critical,Logistic Regression,v1.0.0
ENG-00966,2024-09-01,0.07709005164701434,Low,Logistic Regression,v1.0.0
ENG-00966,2024-10-01,0.9065912281187533,Critical,Logistic Regression,v1.0.0
ENG-00966,2024-11-01,0.9806960039035574,Critical,Logistic Regression,v1.0.0
ENG-00967,2024-10-01,0.007339268849424181,Low,Logistic Regression,v1.0.0
ENG-00967,2024-11-01,0.017699458002298465,Low,Logistic Regression,v1.0.0
ENG-00967,2024-12-01,0.014564318132634245,Low,Logistic Regression,v1.0.0
ENG-00967,2025-01-01,0.007044346152299742,Low,Logistic Regression,v1.0.0
ENG-00967,2025-02-01,0.011168938128136638,Low,Logistic Regression,v1.0.0
ENG-00967,2025-03-01,0.001146709803439607,Low,Logistic Regression,v1.0.0
ENG-00967,2025-04-01,0.019664123354684024,Low,Logistic Regression,v1.0.0
ENG-00967,2025-05-01,0.05022602934683176,Low,Logistic Regression,v1.0.0
ENG-00968,2024-04-01,0.07522589379028027,Low,Logistic Regression,v1.0.0
ENG-00968,2024-05-01,0.06789663309529358,Low,Logistic Regression,v1.0.0
ENG-00968,2024-06-01,0.0908238523073848,Low,Logistic Regression,v1.0.0
ENG-00968,2024-07-01,0.11697652789125655,Low,Logistic Regression,v1.0.0
ENG-00968,2024-08-01,0.013074982752540931,Low,Logistic Regression,v1.0.0
ENG-00968,2024-09-01,0.08096532549804301,Low,Logistic Regression,v1.0.0
ENG-00968,2024-10-01,0.029509522729682335,Low,Logistic Regression,v1.0.0
ENG-00968,2024-11-01,0.09337597412672827,Low,Logistic Regression,v1.0.0
ENG-00968,2024-12-01,0.3042589811909361,Low,Logistic Regression,v1.0.0
ENG-00968,2025-01-01,0.11390687127378107,Low,Logistic Regression,v1.0.0
ENG-00968,2025-02-01,0.0050315718788874995,Low,Logistic Regression,v1.0.0
ENG-00969,2025-08-01,0.12934194822471637,Low,Logistic Regression,v1.0.0
ENG-00969,2025-09-01,0.34798145049527957,Low,Logistic Regression,v1.0.0
ENG-00969,2025-10-01,0.09570534166767403,Low,Logistic Regression,v1.0.0
ENG-00969,2025-11-01,0.0366287961897684,Low,Logistic Regression,v1.0.0
ENG-00969,2025-12-01,0.07072373249012348,Low,Logistic Regression,v1.0.0
ENG-00969,2026-01-01,0.7584617244996388,Critical,Logistic Regression,v1.0.0
ENG-00969,2026-02-01,0.006213161822958798,Low,Logistic Regression,v1.0.0
ENG-00969,2026-03-01,0.22841881932712577,Low,Logistic Regression,v1.0.0
ENG-00969,2026-04-01,0.15583388594962952,Low,Logistic Regression,v1.0.0
ENG-00969,2026-05-01,0.014445077887684435,Low,Logistic Regression,v1.0.0
ENG-00969,2026-06-01,0.6000770614844592,Watch,Logistic Regression,v1.0.0
ENG-00969,2026-07-01,0.11961328350678949,Low,Logistic Regression,v1.0.0
ENG-00970,2025-05-01,0.012110744112056319,Low,Logistic Regression,v1.0.0
ENG-00970,2025-06-01,0.11257656421098626,Low,Logistic Regression,v1.0.0
ENG-00970,2025-07-01,0.8187233556071204,Critical,Logistic Regression,v1.0.0
ENG-00970,2025-08-01,0.799466570683453,Critical,Logistic Regression,v1.0.0
ENG-00970,2025-09-01,0.8436502866047353,Critical,Logistic Regression,v1.0.0
ENG-00971,2024-07-01,0.01582411889205539,Low,Logistic Regression,v1.0.0
ENG-00971,2024-08-01,0.024272028101341925,Low,Logistic Regression,v1.0.0
ENG-00971,2024-09-01,0.20728507410596872,Low,Logistic Regression,v1.0.0
ENG-00971,2024-10-01,0.0022122876217346905,Low,Logistic Regression,v1.0.0
ENG-00971,2024-11-01,0.004646634149238401,Low,Logistic Regression,v1.0.0
ENG-00971,2024-12-01,0.0032977559258805006,Low,Logistic Regression,v1.0.0
ENG-00971,2025-01-01,0.014024777951219616,Low,Logistic Regression,v1.0.0
ENG-00971,2025-02-01,0.06660275131503869,Low,Logistic Regression,v1.0.0
ENG-00971,2025-03-01,0.010869815154549371,Low,Logistic Regression,v1.0.0
ENG-00971,2025-04-01,0.009932601803616901,Low,Logistic Regression,v1.0.0
ENG-00971,2025-05-01,0.0010282031608462659,Low,Logistic Regression,v1.0.0
ENG-00972,2024-03-01,0.06020854878474097,Low,Logistic Regression,v1.0.0
ENG-00972,2024-04-01,0.00791936458630416,Low,Logistic Regression,v1.0.0
ENG-00972,2024-05-01,0.002186303782736645,Low,Logistic Regression,v1.0.0
ENG-00972,2024-06-01,0.008491202986874181,Low,Logistic Regression,v1.0.0
ENG-00972,2024-07-01,0.17912492435231908,Low,Logistic Regression,v1.0.0
ENG-00972,2024-08-01,0.09278873268351548,Low,Logistic Regression,v1.0.0
ENG-00972,2024-09-01,0.006100113928050689,Low,Logistic Regression,v1.0.0
ENG-00972,2024-10-01,0.01948453565757033,Low,Logistic Regression,v1.0.0
ENG-00972,2024-11-01,0.0012254299068778362,Low,Logistic Regression,v1.0.0
ENG-00973,2026-06-01,0.015190536087785662,Low,Logistic Regression,v1.0.0
ENG-00973,2026-07-01,0.23997422211784578,Low,Logistic Regression,v1.0.0
ENG-00973,2026-08-01,0.004394368124354602,Low,Logistic Regression,v1.0.0
ENG-00974,2026-05-01,0.028450821813686987,Low,Logistic Regression,v1.0.0
ENG-00974,2026-06-01,0.0011265804323518037,Low,Logistic Regression,v1.0.0
ENG-00974,2026-07-01,0.006284693331135083,Low,Logistic Regression,v1.0.0
ENG-00974,2026-08-01,0.014415183805991563,Low,Logistic Regression,v1.0.0
ENG-00975,2025-07-01,0.02759472777226754,Low,Logistic Regression,v1.0.0
ENG-00975,2025-08-01,0.00030730630251104554,Low,Logistic Regression,v1.0.0
ENG-00975,2025-09-01,0.08124607077624005,Low,Logistic Regression,v1.0.0
ENG-00975,2025-10-01,0.016792549451000553,Low,Logistic Regression,v1.0.0
ENG-00975,2025-11-01,0.005436968237079559,Low,Logistic Regression,v1.0.0
ENG-00975,2025-12-01,0.0003164877919252726,Low,Logistic Regression,v1.0.0
ENG-00975,2026-01-01,0.012469898422065336,Low,Logistic Regression,v1.0.0
ENG-00975,2026-02-01,0.0007075419332115559,Low,Logistic Regression,v1.0.0
ENG-00975,2026-03-01,0.001329426004322488,Low,Logistic Regression,v1.0.0
ENG-00975,2026-04-01,0.0016336129227241128,Low,Logistic Regression,v1.0.0
ENG-00975,2026-05-01,0.013052616625203673,Low,Logistic Regression,v1.0.0
ENG-00975,2026-06-01,0.006500079956621445,Low,Logistic Regression,v1.0.0
ENG-00976,2024-03-01,0.016866558912142726,Low,Logistic Regression,v1.0.0
ENG-00976,2024-04-01,0.020018060945987546,Low,Logistic Regression,v1.0.0
ENG-00976,2024-05-01,0.013596123186503063,Low,Logistic Regression,v1.0.0
ENG-00976,2024-06-01,0.020371671335275673,Low,Logistic Regression,v1.0.0
ENG-00976,2024-07-01,0.12946470365991541,Low,Logistic Regression,v1.0.0
ENG-00976,2024-08-01,0.005959950099263706,Low,Logistic Regression,v1.0.0
ENG-00976,2024-09-01,0.006893541960471971,Low,Logistic Regression,v1.0.0
ENG-00976,2024-10-01,0.008518999576433105,Low,Logistic Regression,v1.0.0
ENG-00976,2024-11-01,0.03348922114783763,Low,Logistic Regression,v1.0.0
ENG-00977,2024-10-01,0.20878375800975482,Low,Logistic Regression,v1.0.0
ENG-00977,2024-11-01,0.4588719354659399,Watch,Logistic Regression,v1.0.0
ENG-00977,2024-12-01,0.23603258318105944,Low,Logistic Regression,v1.0.0
ENG-00977,2025-01-01,0.2742274540155636,Low,Logistic Regression,v1.0.0
ENG-00977,2025-02-01,0.8530634856748331,Critical,Logistic Regression,v1.0.0
ENG-00977,2025-03-01,0.06204791108290535,Low,Logistic Regression,v1.0.0
ENG-00977,2025-04-01,0.3852520437279295,Watch,Logistic Regression,v1.0.0
ENG-00977,2025-05-01,0.035418209768576465,Low,Logistic Regression,v1.0.0
ENG-00977,2025-06-01,0.2685950362746405,Low,Logistic Regression,v1.0.0
ENG-00978,2024-03-01,0.038090838043332506,Low,Logistic Regression,v1.0.0
ENG-00978,2024-04-01,0.07119886702599619,Low,Logistic Regression,v1.0.0
ENG-00978,2024-05-01,0.19661049280074885,Low,Logistic Regression,v1.0.0
ENG-00978,2024-06-01,0.06465760931292615,Low,Logistic Regression,v1.0.0
ENG-00978,2024-07-01,0.2916405904081155,Low,Logistic Regression,v1.0.0
ENG-00978,2024-08-01,0.028244360414100476,Low,Logistic Regression,v1.0.0
ENG-00978,2024-09-01,0.14896296790710808,Low,Logistic Regression,v1.0.0
ENG-00978,2024-10-01,0.01660395233214244,Low,Logistic Regression,v1.0.0
ENG-00978,2024-11-01,0.6042307938348271,Watch,Logistic Regression,v1.0.0
ENG-00978,2024-12-01,0.014149298274896839,Low,Logistic Regression,v1.0.0
ENG-00979,2025-08-01,0.058168818118107056,Low,Logistic Regression,v1.0.0
ENG-00979,2025-09-01,0.011087219331975382,Low,Logistic Regression,v1.0.0
ENG-00979,2025-10-01,0.02963313905005835,Low,Logistic Regression,v1.0.0
ENG-00979,2025-11-01,0.14536331689505771,Low,Logistic Regression,v1.0.0
ENG-00979,2025-12-01,0.034598055824637555,Low,Logistic Regression,v1.0.0
ENG-00979,2026-01-01,0.18665017536367795,Low,Logistic Regression,v1.0.0
ENG-00979,2026-02-01,0.4383969563505152,Watch,Logistic Regression,v1.0.0
ENG-00979,2026-03-01,0.03188247554419265,Low,Logistic Regression,v1.0.0
ENG-00979,2026-04-01,0.27199144617416443,Low,Logistic Regression,v1.0.0
ENG-00979,2026-05-01,0.2450931915955678,Low,Logistic Regression,v1.0.0
ENG-00980,2024-09-01,0.11123170906830239,Low,Logistic Regression,v1.0.0
ENG-00980,2024-10-01,0.10868516007251142,Low,Logistic Regression,v1.0.0
ENG-00980,2024-11-01,0.545967997963073,Watch,Logistic Regression,v1.0.0
ENG-00980,2024-12-01,0.0074328632702402786,Low,Logistic Regression,v1.0.0
ENG-00980,2025-01-01,0.7037368687542007,Critical,Logistic Regression,v1.0.0
ENG-00980,2025-02-01,0.019659900473091713,Low,Logistic Regression,v1.0.0
ENG-00980,2025-03-01,0.16406543581950722,Low,Logistic Regression,v1.0.0
ENG-00980,2025-04-01,0.02831889205597518,Low,Logistic Regression,v1.0.0
ENG-00980,2025-05-01,0.651343975893225,Critical,Logistic Regression,v1.0.0
ENG-00980,2025-06-01,0.05412908057868283,Low,Logistic Regression,v1.0.0
ENG-00981,2025-08-01,0.13130647394285547,Low,Logistic Regression,v1.0.0
ENG-00981,2025-09-01,0.0004914552615559026,Low,Logistic Regression,v1.0.0
ENG-00981,2025-10-01,0.2525171086189585,Low,Logistic Regression,v1.0.0
ENG-00981,2025-11-01,0.04661530688823365,Low,Logistic Regression,v1.0.0
ENG-00981,2025-12-01,0.029389974099494048,Low,Logistic Regression,v1.0.0
ENG-00981,2026-01-01,0.048989614236648625,Low,Logistic Regression,v1.0.0
ENG-00981,2026-02-01,0.1895253172223263,Low,Logistic Regression,v1.0.0
ENG-00982,2026-01-01,0.4151567653088247,Watch,Logistic Regression,v1.0.0
ENG-00982,2026-02-01,0.8875388222764025,Critical,Logistic Regression,v1.0.0
ENG-00982,2026-03-01,0.9932378235633085,Critical,Logistic Regression,v1.0.0
ENG-00982,2026-04-01,0.9889515565040076,Critical,Logistic Regression,v1.0.0
ENG-00982,2026-05-01,0.9998387205138723,Critical,Logistic Regression,v1.0.0
ENG-00982,2026-06-01,0.9998146088645016,Critical,Logistic Regression,v1.0.0
ENG-00983,2024-04-01,0.5379671892321518,Watch,Logistic Regression,v1.0.0
ENG-00983,2024-05-01,0.05535074040210096,Low,Logistic Regression,v1.0.0
ENG-00983,2024-06-01,0.1420717865813026,Low,Logistic Regression,v1.0.0
ENG-00983,2024-07-01,0.9442149336359636,Critical,Logistic Regression,v1.0.0
ENG-00983,2024-08-01,0.28701808407515894,Low,Logistic Regression,v1.0.0
ENG-00983,2024-09-01,0.2194516914818603,Low,Logistic Regression,v1.0.0
ENG-00983,2024-10-01,0.05551865418565639,Low,Logistic Regression,v1.0.0
ENG-00983,2024-11-01,0.7740115815758061,Critical,Logistic Regression,v1.0.0
ENG-00983,2024-12-01,0.24052114762793653,Low,Logistic Regression,v1.0.0
ENG-00983,2025-01-01,0.06309194615153185,Low,Logistic Regression,v1.0.0
ENG-00984,2024-12-01,0.0072939703810924105,Low,Logistic Regression,v1.0.0
ENG-00984,2025-01-01,0.0010245113735447022,Low,Logistic Regression,v1.0.0
ENG-00984,2025-02-01,0.04765548217909743,Low,Logistic Regression,v1.0.0
ENG-00984,2025-03-01,0.001090691764411103,Low,Logistic Regression,v1.0.0
ENG-00984,2025-04-01,0.106918816339926,Low,Logistic Regression,v1.0.0
ENG-00984,2025-05-01,0.004745431374277934,Low,Logistic Regression,v1.0.0
ENG-00984,2025-06-01,0.0012652455188872187,Low,Logistic Regression,v1.0.0
ENG-00984,2025-07-01,0.015527229621795216,Low,Logistic Regression,v1.0.0
ENG-00985,2025-01-01,0.030808791288410416,Low,Logistic Regression,v1.0.0
ENG-00985,2025-02-01,0.0028333178423366246,Low,Logistic Regression,v1.0.0
ENG-00985,2025-03-01,0.6697708677440425,Critical,Logistic Regression,v1.0.0
ENG-00985,2025-04-01,0.1934459315808213,Low,Logistic Regression,v1.0.0
ENG-00985,2025-05-01,0.9966933376274489,Critical,Logistic Regression,v1.0.0
ENG-00985,2025-06-01,0.9164936643585808,Critical,Logistic Regression,v1.0.0
ENG-00986,2026-05-01,0.07805761981837964,Low,Logistic Regression,v1.0.0
ENG-00986,2026-06-01,0.28842308541132367,Low,Logistic Regression,v1.0.0
ENG-00986,2026-07-01,0.062218032132876765,Low,Logistic Regression,v1.0.0
ENG-00986,2026-08-01,0.9616833979550504,Critical,Logistic Regression,v1.0.0
ENG-00987,2026-02-01,0.08056597740501532,Low,Logistic Regression,v1.0.0
ENG-00987,2026-03-01,0.3132355065698304,Low,Logistic Regression,v1.0.0
ENG-00987,2026-04-01,0.05517319568694183,Low,Logistic Regression,v1.0.0
ENG-00987,2026-05-01,0.07438578606507334,Low,Logistic Regression,v1.0.0
ENG-00987,2026-06-01,0.03464504410895186,Low,Logistic Regression,v1.0.0
ENG-00987,2026-07-01,0.013158004032315275,Low,Logistic Regression,v1.0.0
ENG-00987,2026-08-01,0.023737899930892033,Low,Logistic Regression,v1.0.0
ENG-00988,2024-08-01,0.13064044523739513,Low,Logistic Regression,v1.0.0
ENG-00988,2024-09-01,0.23897120034427252,Low,Logistic Regression,v1.0.0
ENG-00988,2024-10-01,0.8934526980405825,Critical,Logistic Regression,v1.0.0
ENG-00988,2024-11-01,0.9874575521042428,Critical,Logistic Regression,v1.0.0
ENG-00988,2024-12-01,0.9965781540634753,Critical,Logistic Regression,v1.0.0
ENG-00988,2025-01-01,0.9999595088580705,Critical,Logistic Regression,v1.0.0
ENG-00989,2025-07-01,0.10751829838393763,Low,Logistic Regression,v1.0.0
ENG-00989,2025-08-01,0.39431782964459383,Watch,Logistic Regression,v1.0.0
ENG-00989,2025-09-01,0.17571135184369926,Low,Logistic Regression,v1.0.0
ENG-00989,2025-10-01,0.7799758060703252,Critical,Logistic Regression,v1.0.0
ENG-00989,2025-11-01,0.017234506575557494,Low,Logistic Regression,v1.0.0
ENG-00989,2025-12-01,0.5369893903897981,Watch,Logistic Regression,v1.0.0
ENG-00989,2026-01-01,0.07548079696299854,Low,Logistic Regression,v1.0.0
ENG-00989,2026-02-01,0.17273135099754902,Low,Logistic Regression,v1.0.0
ENG-00989,2026-03-01,0.01776209989609677,Low,Logistic Regression,v1.0.0
ENG-00989,2026-04-01,0.133234682992878,Low,Logistic Regression,v1.0.0
ENG-00989,2026-05-01,0.37966112096560717,Watch,Logistic Regression,v1.0.0
ENG-00989,2026-06-01,0.190692607156733,Low,Logistic Regression,v1.0.0
ENG-00990,2025-09-01,0.013933222443673569,Low,Logistic Regression,v1.0.0
ENG-00990,2025-10-01,0.0017499964092804188,Low,Logistic Regression,v1.0.0
ENG-00990,2025-11-01,0.0637764345273464,Low,Logistic Regression,v1.0.0
ENG-00990,2025-12-01,0.00426651766313363,Low,Logistic Regression,v1.0.0
ENG-00990,2026-01-01,0.006595224994534542,Low,Logistic Regression,v1.0.0
ENG-00990,2026-02-01,0.026507819744932788,Low,Logistic Regression,v1.0.0
ENG-00990,2026-03-01,0.00493659985458188,Low,Logistic Regression,v1.0.0
ENG-00990,2026-04-01,0.07041606378964284,Low,Logistic Regression,v1.0.0
ENG-00990,2026-05-01,0.0007197141234758813,Low,Logistic Regression,v1.0.0
ENG-00990,2026-06-01,0.002773817492059254,Low,Logistic Regression,v1.0.0
ENG-00991,2026-01-01,0.11582600924098256,Low,Logistic Regression,v1.0.0
ENG-00991,2026-02-01,0.18361771116807193,Low,Logistic Regression,v1.0.0
ENG-00991,2026-03-01,0.9155354105092844,Critical,Logistic Regression,v1.0.0
ENG-00991,2026-04-01,0.8283883676515253,Critical,Logistic Regression,v1.0.0
ENG-00991,2026-05-01,0.9602976514358864,Critical,Logistic Regression,v1.0.0
ENG-00992,2025-11-01,0.062222727321766515,Low,Logistic Regression,v1.0.0
ENG-00992,2025-12-01,0.29753588250025415,Low,Logistic Regression,v1.0.0
ENG-00992,2026-01-01,0.026086140673424324,Low,Logistic Regression,v1.0.0
ENG-00992,2026-02-01,0.13600562778473324,Low,Logistic Regression,v1.0.0
ENG-00992,2026-03-01,0.021518141749846238,Low,Logistic Regression,v1.0.0
ENG-00992,2026-04-01,0.3086546133701728,Low,Logistic Regression,v1.0.0
ENG-00992,2026-05-01,0.036231451340464016,Low,Logistic Regression,v1.0.0
ENG-00992,2026-06-01,0.013539812623515224,Low,Logistic Regression,v1.0.0
ENG-00992,2026-07-01,0.04670530317087588,Low,Logistic Regression,v1.0.0
ENG-00992,2026-08-01,0.10197129316110153,Low,Logistic Regression,v1.0.0
ENG-00993,2024-11-01,0.01242318442941542,Low,Logistic Regression,v1.0.0
ENG-00993,2024-12-01,0.00985984272636319,Low,Logistic Regression,v1.0.0
ENG-00993,2025-01-01,0.11802708284197284,Low,Logistic Regression,v1.0.0
ENG-00993,2025-02-01,0.00815767746146332,Low,Logistic Regression,v1.0.0
ENG-00993,2025-03-01,0.09161390371745967,Low,Logistic Regression,v1.0.0
ENG-00993,2025-04-01,0.02540685428611988,Low,Logistic Regression,v1.0.0
ENG-00993,2025-05-01,0.0011358829288680326,Low,Logistic Regression,v1.0.0
ENG-00993,2025-06-01,0.01166694609778478,Low,Logistic Regression,v1.0.0
ENG-00993,2025-07-01,0.14728440965646064,Low,Logistic Regression,v1.0.0
ENG-00993,2025-08-01,0.0022776791613739918,Low,Logistic Regression,v1.0.0
ENG-00993,2025-09-01,0.005261293611187398,Low,Logistic Regression,v1.0.0
ENG-00993,2025-10-01,0.03549493412720184,Low,Logistic Regression,v1.0.0
ENG-00994,2026-04-01,0.0063786456118712104,Low,Logistic Regression,v1.0.0
ENG-00994,2026-05-01,0.03692252058798422,Low,Logistic Regression,v1.0.0
ENG-00994,2026-06-01,0.0031839305879876067,Low,Logistic Regression,v1.0.0
ENG-00994,2026-07-01,0.16806513864411599,Low,Logistic Regression,v1.0.0
ENG-00994,2026-08-01,0.019363417765528964,Low,Logistic Regression,v1.0.0
ENG-00995,2026-08-01,0.0524657448595294,Low,Logistic Regression,v1.0.0
ENG-00996,2025-03-01,0.1390357104537312,Low,Logistic Regression,v1.0.0
ENG-00996,2025-04-01,0.05111392462159216,Low,Logistic Regression,v1.0.0
ENG-00996,2025-05-01,0.10875163750227672,Low,Logistic Regression,v1.0.0
ENG-00996,2025-06-01,0.01332009458906937,Low,Logistic Regression,v1.0.0
ENG-00996,2025-07-01,0.1933230307352041,Low,Logistic Regression,v1.0.0
ENG-00996,2025-08-01,0.09025516193244042,Low,Logistic Regression,v1.0.0
ENG-00996,2025-09-01,0.35173585591974993,Watch,Logistic Regression,v1.0.0
ENG-00996,2025-10-01,0.0034631518975063165,Low,Logistic Regression,v1.0.0
ENG-00996,2025-11-01,0.12160531746104201,Low,Logistic Regression,v1.0.0
ENG-00996,2025-12-01,0.302139741689071,Low,Logistic Regression,v1.0.0
ENG-00997,2025-04-01,0.01479719362477873,Low,Logistic Regression,v1.0.0
ENG-00997,2025-05-01,0.007391299645027372,Low,Logistic Regression,v1.0.0
ENG-00997,2025-06-01,0.023725138258141328,Low,Logistic Regression,v1.0.0
ENG-00997,2025-07-01,0.01687768401078322,Low,Logistic Regression,v1.0.0
ENG-00997,2025-08-01,0.00019813199745008942,Low,Logistic Regression,v1.0.0
ENG-00997,2025-09-01,0.017800198055845172,Low,Logistic Regression,v1.0.0
ENG-00997,2025-10-01,0.001306732352383037,Low,Logistic Regression,v1.0.0
ENG-00997,2025-11-01,0.0029202603201150543,Low,Logistic Regression,v1.0.0
ENG-00997,2025-12-01,0.003349578563654894,Low,Logistic Regression,v1.0.0
ENG-00997,2026-01-01,0.0003723574760471694,Low,Logistic Regression,v1.0.0
ENG-00997,2026-02-01,0.0025686990784736003,Low,Logistic Regression,v1.0.0
ENG-00997,2026-03-01,0.0015653396742719209,Low,Logistic Regression,v1.0.0
ENG-00998,2024-06-01,0.03600439262970411,Low,Logistic Regression,v1.0.0
ENG-00998,2024-07-01,0.38139419494630317,Watch,Logistic Regression,v1.0.0
ENG-00998,2024-08-01,0.03287915356896615,Low,Logistic Regression,v1.0.0
ENG-00998,2024-09-01,0.3618521227466525,Watch,Logistic Regression,v1.0.0
ENG-00998,2024-10-01,0.44351611892146814,Watch,Logistic Regression,v1.0.0
ENG-00998,2024-11-01,0.028309424381880725,Low,Logistic Regression,v1.0.0
ENG-00998,2024-12-01,0.281221059325107,Low,Logistic Regression,v1.0.0
ENG-00998,2025-01-01,0.023052051581759346,Low,Logistic Regression,v1.0.0
ENG-00998,2025-02-01,0.1441135700737365,Low,Logistic Regression,v1.0.0
ENG-00999,2026-04-01,0.38284681792693903,Watch,Logistic Regression,v1.0.0
ENG-00999,2026-05-01,0.822607995050588,Critical,Logistic Regression,v1.0.0
ENG-00999,2026-06-01,0.41798980425078647,Watch,Logistic Regression,v1.0.0
ENG-00999,2026-07-01,0.8243799034978986,Critical,Logistic Regression,v1.0.0
ENG-00999,2026-08-01,0.5936238065659833,Watch,Logistic Regression,v1.0.0
ENG-01000,2025-12-01,0.4012948125617632,Watch,Logistic Regression,v1.0.0
ENG-01000,2026-01-01,0.11772287604552747,Low,Logistic Regression,v1.0.0
ENG-01000,2026-02-01,0.4372046656565982,Watch,Logistic Regression,v1.0.0
ENG-01000,2026-03-01,0.4017779014314192,Watch,Logistic Regression,v1.0.0
ENG-01000,2026-04-01,0.9012066343619316,Critical,Logistic Regression,v1.0.0
ENG-01000,2026-05-01,0.027388765888484413,Low,Logistic Regression,v1.0.0
ENG-01000,2026-06-01,0.611022222522114,Watch,Logistic Regression,v1.0.0
ENG-01000,2026-07-01,0.675674804995436,Critical,Logistic Regression,v1.0.0
ENG-01001,2024-12-01,0.008783752721793964,Low,Logistic Regression,v1.0.0
ENG-01001,2025-01-01,0.00767681543837056,Low,Logistic Regression,v1.0.0
ENG-01001,2025-02-01,0.0782495286216255,Low,Logistic Regression,v1.0.0
ENG-01001,2025-03-01,0.0003739940782583727,Low,Logistic Regression,v1.0.0
ENG-01001,2025-04-01,0.060748346488537414,Low,Logistic Regression,v1.0.0
ENG-01001,2025-05-01,0.0007551871954445676,Low,Logistic Regression,v1.0.0
ENG-01001,2025-06-01,0.04225290682537901,Low,Logistic Regression,v1.0.0
ENG-01001,2025-07-01,0.0031971699243286958,Low,Logistic Regression,v1.0.0
ENG-01001,2025-08-01,0.03700664636314243,Low,Logistic Regression,v1.0.0
ENG-01001,2025-09-01,0.001389849508653574,Low,Logistic Regression,v1.0.0
ENG-01001,2025-10-01,0.0005485693509864195,Low,Logistic Regression,v1.0.0
ENG-01001,2025-11-01,0.011232851613058904,Low,Logistic Regression,v1.0.0
ENG-01002,2024-09-01,0.6988226519437011,Critical,Logistic Regression,v1.0.0
ENG-01002,2024-10-01,0.6198729337043535,Watch,Logistic Regression,v1.0.0
ENG-01002,2024-11-01,0.9069324187760605,Critical,Logistic Regression,v1.0.0
ENG-01002,2024-12-01,0.03880906071319649,Low,Logistic Regression,v1.0.0
ENG-01002,2025-01-01,0.5467367741850385,Watch,Logistic Regression,v1.0.0
ENG-01002,2025-02-01,0.25432317931026066,Low,Logistic Regression,v1.0.0
ENG-01002,2025-03-01,0.1135678969880012,Low,Logistic Regression,v1.0.0
ENG-01002,2025-04-01,0.8535956219002144,Critical,Logistic Regression,v1.0.0
ENG-01002,2025-05-01,0.04092317708255572,Low,Logistic Regression,v1.0.0
ENG-01002,2025-06-01,0.14631906592074703,Low,Logistic Regression,v1.0.0
ENG-01002,2025-07-01,0.6467740207440316,Watch,Logistic Regression,v1.0.0
ENG-01003,2025-06-01,0.11181096290335427,Low,Logistic Regression,v1.0.0
ENG-01003,2025-07-01,0.11171181339561159,Low,Logistic Regression,v1.0.0
ENG-01003,2025-08-01,0.5924831996828022,Watch,Logistic Regression,v1.0.0
ENG-01003,2025-09-01,0.03765535170010453,Low,Logistic Regression,v1.0.0
ENG-01003,2025-10-01,0.1894061611359607,Low,Logistic Regression,v1.0.0
ENG-01003,2025-11-01,0.10416266682792058,Low,Logistic Regression,v1.0.0
ENG-01003,2025-12-01,0.32242186646943716,Low,Logistic Regression,v1.0.0
ENG-01003,2026-01-01,0.04383852081982868,Low,Logistic Regression,v1.0.0
ENG-01003,2026-02-01,0.01160144393712838,Low,Logistic Regression,v1.0.0
ENG-01003,2026-03-01,0.25634957240676093,Low,Logistic Regression,v1.0.0
ENG-01003,2026-04-01,0.21936762790175274,Low,Logistic Regression,v1.0.0
ENG-01004,2026-03-01,0.7200435984606054,Critical,Logistic Regression,v1.0.0
ENG-01004,2026-04-01,0.9925702047463382,Critical,Logistic Regression,v1.0.0
ENG-01004,2026-05-01,0.9982021964575299,Critical,Logistic Regression,v1.0.0
ENG-01004,2026-06-01,0.9951341181515373,Critical,Logistic Regression,v1.0.0
ENG-01004,2026-07-01,0.9997064710012382,Critical,Logistic Regression,v1.0.0
ENG-01005,2026-02-01,0.7662443841852018,Critical,Logistic Regression,v1.0.0
ENG-01005,2026-03-01,0.5357937459097325,Watch,Logistic Regression,v1.0.0
ENG-01005,2026-04-01,0.9896469509827215,Critical,Logistic Regression,v1.0.0
ENG-01005,2026-05-01,0.956720187928368,Critical,Logistic Regression,v1.0.0
ENG-01005,2026-06-01,0.4022752104092598,Watch,Logistic Regression,v1.0.0
ENG-01005,2026-07-01,0.9308180051412598,Critical,Logistic Regression,v1.0.0
ENG-01005,2026-08-01,0.8846931294339494,Critical,Logistic Regression,v1.0.0
ENG-01006,2026-02-01,0.08055371371453819,Low,Logistic Regression,v1.0.0
ENG-01006,2026-03-01,0.0008164683155507625,Low,Logistic Regression,v1.0.0
ENG-01006,2026-04-01,0.019194716419930126,Low,Logistic Regression,v1.0.0
ENG-01006,2026-05-01,0.04111280845171168,Low,Logistic Regression,v1.0.0
ENG-01006,2026-06-01,0.0202483032699619,Low,Logistic Regression,v1.0.0
ENG-01006,2026-07-01,0.017676194527880985,Low,Logistic Regression,v1.0.0
ENG-01006,2026-08-01,0.0032432372598515643,Low,Logistic Regression,v1.0.0
ENG-01007,2026-06-01,0.07760037098934958,Low,Logistic Regression,v1.0.0
ENG-01007,2026-07-01,0.7125158837771497,Critical,Logistic Regression,v1.0.0
ENG-01007,2026-08-01,0.9983697195567667,Critical,Logistic Regression,v1.0.0
ENG-01007,2026-09-01,0.9974358143840711,Critical,Logistic Regression,v1.0.0
ENG-01008,2024-08-01,0.03780904392968284,Low,Logistic Regression,v1.0.0
ENG-01008,2024-09-01,0.04091106060391097,Low,Logistic Regression,v1.0.0
ENG-01008,2024-10-01,0.03246603849491704,Low,Logistic Regression,v1.0.0
ENG-01008,2024-11-01,0.007544707649503933,Low,Logistic Regression,v1.0.0
ENG-01008,2024-12-01,0.08818787254736363,Low,Logistic Regression,v1.0.0
ENG-01008,2025-01-01,0.004274854101870598,Low,Logistic Regression,v1.0.0
ENG-01008,2025-02-01,0.03333889202329694,Low,Logistic Regression,v1.0.0
ENG-01008,2025-03-01,0.008682676877219443,Low,Logistic Regression,v1.0.0
ENG-01008,2025-04-01,0.030206300225526672,Low,Logistic Regression,v1.0.0
ENG-01008,2025-05-01,0.0007123546391095889,Low,Logistic Regression,v1.0.0
ENG-01008,2025-06-01,0.07023260386188464,Low,Logistic Regression,v1.0.0
ENG-01008,2025-07-01,0.014756423338497521,Low,Logistic Regression,v1.0.0
ENG-01009,2026-05-01,0.045006913173819336,Low,Logistic Regression,v1.0.0
ENG-01009,2026-06-01,0.10167139927436213,Low,Logistic Regression,v1.0.0
ENG-01009,2026-07-01,0.06966579590875831,Low,Logistic Regression,v1.0.0
ENG-01009,2026-08-01,0.32852532922879085,Low,Logistic Regression,v1.0.0
ENG-01009,2026-09-01,0.0007203738724959382,Low,Logistic Regression,v1.0.0
ENG-01009,2026-10-01,0.043235615125635674,Low,Logistic Regression,v1.0.0
ENG-01009,2026-11-01,0.852698592605776,Critical,Logistic Regression,v1.0.0
ENG-01009,2026-12-01,0.014593838682589507,Low,Logistic Regression,v1.0.0
ENG-01009,2027-01-01,0.8686872408368096,Critical,Logistic Regression,v1.0.0
ENG-01009,2027-02-01,0.945387931814746,Critical,Logistic Regression,v1.0.0
ENG-01010,2024-01-01,0.07318463997467614,Low,Logistic Regression,v1.0.0
ENG-01010,2024-02-01,0.047745820147091056,Low,Logistic Regression,v1.0.0
ENG-01010,2024-03-01,0.25341565560079743,Low,Logistic Regression,v1.0.0
ENG-01010,2024-04-01,0.12073597901794028,Low,Logistic Regression,v1.0.0
ENG-01010,2024-05-01,0.16190999205332876,Low,Logistic Regression,v1.0.0
ENG-01010,2024-06-01,0.008467598133717743,Low,Logistic Regression,v1.0.0
ENG-01010,2024-07-01,0.47467406717733396,Watch,Logistic Regression,v1.0.0
ENG-01010,2024-08-01,0.08187709944162205,Low,Logistic Regression,v1.0.0
ENG-01011,2024-07-01,0.012314558662595922,Low,Logistic Regression,v1.0.0
ENG-01011,2024-08-01,0.001822069206279656,Low,Logistic Regression,v1.0.0
ENG-01011,2024-09-01,0.15006190024197705,Low,Logistic Regression,v1.0.0
ENG-01011,2024-10-01,0.029792578107984493,Low,Logistic Regression,v1.0.0
ENG-01011,2024-11-01,0.03120354707878604,Low,Logistic Regression,v1.0.0
ENG-01011,2024-12-01,0.005197488014642131,Low,Logistic Regression,v1.0.0
ENG-01011,2025-01-01,0.06818365702286451,Low,Logistic Regression,v1.0.0
ENG-01011,2025-02-01,0.0010596468213661188,Low,Logistic Regression,v1.0.0
ENG-01011,2025-03-01,0.0694669119786194,Low,Logistic Regression,v1.0.0
ENG-01011,2025-04-01,0.022100631114674613,Low,Logistic Regression,v1.0.0
ENG-01011,2025-05-01,0.018600390315177812,Low,Logistic Regression,v1.0.0
ENG-01012,2025-02-01,0.03470018478088159,Low,Logistic Regression,v1.0.0
ENG-01012,2025-03-01,0.30373543772210604,Low,Logistic Regression,v1.0.0
ENG-01012,2025-04-01,0.0029257598539202553,Low,Logistic Regression,v1.0.0
ENG-01012,2025-05-01,0.01158952106671035,Low,Logistic Regression,v1.0.0
ENG-01012,2025-06-01,0.06216412265694389,Low,Logistic Regression,v1.0.0
ENG-01012,2025-07-01,0.034114933943667415,Low,Logistic Regression,v1.0.0
ENG-01012,2025-08-01,0.38469719590771434,Watch,Logistic Regression,v1.0.0
ENG-01012,2025-09-01,0.1360195120155046,Low,Logistic Regression,v1.0.0
ENG-01012,2025-10-01,0.023556841229426202,Low,Logistic Regression,v1.0.0
ENG-01012,2025-11-01,0.25267271212129727,Low,Logistic Regression,v1.0.0
ENG-01012,2025-12-01,0.44658501607863027,Watch,Logistic Regression,v1.0.0
ENG-01012,2026-01-01,0.010075968115773923,Low,Logistic Regression,v1.0.0
ENG-01013,2025-03-01,0.02173966048757078,Low,Logistic Regression,v1.0.0
ENG-01013,2025-04-01,0.15473928378110485,Low,Logistic Regression,v1.0.0
ENG-01013,2025-05-01,0.07039564253167532,Low,Logistic Regression,v1.0.0
ENG-01013,2025-06-01,0.034999195615523025,Low,Logistic Regression,v1.0.0
ENG-01013,2025-07-01,0.005995280735802528,Low,Logistic Regression,v1.0.0
ENG-01013,2025-08-01,0.013910053600330213,Low,Logistic Regression,v1.0.0
ENG-01013,2025-09-01,0.00882594317663001,Low,Logistic Regression,v1.0.0
ENG-01013,2025-10-01,0.012920284907378909,Low,Logistic Regression,v1.0.0
ENG-01013,2025-11-01,0.007018842674374234,Low,Logistic Regression,v1.0.0
ENG-01014,2026-01-01,0.08208448210272588,Low,Logistic Regression,v1.0.0
ENG-01014,2026-02-01,0.4086138550313077,Watch,Logistic Regression,v1.0.0
ENG-01014,2026-03-01,0.1598747122998043,Low,Logistic Regression,v1.0.0
ENG-01014,2026-04-01,0.10633177675972097,Low,Logistic Regression,v1.0.0
ENG-01014,2026-05-01,0.5458527916965159,Watch,Logistic Regression,v1.0.0
ENG-01014,2026-06-01,0.1153514492789081,Low,Logistic Regression,v1.0.0
ENG-01014,2026-07-01,0.11718484298160108,Low,Logistic Regression,v1.0.0
ENG-01014,2026-08-01,0.06292505470238288,Low,Logistic Regression,v1.0.0
ENG-01015,2026-05-01,0.040825616592523865,Low,Logistic Regression,v1.0.0
ENG-01015,2026-06-01,0.028668893467567902,Low,Logistic Regression,v1.0.0
ENG-01015,2026-07-01,0.027253529448787703,Low,Logistic Regression,v1.0.0
ENG-01015,2026-08-01,0.03882770726421272,Low,Logistic Regression,v1.0.0
ENG-01016,2024-01-01,0.05988975706645488,Low,Logistic Regression,v1.0.0
ENG-01016,2024-02-01,0.16988151238987947,Low,Logistic Regression,v1.0.0
ENG-01016,2024-03-01,0.12327551207989565,Low,Logistic Regression,v1.0.0
ENG-01016,2024-04-01,0.21806347021904202,Low,Logistic Regression,v1.0.0
ENG-01016,2024-05-01,0.18508862112015106,Low,Logistic Regression,v1.0.0
ENG-01016,2024-06-01,0.21793307677829324,Low,Logistic Regression,v1.0.0
ENG-01016,2024-07-01,0.13963253916754537,Low,Logistic Regression,v1.0.0
ENG-01016,2024-08-01,0.07727133044352968,Low,Logistic Regression,v1.0.0
ENG-01016,2024-09-01,0.07517500727454318,Low,Logistic Regression,v1.0.0
ENG-01017,2025-12-01,0.08358853212482063,Low,Logistic Regression,v1.0.0
ENG-01017,2026-01-01,0.01439439531571693,Low,Logistic Regression,v1.0.0
ENG-01017,2026-02-01,0.11787550389869027,Low,Logistic Regression,v1.0.0
ENG-01017,2026-03-01,0.040034873867125564,Low,Logistic Regression,v1.0.0
ENG-01017,2026-04-01,0.06637135018212487,Low,Logistic Regression,v1.0.0
ENG-01017,2026-05-01,0.08111670551904926,Low,Logistic Regression,v1.0.0
ENG-01017,2026-06-01,0.07006189141372988,Low,Logistic Regression,v1.0.0
ENG-01017,2026-07-01,0.04744236662900846,Low,Logistic Regression,v1.0.0
ENG-01017,2026-08-01,0.011207428933666934,Low,Logistic Regression,v1.0.0
ENG-01018,2025-09-01,0.16992779517727138,Low,Logistic Regression,v1.0.0
ENG-01018,2025-10-01,0.03480394577009434,Low,Logistic Regression,v1.0.0
ENG-01018,2025-11-01,0.6530260503709938,Critical,Logistic Regression,v1.0.0
ENG-01018,2025-12-01,0.039877439453396016,Low,Logistic Regression,v1.0.0
ENG-01018,2026-01-01,0.044518774075590226,Low,Logistic Regression,v1.0.0
ENG-01018,2026-02-01,0.45890065145693837,Watch,Logistic Regression,v1.0.0
ENG-01018,2026-03-01,0.2566477219166124,Low,Logistic Regression,v1.0.0
ENG-01018,2026-04-01,0.45694768909242484,Watch,Logistic Regression,v1.0.0
ENG-01018,2026-05-01,0.050141762858492374,Low,Logistic Regression,v1.0.0
ENG-01018,2026-06-01,0.04659583501587355,Low,Logistic Regression,v1.0.0
ENG-01018,2026-07-01,0.5994241037165786,Watch,Logistic Regression,v1.0.0
ENG-01018,2026-08-01,0.05342702909878374,Low,Logistic Regression,v1.0.0
ENG-01019,2026-03-01,0.018875312579280296,Low,Logistic Regression,v1.0.0
ENG-01019,2026-04-01,0.004242936359456086,Low,Logistic Regression,v1.0.0
ENG-01019,2026-05-01,0.017955768843078423,Low,Logistic Regression,v1.0.0
ENG-01019,2026-06-01,0.0284151217467488,Low,Logistic Regression,v1.0.0
ENG-01019,2026-07-01,0.27712818881704154,Low,Logistic Regression,v1.0.0
ENG-01019,2026-08-01,0.010079582908258623,Low,Logistic Regression,v1.0.0
ENG-01020,2024-02-01,0.2037726654761603,Low,Logistic Regression,v1.0.0
ENG-01020,2024-03-01,0.023685946784237105,Low,Logistic Regression,v1.0.0
ENG-01020,2024-04-01,0.5402180486838167,Watch,Logistic Regression,v1.0.0
ENG-01020,2024-05-01,0.3688565534183056,Watch,Logistic Regression,v1.0.0
ENG-01020,2024-06-01,0.03091044490319309,Low,Logistic Regression,v1.0.0
ENG-01020,2024-07-01,0.3778047563530777,Watch,Logistic Regression,v1.0.0
ENG-01020,2024-08-01,0.031025523572082145,Low,Logistic Regression,v1.0.0
ENG-01021,2024-06-01,0.04309982211891765,Low,Logistic Regression,v1.0.0
ENG-01021,2024-07-01,0.03253151861149307,Low,Logistic Regression,v1.0.0
ENG-01021,2024-08-01,0.22957184579850104,Low,Logistic Regression,v1.0.0
ENG-01021,2024-09-01,0.003349502846611793,Low,Logistic Regression,v1.0.0
ENG-01021,2024-10-01,0.6985391145494543,Critical,Logistic Regression,v1.0.0
ENG-01021,2024-11-01,0.04273799395193117,Low,Logistic Regression,v1.0.0
ENG-01021,2024-12-01,0.012518258807001078,Low,Logistic Regression,v1.0.0
ENG-01021,2025-01-01,0.5825147396851837,Watch,Logistic Regression,v1.0.0
ENG-01022,2025-10-01,0.227964190664595,Low,Logistic Regression,v1.0.0
ENG-01022,2025-11-01,0.15695818702339978,Low,Logistic Regression,v1.0.0
ENG-01022,2025-12-01,0.3312539318162792,Low,Logistic Regression,v1.0.0
ENG-01022,2026-01-01,0.1095770109975648,Low,Logistic Regression,v1.0.0
ENG-01022,2026-02-01,0.04463842984372918,Low,Logistic Regression,v1.0.0
ENG-01022,2026-03-01,0.6103292401300804,Watch,Logistic Regression,v1.0.0
ENG-01022,2026-04-01,0.2284349791213666,Low,Logistic Regression,v1.0.0
ENG-01022,2026-05-01,0.10803717663337452,Low,Logistic Regression,v1.0.0
ENG-01022,2026-06-01,0.0379970638706192,Low,Logistic Regression,v1.0.0
ENG-01023,2026-01-01,0.02334057612300646,Low,Logistic Regression,v1.0.0
ENG-01023,2026-02-01,0.0034111759967087275,Low,Logistic Regression,v1.0.0
ENG-01023,2026-03-01,0.0442112122816678,Low,Logistic Regression,v1.0.0
ENG-01023,2026-04-01,0.00224191256369211,Low,Logistic Regression,v1.0.0
ENG-01023,2026-05-01,0.052839478916156354,Low,Logistic Regression,v1.0.0
ENG-01023,2026-06-01,0.008340724698782527,Low,Logistic Regression,v1.0.0
ENG-01023,2026-07-01,0.005494994782832007,Low,Logistic Regression,v1.0.0
ENG-01023,2026-08-01,0.004600317777035389,Low,Logistic Regression,v1.0.0
ENG-01024,2025-08-01,0.05747254968478656,Low,Logistic Regression,v1.0.0
ENG-01024,2025-09-01,0.029522573514888687,Low,Logistic Regression,v1.0.0
ENG-01024,2025-10-01,0.0009216881630272505,Low,Logistic Regression,v1.0.0
ENG-01024,2025-11-01,0.13266525152620273,Low,Logistic Regression,v1.0.0
ENG-01024,2025-12-01,0.0015424614086139998,Low,Logistic Regression,v1.0.0
ENG-01024,2026-01-01,0.15155421275578815,Low,Logistic Regression,v1.0.0
ENG-01024,2026-02-01,0.05391697537896551,Low,Logistic Regression,v1.0.0
ENG-01024,2026-03-01,0.009490720389587445,Low,Logistic Regression,v1.0.0
ENG-01024,2026-04-01,0.0017267810150652589,Low,Logistic Regression,v1.0.0
ENG-01025,2026-05-01,0.017154702327624383,Low,Logistic Regression,v1.0.0
ENG-01025,2026-06-01,0.12055628928310586,Low,Logistic Regression,v1.0.0
ENG-01025,2026-07-01,0.03858955030147214,Low,Logistic Regression,v1.0.0
ENG-01025,2026-08-01,0.06426409269202607,Low,Logistic Regression,v1.0.0
ENG-01026,2025-10-01,0.01971711733816333,Low,Logistic Regression,v1.0.0
ENG-01026,2025-11-01,0.2969250953017146,Low,Logistic Regression,v1.0.0
ENG-01026,2025-12-01,0.9160942551248601,Critical,Logistic Regression,v1.0.0
ENG-01026,2026-01-01,0.4605743908655475,Watch,Logistic Regression,v1.0.0
ENG-01026,2026-02-01,0.9834064525876468,Critical,Logistic Regression,v1.0.0
ENG-01027,2026-03-01,0.12187233352359036,Low,Logistic Regression,v1.0.0
ENG-01027,2026-04-01,0.8004096505634407,Critical,Logistic Regression,v1.0.0
ENG-01027,2026-05-01,0.9635061688628591,Critical,Logistic Regression,v1.0.0
ENG-01027,2026-06-01,0.9848342996930292,Critical,Logistic Regression,v1.0.0
ENG-01027,2026-07-01,0.9993867477418137,Critical,Logistic Regression,v1.0.0
ENG-01028,2024-03-01,0.011018195628286485,Low,Logistic Regression,v1.0.0
ENG-01028,2024-04-01,0.36809866755585485,Watch,Logistic Regression,v1.0.0
ENG-01028,2024-05-01,0.025755433805865105,Low,Logistic Regression,v1.0.0
ENG-01028,2024-06-01,0.02088791818504747,Low,Logistic Regression,v1.0.0
ENG-01028,2024-07-01,0.15513917170489494,Low,Logistic Regression,v1.0.0
ENG-01028,2024-08-01,0.004261404278280919,Low,Logistic Regression,v1.0.0
ENG-01028,2024-09-01,0.1530476508252965,Low,Logistic Regression,v1.0.0
ENG-01029,2026-06-01,0.02369158770567286,Low,Logistic Regression,v1.0.0
ENG-01029,2026-07-01,0.516506999418534,Watch,Logistic Regression,v1.0.0
ENG-01029,2026-08-01,0.10873421245438299,Low,Logistic Regression,v1.0.0
ENG-01029,2026-09-01,0.8211945716424841,Critical,Logistic Regression,v1.0.0
ENG-01029,2026-10-01,0.5852233118706648,Watch,Logistic Regression,v1.0.0
ENG-01030,2025-04-01,0.060329704672012485,Low,Logistic Regression,v1.0.0
ENG-01030,2025-05-01,0.37919800903482814,Watch,Logistic Regression,v1.0.0
ENG-01030,2025-06-01,0.3345371220515786,Low,Logistic Regression,v1.0.0
ENG-01030,2025-07-01,0.971213825297711,Critical,Logistic Regression,v1.0.0
ENG-01030,2025-08-01,0.9905427422034995,Critical,Logistic Regression,v1.0.0
ENG-01031,2026-08-01,0.012193838981375197,Low,Logistic Regression,v1.0.0
ENG-01032,2025-03-01,0.06163279072115956,Low,Logistic Regression,v1.0.0
ENG-01032,2025-04-01,0.4410409384583485,Watch,Logistic Regression,v1.0.0
ENG-01032,2025-05-01,0.35255159283620596,Watch,Logistic Regression,v1.0.0
ENG-01032,2025-06-01,0.02999389823677967,Low,Logistic Regression,v1.0.0
ENG-01032,2025-07-01,0.21815220595994983,Low,Logistic Regression,v1.0.0
ENG-01032,2025-08-01,0.1588850658981158,Low,Logistic Regression,v1.0.0
ENG-01032,2025-09-01,0.0047645593471873264,Low,Logistic Regression,v1.0.0
ENG-01032,2025-10-01,0.02157392019004955,Low,Logistic Regression,v1.0.0
ENG-01032,2025-11-01,0.859641791713706,Critical,Logistic Regression,v1.0.0
ENG-01032,2025-12-01,0.01203162108876643,Low,Logistic Regression,v1.0.0
ENG-01032,2026-01-01,0.01794942849036481,Low,Logistic Regression,v1.0.0
ENG-01033,2025-05-01,0.1232355812748688,Low,Logistic Regression,v1.0.0
ENG-01033,2025-06-01,0.9866880859585578,Critical,Logistic Regression,v1.0.0
ENG-01033,2025-07-01,0.7474319743199007,Critical,Logistic Regression,v1.0.0
ENG-01033,2025-08-01,0.9884265806233608,Critical,Logistic Regression,v1.0.0
ENG-01034,2026-07-01,0.8895373135538202,Critical,Logistic Regression,v1.0.0
ENG-01034,2026-08-01,0.9973835297507919,Critical,Logistic Regression,v1.0.0
ENG-01034,2026-09-01,0.9919185357400101,Critical,Logistic Regression,v1.0.0
ENG-01034,2026-10-01,0.9987442128242034,Critical,Logistic Regression,v1.0.0
ENG-01035,2025-05-01,0.07591459790468888,Low,Logistic Regression,v1.0.0
ENG-01035,2025-06-01,0.0026394586437916224,Low,Logistic Regression,v1.0.0
ENG-01035,2025-07-01,0.4753431413823545,Watch,Logistic Regression,v1.0.0
ENG-01035,2025-08-01,0.02192593684629113,Low,Logistic Regression,v1.0.0
ENG-01035,2025-09-01,0.24489779919538002,Low,Logistic Regression,v1.0.0
ENG-01035,2025-10-01,0.08958873068017663,Low,Logistic Regression,v1.0.0
ENG-01035,2025-11-01,0.011048439233238018,Low,Logistic Regression,v1.0.0
ENG-01035,2025-12-01,0.01600078314030022,Low,Logistic Regression,v1.0.0
ENG-01035,2026-01-01,0.034416358733505,Low,Logistic Regression,v1.0.0
ENG-01035,2026-02-01,0.029548595962130626,Low,Logistic Regression,v1.0.0
ENG-01035,2026-03-01,0.003492981718812753,Low,Logistic Regression,v1.0.0
ENG-01036,2024-01-01,0.06430302307922324,Low,Logistic Regression,v1.0.0
ENG-01036,2024-02-01,0.7358152698510958,Critical,Logistic Regression,v1.0.0
ENG-01036,2024-03-01,0.9855181153476784,Critical,Logistic Regression,v1.0.0
ENG-01036,2024-04-01,0.992575013382377,Critical,Logistic Regression,v1.0.0
ENG-01037,2025-04-01,0.08101110021707231,Low,Logistic Regression,v1.0.0
ENG-01037,2025-05-01,0.8986616991615647,Critical,Logistic Regression,v1.0.0
ENG-01037,2025-06-01,0.04553149681961979,Low,Logistic Regression,v1.0.0
ENG-01037,2025-07-01,0.959806128906566,Critical,Logistic Regression,v1.0.0
ENG-01037,2025-08-01,0.0048145698390937635,Low,Logistic Regression,v1.0.0
ENG-01037,2025-09-01,0.7159572057713967,Critical,Logistic Regression,v1.0.0
ENG-01037,2025-10-01,0.8862739437212517,Critical,Logistic Regression,v1.0.0
ENG-01038,2024-09-01,0.013388529213224873,Low,Logistic Regression,v1.0.0
ENG-01038,2024-10-01,0.10270120776613835,Low,Logistic Regression,v1.0.0
ENG-01038,2024-11-01,0.008979553675915289,Low,Logistic Regression,v1.0.0
ENG-01038,2024-12-01,0.011565874778734846,Low,Logistic Regression,v1.0.0
ENG-01038,2025-01-01,0.12011982984966582,Low,Logistic Regression,v1.0.0
ENG-01038,2025-02-01,0.0021343471850395227,Low,Logistic Regression,v1.0.0
ENG-01038,2025-03-01,0.015112201309365386,Low,Logistic Regression,v1.0.0
ENG-01038,2025-04-01,0.0020828154333274174,Low,Logistic Regression,v1.0.0
ENG-01038,2025-05-01,0.01892876048597793,Low,Logistic Regression,v1.0.0
ENG-01038,2025-06-01,0.019914764270080692,Low,Logistic Regression,v1.0.0
ENG-01038,2025-07-01,0.009733593234009014,Low,Logistic Regression,v1.0.0
ENG-01039,2025-11-01,0.0157004338837546,Low,Logistic Regression,v1.0.0
ENG-01039,2025-12-01,0.04887614690748303,Low,Logistic Regression,v1.0.0
ENG-01039,2026-01-01,0.2520486752002743,Low,Logistic Regression,v1.0.0
ENG-01039,2026-02-01,0.008585295987131666,Low,Logistic Regression,v1.0.0
ENG-01039,2026-03-01,0.03255501410498246,Low,Logistic Regression,v1.0.0
ENG-01039,2026-04-01,0.04596529966551792,Low,Logistic Regression,v1.0.0
ENG-01039,2026-05-01,0.12384072216865646,Low,Logistic Regression,v1.0.0
ENG-01039,2026-06-01,0.0005140609691452935,Low,Logistic Regression,v1.0.0
ENG-01039,2026-07-01,0.3244622817817911,Low,Logistic Regression,v1.0.0
ENG-01039,2026-08-01,0.015328098470225199,Low,Logistic Regression,v1.0.0
ENG-01040,2024-03-01,0.06820516883500824,Low,Logistic Regression,v1.0.0
ENG-01040,2024-04-01,0.0407411552891289,Low,Logistic Regression,v1.0.0
ENG-01040,2024-05-01,0.04898582147357368,Low,Logistic Regression,v1.0.0
ENG-01040,2024-06-01,0.02530106611584895,Low,Logistic Regression,v1.0.0
ENG-01040,2024-07-01,0.14097036908047786,Low,Logistic Regression,v1.0.0
ENG-01040,2024-08-01,0.09041318180149996,Low,Logistic Regression,v1.0.0
ENG-01040,2024-09-01,0.006683523212959294,Low,Logistic Regression,v1.0.0
ENG-01040,2024-10-01,0.11296925354847367,Low,Logistic Regression,v1.0.0
ENG-01040,2024-11-01,0.010627744611086697,Low,Logistic Regression,v1.0.0
ENG-01040,2024-12-01,0.006150800106984183,Low,Logistic Regression,v1.0.0
ENG-01040,2025-01-01,0.013730475791044762,Low,Logistic Regression,v1.0.0
ENG-01041,2024-02-01,0.0050255061726885335,Low,Logistic Regression,v1.0.0
ENG-01041,2024-03-01,0.11156713302258796,Low,Logistic Regression,v1.0.0
ENG-01041,2024-04-01,0.004534997018922863,Low,Logistic Regression,v1.0.0
ENG-01041,2024-05-01,0.001591657123599512,Low,Logistic Regression,v1.0.0
ENG-01041,2024-06-01,0.015251103382194422,Low,Logistic Regression,v1.0.0
ENG-01041,2024-07-01,0.022234179128866202,Low,Logistic Regression,v1.0.0
ENG-01041,2024-08-01,0.007535745712029788,Low,Logistic Regression,v1.0.0
ENG-01042,2024-05-01,0.07486645198172452,Low,Logistic Regression,v1.0.0
ENG-01042,2024-06-01,0.02142779292706174,Low,Logistic Regression,v1.0.0
ENG-01042,2024-07-01,0.06400794220624799,Low,Logistic Regression,v1.0.0
ENG-01042,2024-08-01,0.009818883228979083,Low,Logistic Regression,v1.0.0
ENG-01042,2024-09-01,0.076579007850307,Low,Logistic Regression,v1.0.0
ENG-01042,2024-10-01,0.009850142372272903,Low,Logistic Regression,v1.0.0
ENG-01042,2024-11-01,0.013308486963894181,Low,Logistic Regression,v1.0.0
ENG-01042,2024-12-01,0.27487919362591523,Low,Logistic Regression,v1.0.0
ENG-01042,2025-01-01,0.012364054239470306,Low,Logistic Regression,v1.0.0
ENG-01043,2024-10-01,0.25925320536779545,Low,Logistic Regression,v1.0.0
ENG-01043,2024-11-01,0.7051723876046546,Critical,Logistic Regression,v1.0.0
ENG-01043,2024-12-01,0.08563835921160264,Low,Logistic Regression,v1.0.0
ENG-01043,2025-01-01,0.4479477035220059,Watch,Logistic Regression,v1.0.0
ENG-01043,2025-02-01,0.2826888572001694,Low,Logistic Regression,v1.0.0
ENG-01043,2025-03-01,0.2402797841802538,Low,Logistic Regression,v1.0.0
ENG-01043,2025-04-01,0.062007581087315626,Low,Logistic Regression,v1.0.0
ENG-01043,2025-05-01,0.14271285043226142,Low,Logistic Regression,v1.0.0
ENG-01043,2025-06-01,0.13658744200652165,Low,Logistic Regression,v1.0.0
ENG-01043,2025-07-01,0.5786658157665444,Watch,Logistic Regression,v1.0.0
ENG-01043,2025-08-01,0.103767751441669,Low,Logistic Regression,v1.0.0
ENG-01043,2025-09-01,0.26055506641570025,Low,Logistic Regression,v1.0.0
ENG-01043,2025-10-01,0.9133084336182115,Critical,Logistic Regression,v1.0.0
ENG-01044,2024-02-01,0.11643649228711497,Low,Logistic Regression,v1.0.0
ENG-01044,2024-03-01,0.6850996930031114,Critical,Logistic Regression,v1.0.0
ENG-01044,2024-04-01,0.22495121167303309,Low,Logistic Regression,v1.0.0
ENG-01044,2024-05-01,0.012778254164065302,Low,Logistic Regression,v1.0.0
ENG-01044,2024-06-01,0.8204548047591108,Critical,Logistic Regression,v1.0.0
ENG-01044,2024-07-01,0.11676514245146709,Low,Logistic Regression,v1.0.0
ENG-01044,2024-08-01,0.4014592155340057,Watch,Logistic Regression,v1.0.0
ENG-01044,2024-09-01,0.08431106491214947,Low,Logistic Regression,v1.0.0
ENG-01044,2024-10-01,0.0397996680152973,Low,Logistic Regression,v1.0.0
ENG-01045,2024-06-01,0.19802610896992504,Low,Logistic Regression,v1.0.0
ENG-01045,2024-07-01,0.04131577992714685,Low,Logistic Regression,v1.0.0
ENG-01045,2024-08-01,0.19481264798802714,Low,Logistic Regression,v1.0.0
ENG-01045,2024-09-01,0.14900320823098034,Low,Logistic Regression,v1.0.0
ENG-01045,2024-10-01,0.024578390315769548,Low,Logistic Regression,v1.0.0
ENG-01045,2024-11-01,0.25927074516370663,Low,Logistic Regression,v1.0.0
ENG-01045,2024-12-01,0.4494588247824122,Watch,Logistic Regression,v1.0.0
ENG-01045,2025-01-01,0.03759790117773908,Low,Logistic Regression,v1.0.0
ENG-01045,2025-02-01,0.16142444927239977,Low,Logistic Regression,v1.0.0
ENG-01046,2026-02-01,0.7851176215178768,Critical,Logistic Regression,v1.0.0
ENG-01046,2026-03-01,0.20914631658331695,Low,Logistic Regression,v1.0.0
ENG-01046,2026-04-01,0.6339188801454477,Watch,Logistic Regression,v1.0.0
ENG-01046,2026-05-01,0.8462217304562992,Critical,Logistic Regression,v1.0.0
ENG-01046,2026-06-01,0.7961190130673412,Critical,Logistic Regression,v1.0.0
ENG-01046,2026-07-01,0.817231341429062,Critical,Logistic Regression,v1.0.0
ENG-01046,2026-08-01,0.9952033424530461,Critical,Logistic Regression,v1.0.0
ENG-01047,2024-01-01,0.07898017684017175,Low,Logistic Regression,v1.0.0
ENG-01047,2024-02-01,0.04383865120887158,Low,Logistic Regression,v1.0.0
ENG-01047,2024-03-01,0.020136329994746932,Low,Logistic Regression,v1.0.0
ENG-01047,2024-04-01,0.001823594812713974,Low,Logistic Regression,v1.0.0
ENG-01047,2024-05-01,0.08222883455793804,Low,Logistic Regression,v1.0.0
ENG-01047,2024-06-01,0.02899988432734899,Low,Logistic Regression,v1.0.0
ENG-01047,2024-07-01,0.09689555884437512,Low,Logistic Regression,v1.0.0
ENG-01048,2024-09-01,0.18625955292675717,Low,Logistic Regression,v1.0.0
ENG-01048,2024-10-01,0.015344567307072643,Low,Logistic Regression,v1.0.0
ENG-01048,2024-11-01,0.2519941091979492,Low,Logistic Regression,v1.0.0
ENG-01048,2024-12-01,0.033146418389203014,Low,Logistic Regression,v1.0.0
ENG-01048,2025-01-01,0.3959460744003505,Watch,Logistic Regression,v1.0.0
ENG-01048,2025-02-01,0.002313443297303763,Low,Logistic Regression,v1.0.0
ENG-01048,2025-03-01,0.0716033351859317,Low,Logistic Regression,v1.0.0
ENG-01048,2025-04-01,0.2761651148168084,Low,Logistic Regression,v1.0.0
ENG-01048,2025-05-01,0.040932038414476755,Low,Logistic Regression,v1.0.0
ENG-01048,2025-06-01,0.016120112392808025,Low,Logistic Regression,v1.0.0
ENG-01048,2025-07-01,0.04263449591936814,Low,Logistic Regression,v1.0.0
ENG-01049,2026-07-01,0.08551924800902828,Low,Logistic Regression,v1.0.0
ENG-01049,2026-08-01,0.2230300150719028,Low,Logistic Regression,v1.0.0
ENG-01049,2026-09-01,0.7595923470750738,Critical,Logistic Regression,v1.0.0
ENG-01049,2026-10-01,0.9965936500929488,Critical,Logistic Regression,v1.0.0
ENG-01049,2026-11-01,0.9777792086072409,Critical,Logistic Regression,v1.0.0
ENG-01050,2024-02-01,0.019829832699936344,Low,Logistic Regression,v1.0.0
ENG-01050,2024-03-01,0.22826765084069767,Low,Logistic Regression,v1.0.0
ENG-01050,2024-04-01,0.004329636941727671,Low,Logistic Regression,v1.0.0
ENG-01050,2024-05-01,0.04913712296822156,Low,Logistic Regression,v1.0.0
ENG-01050,2024-06-01,0.10108867783811472,Low,Logistic Regression,v1.0.0
ENG-01050,2024-07-01,0.006149312081038601,Low,Logistic Regression,v1.0.0
ENG-01050,2024-08-01,0.1276214083785791,Low,Logistic Regression,v1.0.0
ENG-01050,2024-09-01,0.05584200971016937,Low,Logistic Regression,v1.0.0
ENG-01050,2024-10-01,0.015194412330909332,Low,Logistic Regression,v1.0.0
ENG-01050,2024-11-01,0.006629776338962017,Low,Logistic Regression,v1.0.0
ENG-01050,2024-12-01,0.4448608698215578,Watch,Logistic Regression,v1.0.0
ENG-01050,2025-01-01,0.005502680479906754,Low,Logistic Regression,v1.0.0
ENG-01051,2026-02-01,0.0255948281182927,Low,Logistic Regression,v1.0.0
ENG-01051,2026-03-01,0.24611525261106737,Low,Logistic Regression,v1.0.0
ENG-01051,2026-04-01,0.0032783773864820524,Low,Logistic Regression,v1.0.0
ENG-01051,2026-05-01,0.08655581684010687,Low,Logistic Regression,v1.0.0
ENG-01051,2026-06-01,0.016641184725177754,Low,Logistic Regression,v1.0.0
ENG-01051,2026-07-01,0.7967241638328108,Critical,Logistic Regression,v1.0.0
ENG-01051,2026-08-01,0.9625041516539339,Critical,Logistic Regression,v1.0.0
ENG-01051,2026-09-01,0.9141893014349055,Critical,Logistic Regression,v1.0.0
ENG-01052,2025-01-01,0.2083709298128867,Low,Logistic Regression,v1.0.0
ENG-01052,2025-02-01,0.10143641002018385,Low,Logistic Regression,v1.0.0
ENG-01052,2025-03-01,0.45415057182050944,Watch,Logistic Regression,v1.0.0
ENG-01052,2025-04-01,0.36084093012322566,Watch,Logistic Regression,v1.0.0
ENG-01052,2025-05-01,0.992344901534739,Critical,Logistic Regression,v1.0.0
ENG-01052,2025-06-01,0.9939209711611864,Critical,Logistic Regression,v1.0.0
ENG-01052,2025-07-01,0.9679198335698531,Critical,Logistic Regression,v1.0.0
ENG-01053,2024-12-01,0.39984220366193995,Watch,Logistic Regression,v1.0.0
ENG-01053,2025-01-01,0.9950240697548914,Critical,Logistic Regression,v1.0.0
ENG-01053,2025-02-01,0.9142764941031537,Critical,Logistic Regression,v1.0.0
ENG-01053,2025-03-01,0.9780241848556398,Critical,Logistic Regression,v1.0.0
ENG-01053,2025-04-01,0.9981461111597686,Critical,Logistic Regression,v1.0.0
ENG-01054,2025-12-01,0.09606398930593418,Low,Logistic Regression,v1.0.0
ENG-01054,2026-01-01,0.025905854460788486,Low,Logistic Regression,v1.0.0
ENG-01054,2026-02-01,0.35224553756652804,Watch,Logistic Regression,v1.0.0
ENG-01054,2026-03-01,0.044356702527725486,Low,Logistic Regression,v1.0.0
ENG-01054,2026-04-01,0.004756388864865088,Low,Logistic Regression,v1.0.0
ENG-01054,2026-05-01,0.1047756100827783,Low,Logistic Regression,v1.0.0
ENG-01054,2026-06-01,0.0007480195445142634,Low,Logistic Regression,v1.0.0
ENG-01054,2026-07-01,0.1192755724035954,Low,Logistic Regression,v1.0.0
ENG-01054,2026-08-01,0.0027825775101951522,Low,Logistic Regression,v1.0.0
ENG-01055,2025-08-01,0.1970708310462933,Low,Logistic Regression,v1.0.0
ENG-01055,2025-09-01,0.9385043903997047,Critical,Logistic Regression,v1.0.0
ENG-01055,2025-10-01,0.9941213140206742,Critical,Logistic Regression,v1.0.0
ENG-01055,2025-11-01,0.9975569062173666,Critical,Logistic Regression,v1.0.0
ENG-01056,2024-10-01,0.6513582203809661,Critical,Logistic Regression,v1.0.0
ENG-01056,2024-11-01,0.22155326590890176,Low,Logistic Regression,v1.0.0
ENG-01056,2024-12-01,0.2520471012301369,Low,Logistic Regression,v1.0.0
ENG-01056,2025-01-01,0.1040634198669321,Low,Logistic Regression,v1.0.0
ENG-01056,2025-02-01,0.5029305016311689,Watch,Logistic Regression,v1.0.0
ENG-01056,2025-03-01,0.1280461036748817,Low,Logistic Regression,v1.0.0
ENG-01056,2025-04-01,0.08900502132889988,Low,Logistic Regression,v1.0.0
ENG-01056,2025-05-01,0.026919720306112407,Low,Logistic Regression,v1.0.0
ENG-01056,2025-06-01,0.08039875473878431,Low,Logistic Regression,v1.0.0
ENG-01056,2025-07-01,0.4685071753074211,Watch,Logistic Regression,v1.0.0
ENG-01056,2025-08-01,0.09984091813780166,Low,Logistic Regression,v1.0.0
ENG-01056,2025-09-01,0.6616600089509741,Critical,Logistic Regression,v1.0.0
ENG-01056,2025-10-01,0.09891063984431486,Low,Logistic Regression,v1.0.0
ENG-01057,2024-08-01,0.16063118396580683,Low,Logistic Regression,v1.0.0
ENG-01057,2024-09-01,0.05278419967341041,Low,Logistic Regression,v1.0.0
ENG-01057,2024-10-01,0.7821920966945186,Critical,Logistic Regression,v1.0.0
ENG-01057,2024-11-01,0.11760927935788862,Low,Logistic Regression,v1.0.0
ENG-01057,2024-12-01,0.20628233337583518,Low,Logistic Regression,v1.0.0
ENG-01057,2025-01-01,0.09071345923867032,Low,Logistic Regression,v1.0.0
ENG-01057,2025-02-01,0.7129466906363207,Critical,Logistic Regression,v1.0.0
ENG-01057,2025-03-01,0.1526473241929388,Low,Logistic Regression,v1.0.0
ENG-01058,2025-10-01,0.05613867643049911,Low,Logistic Regression,v1.0.0
ENG-01058,2025-11-01,0.003301211701592991,Low,Logistic Regression,v1.0.0
ENG-01058,2025-12-01,0.0787162598422703,Low,Logistic Regression,v1.0.0
ENG-01058,2026-01-01,0.01251129588245548,Low,Logistic Regression,v1.0.0
ENG-01058,2026-02-01,0.11551290517336033,Low,Logistic Regression,v1.0.0
ENG-01058,2026-03-01,0.06827667941319165,Low,Logistic Regression,v1.0.0
ENG-01058,2026-04-01,0.01591438580946611,Low,Logistic Regression,v1.0.0
ENG-01058,2026-05-01,0.0026638287804557487,Low,Logistic Regression,v1.0.0
ENG-01058,2026-06-01,0.02226195966575542,Low,Logistic Regression,v1.0.0
ENG-01058,2026-07-01,0.002763023469426077,Low,Logistic Regression,v1.0.0
ENG-01058,2026-08-01,0.03295314830223449,Low,Logistic Regression,v1.0.0
ENG-01059,2026-04-01,0.18205758141764494,Low,Logistic Regression,v1.0.0
ENG-01059,2026-05-01,0.41815154655395875,Watch,Logistic Regression,v1.0.0
ENG-01059,2026-06-01,0.08577179194850675,Low,Logistic Regression,v1.0.0
ENG-01059,2026-07-01,0.6542367340382346,Critical,Logistic Regression,v1.0.0
ENG-01059,2026-08-01,0.04342518907764743,Low,Logistic Regression,v1.0.0
ENG-01060,2024-11-01,0.011912054664504781,Low,Logistic Regression,v1.0.0
ENG-01060,2024-12-01,0.018342753015167444,Low,Logistic Regression,v1.0.0
ENG-01060,2025-01-01,0.005429700398434097,Low,Logistic Regression,v1.0.0
ENG-01060,2025-02-01,0.014725029624865792,Low,Logistic Regression,v1.0.0
ENG-01060,2025-03-01,0.026894662887965912,Low,Logistic Regression,v1.0.0
ENG-01060,2025-04-01,0.0017456238477255805,Low,Logistic Regression,v1.0.0
ENG-01060,2025-05-01,0.007863474891237206,Low,Logistic Regression,v1.0.0
ENG-01060,2025-06-01,0.0051872315132342845,Low,Logistic Regression,v1.0.0
ENG-01061,2025-05-01,0.174013162905106,Low,Logistic Regression,v1.0.0
ENG-01061,2025-06-01,0.2836251221404423,Low,Logistic Regression,v1.0.0
ENG-01061,2025-07-01,0.24237278043003818,Low,Logistic Regression,v1.0.0
ENG-01061,2025-08-01,0.4870835276179379,Watch,Logistic Regression,v1.0.0
ENG-01061,2025-09-01,0.9547337303111428,Critical,Logistic Regression,v1.0.0
ENG-01061,2025-10-01,0.9187218532460318,Critical,Logistic Regression,v1.0.0
ENG-01061,2025-11-01,0.7804952554193816,Critical,Logistic Regression,v1.0.0
ENG-01061,2025-12-01,0.9991269068794584,Critical,Logistic Regression,v1.0.0
ENG-01062,2024-06-01,0.011289918299476618,Low,Logistic Regression,v1.0.0
ENG-01062,2024-07-01,0.020218233183161145,Low,Logistic Regression,v1.0.0
ENG-01062,2024-08-01,0.012328244263214421,Low,Logistic Regression,v1.0.0
ENG-01062,2024-09-01,0.002104092753142405,Low,Logistic Regression,v1.0.0
ENG-01062,2024-10-01,0.00851316653965471,Low,Logistic Regression,v1.0.0
ENG-01062,2024-11-01,0.26824491381652216,Low,Logistic Regression,v1.0.0
ENG-01062,2024-12-01,0.001157052541279519,Low,Logistic Regression,v1.0.0
ENG-01062,2025-01-01,0.010021489193687625,Low,Logistic Regression,v1.0.0
ENG-01062,2025-02-01,0.0017627238220007278,Low,Logistic Regression,v1.0.0
ENG-01063,2024-04-01,0.1501605903431653,Low,Logistic Regression,v1.0.0
ENG-01063,2024-05-01,0.08889532205115024,Low,Logistic Regression,v1.0.0
ENG-01063,2024-06-01,0.11331196723485182,Low,Logistic Regression,v1.0.0
ENG-01063,2024-07-01,0.04766294668437739,Low,Logistic Regression,v1.0.0
ENG-01063,2024-08-01,0.10990598782098522,Low,Logistic Regression,v1.0.0
ENG-01063,2024-09-01,0.1257781217356657,Low,Logistic Regression,v1.0.0
ENG-01063,2024-10-01,0.026028255701974767,Low,Logistic Regression,v1.0.0
ENG-01063,2024-11-01,0.6477556810381413,Watch,Logistic Regression,v1.0.0
ENG-01064,2026-07-01,0.09173642247685089,Low,Logistic Regression,v1.0.0
ENG-01064,2026-08-01,0.003403244672908149,Low,Logistic Regression,v1.0.0
ENG-01065,2024-11-01,0.011150339662787757,Low,Logistic Regression,v1.0.0
ENG-01065,2024-12-01,0.132189464518239,Low,Logistic Regression,v1.0.0
ENG-01065,2025-01-01,0.038522974133085176,Low,Logistic Regression,v1.0.0
ENG-01065,2025-02-01,0.0176291284865413,Low,Logistic Regression,v1.0.0
ENG-01065,2025-03-01,0.0036205917819693047,Low,Logistic Regression,v1.0.0
ENG-01065,2025-04-01,0.005501806251737351,Low,Logistic Regression,v1.0.0
ENG-01065,2025-05-01,0.01914527668550786,Low,Logistic Regression,v1.0.0
ENG-01065,2025-06-01,0.011578090681857158,Low,Logistic Regression,v1.0.0
ENG-01065,2025-07-01,0.004401298691022256,Low,Logistic Regression,v1.0.0
ENG-01066,2025-05-01,0.014555310302091241,Low,Logistic Regression,v1.0.0
ENG-01066,2025-06-01,0.0022110504781915727,Low,Logistic Regression,v1.0.0
ENG-01066,2025-07-01,0.6155976170387638,Watch,Logistic Regression,v1.0.0
ENG-01066,2025-08-01,0.00020797584588885348,Low,Logistic Regression,v1.0.0
ENG-01066,2025-09-01,0.16512845956056518,Low,Logistic Regression,v1.0.0
ENG-01066,2025-10-01,0.009286890277429452,Low,Logistic Regression,v1.0.0
ENG-01066,2025-11-01,0.017480374384991785,Low,Logistic Regression,v1.0.0
ENG-01066,2025-12-01,0.007454031217744542,Low,Logistic Regression,v1.0.0
ENG-01067,2026-07-01,0.030470404212820004,Low,Logistic Regression,v1.0.0
ENG-01067,2026-08-01,0.11290143891333843,Low,Logistic Regression,v1.0.0
ENG-01068,2024-09-01,0.013365514136351684,Low,Logistic Regression,v1.0.0
ENG-01068,2024-10-01,0.004577651095536029,Low,Logistic Regression,v1.0.0
ENG-01068,2024-11-01,0.10839604781838187,Low,Logistic Regression,v1.0.0
ENG-01068,2024-12-01,0.002940657006334772,Low,Logistic Regression,v1.0.0
ENG-01068,2025-01-01,0.0426945455523285,Low,Logistic Regression,v1.0.0
ENG-01068,2025-02-01,0.005091424661576775,Low,Logistic Regression,v1.0.0
ENG-01068,2025-03-01,0.038791966852470904,Low,Logistic Regression,v1.0.0
ENG-01068,2025-04-01,0.0022132209051723686,Low,Logistic Regression,v1.0.0
ENG-01068,2025-05-01,0.02728687670457166,Low,Logistic Regression,v1.0.0
ENG-01068,2025-06-01,0.007243825359411742,Low,Logistic Regression,v1.0.0
ENG-01069,2026-07-01,0.14567405281293433,Low,Logistic Regression,v1.0.0
ENG-01069,2026-08-01,0.9426879428138351,Critical,Logistic Regression,v1.0.0
ENG-01069,2026-09-01,0.865445414444093,Critical,Logistic Regression,v1.0.0
ENG-01069,2026-10-01,0.9989158783913661,Critical,Logistic Regression,v1.0.0
ENG-01069,2026-11-01,0.9977383181430362,Critical,Logistic Regression,v1.0.0
ENG-01070,2025-12-01,0.5424909185967491,Watch,Logistic Regression,v1.0.0
ENG-01070,2026-01-01,0.322609539871812,Low,Logistic Regression,v1.0.0
ENG-01070,2026-02-01,0.7336521813137574,Critical,Logistic Regression,v1.0.0
ENG-01070,2026-03-01,0.5027483014132148,Watch,Logistic Regression,v1.0.0
ENG-01070,2026-04-01,0.027024013495225287,Low,Logistic Regression,v1.0.0
ENG-01070,2026-05-01,0.6771352104990531,Critical,Logistic Regression,v1.0.0
ENG-01070,2026-06-01,0.1033620993808487,Low,Logistic Regression,v1.0.0
ENG-01071,2024-02-01,0.005109201646057201,Low,Logistic Regression,v1.0.0
ENG-01071,2024-03-01,0.01934786618846658,Low,Logistic Regression,v1.0.0
ENG-01071,2024-04-01,0.6417393782670382,Watch,Logistic Regression,v1.0.0
ENG-01071,2024-05-01,0.01393746104168014,Low,Logistic Regression,v1.0.0
ENG-01071,2024-06-01,0.8456944705419375,Critical,Logistic Regression,v1.0.0
ENG-01071,2024-07-01,0.5479392233169904,Watch,Logistic Regression,v1.0.0
ENG-01072,2025-12-01,0.011097012172816898,Low,Logistic Regression,v1.0.0
ENG-01072,2026-01-01,0.003896181267139748,Low,Logistic Regression,v1.0.0
ENG-01072,2026-02-01,0.0052775528223912085,Low,Logistic Regression,v1.0.0
ENG-01072,2026-03-01,0.002402831315697138,Low,Logistic Regression,v1.0.0
ENG-01072,2026-04-01,0.023310737710963033,Low,Logistic Regression,v1.0.0
ENG-01072,2026-05-01,0.0018539905691963834,Low,Logistic Regression,v1.0.0
ENG-01072,2026-06-01,0.01093125125439327,Low,Logistic Regression,v1.0.0
ENG-01072,2026-07-01,0.010393080221338065,Low,Logistic Regression,v1.0.0
ENG-01072,2026-08-01,0.0030980600485410494,Low,Logistic Regression,v1.0.0
ENG-01073,2025-11-01,0.07180951732332597,Low,Logistic Regression,v1.0.0
ENG-01073,2025-12-01,0.0228630571821274,Low,Logistic Regression,v1.0.0
ENG-01073,2026-01-01,0.0070138311801813315,Low,Logistic Regression,v1.0.0
ENG-01073,2026-02-01,0.023734375704701847,Low,Logistic Regression,v1.0.0
ENG-01073,2026-03-01,0.019470652423312012,Low,Logistic Regression,v1.0.0
ENG-01073,2026-04-01,0.08555077949427226,Low,Logistic Regression,v1.0.0
ENG-01073,2026-05-01,0.23006695082496495,Low,Logistic Regression,v1.0.0
ENG-01073,2026-06-01,0.0015981860544944109,Low,Logistic Regression,v1.0.0
ENG-01073,2026-07-01,0.03423533519307462,Low,Logistic Regression,v1.0.0
ENG-01073,2026-08-01,0.05489532756993356,Low,Logistic Regression,v1.0.0
ENG-01074,2025-05-01,0.1744869680288501,Low,Logistic Regression,v1.0.0
ENG-01074,2025-06-01,0.5737642646966669,Watch,Logistic Regression,v1.0.0
ENG-01074,2025-07-01,0.26456608023725253,Low,Logistic Regression,v1.0.0
ENG-01074,2025-08-01,0.02624875980051875,Low,Logistic Regression,v1.0.0
ENG-01074,2025-09-01,0.4262537052846777,Watch,Logistic Regression,v1.0.0
ENG-01074,2025-10-01,0.3086633098430221,Low,Logistic Regression,v1.0.0
ENG-01074,2025-11-01,0.3578219814640206,Watch,Logistic Regression,v1.0.0
ENG-01074,2025-12-01,0.30635263308076915,Low,Logistic Regression,v1.0.0
ENG-01074,2026-01-01,0.025996959853709027,Low,Logistic Regression,v1.0.0
ENG-01074,2026-02-01,0.6531619710440969,Critical,Logistic Regression,v1.0.0
ENG-01074,2026-03-01,0.4334687404956186,Watch,Logistic Regression,v1.0.0
ENG-01074,2026-04-01,0.0024006045678893256,Low,Logistic Regression,v1.0.0
ENG-01074,2026-05-01,0.33125192539068715,Low,Logistic Regression,v1.0.0
ENG-01075,2025-06-01,0.027684646314128578,Low,Logistic Regression,v1.0.0
ENG-01075,2025-07-01,0.06847875118363235,Low,Logistic Regression,v1.0.0
ENG-01075,2025-08-01,0.0031809778138579088,Low,Logistic Regression,v1.0.0
ENG-01075,2025-09-01,0.014096917991582178,Low,Logistic Regression,v1.0.0
ENG-01075,2025-10-01,0.04384588587998668,Low,Logistic Regression,v1.0.0
ENG-01075,2025-11-01,0.005027372491202638,Low,Logistic Regression,v1.0.0
ENG-01075,2025-12-01,0.0515668966552453,Low,Logistic Regression,v1.0.0
ENG-01075,2026-01-01,0.08123829349121676,Low,Logistic Regression,v1.0.0
ENG-01075,2026-02-01,0.04134721548756496,Low,Logistic Regression,v1.0.0
ENG-01076,2025-09-01,0.45307495857783864,Watch,Logistic Regression,v1.0.0
ENG-01076,2025-10-01,0.2921300960193685,Low,Logistic Regression,v1.0.0
ENG-01076,2025-11-01,0.16403471968707414,Low,Logistic Regression,v1.0.0
ENG-01076,2025-12-01,0.6725176567448276,Critical,Logistic Regression,v1.0.0
ENG-01076,2026-01-01,0.3433839555644694,Low,Logistic Regression,v1.0.0
ENG-01076,2026-02-01,0.014960575620552079,Low,Logistic Regression,v1.0.0
ENG-01076,2026-03-01,0.6758704097226799,Critical,Logistic Regression,v1.0.0
ENG-01077,2025-03-01,0.08710142724885157,Low,Logistic Regression,v1.0.0
ENG-01077,2025-04-01,0.48601904109813526,Watch,Logistic Regression,v1.0.0
ENG-01077,2025-05-01,0.0011378712233950548,Low,Logistic Regression,v1.0.0
ENG-01077,2025-06-01,0.5333634277179025,Watch,Logistic Regression,v1.0.0
ENG-01077,2025-07-01,0.02543978489620526,Low,Logistic Regression,v1.0.0
ENG-01077,2025-08-01,0.19715941685293614,Low,Logistic Regression,v1.0.0
ENG-01077,2025-09-01,0.027791212395172765,Low,Logistic Regression,v1.0.0
ENG-01077,2025-10-01,0.7066314719727909,Critical,Logistic Regression,v1.0.0
ENG-01077,2025-11-01,0.13923928829156262,Low,Logistic Regression,v1.0.0
ENG-01077,2025-12-01,0.9940188689611578,Critical,Logistic Regression,v1.0.0
ENG-01078,2025-03-01,0.7215417114082304,Critical,Logistic Regression,v1.0.0
ENG-01078,2025-04-01,0.6893950266695014,Critical,Logistic Regression,v1.0.0
ENG-01078,2025-05-01,0.280262943373512,Low,Logistic Regression,v1.0.0
ENG-01078,2025-06-01,0.9653082073054893,Critical,Logistic Regression,v1.0.0
ENG-01078,2025-07-01,0.04431908860622278,Low,Logistic Regression,v1.0.0
ENG-01078,2025-08-01,0.7290968724487753,Critical,Logistic Regression,v1.0.0
ENG-01078,2025-09-01,0.9378469460519014,Critical,Logistic Regression,v1.0.0
ENG-01078,2025-10-01,0.9872722915926018,Critical,Logistic Regression,v1.0.0
ENG-01078,2025-11-01,0.9710729335604339,Critical,Logistic Regression,v1.0.0
ENG-01078,2025-12-01,0.9975493744554654,Critical,Logistic Regression,v1.0.0
ENG-01078,2026-01-01,0.9997534546943734,Critical,Logistic Regression,v1.0.0
ENG-01079,2026-08-01,0.026946430993301164,Low,Logistic Regression,v1.0.0
ENG-01079,2026-09-01,0.04050909637454431,Low,Logistic Regression,v1.0.0
ENG-01079,2026-10-01,0.5740651344961917,Watch,Logistic Regression,v1.0.0
ENG-01079,2026-11-01,0.7027883666719128,Critical,Logistic Regression,v1.0.0
ENG-01079,2026-12-01,0.8878912747735153,Critical,Logistic Regression,v1.0.0
ENG-01079,2027-01-01,0.90929039465211,Critical,Logistic Regression,v1.0.0
ENG-01080,2026-07-01,0.03784903326391072,Low,Logistic Regression,v1.0.0
ENG-01080,2026-08-01,0.9990253917142601,Critical,Logistic Regression,v1.0.0
ENG-01081,2025-01-01,0.3092631219911442,Low,Logistic Regression,v1.0.0
ENG-01081,2025-02-01,0.4215056708109188,Watch,Logistic Regression,v1.0.0
ENG-01081,2025-03-01,0.04935105493829073,Low,Logistic Regression,v1.0.0
ENG-01081,2025-04-01,0.0026041807632923306,Low,Logistic Regression,v1.0.0
ENG-01081,2025-05-01,0.8489108826459117,Critical,Logistic Regression,v1.0.0
ENG-01081,2025-06-01,0.04945005845844715,Low,Logistic Regression,v1.0.0
ENG-01081,2025-07-01,0.02695857454615983,Low,Logistic Regression,v1.0.0
ENG-01081,2025-08-01,0.04532576949398308,Low,Logistic Regression,v1.0.0
ENG-01081,2025-09-01,0.2450557042704014,Low,Logistic Regression,v1.0.0
ENG-01082,2024-05-01,0.084248387303739,Low,Logistic Regression,v1.0.0
ENG-01082,2024-06-01,0.10613169427214954,Low,Logistic Regression,v1.0.0
ENG-01082,2024-07-01,0.008259734989415611,Low,Logistic Regression,v1.0.0
ENG-01082,2024-08-01,0.01632686600565977,Low,Logistic Regression,v1.0.0
ENG-01082,2024-09-01,0.49580854710796335,Watch,Logistic Regression,v1.0.0
ENG-01082,2024-10-01,0.009623251579404017,Low,Logistic Regression,v1.0.0
ENG-01082,2024-11-01,0.1654019542182775,Low,Logistic Regression,v1.0.0
ENG-01082,2024-12-01,0.17384729300422871,Low,Logistic Regression,v1.0.0
ENG-01082,2025-01-01,0.021298415781237534,Low,Logistic Regression,v1.0.0
ENG-01082,2025-02-01,0.3398850297553146,Low,Logistic Regression,v1.0.0
ENG-01083,2024-06-01,0.017412791167787493,Low,Logistic Regression,v1.0.0
ENG-01083,2024-07-01,0.021912675492966528,Low,Logistic Regression,v1.0.0
ENG-01083,2024-08-01,0.01871748674017975,Low,Logistic Regression,v1.0.0
ENG-01083,2024-09-01,0.07931392224281919,Low,Logistic Regression,v1.0.0
ENG-01083,2024-10-01,0.02468730995412929,Low,Logistic Regression,v1.0.0
ENG-01083,2024-11-01,0.07918794079064155,Low,Logistic Regression,v1.0.0
ENG-01083,2024-12-01,0.05952838631437451,Low,Logistic Regression,v1.0.0
ENG-01084,2026-06-01,0.02230855733093221,Low,Logistic Regression,v1.0.0
ENG-01084,2026-07-01,0.38571199204619394,Watch,Logistic Regression,v1.0.0
ENG-01084,2026-08-01,0.0019405820076437137,Low,Logistic Regression,v1.0.0
ENG-01085,2024-05-01,0.01732071295857951,Low,Logistic Regression,v1.0.0
ENG-01085,2024-06-01,0.04974932847981211,Low,Logistic Regression,v1.0.0
ENG-01085,2024-07-01,0.022726343479760453,Low,Logistic Regression,v1.0.0
ENG-01085,2024-08-01,0.029767291269897505,Low,Logistic Regression,v1.0.0
ENG-01085,2024-09-01,0.015275909944110589,Low,Logistic Regression,v1.0.0
ENG-01085,2024-10-01,0.00318240073246301,Low,Logistic Regression,v1.0.0
ENG-01085,2024-11-01,0.0601665925341959,Low,Logistic Regression,v1.0.0
ENG-01085,2024-12-01,0.038559566385722256,Low,Logistic Regression,v1.0.0
ENG-01085,2025-01-01,0.0014726980388812172,Low,Logistic Regression,v1.0.0
ENG-01085,2025-02-01,0.014007685845408761,Low,Logistic Regression,v1.0.0
ENG-01085,2025-03-01,0.02165290092700339,Low,Logistic Regression,v1.0.0
ENG-01085,2025-04-01,0.01332466296898311,Low,Logistic Regression,v1.0.0
ENG-01086,2025-03-01,0.04379108627025782,Low,Logistic Regression,v1.0.0
ENG-01086,2025-04-01,0.02656760144909881,Low,Logistic Regression,v1.0.0
ENG-01086,2025-05-01,0.02611745232066968,Low,Logistic Regression,v1.0.0
ENG-01086,2025-06-01,0.01178740850995167,Low,Logistic Regression,v1.0.0
ENG-01086,2025-07-01,0.016333710181645263,Low,Logistic Regression,v1.0.0
ENG-01086,2025-08-01,0.15080722662165824,Low,Logistic Regression,v1.0.0
ENG-01086,2025-09-01,0.026464326170496686,Low,Logistic Regression,v1.0.0
ENG-01086,2025-10-01,0.24309436177786076,Low,Logistic Regression,v1.0.0
ENG-01086,2025-11-01,0.004255704498116943,Low,Logistic Regression,v1.0.0
ENG-01086,2025-12-01,0.00293230732368514,Low,Logistic Regression,v1.0.0
ENG-01086,2026-01-01,0.014064459341617309,Low,Logistic Regression,v1.0.0
ENG-01086,2026-02-01,0.003913911339788935,Low,Logistic Regression,v1.0.0
ENG-01086,2026-03-01,0.00474715038773263,Low,Logistic Regression,v1.0.0
ENG-01087,2025-08-01,0.006300447564649113,Low,Logistic Regression,v1.0.0
ENG-01087,2025-09-01,0.15219301640591515,Low,Logistic Regression,v1.0.0
ENG-01087,2025-10-01,0.004390397310107557,Low,Logistic Regression,v1.0.0
ENG-01087,2025-11-01,0.8685532447018018,Critical,Logistic Regression,v1.0.0
ENG-01087,2025-12-01,0.5455172919428729,Watch,Logistic Regression,v1.0.0
ENG-01087,2026-01-01,0.021126774769674138,Low,Logistic Regression,v1.0.0
ENG-01087,2026-02-01,0.9439710592256119,Critical,Logistic Regression,v1.0.0
ENG-01088,2026-06-01,0.008954024590070995,Low,Logistic Regression,v1.0.0
ENG-01088,2026-07-01,0.010555663198876459,Low,Logistic Regression,v1.0.0
ENG-01088,2026-08-01,0.02937448761982704,Low,Logistic Regression,v1.0.0
ENG-01089,2024-09-01,0.12214397518043499,Low,Logistic Regression,v1.0.0
ENG-01089,2024-10-01,0.1584961193627948,Low,Logistic Regression,v1.0.0
ENG-01089,2024-11-01,0.3334816182728004,Low,Logistic Regression,v1.0.0
ENG-01089,2024-12-01,0.13500754510272842,Low,Logistic Regression,v1.0.0
ENG-01089,2025-01-01,0.03111798201893522,Low,Logistic Regression,v1.0.0
ENG-01089,2025-02-01,0.11290420995052557,Low,Logistic Regression,v1.0.0
ENG-01089,2025-03-01,0.20906057051553922,Low,Logistic Regression,v1.0.0
ENG-01089,2025-04-01,0.10307721274932512,Low,Logistic Regression,v1.0.0
ENG-01089,2025-05-01,0.305391554074964,Low,Logistic Regression,v1.0.0
ENG-01089,2025-06-01,0.012995922595605858,Low,Logistic Regression,v1.0.0
ENG-01089,2025-07-01,0.1016075306607961,Low,Logistic Regression,v1.0.0
ENG-01090,2026-03-01,0.32076974420576293,Low,Logistic Regression,v1.0.0
ENG-01090,2026-04-01,0.013098248078663444,Low,Logistic Regression,v1.0.0
ENG-01090,2026-05-01,0.443908233977793,Watch,Logistic Regression,v1.0.0
ENG-01090,2026-06-01,0.256602436897799,Low,Logistic Regression,v1.0.0
ENG-01090,2026-07-01,0.13128327218534858,Low,Logistic Regression,v1.0.0
ENG-01090,2026-08-01,0.12261584481482198,Low,Logistic Regression,v1.0.0
ENG-01091,2024-08-01,0.26003635329617586,Low,Logistic Regression,v1.0.0
ENG-01091,2024-09-01,0.03555853837563119,Low,Logistic Regression,v1.0.0
ENG-01091,2024-10-01,0.0741499018603586,Low,Logistic Regression,v1.0.0
ENG-01091,2024-11-01,0.017963068134983093,Low,Logistic Regression,v1.0.0
ENG-01091,2024-12-01,0.48490652921630334,Watch,Logistic Regression,v1.0.0
ENG-01091,2025-01-01,0.901591894914099,Critical,Logistic Regression,v1.0.0
ENG-01091,2025-02-01,0.9788705063014359,Critical,Logistic Regression,v1.0.0
ENG-01091,2025-03-01,0.9487377396498541,Critical,Logistic Regression,v1.0.0
ENG-01092,2024-11-01,0.12668300747916023,Low,Logistic Regression,v1.0.0
ENG-01092,2024-12-01,0.06548766378872584,Low,Logistic Regression,v1.0.0
ENG-01092,2025-01-01,0.23023072109897044,Low,Logistic Regression,v1.0.0
ENG-01092,2025-02-01,0.5234123717196557,Watch,Logistic Regression,v1.0.0
ENG-01092,2025-03-01,0.183587035417477,Low,Logistic Regression,v1.0.0
ENG-01092,2025-04-01,0.012718440953443764,Low,Logistic Regression,v1.0.0
ENG-01092,2025-05-01,0.3068655704760301,Low,Logistic Regression,v1.0.0
ENG-01093,2025-05-01,0.007347783304134881,Low,Logistic Regression,v1.0.0
ENG-01093,2025-06-01,0.06930611308465401,Low,Logistic Regression,v1.0.0
ENG-01093,2025-07-01,0.015858099168843686,Low,Logistic Regression,v1.0.0
ENG-01093,2025-08-01,0.041690713256893525,Low,Logistic Regression,v1.0.0
ENG-01093,2025-09-01,0.005166850333044603,Low,Logistic Regression,v1.0.0
ENG-01093,2025-10-01,0.011930806273438952,Low,Logistic Regression,v1.0.0
ENG-01093,2025-11-01,0.00238802980194918,Low,Logistic Regression,v1.0.0
ENG-01093,2025-12-01,0.08688318779528112,Low,Logistic Regression,v1.0.0
ENG-01093,2026-01-01,0.014262135127790298,Low,Logistic Regression,v1.0.0
ENG-01093,2026-02-01,0.006051275078807586,Low,Logistic Regression,v1.0.0
ENG-01093,2026-03-01,0.005167398778078084,Low,Logistic Regression,v1.0.0
ENG-01093,2026-04-01,0.004534249217875881,Low,Logistic Regression,v1.0.0
ENG-01094,2024-03-01,0.04705728485295393,Low,Logistic Regression,v1.0.0
ENG-01094,2024-04-01,0.030107204669930984,Low,Logistic Regression,v1.0.0
ENG-01094,2024-05-01,0.05823186904536637,Low,Logistic Regression,v1.0.0
ENG-01094,2024-06-01,0.008548103834203109,Low,Logistic Regression,v1.0.0
ENG-01094,2024-07-01,0.02507927440009857,Low,Logistic Regression,v1.0.0
ENG-01094,2024-08-01,0.15173293706405094,Low,Logistic Regression,v1.0.0
ENG-01094,2024-09-01,0.014794962452341813,Low,Logistic Regression,v1.0.0
ENG-01094,2024-10-01,0.6750134878529278,Critical,Logistic Regression,v1.0.0
ENG-01094,2024-11-01,0.8210941503238837,Critical,Logistic Regression,v1.0.0
ENG-01094,2024-12-01,0.8291690293851787,Critical,Logistic Regression,v1.0.0
ENG-01095,2025-09-01,0.031262186079634005,Low,Logistic Regression,v1.0.0
ENG-01095,2025-10-01,0.050543411632568064,Low,Logistic Regression,v1.0.0
ENG-01095,2025-11-01,0.1819644446270236,Low,Logistic Regression,v1.0.0
ENG-01095,2025-12-01,0.0004955591637479266,Low,Logistic Regression,v1.0.0
ENG-01095,2026-01-01,0.03290351900349515,Low,Logistic Regression,v1.0.0
ENG-01095,2026-02-01,0.08392554524618859,Low,Logistic Regression,v1.0.0
ENG-01095,2026-03-01,0.7866623440557479,Critical,Logistic Regression,v1.0.0
ENG-01096,2024-10-01,0.03689655352565737,Low,Logistic Regression,v1.0.0
ENG-01096,2024-11-01,0.44202364887958623,Watch,Logistic Regression,v1.0.0
ENG-01096,2024-12-01,0.009500005709904693,Low,Logistic Regression,v1.0.0
ENG-01096,2025-01-01,0.023640768272443605,Low,Logistic Regression,v1.0.0
ENG-01096,2025-02-01,0.2220645716685747,Low,Logistic Regression,v1.0.0
ENG-01096,2025-03-01,0.17030721212863356,Low,Logistic Regression,v1.0.0
ENG-01096,2025-04-01,0.03369291627871801,Low,Logistic Regression,v1.0.0
ENG-01097,2025-03-01,0.09324957962284046,Low,Logistic Regression,v1.0.0
ENG-01097,2025-04-01,0.6282831540611213,Watch,Logistic Regression,v1.0.0
ENG-01097,2025-05-01,0.06453679837806707,Low,Logistic Regression,v1.0.0
ENG-01097,2025-06-01,0.24779236541057387,Low,Logistic Regression,v1.0.0
ENG-01097,2025-07-01,0.010402933380649801,Low,Logistic Regression,v1.0.0
ENG-01097,2025-08-01,0.6131815460496144,Watch,Logistic Regression,v1.0.0
ENG-01097,2025-09-01,0.06081401155367862,Low,Logistic Regression,v1.0.0
ENG-01097,2025-10-01,0.13297130606011587,Low,Logistic Regression,v1.0.0
ENG-01097,2025-11-01,0.09752029195473984,Low,Logistic Regression,v1.0.0
ENG-01097,2025-12-01,0.060244499636338635,Low,Logistic Regression,v1.0.0
ENG-01097,2026-01-01,0.10728892845447333,Low,Logistic Regression,v1.0.0
ENG-01097,2026-02-01,0.035926701399434456,Low,Logistic Regression,v1.0.0
ENG-01097,2026-03-01,0.044543242601947815,Low,Logistic Regression,v1.0.0
ENG-01098,2024-06-01,0.3800169812545806,Watch,Logistic Regression,v1.0.0
ENG-01098,2024-07-01,0.27098856612323774,Low,Logistic Regression,v1.0.0
ENG-01098,2024-08-01,0.573314287305844,Watch,Logistic Regression,v1.0.0
ENG-01098,2024-09-01,0.610607234435356,Watch,Logistic Regression,v1.0.0
ENG-01098,2024-10-01,0.1795552888422797,Low,Logistic Regression,v1.0.0
ENG-01098,2024-11-01,0.948738065673561,Critical,Logistic Regression,v1.0.0
ENG-01098,2024-12-01,0.7796064254037227,Critical,Logistic Regression,v1.0.0
ENG-01098,2025-01-01,0.9793780527911558,Critical,Logistic Regression,v1.0.0
ENG-01098,2025-02-01,0.9983954184780726,Critical,Logistic Regression,v1.0.0
ENG-01099,2024-04-01,0.3279742838019057,Low,Logistic Regression,v1.0.0
ENG-01099,2024-05-01,0.11718792699019885,Low,Logistic Regression,v1.0.0
ENG-01099,2024-06-01,0.15374569483487582,Low,Logistic Regression,v1.0.0
ENG-01099,2024-07-01,0.8430198949529624,Critical,Logistic Regression,v1.0.0
ENG-01099,2024-08-01,0.9946422270559582,Critical,Logistic Regression,v1.0.0
ENG-01099,2024-09-01,0.9678980969130673,Critical,Logistic Regression,v1.0.0
ENG-01099,2024-10-01,0.9022162740107289,Critical,Logistic Regression,v1.0.0
ENG-01100,2025-10-01,0.3675949886556255,Watch,Logistic Regression,v1.0.0
ENG-01100,2025-11-01,0.9198637040546086,Critical,Logistic Regression,v1.0.0
ENG-01100,2025-12-01,0.1271797487621129,Low,Logistic Regression,v1.0.0
ENG-01100,2026-01-01,0.9531308785903472,Critical,Logistic Regression,v1.0.0
ENG-01100,2026-02-01,0.9018171136065934,Critical,Logistic Regression,v1.0.0
ENG-01100,2026-03-01,0.9998469618021898,Critical,Logistic Regression,v1.0.0
ENG-01100,2026-04-01,0.8940226094014923,Critical,Logistic Regression,v1.0.0
ENG-01101,2025-05-01,0.5548508011909317,Watch,Logistic Regression,v1.0.0
ENG-01101,2025-06-01,0.18927267574658665,Low,Logistic Regression,v1.0.0
ENG-01101,2025-07-01,0.20754222016374319,Low,Logistic Regression,v1.0.0
ENG-01101,2025-08-01,0.8534341260259269,Critical,Logistic Regression,v1.0.0
ENG-01101,2025-09-01,0.14534550718125305,Low,Logistic Regression,v1.0.0
ENG-01101,2025-10-01,0.8489110803448461,Critical,Logistic Regression,v1.0.0
ENG-01101,2025-11-01,0.028421615688506624,Low,Logistic Regression,v1.0.0
ENG-01102,2025-12-01,0.01992963499967735,Low,Logistic Regression,v1.0.0
ENG-01102,2026-01-01,0.0011714934763704002,Low,Logistic Regression,v1.0.0
ENG-01102,2026-02-01,0.2892872975084755,Low,Logistic Regression,v1.0.0
ENG-01102,2026-03-01,0.0012082048055698663,Low,Logistic Regression,v1.0.0
ENG-01102,2026-04-01,0.014277965169613677,Low,Logistic Regression,v1.0.0
ENG-01102,2026-05-01,0.04700979075104283,Low,Logistic Regression,v1.0.0
ENG-01102,2026-06-01,0.02118589907292664,Low,Logistic Regression,v1.0.0
ENG-01102,2026-07-01,0.0060402615046417675,Low,Logistic Regression,v1.0.0
ENG-01102,2026-08-01,0.0030860853532542407,Low,Logistic Regression,v1.0.0
ENG-01103,2026-07-01,0.07642549852237082,Low,Logistic Regression,v1.0.0
ENG-01103,2026-08-01,0.015335623678727532,Low,Logistic Regression,v1.0.0
ENG-01104,2024-04-01,0.3977117051152454,Watch,Logistic Regression,v1.0.0
ENG-01104,2024-05-01,0.0484264995168801,Low,Logistic Regression,v1.0.0
ENG-01104,2024-06-01,0.03590375744107069,Low,Logistic Regression,v1.0.0
ENG-01104,2024-07-01,0.4106619621359492,Watch,Logistic Regression,v1.0.0
ENG-01104,2024-08-01,0.09798319351768135,Low,Logistic Regression,v1.0.0
ENG-01104,2024-09-01,0.11158772791128754,Low,Logistic Regression,v1.0.0
ENG-01104,2024-10-01,0.037476500964713284,Low,Logistic Regression,v1.0.0
ENG-01105,2026-01-01,0.22946975754019883,Low,Logistic Regression,v1.0.0
ENG-01105,2026-02-01,0.12164788199735446,Low,Logistic Regression,v1.0.0
ENG-01105,2026-03-01,0.33587101331864283,Low,Logistic Regression,v1.0.0
ENG-01105,2026-04-01,0.04242763706653165,Low,Logistic Regression,v1.0.0
ENG-01105,2026-05-01,0.7651765244206257,Critical,Logistic Regression,v1.0.0
ENG-01105,2026-06-01,0.06257275140778913,Low,Logistic Regression,v1.0.0
ENG-01105,2026-07-01,0.1161879373070704,Low,Logistic Regression,v1.0.0
ENG-01105,2026-08-01,0.2211093192971971,Low,Logistic Regression,v1.0.0
ENG-01106,2025-03-01,0.11314607081860924,Low,Logistic Regression,v1.0.0
ENG-01106,2025-04-01,0.05251446017261584,Low,Logistic Regression,v1.0.0
ENG-01106,2025-05-01,0.024629200575172018,Low,Logistic Regression,v1.0.0
ENG-01106,2025-06-01,0.10957871358968542,Low,Logistic Regression,v1.0.0
ENG-01106,2025-07-01,0.01844879473053992,Low,Logistic Regression,v1.0.0
ENG-01106,2025-08-01,0.38646944219296697,Watch,Logistic Regression,v1.0.0
ENG-01106,2025-09-01,0.0028410619609596744,Low,Logistic Regression,v1.0.0
ENG-01106,2025-10-01,0.12880225571724901,Low,Logistic Regression,v1.0.0
ENG-01106,2025-11-01,0.039199010790050184,Low,Logistic Regression,v1.0.0
ENG-01107,2025-05-01,0.08082049366819614,Low,Logistic Regression,v1.0.0
ENG-01107,2025-06-01,0.005716758882516038,Low,Logistic Regression,v1.0.0
ENG-01107,2025-07-01,0.24209063494785932,Low,Logistic Regression,v1.0.0
ENG-01107,2025-08-01,0.005115285509670216,Low,Logistic Regression,v1.0.0
ENG-01107,2025-09-01,0.2848025124682472,Low,Logistic Regression,v1.0.0
ENG-01107,2025-10-01,0.020496776275859174,Low,Logistic Regression,v1.0.0
ENG-01107,2025-11-01,0.01260604454315982,Low,Logistic Regression,v1.0.0
ENG-01107,2025-12-01,0.07020143897917605,Low,Logistic Regression,v1.0.0
ENG-01107,2026-01-01,0.0073950074765027,Low,Logistic Regression,v1.0.0
ENG-01107,2026-02-01,0.01601324384204339,Low,Logistic Regression,v1.0.0
ENG-01107,2026-03-01,0.022405232205594875,Low,Logistic Regression,v1.0.0
ENG-01108,2024-07-01,0.03354642153122748,Low,Logistic Regression,v1.0.0
ENG-01108,2024-08-01,0.0013381207800534027,Low,Logistic Regression,v1.0.0
ENG-01108,2024-09-01,0.3026440685896129,Low,Logistic Regression,v1.0.0
ENG-01108,2024-10-01,0.012743835432358096,Low,Logistic Regression,v1.0.0
ENG-01108,2024-11-01,0.006462520680731832,Low,Logistic Regression,v1.0.0
ENG-01108,2024-12-01,0.0069879635150585494,Low,Logistic Regression,v1.0.0
ENG-01108,2025-01-01,0.005227585369701387,Low,Logistic Regression,v1.0.0
ENG-01108,2025-02-01,0.013388017032535482,Low,Logistic Regression,v1.0.0
ENG-01109,2024-01-01,0.0192605392563957,Low,Logistic Regression,v1.0.0
ENG-01109,2024-02-01,0.010149133806840759,Low,Logistic Regression,v1.0.0
ENG-01109,2024-03-01,0.061965728985953615,Low,Logistic Regression,v1.0.0
ENG-01109,2024-04-01,0.26660970421202435,Low,Logistic Regression,v1.0.0
ENG-01109,2024-05-01,0.002524742875658621,Low,Logistic Regression,v1.0.0
ENG-01109,2024-06-01,0.010983109022772023,Low,Logistic Regression,v1.0.0
ENG-01109,2024-07-01,0.07112924972921437,Low,Logistic Regression,v1.0.0
ENG-01109,2024-08-01,0.0010290677791115932,Low,Logistic Regression,v1.0.0
ENG-01109,2024-09-01,0.023093829456388524,Low,Logistic Regression,v1.0.0
ENG-01109,2024-10-01,0.0055490755501416385,Low,Logistic Regression,v1.0.0
ENG-01109,2024-11-01,0.013770785375050245,Low,Logistic Regression,v1.0.0
ENG-01109,2024-12-01,0.0313168185229823,Low,Logistic Regression,v1.0.0
ENG-01110,2025-01-01,0.2211715708101892,Low,Logistic Regression,v1.0.0
ENG-01110,2025-02-01,0.822089868581093,Critical,Logistic Regression,v1.0.0
ENG-01110,2025-03-01,0.12124853492870913,Low,Logistic Regression,v1.0.0
ENG-01110,2025-04-01,0.07876854235543922,Low,Logistic Regression,v1.0.0
ENG-01110,2025-05-01,0.5138619687155828,Watch,Logistic Regression,v1.0.0
ENG-01110,2025-06-01,0.9911739090237105,Critical,Logistic Regression,v1.0.0
ENG-01110,2025-07-01,0.9859112129617874,Critical,Logistic Regression,v1.0.0
ENG-01110,2025-08-01,0.9541269776384816,Critical,Logistic Regression,v1.0.0
ENG-01111,2024-01-01,0.07339366765794463,Low,Logistic Regression,v1.0.0
ENG-01111,2024-02-01,0.027288624437085362,Low,Logistic Regression,v1.0.0
ENG-01111,2024-03-01,0.008025588966677214,Low,Logistic Regression,v1.0.0
ENG-01111,2024-04-01,0.015670743274696797,Low,Logistic Regression,v1.0.0
ENG-01111,2024-05-01,0.04099048720512113,Low,Logistic Regression,v1.0.0
ENG-01111,2024-06-01,0.049430136048110196,Low,Logistic Regression,v1.0.0
ENG-01111,2024-07-01,0.02967376013151428,Low,Logistic Regression,v1.0.0
ENG-01111,2024-08-01,0.043473851672991976,Low,Logistic Regression,v1.0.0
ENG-01111,2024-09-01,0.06475689593848191,Low,Logistic Regression,v1.0.0
ENG-01112,2025-02-01,0.30521959152184974,Low,Logistic Regression,v1.0.0
ENG-01112,2025-03-01,0.28448507798453543,Low,Logistic Regression,v1.0.0
ENG-01112,2025-04-01,0.26785886148321647,Low,Logistic Regression,v1.0.0
ENG-01112,2025-05-01,0.22654371437081436,Low,Logistic Regression,v1.0.0
ENG-01112,2025-06-01,0.011679664428596468,Low,Logistic Regression,v1.0.0
ENG-01112,2025-07-01,0.05119132287699857,Low,Logistic Regression,v1.0.0
ENG-01112,2025-08-01,0.3574804304563502,Watch,Logistic Regression,v1.0.0
ENG-01112,2025-09-01,0.2782977262873075,Low,Logistic Regression,v1.0.0
ENG-01112,2025-10-01,0.10081948540430209,Low,Logistic Regression,v1.0.0
ENG-01112,2025-11-01,0.030971957540648028,Low,Logistic Regression,v1.0.0
ENG-01112,2025-12-01,0.15029823215457908,Low,Logistic Regression,v1.0.0
ENG-01112,2026-01-01,0.11438694654766528,Low,Logistic Regression,v1.0.0
ENG-01113,2025-09-01,0.10874572891072497,Low,Logistic Regression,v1.0.0
ENG-01113,2025-10-01,0.007881343573492816,Low,Logistic Regression,v1.0.0
ENG-01113,2025-11-01,0.02277750685859246,Low,Logistic Regression,v1.0.0
ENG-01113,2025-12-01,0.3459261092805547,Low,Logistic Regression,v1.0.0
ENG-01113,2026-01-01,0.004338137259697207,Low,Logistic Regression,v1.0.0
ENG-01113,2026-02-01,0.30052422900437037,Low,Logistic Regression,v1.0.0
ENG-01113,2026-03-01,0.0008931332208083301,Low,Logistic Regression,v1.0.0
ENG-01113,2026-04-01,0.05084645044114349,Low,Logistic Regression,v1.0.0
ENG-01113,2026-05-01,0.010001969601258424,Low,Logistic Regression,v1.0.0
ENG-01114,2026-02-01,0.1899376301287774,Low,Logistic Regression,v1.0.0
ENG-01114,2026-03-01,0.27517612778797923,Low,Logistic Regression,v1.0.0
ENG-01114,2026-04-01,0.34253622796814714,Low,Logistic Regression,v1.0.0
ENG-01114,2026-05-01,0.41781846957584656,Watch,Logistic Regression,v1.0.0
ENG-01114,2026-06-01,0.41964739525871136,Watch,Logistic Regression,v1.0.0
ENG-01114,2026-07-01,0.5638160961936161,Watch,Logistic Regression,v1.0.0
ENG-01114,2026-08-01,0.8342379213783595,Critical,Logistic Regression,v1.0.0
ENG-01115,2024-09-01,0.016663985917450014,Low,Logistic Regression,v1.0.0
ENG-01115,2024-10-01,0.13949440242549221,Low,Logistic Regression,v1.0.0
ENG-01115,2024-11-01,0.01488514346260334,Low,Logistic Regression,v1.0.0
ENG-01115,2024-12-01,0.15108466439589355,Low,Logistic Regression,v1.0.0
ENG-01115,2025-01-01,0.0018214369318029432,Low,Logistic Regression,v1.0.0
ENG-01115,2025-02-01,0.03230749735250453,Low,Logistic Regression,v1.0.0
ENG-01115,2025-03-01,0.03617509355820872,Low,Logistic Regression,v1.0.0
ENG-01115,2025-04-01,0.024582035031337397,Low,Logistic Regression,v1.0.0
ENG-01115,2025-05-01,0.05039176851987581,Low,Logistic Regression,v1.0.0
ENG-01115,2025-06-01,0.023807781677313903,Low,Logistic Regression,v1.0.0
ENG-01116,2025-04-01,0.08506610520043882,Low,Logistic Regression,v1.0.0
ENG-01116,2025-05-01,0.10342112350141701,Low,Logistic Regression,v1.0.0
ENG-01116,2025-06-01,0.13017551041752515,Low,Logistic Regression,v1.0.0
ENG-01116,2025-07-01,0.03893163479374142,Low,Logistic Regression,v1.0.0
ENG-01116,2025-08-01,0.19364484240178775,Low,Logistic Regression,v1.0.0
ENG-01116,2025-09-01,0.021146249790726435,Low,Logistic Regression,v1.0.0
ENG-01116,2025-10-01,0.009882432396625472,Low,Logistic Regression,v1.0.0
ENG-01116,2025-11-01,0.034897373185446286,Low,Logistic Regression,v1.0.0
ENG-01116,2025-12-01,0.030125083364656646,Low,Logistic Regression,v1.0.0
ENG-01116,2026-01-01,0.13987716187392926,Low,Logistic Regression,v1.0.0
ENG-01117,2026-01-01,0.057725737224716155,Low,Logistic Regression,v1.0.0
ENG-01117,2026-02-01,0.7897359585236057,Critical,Logistic Regression,v1.0.0
ENG-01117,2026-03-01,0.7601335011939512,Critical,Logistic Regression,v1.0.0
ENG-01117,2026-04-01,0.9805326904894811,Critical,Logistic Regression,v1.0.0
ENG-01117,2026-05-01,0.9987726618168792,Critical,Logistic Regression,v1.0.0
ENG-01118,2024-03-01,0.16324694929324923,Low,Logistic Regression,v1.0.0
ENG-01118,2024-04-01,0.12495247219820114,Low,Logistic Regression,v1.0.0
ENG-01118,2024-05-01,0.38297633311801565,Watch,Logistic Regression,v1.0.0
ENG-01118,2024-06-01,0.09444292703783548,Low,Logistic Regression,v1.0.0
ENG-01118,2024-07-01,0.3617358899792935,Watch,Logistic Regression,v1.0.0
ENG-01118,2024-08-01,0.01812338043199863,Low,Logistic Regression,v1.0.0
ENG-01118,2024-09-01,0.8354543130601302,Critical,Logistic Regression,v1.0.0
ENG-01118,2024-10-01,0.4333034273017175,Watch,Logistic Regression,v1.0.0
ENG-01118,2024-11-01,0.7976161413708328,Critical,Logistic Regression,v1.0.0
ENG-01118,2024-12-01,0.9919637301941344,Critical,Logistic Regression,v1.0.0
ENG-01119,2024-11-01,0.02787231336934613,Low,Logistic Regression,v1.0.0
ENG-01119,2024-12-01,0.006302120648793199,Low,Logistic Regression,v1.0.0
ENG-01119,2025-01-01,0.020937380204997278,Low,Logistic Regression,v1.0.0
ENG-01119,2025-02-01,0.0734262729736866,Low,Logistic Regression,v1.0.0
ENG-01119,2025-03-01,0.03875497872670602,Low,Logistic Regression,v1.0.0
ENG-01119,2025-04-01,0.10663450887592442,Low,Logistic Regression,v1.0.0
ENG-01119,2025-05-01,0.5200538757870437,Watch,Logistic Regression,v1.0.0
ENG-01120,2025-04-01,0.3999027368315782,Watch,Logistic Regression,v1.0.0
ENG-01120,2025-05-01,0.2929485593790655,Low,Logistic Regression,v1.0.0
ENG-01120,2025-06-01,0.014981934696895054,Low,Logistic Regression,v1.0.0
ENG-01120,2025-07-01,0.11126950703011439,Low,Logistic Regression,v1.0.0
ENG-01120,2025-08-01,0.03825281931984216,Low,Logistic Regression,v1.0.0
ENG-01120,2025-09-01,0.18652236757289117,Low,Logistic Regression,v1.0.0
ENG-01120,2025-10-01,0.47693539364511944,Watch,Logistic Regression,v1.0.0
ENG-01120,2025-11-01,0.18968756132338094,Low,Logistic Regression,v1.0.0
ENG-01120,2025-12-01,0.16839196211883167,Low,Logistic Regression,v1.0.0
ENG-01120,2026-01-01,0.01481726369290123,Low,Logistic Regression,v1.0.0
ENG-01120,2026-02-01,0.5794536471599282,Watch,Logistic Regression,v1.0.0
ENG-01120,2026-03-01,0.0043988983475115205,Low,Logistic Regression,v1.0.0
ENG-01121,2024-02-01,0.5221294860666539,Watch,Logistic Regression,v1.0.0
ENG-01121,2024-03-01,0.09607163885271185,Low,Logistic Regression,v1.0.0
ENG-01121,2024-04-01,0.045535559609367254,Low,Logistic Regression,v1.0.0
ENG-01121,2024-05-01,0.9502920050816288,Critical,Logistic Regression,v1.0.0
ENG-01121,2024-06-01,0.4212006478777031,Watch,Logistic Regression,v1.0.0
ENG-01121,2024-07-01,0.16486456655685133,Low,Logistic Regression,v1.0.0
ENG-01121,2024-08-01,0.4815409674510383,Watch,Logistic Regression,v1.0.0
ENG-01121,2024-09-01,0.12526300146400768,Low,Logistic Regression,v1.0.0
ENG-01121,2024-10-01,0.16677071673561905,Low,Logistic Regression,v1.0.0
ENG-01121,2024-11-01,0.5459458677923082,Watch,Logistic Regression,v1.0.0
ENG-01121,2024-12-01,0.09599773146584337,Low,Logistic Regression,v1.0.0
ENG-01121,2025-01-01,0.03143498273402093,Low,Logistic Regression,v1.0.0
ENG-01122,2024-01-01,0.05159179196142282,Low,Logistic Regression,v1.0.0
ENG-01122,2024-02-01,0.0033324191417176572,Low,Logistic Regression,v1.0.0
ENG-01122,2024-03-01,0.0202185392066214,Low,Logistic Regression,v1.0.0
ENG-01122,2024-04-01,0.006980086389115876,Low,Logistic Regression,v1.0.0
ENG-01122,2024-05-01,0.1825389728642593,Low,Logistic Regression,v1.0.0
ENG-01122,2024-06-01,0.027133464615893235,Low,Logistic Regression,v1.0.0
ENG-01122,2024-07-01,0.013996620716845962,Low,Logistic Regression,v1.0.0
ENG-01122,2024-08-01,0.0066120075528504395,Low,Logistic Regression,v1.0.0
ENG-01122,2024-09-01,0.036790684378242525,Low,Logistic Regression,v1.0.0
ENG-01122,2024-10-01,0.03366117920167431,Low,Logistic Regression,v1.0.0
ENG-01123,2026-05-01,0.03959440078383325,Low,Logistic Regression,v1.0.0
ENG-01123,2026-06-01,0.7395069109004646,Critical,Logistic Regression,v1.0.0
ENG-01123,2026-07-01,0.013075491027904456,Low,Logistic Regression,v1.0.0
ENG-01123,2026-08-01,0.034367285728558,Low,Logistic Regression,v1.0.0
ENG-01124,2024-03-01,0.01323240648882371,Low,Logistic Regression,v1.0.0
ENG-01124,2024-04-01,0.11865769766543426,Low,Logistic Regression,v1.0.0
ENG-01124,2024-05-01,0.010850773905909362,Low,Logistic Regression,v1.0.0
ENG-01124,2024-06-01,0.006850905505736439,Low,Logistic Regression,v1.0.0
ENG-01124,2024-07-01,0.4082014071896877,Watch,Logistic Regression,v1.0.0
ENG-01124,2024-08-01,0.747839129190253,Critical,Logistic Regression,v1.0.0
ENG-01124,2024-09-01,0.7672854336248408,Critical,Logistic Regression,v1.0.0
ENG-01124,2024-10-01,0.991587125900341,Critical,Logistic Regression,v1.0.0
ENG-01125,2026-03-01,0.13051686384079253,Low,Logistic Regression,v1.0.0
ENG-01125,2026-04-01,0.05233842116540703,Low,Logistic Regression,v1.0.0
ENG-01125,2026-05-01,0.29321451114300745,Low,Logistic Regression,v1.0.0
ENG-01125,2026-06-01,0.0034492618225646396,Low,Logistic Regression,v1.0.0
ENG-01125,2026-07-01,0.16018649726573023,Low,Logistic Regression,v1.0.0
ENG-01125,2026-08-01,0.02452653923511548,Low,Logistic Regression,v1.0.0
ENG-01126,2026-06-01,0.013424672781922721,Low,Logistic Regression,v1.0.0
ENG-01126,2026-07-01,0.6720452101376653,Critical,Logistic Regression,v1.0.0
ENG-01126,2026-08-01,0.0008938930338257026,Low,Logistic Regression,v1.0.0
ENG-01127,2025-10-01,0.3465205975882089,Low,Logistic Regression,v1.0.0
ENG-01127,2025-11-01,0.11885553537368627,Low,Logistic Regression,v1.0.0
ENG-01127,2025-12-01,0.6798332042570552,Critical,Logistic Regression,v1.0.0
ENG-01127,2026-01-01,0.27785414113891,Low,Logistic Regression,v1.0.0
ENG-01127,2026-02-01,0.07762325385109678,Low,Logistic Regression,v1.0.0
ENG-01127,2026-03-01,0.39687467153616834,Watch,Logistic Regression,v1.0.0
ENG-01127,2026-04-01,0.410046909038497,Watch,Logistic Regression,v1.0.0
ENG-01127,2026-05-01,0.6140037639070697,Watch,Logistic Regression,v1.0.0
ENG-01128,2025-02-01,0.0526876031871455,Low,Logistic Regression,v1.0.0
ENG-01128,2025-03-01,0.08748351785715053,Low,Logistic Regression,v1.0.0
ENG-01128,2025-04-01,0.07291093433850246,Low,Logistic Regression,v1.0.0
ENG-01128,2025-05-01,0.002746213628755607,Low,Logistic Regression,v1.0.0
ENG-01128,2025-06-01,0.20153931632473032,Low,Logistic Regression,v1.0.0
ENG-01128,2025-07-01,0.045872742276572495,Low,Logistic Regression,v1.0.0
ENG-01128,2025-08-01,0.005537992731639863,Low,Logistic Regression,v1.0.0
ENG-01128,2025-09-01,0.03966445160857921,Low,Logistic Regression,v1.0.0
ENG-01128,2025-10-01,0.2127743775418258,Low,Logistic Regression,v1.0.0
ENG-01128,2025-11-01,0.00164780610315907,Low,Logistic Regression,v1.0.0
ENG-01128,2025-12-01,0.24210842665574747,Low,Logistic Regression,v1.0.0
ENG-01128,2026-01-01,0.0022262404037260834,Low,Logistic Regression,v1.0.0
ENG-01128,2026-02-01,0.016533021541916295,Low,Logistic Regression,v1.0.0
ENG-01129,2024-09-01,0.03347427461259736,Low,Logistic Regression,v1.0.0
ENG-01129,2024-10-01,0.015038394537565936,Low,Logistic Regression,v1.0.0
ENG-01129,2024-11-01,0.09311852883183455,Low,Logistic Regression,v1.0.0
ENG-01129,2024-12-01,0.9648855582914005,Critical,Logistic Regression,v1.0.0
ENG-01129,2025-01-01,0.7266659096184747,Critical,Logistic Regression,v1.0.0
ENG-01129,2025-02-01,0.9904945698405073,Critical,Logistic Regression,v1.0.0
ENG-01130,2025-05-01,0.3777705991912168,Watch,Logistic Regression,v1.0.0
ENG-01130,2025-06-01,0.9934341358265038,Critical,Logistic Regression,v1.0.0
ENG-01130,2025-07-01,0.9899026369020667,Critical,Logistic Regression,v1.0.0
ENG-01130,2025-08-01,0.9993315952110616,Critical,Logistic Regression,v1.0.0
ENG-01131,2025-09-01,0.004440040606750089,Low,Logistic Regression,v1.0.0
ENG-01131,2025-10-01,0.02570648815761065,Low,Logistic Regression,v1.0.0
ENG-01131,2025-11-01,0.0007784090221213915,Low,Logistic Regression,v1.0.0
ENG-01131,2025-12-01,0.0057508472403030725,Low,Logistic Regression,v1.0.0
ENG-01131,2026-01-01,0.0004490382758045936,Low,Logistic Regression,v1.0.0
ENG-01131,2026-02-01,0.024155153918918343,Low,Logistic Regression,v1.0.0
ENG-01131,2026-03-01,0.028078459024620535,Low,Logistic Regression,v1.0.0
ENG-01131,2026-04-01,0.0001886629223741674,Low,Logistic Regression,v1.0.0
ENG-01131,2026-05-01,0.055213346616238605,Low,Logistic Regression,v1.0.0
ENG-01132,2025-05-01,0.049733246772685945,Low,Logistic Regression,v1.0.0
ENG-01132,2025-06-01,0.009811431808490308,Low,Logistic Regression,v1.0.0
ENG-01132,2025-07-01,0.0976436926651372,Low,Logistic Regression,v1.0.0
ENG-01132,2025-08-01,0.118285490388074,Low,Logistic Regression,v1.0.0
ENG-01132,2025-09-01,0.03526892912205853,Low,Logistic Regression,v1.0.0
ENG-01132,2025-10-01,0.008864514869826362,Low,Logistic Regression,v1.0.0
ENG-01132,2025-11-01,0.4963505830170633,Watch,Logistic Regression,v1.0.0
ENG-01132,2025-12-01,0.007550403793917918,Low,Logistic Regression,v1.0.0
ENG-01132,2026-01-01,0.006031588221417017,Low,Logistic Regression,v1.0.0
ENG-01133,2025-08-01,0.005851013478465133,Low,Logistic Regression,v1.0.0
ENG-01133,2025-09-01,0.09917977229261588,Low,Logistic Regression,v1.0.0
ENG-01133,2025-10-01,0.003696485830362913,Low,Logistic Regression,v1.0.0
ENG-01133,2025-11-01,0.17950293047636226,Low,Logistic Regression,v1.0.0
ENG-01133,2025-12-01,0.002297647731837768,Low,Logistic Regression,v1.0.0
ENG-01133,2026-01-01,0.02535288736029312,Low,Logistic Regression,v1.0.0
ENG-01133,2026-02-01,0.004055695159827671,Low,Logistic Regression,v1.0.0
ENG-01134,2024-02-01,0.18826265551204455,Low,Logistic Regression,v1.0.0
ENG-01134,2024-03-01,0.9704825784503829,Critical,Logistic Regression,v1.0.0
ENG-01134,2024-04-01,0.9980524875309513,Critical,Logistic Regression,v1.0.0
ENG-01134,2024-05-01,0.9982813283624055,Critical,Logistic Regression,v1.0.0
ENG-01135,2024-05-01,0.08263413069662236,Low,Logistic Regression,v1.0.0
ENG-01135,2024-06-01,0.15590180569274614,Low,Logistic Regression,v1.0.0
ENG-01135,2024-07-01,0.005796542667619036,Low,Logistic Regression,v1.0.0
ENG-01135,2024-08-01,0.3405464711311137,Low,Logistic Regression,v1.0.0
ENG-01135,2024-09-01,0.010785740931533786,Low,Logistic Regression,v1.0.0
ENG-01135,2024-10-01,0.0495599646811625,Low,Logistic Regression,v1.0.0
ENG-01135,2024-11-01,0.008593674756677504,Low,Logistic Regression,v1.0.0
ENG-01135,2024-12-01,0.115857588959533,Low,Logistic Regression,v1.0.0
ENG-01136,2024-05-01,0.07943017722146566,Low,Logistic Regression,v1.0.0
ENG-01136,2024-06-01,0.15544696934605537,Low,Logistic Regression,v1.0.0
ENG-01136,2024-07-01,0.05943343554860585,Low,Logistic Regression,v1.0.0
ENG-01136,2024-08-01,0.022954231792249313,Low,Logistic Regression,v1.0.0
ENG-01136,2024-09-01,0.03507481946322372,Low,Logistic Regression,v1.0.0
ENG-01136,2024-10-01,0.12985585310877762,Low,Logistic Regression,v1.0.0
ENG-01136,2024-11-01,0.007751304750868815,Low,Logistic Regression,v1.0.0
ENG-01136,2024-12-01,0.04215423343888183,Low,Logistic Regression,v1.0.0
ENG-01136,2025-01-01,0.0014299546457092807,Low,Logistic Regression,v1.0.0
ENG-01136,2025-02-01,0.07842013031388341,Low,Logistic Regression,v1.0.0
ENG-01137,2025-10-01,0.10750031230556474,Low,Logistic Regression,v1.0.0
ENG-01137,2025-11-01,0.001868677121867329,Low,Logistic Regression,v1.0.0
ENG-01137,2025-12-01,0.13464889571957941,Low,Logistic Regression,v1.0.0
ENG-01137,2026-01-01,0.07849782770867932,Low,Logistic Regression,v1.0.0
ENG-01137,2026-02-01,0.010258239098313462,Low,Logistic Regression,v1.0.0
ENG-01137,2026-03-01,0.04299932884443867,Low,Logistic Regression,v1.0.0
ENG-01137,2026-04-01,0.003915671973354866,Low,Logistic Regression,v1.0.0
ENG-01137,2026-05-01,0.11823989445491921,Low,Logistic Regression,v1.0.0
ENG-01137,2026-06-01,0.009256477073970296,Low,Logistic Regression,v1.0.0
ENG-01138,2026-05-01,0.015573134365531696,Low,Logistic Regression,v1.0.0
ENG-01138,2026-06-01,0.06831593627637457,Low,Logistic Regression,v1.0.0
ENG-01138,2026-07-01,0.10166614237090342,Low,Logistic Regression,v1.0.0
ENG-01138,2026-08-01,0.042816417938545424,Low,Logistic Regression,v1.0.0
ENG-01139,2026-04-01,0.07883036857959856,Low,Logistic Regression,v1.0.0
ENG-01139,2026-05-01,0.012304975708377318,Low,Logistic Regression,v1.0.0
ENG-01139,2026-06-01,0.007418640870060967,Low,Logistic Regression,v1.0.0
ENG-01139,2026-07-01,0.004455493718669411,Low,Logistic Regression,v1.0.0
ENG-01139,2026-08-01,0.03969330648518656,Low,Logistic Regression,v1.0.0
ENG-01140,2024-09-01,0.8287229721044251,Critical,Logistic Regression,v1.0.0
ENG-01140,2024-10-01,0.5673490251213098,Watch,Logistic Regression,v1.0.0
ENG-01140,2024-11-01,0.6129135944791871,Watch,Logistic Regression,v1.0.0
ENG-01140,2024-12-01,0.607653773957314,Watch,Logistic Regression,v1.0.0
ENG-01140,2025-01-01,0.40800303401278865,Watch,Logistic Regression,v1.0.0
ENG-01140,2025-02-01,0.3880563312171632,Watch,Logistic Regression,v1.0.0
ENG-01140,2025-03-01,0.5704901185776909,Watch,Logistic Regression,v1.0.0
ENG-01140,2025-04-01,0.8652243899318317,Critical,Logistic Regression,v1.0.0
ENG-01140,2025-05-01,0.1773242694408728,Low,Logistic Regression,v1.0.0
ENG-01141,2025-09-01,0.020175042786980915,Low,Logistic Regression,v1.0.0
ENG-01141,2025-10-01,0.007731128976526122,Low,Logistic Regression,v1.0.0
ENG-01141,2025-11-01,0.013266263997623906,Low,Logistic Regression,v1.0.0
ENG-01141,2025-12-01,0.08995932912175782,Low,Logistic Regression,v1.0.0
ENG-01141,2026-01-01,0.6273290135909003,Watch,Logistic Regression,v1.0.0
ENG-01141,2026-02-01,0.047366809124009646,Low,Logistic Regression,v1.0.0
ENG-01141,2026-03-01,0.9811037958704781,Critical,Logistic Regression,v1.0.0
ENG-01141,2026-04-01,0.9638361090925499,Critical,Logistic Regression,v1.0.0
ENG-01142,2026-08-01,0.03800430805437973,Low,Logistic Regression,v1.0.0
ENG-01143,2024-09-01,0.013971968998272268,Low,Logistic Regression,v1.0.0
ENG-01143,2024-10-01,0.11890328601730064,Low,Logistic Regression,v1.0.0
ENG-01143,2024-11-01,0.04465946836666967,Low,Logistic Regression,v1.0.0
ENG-01143,2024-12-01,0.6537549975312332,Critical,Logistic Regression,v1.0.0
ENG-01143,2025-01-01,0.8028425776622043,Critical,Logistic Regression,v1.0.0
ENG-01143,2025-02-01,0.8910813968332698,Critical,Logistic Regression,v1.0.0
ENG-01143,2025-03-01,0.975038662392194,Critical,Logistic Regression,v1.0.0
ENG-01144,2025-05-01,0.27780352688732857,Low,Logistic Regression,v1.0.0
ENG-01144,2025-06-01,0.0930290857252565,Low,Logistic Regression,v1.0.0
ENG-01144,2025-07-01,0.8018901409175515,Critical,Logistic Regression,v1.0.0
ENG-01144,2025-08-01,0.9125364447834439,Critical,Logistic Regression,v1.0.0
ENG-01144,2025-09-01,0.9949704663391238,Critical,Logistic Regression,v1.0.0
ENG-01144,2025-10-01,0.9858000265228087,Critical,Logistic Regression,v1.0.0
ENG-01145,2024-04-01,0.11269807049158967,Low,Logistic Regression,v1.0.0
ENG-01145,2024-05-01,0.0019611662789379906,Low,Logistic Regression,v1.0.0
ENG-01145,2024-06-01,0.04796030091759456,Low,Logistic Regression,v1.0.0
ENG-01145,2024-07-01,0.009445331602785427,Low,Logistic Regression,v1.0.0
ENG-01145,2024-08-01,0.016915069759529763,Low,Logistic Regression,v1.0.0
ENG-01145,2024-09-01,0.20080393568587512,Low,Logistic Regression,v1.0.0
ENG-01145,2024-10-01,0.004777301347270528,Low,Logistic Regression,v1.0.0
ENG-01145,2024-11-01,0.02589630329416284,Low,Logistic Regression,v1.0.0
ENG-01145,2024-12-01,0.004006646174571385,Low,Logistic Regression,v1.0.0
ENG-01145,2025-01-01,0.14878890145211607,Low,Logistic Regression,v1.0.0
ENG-01146,2025-06-01,0.1417214968871688,Low,Logistic Regression,v1.0.0
ENG-01146,2025-07-01,0.039264464056418535,Low,Logistic Regression,v1.0.0
ENG-01146,2025-08-01,0.8833751660033027,Critical,Logistic Regression,v1.0.0
ENG-01146,2025-09-01,0.14356587578018612,Low,Logistic Regression,v1.0.0
ENG-01146,2025-10-01,0.3455312520727338,Low,Logistic Regression,v1.0.0
ENG-01146,2025-11-01,0.13009304081733417,Low,Logistic Regression,v1.0.0
ENG-01146,2025-12-01,0.5989772106660216,Watch,Logistic Regression,v1.0.0
ENG-01147,2024-01-01,0.025328231002196982,Low,Logistic Regression,v1.0.0
ENG-01147,2024-02-01,0.12846370825617556,Low,Logistic Regression,v1.0.0
ENG-01147,2024-03-01,0.10140532985036078,Low,Logistic Regression,v1.0.0
ENG-01147,2024-04-01,0.004163019184716902,Low,Logistic Regression,v1.0.0
ENG-01147,2024-05-01,0.07152117129055932,Low,Logistic Regression,v1.0.0
ENG-01147,2024-06-01,0.04325159430271182,Low,Logistic Regression,v1.0.0
ENG-01147,2024-07-01,0.006758887207037645,Low,Logistic Regression,v1.0.0
ENG-01147,2024-08-01,0.3991079360938732,Watch,Logistic Regression,v1.0.0
ENG-01147,2024-09-01,0.0005930567063419495,Low,Logistic Regression,v1.0.0
ENG-01147,2024-10-01,0.017837415980244974,Low,Logistic Regression,v1.0.0
ENG-01147,2024-11-01,0.1251468038024935,Low,Logistic Regression,v1.0.0
ENG-01148,2024-10-01,0.06908408240602743,Low,Logistic Regression,v1.0.0
ENG-01148,2024-11-01,0.008779102937399077,Low,Logistic Regression,v1.0.0
ENG-01148,2024-12-01,0.07382895791952038,Low,Logistic Regression,v1.0.0
ENG-01148,2025-01-01,0.28880408047197814,Low,Logistic Regression,v1.0.0
ENG-01148,2025-02-01,0.0002856451384896269,Low,Logistic Regression,v1.0.0
ENG-01148,2025-03-01,0.046239173575599056,Low,Logistic Regression,v1.0.0
ENG-01148,2025-04-01,0.015120376883691004,Low,Logistic Regression,v1.0.0
ENG-01148,2025-05-01,0.04094817113095052,Low,Logistic Regression,v1.0.0
ENG-01149,2024-07-01,0.031872631978529124,Low,Logistic Regression,v1.0.0
ENG-01149,2024-08-01,0.2544682249028616,Low,Logistic Regression,v1.0.0
ENG-01149,2024-09-01,0.06126836457959866,Low,Logistic Regression,v1.0.0
ENG-01149,2024-10-01,0.24599029089236296,Low,Logistic Regression,v1.0.0
ENG-01149,2024-11-01,0.014817226611668647,Low,Logistic Regression,v1.0.0
ENG-01149,2024-12-01,0.35923471143633434,Watch,Logistic Regression,v1.0.0
ENG-01149,2025-01-01,0.10278014135199724,Low,Logistic Regression,v1.0.0
ENG-01149,2025-02-01,0.35045943344950453,Watch,Logistic Regression,v1.0.0
ENG-01150,2025-12-01,0.02215212523101318,Low,Logistic Regression,v1.0.0
ENG-01150,2026-01-01,0.028250561143778823,Low,Logistic Regression,v1.0.0
ENG-01150,2026-02-01,0.000869239406690864,Low,Logistic Regression,v1.0.0
ENG-01150,2026-03-01,0.07157614618641635,Low,Logistic Regression,v1.0.0
ENG-01150,2026-04-01,0.15446008365624941,Low,Logistic Regression,v1.0.0
ENG-01150,2026-05-01,0.003306085252792787,Low,Logistic Regression,v1.0.0
ENG-01150,2026-06-01,0.009250362751452766,Low,Logistic Regression,v1.0.0
ENG-01150,2026-07-01,0.009104409066445007,Low,Logistic Regression,v1.0.0
ENG-01150,2026-08-01,0.01298495258468975,Low,Logistic Regression,v1.0.0
ENG-01151,2025-01-01,0.9489385082014307,Critical,Logistic Regression,v1.0.0
ENG-01151,2025-02-01,0.9997796410793504,Critical,Logistic Regression,v1.0.0
ENG-01151,2025-03-01,0.9984065688883393,Critical,Logistic Regression,v1.0.0
ENG-01151,2025-04-01,0.9930403242593734,Critical,Logistic Regression,v1.0.0
ENG-01152,2024-04-01,0.41339311460151573,Watch,Logistic Regression,v1.0.0
ENG-01152,2024-05-01,0.14129490038222614,Low,Logistic Regression,v1.0.0
ENG-01152,2024-06-01,0.49003431227040906,Watch,Logistic Regression,v1.0.0
ENG-01152,2024-07-01,0.6322898255567584,Watch,Logistic Regression,v1.0.0
ENG-01152,2024-08-01,0.43034216790371077,Watch,Logistic Regression,v1.0.0
ENG-01152,2024-09-01,0.40240597259954736,Watch,Logistic Regression,v1.0.0
ENG-01152,2024-10-01,0.6332783251981289,Watch,Logistic Regression,v1.0.0
ENG-01152,2024-11-01,0.7700556839426059,Critical,Logistic Regression,v1.0.0
ENG-01152,2024-12-01,0.02087250470519835,Low,Logistic Regression,v1.0.0
ENG-01152,2025-01-01,0.9320193155181177,Critical,Logistic Regression,v1.0.0
ENG-01152,2025-02-01,0.04800026995087624,Low,Logistic Regression,v1.0.0
ENG-01153,2024-08-01,0.33499394359581475,Low,Logistic Regression,v1.0.0
ENG-01153,2024-09-01,0.38691735078433975,Watch,Logistic Regression,v1.0.0
ENG-01153,2024-10-01,0.3852796483712619,Watch,Logistic Regression,v1.0.0
ENG-01153,2024-11-01,0.7012707842160844,Critical,Logistic Regression,v1.0.0
ENG-01153,2024-12-01,0.2025690672802403,Low,Logistic Regression,v1.0.0
ENG-01153,2025-01-01,0.819925741263749,Critical,Logistic Regression,v1.0.0
ENG-01153,2025-02-01,0.5376433960630546,Watch,Logistic Regression,v1.0.0
ENG-01153,2025-03-01,0.07044843806251447,Low,Logistic Regression,v1.0.0
ENG-01153,2025-04-01,0.3532779564918557,Watch,Logistic Regression,v1.0.0
ENG-01153,2025-05-01,0.7937463732519423,Critical,Logistic Regression,v1.0.0
ENG-01154,2025-08-01,0.3772864254267765,Watch,Logistic Regression,v1.0.0
ENG-01154,2025-09-01,0.4277158710439022,Watch,Logistic Regression,v1.0.0
ENG-01154,2025-10-01,0.11400718001531346,Low,Logistic Regression,v1.0.0
ENG-01154,2025-11-01,0.15704290510366883,Low,Logistic Regression,v1.0.0
ENG-01154,2025-12-01,0.9754070673699401,Critical,Logistic Regression,v1.0.0
ENG-01154,2026-01-01,0.00476714487327356,Low,Logistic Regression,v1.0.0
ENG-01154,2026-02-01,0.18836938813552537,Low,Logistic Regression,v1.0.0
ENG-01154,2026-03-01,0.19821852088446548,Low,Logistic Regression,v1.0.0
ENG-01154,2026-04-01,0.6471974859881338,Watch,Logistic Regression,v1.0.0
ENG-01154,2026-05-01,0.36909912933121425,Watch,Logistic Regression,v1.0.0
ENG-01154,2026-06-01,0.5728156751631368,Watch,Logistic Regression,v1.0.0
ENG-01154,2026-07-01,0.014888825805107583,Low,Logistic Regression,v1.0.0
ENG-01154,2026-08-01,0.057870636198057504,Low,Logistic Regression,v1.0.0
ENG-01155,2026-06-01,0.5724283745521401,Watch,Logistic Regression,v1.0.0
ENG-01155,2026-07-01,0.7006657317903541,Critical,Logistic Regression,v1.0.0
ENG-01155,2026-08-01,0.09595990274913604,Low,Logistic Regression,v1.0.0
ENG-01156,2024-04-01,0.017728109839559213,Low,Logistic Regression,v1.0.0
ENG-01156,2024-05-01,0.21711734491226634,Low,Logistic Regression,v1.0.0
ENG-01156,2024-06-01,0.04758768104883153,Low,Logistic Regression,v1.0.0
ENG-01156,2024-07-01,0.0003949301185867051,Low,Logistic Regression,v1.0.0
ENG-01156,2024-08-01,0.13980791838300288,Low,Logistic Regression,v1.0.0
ENG-01156,2024-09-01,0.6471180776933965,Watch,Logistic Regression,v1.0.0
ENG-01156,2024-10-01,0.34574428970040916,Low,Logistic Regression,v1.0.0
ENG-01156,2024-11-01,0.9210803363511182,Critical,Logistic Regression,v1.0.0
ENG-01157,2024-03-01,0.03736905364488922,Low,Logistic Regression,v1.0.0
ENG-01157,2024-04-01,0.04367445765702291,Low,Logistic Regression,v1.0.0
ENG-01157,2024-05-01,0.018824208031524563,Low,Logistic Regression,v1.0.0
ENG-01157,2024-06-01,0.5662390577088465,Watch,Logistic Regression,v1.0.0
ENG-01157,2024-07-01,0.0019493709592272681,Low,Logistic Regression,v1.0.0
ENG-01157,2024-08-01,0.04285463637524268,Low,Logistic Regression,v1.0.0
ENG-01157,2024-09-01,0.06581545038472185,Low,Logistic Regression,v1.0.0
ENG-01157,2024-10-01,0.014709344928034334,Low,Logistic Regression,v1.0.0
ENG-01157,2024-11-01,0.04481005531803197,Low,Logistic Regression,v1.0.0
ENG-01157,2024-12-01,0.026179282356884923,Low,Logistic Regression,v1.0.0
ENG-01158,2024-07-01,0.35851732181572643,Watch,Logistic Regression,v1.0.0
ENG-01158,2024-08-01,0.06397201446288955,Low,Logistic Regression,v1.0.0
ENG-01158,2024-09-01,0.1419578080784307,Low,Logistic Regression,v1.0.0
ENG-01158,2024-10-01,0.013776780619851525,Low,Logistic Regression,v1.0.0
ENG-01158,2024-11-01,0.5685026610809111,Watch,Logistic Regression,v1.0.0
ENG-01158,2024-12-01,0.0036454390369293926,Low,Logistic Regression,v1.0.0
ENG-01158,2025-01-01,0.029492027710631807,Low,Logistic Regression,v1.0.0
ENG-01158,2025-02-01,0.09897164130507029,Low,Logistic Regression,v1.0.0
ENG-01158,2025-03-01,0.04343075511909215,Low,Logistic Regression,v1.0.0
ENG-01158,2025-04-01,0.008159955056946262,Low,Logistic Regression,v1.0.0
ENG-01159,2024-12-01,0.025301921699442804,Low,Logistic Regression,v1.0.0
ENG-01159,2025-01-01,0.6206350308136696,Watch,Logistic Regression,v1.0.0
ENG-01159,2025-02-01,0.002005208154011275,Low,Logistic Regression,v1.0.0
ENG-01159,2025-03-01,0.04614460827049171,Low,Logistic Regression,v1.0.0
ENG-01159,2025-04-01,0.0008179289115125958,Low,Logistic Regression,v1.0.0
ENG-01159,2025-05-01,0.07556710521658665,Low,Logistic Regression,v1.0.0
ENG-01159,2025-06-01,0.030542279562632495,Low,Logistic Regression,v1.0.0
ENG-01159,2025-07-01,0.009694507945631372,Low,Logistic Regression,v1.0.0
ENG-01159,2025-08-01,0.0033043117632098316,Low,Logistic Regression,v1.0.0
ENG-01159,2025-09-01,0.01892643692882432,Low,Logistic Regression,v1.0.0
ENG-01159,2025-10-01,0.0012248217142474826,Low,Logistic Regression,v1.0.0
ENG-01159,2025-11-01,0.02298106081024177,Low,Logistic Regression,v1.0.0
ENG-01159,2025-12-01,0.03690032394671162,Low,Logistic Regression,v1.0.0
ENG-01160,2026-02-01,0.24611482523699268,Low,Logistic Regression,v1.0.0
ENG-01160,2026-03-01,0.25653775467656115,Low,Logistic Regression,v1.0.0
ENG-01160,2026-04-01,0.03773911122713916,Low,Logistic Regression,v1.0.0
ENG-01160,2026-05-01,0.014373710058099471,Low,Logistic Regression,v1.0.0
ENG-01160,2026-06-01,0.4616252063641148,Watch,Logistic Regression,v1.0.0
ENG-01160,2026-07-01,0.06611279759005706,Low,Logistic Regression,v1.0.0
ENG-01160,2026-08-01,0.048927457151713614,Low,Logistic Regression,v1.0.0
ENG-01161,2026-04-01,0.5681570842343497,Watch,Logistic Regression,v1.0.0
ENG-01161,2026-05-01,0.02030193555763994,Low,Logistic Regression,v1.0.0
ENG-01161,2026-06-01,0.7757583323905237,Critical,Logistic Regression,v1.0.0
ENG-01161,2026-07-01,0.07360565090832057,Low,Logistic Regression,v1.0.0
ENG-01161,2026-08-01,0.18567398960779866,Low,Logistic Regression,v1.0.0
ENG-01162,2025-06-01,0.2313349956954033,Low,Logistic Regression,v1.0.0
ENG-01162,2025-07-01,0.35252485968990976,Watch,Logistic Regression,v1.0.0
ENG-01162,2025-08-01,0.7313723583806477,Critical,Logistic Regression,v1.0.0
ENG-01162,2025-09-01,0.12033652732990506,Low,Logistic Regression,v1.0.0
ENG-01162,2025-10-01,0.2717233335303952,Low,Logistic Regression,v1.0.0
ENG-01162,2025-11-01,0.2872144637372102,Low,Logistic Regression,v1.0.0
ENG-01162,2025-12-01,0.1915618136741705,Low,Logistic Regression,v1.0.0
ENG-01162,2026-01-01,0.1455176581433295,Low,Logistic Regression,v1.0.0
ENG-01162,2026-02-01,0.11972472237145072,Low,Logistic Regression,v1.0.0
ENG-01163,2024-07-01,0.021011263848305536,Low,Logistic Regression,v1.0.0
ENG-01163,2024-08-01,0.016019333727495984,Low,Logistic Regression,v1.0.0
ENG-01163,2024-09-01,0.05219113686940556,Low,Logistic Regression,v1.0.0
ENG-01163,2024-10-01,0.021875307876592063,Low,Logistic Regression,v1.0.0
ENG-01163,2024-11-01,0.013971842359486236,Low,Logistic Regression,v1.0.0
ENG-01163,2024-12-01,0.082288500844873,Low,Logistic Regression,v1.0.0
ENG-01163,2025-01-01,0.002689574930570034,Low,Logistic Regression,v1.0.0
ENG-01163,2025-02-01,0.0047980380587787155,Low,Logistic Regression,v1.0.0
ENG-01163,2025-03-01,0.04074034113736224,Low,Logistic Regression,v1.0.0
ENG-01163,2025-04-01,0.010975665954211613,Low,Logistic Regression,v1.0.0
ENG-01164,2026-08-01,0.10183779953615076,Low,Logistic Regression,v1.0.0
ENG-01165,2024-02-01,0.021125268261726043,Low,Logistic Regression,v1.0.0
ENG-01165,2024-03-01,0.06259139640196372,Low,Logistic Regression,v1.0.0
ENG-01165,2024-04-01,0.0030263724293061772,Low,Logistic Regression,v1.0.0
ENG-01165,2024-05-01,0.01028245206539702,Low,Logistic Regression,v1.0.0
ENG-01165,2024-06-01,0.017660084415310463,Low,Logistic Regression,v1.0.0
ENG-01165,2024-07-01,0.05039185582593194,Low,Logistic Regression,v1.0.0
ENG-01165,2024-08-01,0.0014056219821592189,Low,Logistic Regression,v1.0.0
ENG-01165,2024-09-01,0.11668039508699989,Low,Logistic Regression,v1.0.0
ENG-01165,2024-10-01,0.0025598138478776533,Low,Logistic Regression,v1.0.0
ENG-01165,2024-11-01,0.010948034845832287,Low,Logistic Regression,v1.0.0
ENG-01165,2024-12-01,0.042818790290653545,Low,Logistic Regression,v1.0.0
ENG-01165,2025-01-01,0.003044538135196429,Low,Logistic Regression,v1.0.0
ENG-01166,2024-01-01,0.29869621364437954,Low,Logistic Regression,v1.0.0
ENG-01166,2024-02-01,0.2770369935196555,Low,Logistic Regression,v1.0.0
ENG-01166,2024-03-01,0.07946362055471287,Low,Logistic Regression,v1.0.0
ENG-01166,2024-04-01,0.6638190326562446,Critical,Logistic Regression,v1.0.0
ENG-01166,2024-05-01,0.09176793818669224,Low,Logistic Regression,v1.0.0
ENG-01166,2024-06-01,0.7286648833137381,Critical,Logistic Regression,v1.0.0
ENG-01166,2024-07-01,0.05258743331410735,Low,Logistic Regression,v1.0.0
ENG-01167,2024-04-01,0.096772877039937,Low,Logistic Regression,v1.0.0
ENG-01167,2024-05-01,0.013111593941855433,Low,Logistic Regression,v1.0.0
ENG-01167,2024-06-01,0.22284552750468645,Low,Logistic Regression,v1.0.0
ENG-01167,2024-07-01,0.18472161954658892,Low,Logistic Regression,v1.0.0
ENG-01167,2024-08-01,0.05167377042007569,Low,Logistic Regression,v1.0.0
ENG-01167,2024-09-01,0.02635818516201591,Low,Logistic Regression,v1.0.0
ENG-01167,2024-10-01,0.07513866669559209,Low,Logistic Regression,v1.0.0
ENG-01167,2024-11-01,0.0237990161235571,Low,Logistic Regression,v1.0.0
ENG-01167,2024-12-01,0.06484835973407413,Low,Logistic Regression,v1.0.0
ENG-01167,2025-01-01,0.003933934849362462,Low,Logistic Regression,v1.0.0
ENG-01167,2025-02-01,0.08323678845099598,Low,Logistic Regression,v1.0.0
ENG-01168,2026-04-01,0.011099417000984662,Low,Logistic Regression,v1.0.0
ENG-01168,2026-05-01,0.11642858307499526,Low,Logistic Regression,v1.0.0
ENG-01168,2026-06-01,0.037738038518097976,Low,Logistic Regression,v1.0.0
ENG-01168,2026-07-01,0.012816582126267394,Low,Logistic Regression,v1.0.0
ENG-01168,2026-08-01,0.0030327340957762134,Low,Logistic Regression,v1.0.0
ENG-01169,2025-06-01,0.015687319078084985,Low,Logistic Regression,v1.0.0
ENG-01169,2025-07-01,0.003498833474878263,Low,Logistic Regression,v1.0.0
ENG-01169,2025-08-01,0.042840168771965566,Low,Logistic Regression,v1.0.0
ENG-01169,2025-09-01,0.005408943627371321,Low,Logistic Regression,v1.0.0
ENG-01169,2025-10-01,0.02063818732431888,Low,Logistic Regression,v1.0.0
ENG-01169,2025-11-01,0.0035783724784260135,Low,Logistic Regression,v1.0.0
ENG-01169,2025-12-01,0.00024058747161046466,Low,Logistic Regression,v1.0.0
ENG-01169,2026-01-01,0.018011546818582896,Low,Logistic Regression,v1.0.0
ENG-01169,2026-02-01,0.012142520077618872,Low,Logistic Regression,v1.0.0
ENG-01169,2026-03-01,0.0008064514147999054,Low,Logistic Regression,v1.0.0
ENG-01170,2026-02-01,0.05192410341119259,Low,Logistic Regression,v1.0.0
ENG-01170,2026-03-01,0.03732232764873386,Low,Logistic Regression,v1.0.0
ENG-01170,2026-04-01,0.03474571635322874,Low,Logistic Regression,v1.0.0
ENG-01170,2026-05-01,0.011437386592333273,Low,Logistic Regression,v1.0.0
ENG-01170,2026-06-01,0.5760103709251755,Watch,Logistic Regression,v1.0.0
ENG-01170,2026-07-01,0.0016482835416780008,Low,Logistic Regression,v1.0.0
ENG-01170,2026-08-01,0.009767849032821574,Low,Logistic Regression,v1.0.0
ENG-01171,2025-01-01,0.54127002957581,Watch,Logistic Regression,v1.0.0
ENG-01171,2025-02-01,0.27262689199230006,Low,Logistic Regression,v1.0.0
ENG-01171,2025-03-01,0.8430921869159548,Critical,Logistic Regression,v1.0.0
ENG-01171,2025-04-01,0.8630558882786603,Critical,Logistic Regression,v1.0.0
ENG-01171,2025-05-01,0.4480297678501867,Watch,Logistic Regression,v1.0.0
ENG-01171,2025-06-01,0.816713181741886,Critical,Logistic Regression,v1.0.0
ENG-01171,2025-07-01,0.41226184646384384,Watch,Logistic Regression,v1.0.0
ENG-01171,2025-08-01,0.8557386731158132,Critical,Logistic Regression,v1.0.0
ENG-01172,2024-04-01,0.11200874435305769,Low,Logistic Regression,v1.0.0
ENG-01172,2024-05-01,0.05952884252284997,Low,Logistic Regression,v1.0.0
ENG-01172,2024-06-01,0.2350362636749454,Low,Logistic Regression,v1.0.0
ENG-01172,2024-07-01,0.6980332091621828,Critical,Logistic Regression,v1.0.0
ENG-01172,2024-08-01,0.013932451804507624,Low,Logistic Regression,v1.0.0
ENG-01172,2024-09-01,0.09026327950734372,Low,Logistic Regression,v1.0.0
ENG-01172,2024-10-01,0.1975708491457036,Low,Logistic Regression,v1.0.0
ENG-01172,2024-11-01,0.04616152884961438,Low,Logistic Regression,v1.0.0
ENG-01172,2024-12-01,0.07724277994039336,Low,Logistic Regression,v1.0.0
ENG-01172,2025-01-01,0.029963309754141156,Low,Logistic Regression,v1.0.0
ENG-01172,2025-02-01,0.09220097439766924,Low,Logistic Regression,v1.0.0
ENG-01173,2026-01-01,0.014064138780668246,Low,Logistic Regression,v1.0.0
ENG-01173,2026-02-01,0.017519285824650347,Low,Logistic Regression,v1.0.0
ENG-01173,2026-03-01,0.029899993546401122,Low,Logistic Regression,v1.0.0
ENG-01173,2026-04-01,0.004032339124915551,Low,Logistic Regression,v1.0.0
ENG-01173,2026-05-01,0.09456869072844361,Low,Logistic Regression,v1.0.0
ENG-01173,2026-06-01,0.00948770635887172,Low,Logistic Regression,v1.0.0
ENG-01173,2026-07-01,0.037567248103812394,Low,Logistic Regression,v1.0.0
ENG-01173,2026-08-01,0.003325557772921292,Low,Logistic Regression,v1.0.0
ENG-01174,2025-05-01,0.03591279887039493,Low,Logistic Regression,v1.0.0
ENG-01174,2025-06-01,0.010828451937127311,Low,Logistic Regression,v1.0.0
ENG-01174,2025-07-01,0.004008963775853195,Low,Logistic Regression,v1.0.0
ENG-01174,2025-08-01,0.0760600544471685,Low,Logistic Regression,v1.0.0
ENG-01174,2025-09-01,0.1480655314598597,Low,Logistic Regression,v1.0.0
ENG-01174,2025-10-01,0.009756067879116568,Low,Logistic Regression,v1.0.0
ENG-01174,2025-11-01,0.07233590304402536,Low,Logistic Regression,v1.0.0
ENG-01174,2025-12-01,0.024475313267144472,Low,Logistic Regression,v1.0.0
ENG-01174,2026-01-01,0.0020768396873071518,Low,Logistic Regression,v1.0.0
ENG-01174,2026-02-01,0.10145334291716891,Low,Logistic Regression,v1.0.0
ENG-01175,2025-01-01,0.2092021355403677,Low,Logistic Regression,v1.0.0
ENG-01175,2025-02-01,0.9019872615011089,Critical,Logistic Regression,v1.0.0
ENG-01175,2025-03-01,0.9888418427415713,Critical,Logistic Regression,v1.0.0
ENG-01175,2025-04-01,0.9974595637783872,Critical,Logistic Regression,v1.0.0
ENG-01176,2025-04-01,0.3117601338544532,Low,Logistic Regression,v1.0.0
ENG-01176,2025-05-01,0.6122063926150902,Watch,Logistic Regression,v1.0.0
ENG-01176,2025-06-01,0.38380176791140885,Watch,Logistic Regression,v1.0.0
ENG-01176,2025-07-01,0.8149112111162163,Critical,Logistic Regression,v1.0.0
ENG-01176,2025-08-01,0.9986662178639116,Critical,Logistic Regression,v1.0.0
ENG-01176,2025-09-01,0.9976189602779105,Critical,Logistic Regression,v1.0.0
ENG-01177,2026-02-01,0.4513472033600263,Watch,Logistic Regression,v1.0.0
ENG-01177,2026-03-01,0.12534416812855267,Low,Logistic Regression,v1.0.0
ENG-01177,2026-04-01,0.5224798248779257,Watch,Logistic Regression,v1.0.0
ENG-01177,2026-05-01,0.942444903708821,Critical,Logistic Regression,v1.0.0
ENG-01177,2026-06-01,0.22701727336837352,Low,Logistic Regression,v1.0.0
ENG-01177,2026-07-01,0.10337325574597195,Low,Logistic Regression,v1.0.0
ENG-01177,2026-08-01,0.5147858566540879,Watch,Logistic Regression,v1.0.0
ENG-01178,2025-08-01,0.10436688560141243,Low,Logistic Regression,v1.0.0
ENG-01178,2025-09-01,0.4522400326489939,Watch,Logistic Regression,v1.0.0
ENG-01178,2025-10-01,0.037257606811518414,Low,Logistic Regression,v1.0.0
ENG-01178,2025-11-01,0.14362423655253007,Low,Logistic Regression,v1.0.0
ENG-01178,2025-12-01,0.22677251657126546,Low,Logistic Regression,v1.0.0
ENG-01178,2026-01-01,0.01127711014229389,Low,Logistic Regression,v1.0.0
ENG-01178,2026-02-01,0.052120325401545285,Low,Logistic Regression,v1.0.0
ENG-01178,2026-03-01,0.1130479438638667,Low,Logistic Regression,v1.0.0
ENG-01178,2026-04-01,0.7025610768748736,Critical,Logistic Regression,v1.0.0
ENG-01178,2026-05-01,0.25686564255563005,Low,Logistic Regression,v1.0.0
ENG-01178,2026-06-01,0.06956470082196152,Low,Logistic Regression,v1.0.0
ENG-01179,2026-05-01,0.4209735534442613,Watch,Logistic Regression,v1.0.0
ENG-01179,2026-06-01,0.29871088405087365,Low,Logistic Regression,v1.0.0
ENG-01179,2026-07-01,0.22820114157224325,Low,Logistic Regression,v1.0.0
ENG-01179,2026-08-01,0.9660206923620663,Critical,Logistic Regression,v1.0.0
ENG-01180,2026-05-01,0.011775252303055718,Low,Logistic Regression,v1.0.0
ENG-01180,2026-06-01,0.0018831948256651761,Low,Logistic Regression,v1.0.0
ENG-01180,2026-07-01,0.02194732393367365,Low,Logistic Regression,v1.0.0
ENG-01180,2026-08-01,0.0036388892921720177,Low,Logistic Regression,v1.0.0
ENG-01181,2026-08-01,0.21564955722408835,Low,Logistic Regression,v1.0.0
ENG-01182,2024-10-01,0.1503225061992882,Low,Logistic Regression,v1.0.0
ENG-01182,2024-11-01,0.01484467980797258,Low,Logistic Regression,v1.0.0
ENG-01182,2024-12-01,0.022802508294736578,Low,Logistic Regression,v1.0.0
ENG-01182,2025-01-01,0.11911997996188184,Low,Logistic Regression,v1.0.0
ENG-01182,2025-02-01,0.29944082800924954,Low,Logistic Regression,v1.0.0
ENG-01182,2025-03-01,0.012479132675024223,Low,Logistic Regression,v1.0.0
ENG-01182,2025-04-01,0.29576896629613086,Low,Logistic Regression,v1.0.0
ENG-01182,2025-05-01,0.004321726506384419,Low,Logistic Regression,v1.0.0
ENG-01182,2025-06-01,0.021621478856912114,Low,Logistic Regression,v1.0.0
ENG-01182,2025-07-01,0.3844313201236241,Watch,Logistic Regression,v1.0.0
ENG-01182,2025-08-01,0.00923398188590184,Low,Logistic Regression,v1.0.0
ENG-01183,2024-02-01,0.10080470354810758,Low,Logistic Regression,v1.0.0
ENG-01183,2024-03-01,0.20453165849695215,Low,Logistic Regression,v1.0.0
ENG-01183,2024-04-01,0.0736139163734281,Low,Logistic Regression,v1.0.0
ENG-01183,2024-05-01,0.353072296674341,Watch,Logistic Regression,v1.0.0
ENG-01183,2024-06-01,0.1439893997115091,Low,Logistic Regression,v1.0.0
ENG-01183,2024-07-01,0.03663683540153227,Low,Logistic Regression,v1.0.0
ENG-01183,2024-08-01,0.6643313009525842,Critical,Logistic Regression,v1.0.0
ENG-01183,2024-09-01,0.24172418671922852,Low,Logistic Regression,v1.0.0
ENG-01183,2024-10-01,0.05418693269102397,Low,Logistic Regression,v1.0.0
ENG-01183,2024-11-01,0.48238479223485925,Watch,Logistic Regression,v1.0.0
ENG-01183,2024-12-01,0.007904999909995068,Low,Logistic Regression,v1.0.0
ENG-01183,2025-01-01,0.712646345391719,Critical,Logistic Regression,v1.0.0
ENG-01183,2025-02-01,0.23081681772887708,Low,Logistic Regression,v1.0.0
ENG-01184,2024-12-01,0.06649237988402083,Low,Logistic Regression,v1.0.0
ENG-01184,2025-01-01,0.046959657130408713,Low,Logistic Regression,v1.0.0
ENG-01184,2025-02-01,0.013654965523279288,Low,Logistic Regression,v1.0.0
ENG-01184,2025-03-01,0.07451607549426109,Low,Logistic Regression,v1.0.0
ENG-01184,2025-04-01,0.0006671228885702852,Low,Logistic Regression,v1.0.0
ENG-01184,2025-05-01,0.050024584550552975,Low,Logistic Regression,v1.0.0
ENG-01184,2025-06-01,0.08687628287897431,Low,Logistic Regression,v1.0.0
ENG-01184,2025-07-01,0.017488331187171205,Low,Logistic Regression,v1.0.0
ENG-01184,2025-08-01,0.017729984288222336,Low,Logistic Regression,v1.0.0
ENG-01184,2025-09-01,0.5202951326539593,Watch,Logistic Regression,v1.0.0
ENG-01185,2025-03-01,0.01891169075044494,Low,Logistic Regression,v1.0.0
ENG-01185,2025-04-01,0.08940936009246384,Low,Logistic Regression,v1.0.0
ENG-01185,2025-05-01,0.9533714715974834,Critical,Logistic Regression,v1.0.0
ENG-01185,2025-06-01,0.5790909325166,Watch,Logistic Regression,v1.0.0
ENG-01185,2025-07-01,0.9989013604180731,Critical,Logistic Regression,v1.0.0
ENG-01186,2024-11-01,0.012115289274646264,Low,Logistic Regression,v1.0.0
ENG-01186,2024-12-01,0.011521243786938121,Low,Logistic Regression,v1.0.0
ENG-01186,2025-01-01,0.07698645960383585,Low,Logistic Regression,v1.0.0
ENG-01186,2025-02-01,0.0002456898164919043,Low,Logistic Regression,v1.0.0
ENG-01186,2025-03-01,0.020734804688389744,Low,Logistic Regression,v1.0.0
ENG-01186,2025-04-01,0.02887766071974204,Low,Logistic Regression,v1.0.0
ENG-01186,2025-05-01,0.009827937086965595,Low,Logistic Regression,v1.0.0
ENG-01186,2025-06-01,0.006579982983660865,Low,Logistic Regression,v1.0.0
ENG-01186,2025-07-01,0.05538485868342781,Low,Logistic Regression,v1.0.0
ENG-01186,2025-08-01,0.0005973351912746762,Low,Logistic Regression,v1.0.0
ENG-01186,2025-09-01,0.003787393876919737,Low,Logistic Regression,v1.0.0
ENG-01187,2025-06-01,0.19612525245229642,Low,Logistic Regression,v1.0.0
ENG-01187,2025-07-01,0.3534527772337794,Watch,Logistic Regression,v1.0.0
ENG-01187,2025-08-01,0.6188741327805097,Watch,Logistic Regression,v1.0.0
ENG-01187,2025-09-01,0.026484217182554528,Low,Logistic Regression,v1.0.0
ENG-01187,2025-10-01,0.11159279388749517,Low,Logistic Regression,v1.0.0
ENG-01187,2025-11-01,0.22190188122171112,Low,Logistic Regression,v1.0.0
ENG-01187,2025-12-01,0.5618644400614077,Watch,Logistic Regression,v1.0.0
ENG-01187,2026-01-01,0.050810284518085516,Low,Logistic Regression,v1.0.0
ENG-01187,2026-02-01,0.7356258106448496,Critical,Logistic Regression,v1.0.0
ENG-01188,2025-07-01,0.18457688046770188,Low,Logistic Regression,v1.0.0
ENG-01188,2025-08-01,0.24536049702838644,Low,Logistic Regression,v1.0.0
ENG-01188,2025-09-01,0.09247853601183233,Low,Logistic Regression,v1.0.0
ENG-01188,2025-10-01,0.11133916932809838,Low,Logistic Regression,v1.0.0
ENG-01188,2025-11-01,0.15075654584737103,Low,Logistic Regression,v1.0.0
ENG-01188,2025-12-01,0.22216992703427677,Low,Logistic Regression,v1.0.0
ENG-01188,2026-01-01,0.7690784319214342,Critical,Logistic Regression,v1.0.0
ENG-01188,2026-02-01,0.9736490394673398,Critical,Logistic Regression,v1.0.0
ENG-01188,2026-03-01,0.96864618182308,Critical,Logistic Regression,v1.0.0
ENG-01188,2026-04-01,0.943873360008109,Critical,Logistic Regression,v1.0.0
ENG-01189,2024-09-01,0.1139662645599021,Low,Logistic Regression,v1.0.0
ENG-01189,2024-10-01,0.9653184929134604,Critical,Logistic Regression,v1.0.0
ENG-01189,2024-11-01,0.9460860075478373,Critical,Logistic Regression,v1.0.0
ENG-01189,2024-12-01,0.9757155031390293,Critical,Logistic Regression,v1.0.0
ENG-01190,2024-12-01,0.03894082391015556,Low,Logistic Regression,v1.0.0
ENG-01190,2025-01-01,0.21578364194755664,Low,Logistic Regression,v1.0.0
ENG-01190,2025-02-01,0.01898347525231682,Low,Logistic Regression,v1.0.0
ENG-01190,2025-03-01,0.04567053731523951,Low,Logistic Regression,v1.0.0
ENG-01190,2025-04-01,0.0228844385411679,Low,Logistic Regression,v1.0.0
ENG-01190,2025-05-01,0.18176508742919192,Low,Logistic Regression,v1.0.0
ENG-01190,2025-06-01,0.0684111988885425,Low,Logistic Regression,v1.0.0
ENG-01191,2025-03-01,0.013694290075763931,Low,Logistic Regression,v1.0.0
ENG-01191,2025-04-01,0.006697487971446993,Low,Logistic Regression,v1.0.0
ENG-01191,2025-05-01,0.386326199961972,Watch,Logistic Regression,v1.0.0
ENG-01191,2025-06-01,0.10909632926989503,Low,Logistic Regression,v1.0.0
ENG-01191,2025-07-01,0.08354968603611647,Low,Logistic Regression,v1.0.0
ENG-01191,2025-08-01,0.022251902152248246,Low,Logistic Regression,v1.0.0
ENG-01191,2025-09-01,0.37066544637804055,Watch,Logistic Regression,v1.0.0
ENG-01192,2024-03-01,0.053418946702922576,Low,Logistic Regression,v1.0.0
ENG-01192,2024-04-01,0.9188555038081669,Critical,Logistic Regression,v1.0.0
ENG-01192,2024-05-01,0.9729508630474775,Critical,Logistic Regression,v1.0.0
ENG-01192,2024-06-01,0.9959493034839495,Critical,Logistic Regression,v1.0.0
ENG-01193,2026-01-01,0.2607518535435171,Low,Logistic Regression,v1.0.0
ENG-01193,2026-02-01,0.1765414062272075,Low,Logistic Regression,v1.0.0
ENG-01193,2026-03-01,0.16080738311701606,Low,Logistic Regression,v1.0.0
ENG-01193,2026-04-01,0.6192360148308677,Watch,Logistic Regression,v1.0.0
ENG-01193,2026-05-01,0.0937717187441305,Low,Logistic Regression,v1.0.0
ENG-01193,2026-06-01,0.06143461210853244,Low,Logistic Regression,v1.0.0
ENG-01193,2026-07-01,0.19844134823209345,Low,Logistic Regression,v1.0.0
ENG-01193,2026-08-01,0.013264730202453579,Low,Logistic Regression,v1.0.0
ENG-01194,2024-02-01,0.004935332421165896,Low,Logistic Regression,v1.0.0
ENG-01194,2024-03-01,0.022921634010203806,Low,Logistic Regression,v1.0.0
ENG-01194,2024-04-01,0.009289163680636267,Low,Logistic Regression,v1.0.0
ENG-01194,2024-05-01,0.04467813006121496,Low,Logistic Regression,v1.0.0
ENG-01194,2024-06-01,0.005888751826359088,Low,Logistic Regression,v1.0.0
ENG-01194,2024-07-01,0.03593039420608683,Low,Logistic Regression,v1.0.0
ENG-01194,2024-08-01,0.0002050544194559908,Low,Logistic Regression,v1.0.0
ENG-01194,2024-09-01,0.037512743228700476,Low,Logistic Regression,v1.0.0
ENG-01194,2024-10-01,0.0008493031783498322,Low,Logistic Regression,v1.0.0
ENG-01194,2024-11-01,0.016876153048463297,Low,Logistic Regression,v1.0.0
ENG-01194,2024-12-01,0.0019983293109446516,Low,Logistic Regression,v1.0.0
ENG-01195,2026-05-01,0.0137015633260068,Low,Logistic Regression,v1.0.0
ENG-01195,2026-06-01,0.03827085832559525,Low,Logistic Regression,v1.0.0
ENG-01195,2026-07-01,0.011269003387860242,Low,Logistic Regression,v1.0.0
ENG-01195,2026-08-01,0.0982221322793431,Low,Logistic Regression,v1.0.0
ENG-01195,2026-09-01,0.1628591638620018,Low,Logistic Regression,v1.0.0
ENG-01195,2026-10-01,0.33823964435232107,Low,Logistic Regression,v1.0.0
ENG-01195,2026-11-01,0.09062445141618856,Low,Logistic Regression,v1.0.0
ENG-01195,2026-12-01,0.7593375484219473,Critical,Logistic Regression,v1.0.0
ENG-01196,2025-07-01,0.08149520203061866,Low,Logistic Regression,v1.0.0
ENG-01196,2025-08-01,0.015272418798543071,Low,Logistic Regression,v1.0.0
ENG-01196,2025-09-01,0.0025727722418765805,Low,Logistic Regression,v1.0.0
ENG-01196,2025-10-01,0.24730382978963963,Low,Logistic Regression,v1.0.0
ENG-01196,2025-11-01,0.07074345397691155,Low,Logistic Regression,v1.0.0
ENG-01196,2025-12-01,0.02132048563938228,Low,Logistic Regression,v1.0.0
ENG-01196,2026-01-01,0.3443654739976395,Low,Logistic Regression,v1.0.0
ENG-01196,2026-02-01,0.060969054208293245,Low,Logistic Regression,v1.0.0
ENG-01197,2025-08-01,0.17169398563718816,Low,Logistic Regression,v1.0.0
ENG-01197,2025-09-01,0.045810128547653636,Low,Logistic Regression,v1.0.0
ENG-01197,2025-10-01,0.14737956278594108,Low,Logistic Regression,v1.0.0
ENG-01197,2025-11-01,0.21798370950390458,Low,Logistic Regression,v1.0.0
ENG-01197,2025-12-01,0.08696745245218207,Low,Logistic Regression,v1.0.0
ENG-01197,2026-01-01,0.04024531406565194,Low,Logistic Regression,v1.0.0
ENG-01197,2026-02-01,0.0936272818872912,Low,Logistic Regression,v1.0.0
ENG-01198,2024-08-01,0.007371814889023571,Low,Logistic Regression,v1.0.0
ENG-01198,2024-09-01,0.17078702817284963,Low,Logistic Regression,v1.0.0
ENG-01198,2024-10-01,0.0479366221394585,Low,Logistic Regression,v1.0.0
ENG-01198,2024-11-01,0.028367931779847266,Low,Logistic Regression,v1.0.0
ENG-01198,2024-12-01,0.029345635960077703,Low,Logistic Regression,v1.0.0
ENG-01198,2025-01-01,0.02652744033718632,Low,Logistic Regression,v1.0.0
ENG-01198,2025-02-01,0.00896075315375054,Low,Logistic Regression,v1.0.0
ENG-01198,2025-03-01,0.0023271939924142354,Low,Logistic Regression,v1.0.0
ENG-01199,2024-04-01,0.9021079548080867,Critical,Logistic Regression,v1.0.0
ENG-01199,2024-05-01,0.7644946084542215,Critical,Logistic Regression,v1.0.0
ENG-01199,2024-06-01,0.999923076526248,Critical,Logistic Regression,v1.0.0
ENG-01199,2024-07-01,0.9996674458114333,Critical,Logistic Regression,v1.0.0
ENG-01200,2025-09-01,0.00468586068711561,Low,Logistic Regression,v1.0.0
ENG-01200,2025-10-01,0.004072500955097539,Low,Logistic Regression,v1.0.0
ENG-01200,2025-11-01,0.00886948454886444,Low,Logistic Regression,v1.0.0
ENG-01200,2025-12-01,0.0017023144638597947,Low,Logistic Regression,v1.0.0
ENG-01200,2026-01-01,0.00021807576077898883,Low,Logistic Regression,v1.0.0
ENG-01200,2026-02-01,0.020668216841893818,Low,Logistic Regression,v1.0.0
ENG-01200,2026-03-01,0.0011285674466080093,Low,Logistic Regression,v1.0.0
ENG-01200,2026-04-01,0.004810609986773891,Low,Logistic Regression,v1.0.0
ENG-01200,2026-05-01,0.0007477539658339944,Low,Logistic Regression,v1.0.0
