engagement_id,client_id,talent_id,role,start_date,expected_end_date,monthly_contract_value,status,termination_date,outcome
ENG-00001,C-0023,T-0019,Data Engineer,2024-01-01,2024-11-01,849199.4,Active,,Completed
ENG-00002,C-0012,T-0161,BI Developer,2024-07-01,2025-01-01,2919287.51,Terminated,2024-10-01,Early Termination
ENG-00003,C-0010,T-0319,AI Engineer,2024-10-01,2025-04-01,871689.12,Active,,Completed
ENG-00004,C-0023,T-0274,AI Engineer,2026-05-01,2026-11-01,1727105.82,Active,,Renewed
ENG-00005,C-0056,T-0041,Data Engineer,2024-03-01,2025-02-01,2473355.07,Active,,Completed
ENG-00006,C-0057,T-0281,Data Scientist,2025-02-01,2025-11-01,2670167.58,Active,,Completed
ENG-00007,C-0023,T-0088,Data Analyst,2024-07-01,2025-02-01,1385891.02,Active,,Renewed
ENG-00008,C-0031,T-0253,AI Engineer,2024-11-01,2025-06-01,2703625.01,Active,,Renewed
ENG-00009,C-0060,T-0288,Data Engineer,2025-03-01,2026-03-01,2328716.46,Terminated,2025-12-01,Early Termination
ENG-00010,C-0015,T-0319,AI Engineer,2024-05-01,2024-11-01,1863957.97,Terminated,2024-09-01,Early Termination
ENG-00011,C-0057,T-0207,Data Scientist,2024-11-01,2025-06-01,1651697.75,Active,,Completed
ENG-00012,C-0007,T-0205,ML Engineer,2026-02-01,2026-11-01,1408984.67,Active,,Renewed
ENG-00013,C-0014,T-0340,Data Analyst,2026-04-01,2027-03-01,2584395.09,Active,,Renewed
ENG-00014,C-0021,T-0375,Analytics Engineer,2024-03-01,2024-10-01,1584376.04,Terminated,2024-06-01,Early Termination
ENG-00015,C-0003,T-0404,ML Engineer,2025-05-01,2026-03-01,1046131.65,Active,,Renewed
ENG-00016,C-0049,T-0167,ML Engineer,2025-03-01,2026-01-01,1345848.94,Terminated,2025-11-01,Early Termination
ENG-00017,C-0052,T-0213,ML Engineer,2026-08-01,2027-07-01,831572.03,Active,,Completed
ENG-00018,C-0024,T-0166,ML Engineer,2025-06-01,2026-02-01,2084522.66,Terminated,2025-09-01,Early Termination
ENG-00019,C-0051,T-0264,BI Developer,2024-02-01,2024-12-01,2133546.58,Active,,Renewed
ENG-00020,C-0047,T-0064,BI Developer,2024-06-01,2025-03-01,1233237.71,Active,,Completed
ENG-00021,C-0049,T-0216,ML Engineer,2024-07-01,2025-07-01,2251293.79,Terminated,2024-12-01,Early Termination
ENG-00022,C-0049,T-0095,ML Engineer,2025-10-01,2026-08-01,2586655.06,Active,,Renewed
ENG-00023,C-0035,T-0267,ML Engineer,2026-08-01,2027-04-01,3075038.03,Terminated,2026-12-01,Early Termination
ENG-00024,C-0007,T-0426,Analytics Engineer,2024-07-01,2025-04-01,2730765.78,Active,,Renewed
ENG-00025,C-0056,T-0493,BI Developer,2024-12-01,2025-11-01,1056323.36,Active,,Completed
ENG-00026,C-0037,T-0224,Data Scientist,2025-02-01,2025-09-01,980874.3,Terminated,2025-05-01,Early Termination
ENG-00027,C-0055,T-0029,Analytics Engineer,2024-07-01,2025-07-01,1834920.02,Active,,Renewed
ENG-00028,C-0058,T-0114,ML Engineer,2026-07-01,2027-02-01,2160018.83,Active,,Completed
ENG-00029,C-0012,T-0053,BI Developer,2024-04-01,2024-10-01,784934.34,Active,,Completed
ENG-00030,C-0025,T-0380,Data Analyst,2024-08-01,2025-08-01,1705494.72,Active,,Renewed
ENG-00031,C-0012,T-0493,BI Developer,2024-08-01,2025-06-01,2285218.34,Active,,Completed
ENG-00032,C-0004,T-0277,BI Developer,2024-11-01,2025-09-01,1054354.42,Active,,Renewed
ENG-00033,C-0058,T-0089,Data Analyst,2025-02-01,2025-08-01,2048826.68,Terminated,2025-05-01,Early Termination
ENG-00034,C-0056,T-0011,Data Engineer,2025-01-01,2025-09-01,3515766.29,Terminated,2025-05-01,Early Termination
ENG-00035,C-0056,T-0489,ML Engineer,2024-08-01,2025-04-01,2132318.11,Active,,Renewed
ENG-00036,C-0054,T-0159,Data Engineer,2024-04-01,2025-01-01,3447047.58,Active,,Completed
ENG-00037,C-0039,T-0057,AI Engineer,2024-03-01,2025-01-01,2791218.1,Active,,Completed
ENG-00038,C-0032,T-0089,Data Analyst,2024-08-01,2025-05-01,1511810.38,Active,,Renewed
ENG-00039,C-0060,T-0128,Data Scientist,2024-03-01,2025-03-01,2701981.26,Active,,Completed
ENG-00040,C-0034,T-0328,Data Engineer,2024-08-01,2025-08-01,1093796.94,Active,,Renewed
ENG-00041,C-0039,T-0446,AI Engineer,2025-11-01,2026-09-01,1019057.97,Active,,Renewed
ENG-00042,C-0013,T-0138,AI Engineer,2024-01-01,2024-07-01,1102643.33,Terminated,2024-04-01,Early Termination
ENG-00043,C-0045,T-0344,Data Analyst,2025-11-01,2026-06-01,3387282.88,Active,,Completed
ENG-00044,C-0050,T-0033,Data Engineer,2025-08-01,2026-04-01,1743893.21,Active,,Completed
ENG-00045,C-0041,T-0006,Data Analyst,2025-10-01,2026-09-01,3077391.81,Active,,Completed
ENG-00046,C-0030,T-0028,Data Scientist,2026-08-01,2027-04-01,1772541.62,Terminated,2026-11-01,Early Termination
ENG-00047,C-0012,T-0462,Analytics Engineer,2025-05-01,2026-05-01,1626645.05,Terminated,2026-03-01,Early Termination
ENG-00048,C-0003,T-0291,Analytics Engineer,2024-12-01,2025-10-01,1771166.68,Active,,Completed
ENG-00049,C-0038,T-0403,AI Engineer,2024-03-01,2025-02-01,1110224.13,Active,,Completed
ENG-00050,C-0041,T-0011,Data Engineer,2025-09-01,2026-09-01,2130684.86,Terminated,2026-02-01,Early Termination
ENG-00051,C-0047,T-0012,ML Engineer,2024-08-01,2025-06-01,1385968.3,Active,,Completed
ENG-00052,C-0058,T-0425,Analytics Engineer,2024-05-01,2025-01-01,1458412.97,Active,,Completed
ENG-00053,C-0030,T-0052,Data Engineer,2025-10-01,2026-07-01,2865421.59,Active,,Completed
ENG-00054,C-0050,T-0078,AI Engineer,2025-05-01,2026-03-01,2720951.6,Active,,Completed
ENG-00055,C-0043,T-0260,Data Scientist,2024-02-01,2024-08-01,1213313.12,Active,,Renewed
ENG-00056,C-0017,T-0304,Data Engineer,2024-05-01,2025-04-01,1675673.48,Active,,Renewed
ENG-00057,C-0051,T-0115,BI Developer,2024-06-01,2025-06-01,1345079.51,Active,,Renewed
ENG-00058,C-0004,T-0223,AI Engineer,2025-08-01,2026-08-01,1654485.71,Active,,Renewed
ENG-00059,C-0036,T-0338,ML Engineer,2024-09-01,2025-04-01,1798710.15,Active,,Completed
ENG-00060,C-0057,T-0222,Data Analyst,2025-04-01,2026-03-01,2814083.16,Active,,Renewed
ENG-00061,C-0040,T-0192,AI Engineer,2025-10-01,2026-06-01,2247246.8,Terminated,2026-02-01,Early Termination
ENG-00062,C-0057,T-0036,ML Engineer,2024-01-01,2025-01-01,2310056.43,Active,,Renewed
ENG-00063,C-0004,T-0226,BI Developer,2025-11-01,2026-11-01,2853703.48,Active,,Renewed
ENG-00064,C-0032,T-0402,BI Developer,2024-08-01,2025-08-01,2886973.54,Terminated,2025-06-01,Early Termination
ENG-00065,C-0047,T-0314,Data Scientist,2024-06-01,2025-04-01,3335733.83,Active,,Completed
ENG-00066,C-0039,T-0447,Data Scientist,2024-06-01,2024-12-01,1059603.61,Active,,Renewed
ENG-00067,C-0053,T-0064,BI Developer,2024-02-01,2025-01-01,2826724.41,Terminated,2024-10-01,Early Termination
ENG-00068,C-0028,T-0006,Data Analyst,2026-08-01,2027-03-01,767924.58,Active,,Completed
ENG-00069,C-0041,T-0275,BI Developer,2026-05-01,2027-04-01,1419436.47,Active,,Renewed
ENG-00070,C-0026,T-0090,ML Engineer,2026-04-01,2026-12-01,3486302.92,Active,,Renewed
ENG-00071,C-0053,T-0297,ML Engineer,2025-07-01,2026-02-01,2219764.77,Terminated,2025-12-01,Early Termination
ENG-00072,C-0008,T-0452,AI Engineer,2024-04-01,2025-03-01,1897994.9,Active,,Renewed
ENG-00073,C-0016,T-0169,BI Developer,2025-05-01,2026-02-01,1980469.62,Active,,Renewed
ENG-00074,C-0006,T-0275,BI Developer,2026-03-01,2027-01-01,1346087.4,Active,,Renewed
ENG-00075,C-0043,T-0341,Data Analyst,2025-07-01,2026-06-01,775513.51,Active,,Renewed
ENG-00076,C-0014,T-0076,Analytics Engineer,2026-02-01,2027-02-01,2352193.6,Active,,Renewed
ENG-00077,C-0020,T-0449,ML Engineer,2026-01-01,2026-12-01,3566994.74,Active,,Renewed
ENG-00078,C-0051,T-0102,Data Scientist,2026-06-01,2027-03-01,2119312.42,Active,,Renewed
ENG-00079,C-0022,T-0405,AI Engineer,2025-12-01,2026-06-01,1339807.24,Terminated,2026-04-01,Early Termination
ENG-00080,C-0009,T-0330,ML Engineer,2024-06-01,2025-01-01,2241687.72,Terminated,2024-10-01,Early Termination
ENG-00081,C-0002,T-0071,Analytics Engineer,2026-05-01,2027-01-01,2146328.85,Active,,Completed
ENG-00082,C-0014,T-0363,AI Engineer,2024-11-01,2025-11-01,2369555.86,Active,,Renewed
ENG-00083,C-0055,T-0099,Data Engineer,2026-04-01,2026-12-01,985174.09,Terminated,2026-10-01,Early Termination
ENG-00084,C-0033,T-0300,Data Analyst,2024-08-01,2025-07-01,1155460.63,Active,,Renewed
ENG-00085,C-0060,T-0480,Analytics Engineer,2025-02-01,2025-08-01,1738047.72,Active,,Renewed
ENG-00086,C-0013,T-0477,ML Engineer,2024-06-01,2025-04-01,856337.57,Terminated,2025-01-01,Early Termination
ENG-00087,C-0022,T-0436,AI Engineer,2025-08-01,2026-08-01,1774730.86,Active,,Renewed
ENG-00088,C-0010,T-0248,ML Engineer,2024-04-01,2025-02-01,2463760.23,Active,,Renewed
ENG-00089,C-0024,T-0280,Analytics Engineer,2025-06-01,2026-05-01,1179882.98,Terminated,2025-10-01,Early Termination
ENG-00090,C-0034,T-0151,AI Engineer,2026-03-01,2027-02-01,1255800.65,Terminated,2026-12-01,Early Termination
ENG-00091,C-0049,T-0461,ML Engineer,2024-08-01,2025-08-01,1387008.65,Active,,Completed
ENG-00092,C-0023,T-0239,Analytics Engineer,2026-07-01,2027-04-01,797653.1,Terminated,2026-11-01,Early Termination
ENG-00093,C-0047,T-0386,Data Engineer,2025-02-01,2025-09-01,1273463.46,Active,,Completed
ENG-00094,C-0038,T-0180,ML Engineer,2024-02-01,2024-12-01,2521164.11,Active,,Completed
ENG-00095,C-0018,T-0371,AI Engineer,2025-06-01,2026-05-01,776215.19,Terminated,2026-01-01,Early Termination
ENG-00096,C-0055,T-0113,Data Scientist,2025-06-01,2025-12-01,1140023.14,Active,,Completed
ENG-00097,C-0027,T-0367,Data Scientist,2025-10-01,2026-07-01,1315693.53,Active,,Completed
ENG-00098,C-0010,T-0023,Data Scientist,2024-03-01,2024-11-01,2140097.93,Terminated,2024-09-01,Early Termination
ENG-00099,C-0058,T-0053,BI Developer,2024-11-01,2025-07-01,3486547.63,Active,,Renewed
ENG-00100,C-0055,T-0177,BI Developer,2024-01-01,2024-09-01,2319254.64,Active,,Renewed
ENG-00101,C-0003,T-0242,AI Engineer,2024-07-01,2025-02-01,1779463.12,Active,,Completed
ENG-00102,C-0055,T-0356,AI Engineer,2024-08-01,2025-02-01,2117863.18,Active,,Completed
ENG-00103,C-0057,T-0180,ML Engineer,2025-04-01,2025-12-01,2559327.99,Terminated,2025-07-01,Early Termination
ENG-00104,C-0050,T-0010,Data Analyst,2025-07-01,2026-03-01,2768688.62,Active,,Renewed
ENG-00105,C-0016,T-0163,Data Scientist,2024-12-01,2025-07-01,1792540.57,Active,,Completed
ENG-00106,C-0038,T-0220,Data Analyst,2024-03-01,2024-11-01,1101984.35,Active,,Completed
ENG-00107,C-0033,T-0272,AI Engineer,2026-03-01,2027-02-01,2207939.51,Active,,Renewed
ENG-00108,C-0038,T-0323,ML Engineer,2024-07-01,2025-03-01,3344292.5,Active,,Renewed
ENG-00109,C-0037,T-0124,BI Developer,2025-06-01,2026-06-01,1317480.89,Active,,Completed
ENG-00110,C-0039,T-0306,Data Analyst,2024-07-01,2025-06-01,803828.05,Terminated,2025-04-01,Early Termination
ENG-00111,C-0031,T-0316,ML Engineer,2025-08-01,2026-05-01,2224143.78,Active,,Completed
ENG-00112,C-0042,T-0389,ML Engineer,2025-07-01,2026-03-01,2790993.98,Active,,Completed
ENG-00113,C-0032,T-0262,Analytics Engineer,2026-08-01,2027-02-01,3457451.01,Active,,Completed
ENG-00114,C-0001,T-0406,Data Scientist,2024-04-01,2025-02-01,1711733.94,Active,,Renewed
ENG-00115,C-0003,T-0111,ML Engineer,2025-02-01,2026-02-01,2115123.33,Active,,Renewed
ENG-00116,C-0058,T-0356,AI Engineer,2025-12-01,2026-11-01,2329044.34,Active,,Completed
ENG-00117,C-0055,T-0023,Data Scientist,2026-07-01,2027-05-01,3420616.62,Active,,Renewed
ENG-00118,C-0036,T-0052,Data Engineer,2025-07-01,2026-03-01,2089178.26,Terminated,2025-10-01,Early Termination
ENG-00119,C-0011,T-0433,Analytics Engineer,2025-08-01,2026-06-01,1094020.3,Terminated,2026-01-01,Early Termination
ENG-00120,C-0047,T-0238,Data Analyst,2024-09-01,2025-09-01,797438.61,Active,,Completed
ENG-00121,C-0009,T-0311,AI Engineer,2025-02-01,2025-11-01,1247990.77,Active,,Completed
ENG-00122,C-0023,T-0302,Data Analyst,2025-07-01,2026-03-01,1394469.17,Active,,Renewed
ENG-00123,C-0020,T-0348,Data Analyst,2025-06-01,2026-01-01,2676381.39,Active,,Renewed
ENG-00124,C-0001,T-0123,Data Engineer,2025-06-01,2026-02-01,2186183.32,Active,,Renewed
ENG-00125,C-0049,T-0090,ML Engineer,2026-07-01,2027-05-01,3496277.57,Active,,Renewed
ENG-00126,C-0031,T-0022,Data Engineer,2025-04-01,2025-10-01,2124642.35,Terminated,2025-08-01,Early Termination
ENG-00127,C-0019,T-0433,Analytics Engineer,2024-10-01,2025-08-01,1857810.51,Active,,Completed
ENG-00128,C-0031,T-0112,Data Analyst,2025-11-01,2026-07-01,1022440.83,Active,,Renewed
ENG-00129,C-0001,T-0288,Data Engineer,2026-07-01,2027-02-01,2443799.87,Active,,Renewed
ENG-00130,C-0027,T-0228,Analytics Engineer,2024-06-01,2025-06-01,1402200.14,Active,,Renewed
ENG-00131,C-0032,T-0082,Data Analyst,2025-02-01,2025-10-01,1458559.84,Active,,Renewed
ENG-00132,C-0021,T-0207,Data Scientist,2024-12-01,2025-10-01,2051957.41,Active,,Completed
ENG-00133,C-0050,T-0042,ML Engineer,2025-12-01,2026-12-01,1347296.86,Active,,Renewed
ENG-00134,C-0015,T-0089,Data Analyst,2025-09-01,2026-09-01,3470167.75,Active,,Completed
ENG-00135,C-0009,T-0070,Data Analyst,2024-04-01,2024-12-01,967770.59,Terminated,2024-07-01,Early Termination
ENG-00136,C-0032,T-0413,Data Engineer,2024-05-01,2025-01-01,2659034.36,Terminated,2024-10-01,Early Termination
ENG-00137,C-0054,T-0284,AI Engineer,2026-07-01,2027-01-01,825371.98,Active,,Completed
ENG-00138,C-0023,T-0463,Data Engineer,2024-06-01,2025-06-01,810745.56,Active,,Renewed
ENG-00139,C-0003,T-0218,Analytics Engineer,2025-03-01,2025-09-01,1290589.03,Active,,Completed
ENG-00140,C-0059,T-0101,Analytics Engineer,2025-07-01,2026-01-01,1058445.32,Active,,Renewed
ENG-00141,C-0027,T-0305,AI Engineer,2026-06-01,2027-04-01,2435273.36,Active,,Completed
ENG-00142,C-0011,T-0465,Data Analyst,2025-07-01,2026-01-01,2160581.77,Terminated,2025-10-01,Early Termination
ENG-00143,C-0037,T-0267,ML Engineer,2025-08-01,2026-04-01,1109286.99,Active,,Renewed
ENG-00144,C-0020,T-0009,AI Engineer,2026-04-01,2026-12-01,818237.66,Active,,Renewed
ENG-00145,C-0057,T-0152,Data Engineer,2026-01-01,2026-12-01,2293250.74,Active,,Completed
ENG-00146,C-0018,T-0463,Data Engineer,2025-06-01,2026-01-01,1191925.44,Active,,Renewed
ENG-00147,C-0034,T-0260,Data Scientist,2025-11-01,2026-06-01,2285082.77,Active,,Renewed
ENG-00148,C-0033,T-0476,AI Engineer,2024-08-01,2025-03-01,1795015.48,Active,,Renewed
ENG-00149,C-0015,T-0255,Data Scientist,2024-08-01,2025-08-01,1782973.8,Active,,Completed
ENG-00150,C-0030,T-0007,AI Engineer,2025-07-01,2026-03-01,2124627.5,Active,,Renewed
ENG-00151,C-0007,T-0437,Analytics Engineer,2026-08-01,2027-03-01,1271516.04,Terminated,2026-11-01,Early Termination
ENG-00152,C-0039,T-0382,ML Engineer,2025-09-01,2026-09-01,1292948.71,Active,,Completed
ENG-00153,C-0046,T-0358,AI Engineer,2025-10-01,2026-09-01,3152129.77,Terminated,2026-05-01,Early Termination
ENG-00154,C-0058,T-0486,Data Analyst,2026-06-01,2027-03-01,1013159.31,Terminated,2026-10-01,Early Termination
ENG-00155,C-0020,T-0099,Data Engineer,2024-02-01,2024-11-01,3248178.1,Active,,Completed
ENG-00156,C-0018,T-0453,BI Developer,2024-10-01,2025-07-01,3065204.12,Terminated,2025-01-01,Early Termination
ENG-00157,C-0033,T-0117,Data Engineer,2024-02-01,2024-08-01,860082.63,Active,,Completed
ENG-00158,C-0042,T-0486,Data Analyst,2026-06-01,2026-12-01,2119884.45,Terminated,2026-09-01,Early Termination
ENG-00159,C-0060,T-0096,AI Engineer,2025-07-01,2026-01-01,873188.67,Active,,Renewed
ENG-00160,C-0002,T-0276,Data Analyst,2025-05-01,2026-04-01,766124.15,Active,,Renewed
ENG-00161,C-0015,T-0395,Data Engineer,2024-02-01,2025-02-01,1640863.31,Terminated,2024-12-01,Early Termination
ENG-00162,C-0016,T-0040,Data Analyst,2026-04-01,2026-12-01,3229831.5,Terminated,2026-08-01,Early Termination
ENG-00163,C-0016,T-0034,BI Developer,2026-03-01,2026-10-01,1037700.43,Active,,Completed
ENG-00164,C-0028,T-0425,Analytics Engineer,2024-08-01,2025-03-01,2883864.07,Terminated,2025-01-01,Early Termination
ENG-00165,C-0053,T-0031,Data Scientist,2024-06-01,2025-02-01,2066280.62,Active,,Completed
ENG-00166,C-0002,T-0307,ML Engineer,2024-10-01,2025-05-01,863115.54,Terminated,2025-03-01,Early Termination
ENG-00167,C-0049,T-0470,ML Engineer,2024-04-01,2025-01-01,1420000.94,Terminated,2024-07-01,Early Termination
ENG-00168,C-0038,T-0308,Analytics Engineer,2025-11-01,2026-07-01,2132964.23,Active,,Completed
ENG-00169,C-0037,T-0241,Data Scientist,2026-08-01,2027-03-01,900878.96,Active,,Renewed
ENG-00170,C-0041,T-0209,ML Engineer,2026-08-01,2027-08-01,3007857.98,Active,,Completed
ENG-00171,C-0007,T-0320,AI Engineer,2026-08-01,2027-02-01,1038394.05,Active,,Renewed
ENG-00172,C-0045,T-0286,Data Scientist,2025-11-01,2026-11-01,2180359.43,Terminated,2026-09-01,Early Termination
ENG-00173,C-0015,T-0251,BI Developer,2025-07-01,2026-03-01,3269546.95,Active,,Completed
ENG-00174,C-0031,T-0077,AI Engineer,2025-05-01,2026-04-01,2770023.01,Active,,Renewed
ENG-00175,C-0041,T-0332,Data Scientist,2026-08-01,2027-05-01,2744292.82,Terminated,2026-11-01,Early Termination
ENG-00176,C-0037,T-0370,BI Developer,2024-08-01,2025-02-01,3188381.37,Terminated,2024-12-01,Early Termination
ENG-00177,C-0020,T-0355,Data Scientist,2025-08-01,2026-08-01,2100002.23,Active,,Renewed
ENG-00178,C-0024,T-0038,AI Engineer,2025-12-01,2026-10-01,798154.21,Active,,Completed
ENG-00179,C-0029,T-0352,BI Developer,2026-05-01,2026-11-01,1358954.47,Active,,Renewed
ENG-00180,C-0003,T-0365,AI Engineer,2024-12-01,2025-07-01,1079101.02,Active,,Completed
ENG-00181,C-0044,T-0092,Data Scientist,2025-05-01,2026-02-01,3333175.95,Active,,Completed
ENG-00182,C-0006,T-0425,Analytics Engineer,2026-05-01,2026-12-01,1300835.88,Active,,Completed
ENG-00183,C-0028,T-0262,Analytics Engineer,2024-01-01,2024-07-01,2917547.59,Terminated,2024-04-01,Early Termination
ENG-00184,C-0040,T-0237,AI Engineer,2025-05-01,2026-01-01,1670922.35,Terminated,2025-10-01,Early Termination
ENG-00185,C-0005,T-0362,AI Engineer,2025-11-01,2026-09-01,1309404.62,Active,,Renewed
ENG-00186,C-0060,T-0255,Data Scientist,2025-02-01,2026-01-01,2248274.4,Terminated,2025-08-01,Early Termination
ENG-00187,C-0023,T-0273,AI Engineer,2024-06-01,2025-03-01,948070.54,Terminated,2025-01-01,Early Termination
ENG-00188,C-0001,T-0157,Data Analyst,2024-05-01,2025-02-01,847554.58,Active,,Completed
ENG-00189,C-0040,T-0464,Data Engineer,2025-02-01,2025-11-01,1010941.04,Terminated,2025-06-01,Early Termination
ENG-00190,C-0034,T-0485,AI Engineer,2024-07-01,2025-02-01,1496419.36,Active,,Completed
ENG-00191,C-0039,T-0066,Data Analyst,2026-07-01,2027-02-01,1361677.33,Active,,Completed
ENG-00192,C-0046,T-0367,Data Scientist,2024-07-01,2025-01-01,2017422.37,Active,,Completed
ENG-00193,C-0029,T-0012,ML Engineer,2024-05-01,2024-11-01,2456498.17,Terminated,2024-08-01,Early Termination
ENG-00194,C-0050,T-0185,Data Scientist,2024-04-01,2024-12-01,2000167.95,Terminated,2024-07-01,Early Termination
ENG-00195,C-0023,T-0485,AI Engineer,2024-05-01,2025-05-01,966947.71,Active,,Renewed
ENG-00196,C-0033,T-0088,Data Analyst,2024-02-01,2025-02-01,1292415.75,Terminated,2024-06-01,Early Termination
ENG-00197,C-0010,T-0189,Data Analyst,2026-04-01,2027-01-01,930343.28,Active,,Completed
ENG-00198,C-0038,T-0110,Data Engineer,2024-03-01,2024-12-01,1069878.28,Active,,Completed
ENG-00199,C-0016,T-0365,AI Engineer,2026-03-01,2027-02-01,3184394.67,Terminated,2026-12-01,Early Termination
ENG-00200,C-0042,T-0232,AI Engineer,2025-08-01,2026-04-01,2848563.28,Terminated,2026-01-01,Early Termination
ENG-00201,C-0049,T-0297,ML Engineer,2025-02-01,2025-12-01,1346947.86,Active,,Renewed
ENG-00202,C-0052,T-0472,ML Engineer,2026-02-01,2026-10-01,2786720.23,Active,,Completed
ENG-00203,C-0056,T-0261,Data Analyst,2025-10-01,2026-10-01,1308493.95,Active,,Renewed
ENG-00204,C-0008,T-0368,ML Engineer,2025-12-01,2026-09-01,1190041.53,Active,,Completed
ENG-00205,C-0009,T-0049,ML Engineer,2026-04-01,2027-02-01,1943505.1,Active,,Renewed
ENG-00206,C-0056,T-0108,BI Developer,2025-08-01,2026-06-01,2228446.62,Terminated,2026-01-01,Early Termination
ENG-00207,C-0023,T-0474,AI Engineer,2024-01-01,2024-08-01,2289677.43,Active,,Completed
ENG-00208,C-0002,T-0430,Data Analyst,2025-07-01,2026-01-01,949319.41,Active,,Renewed
ENG-00209,C-0018,T-0329,Analytics Engineer,2026-07-01,2027-02-01,2332541.48,Terminated,2026-11-01,Early Termination
ENG-00210,C-0051,T-0190,AI Engineer,2026-03-01,2026-10-01,1840936.46,Terminated,2026-06-01,Early Termination
ENG-00211,C-0022,T-0100,BI Developer,2024-09-01,2025-07-01,1205178.31,Active,,Completed
ENG-00212,C-0005,T-0426,Analytics Engineer,2025-12-01,2026-11-01,2402790.15,Active,,Completed
ENG-00213,C-0044,T-0393,ML Engineer,2025-04-01,2026-04-01,2195592.65,Active,,Renewed
ENG-00214,C-0012,T-0121,AI Engineer,2026-05-01,2026-11-01,2053574.98,Terminated,2026-09-01,Early Termination
ENG-00215,C-0022,T-0295,Analytics Engineer,2024-09-01,2025-09-01,1702056.39,Active,,Renewed
ENG-00216,C-0001,T-0310,Analytics Engineer,2024-01-01,2024-08-01,1016686.64,Terminated,2024-04-01,Early Termination
ENG-00217,C-0037,T-0239,Analytics Engineer,2024-04-01,2024-12-01,2237240.78,Active,,Renewed
ENG-00218,C-0027,T-0464,Data Engineer,2024-10-01,2025-06-01,1332220.64,Active,,Renewed
ENG-00219,C-0053,T-0063,Data Analyst,2025-11-01,2026-07-01,3470779.81,Active,,Completed
ENG-00220,C-0021,T-0129,Data Analyst,2025-11-01,2026-08-01,1428717.76,Active,,Renewed
ENG-00221,C-0013,T-0048,Analytics Engineer,2026-06-01,2027-02-01,1473210.69,Active,,Renewed
ENG-00222,C-0010,T-0347,Analytics Engineer,2024-12-01,2025-07-01,3178268.0,Active,,Completed
ENG-00223,C-0013,T-0323,ML Engineer,2024-05-01,2025-01-01,1416528.45,Active,,Renewed
ENG-00224,C-0028,T-0494,AI Engineer,2026-06-01,2027-02-01,2778766.37,Active,,Renewed
ENG-00225,C-0006,T-0272,AI Engineer,2025-07-01,2026-04-01,1707176.34,Active,,Completed
ENG-00226,C-0025,T-0076,Analytics Engineer,2025-11-01,2026-05-01,1735217.23,Active,,Renewed
ENG-00227,C-0052,T-0226,BI Developer,2025-09-01,2026-09-01,1002370.6,Active,,Renewed
ENG-00228,C-0047,T-0045,ML Engineer,2025-08-01,2026-08-01,997902.3,Active,,Renewed
ENG-00229,C-0039,T-0336,Data Scientist,2025-02-01,2025-12-01,1352294.66,Active,,Completed
ENG-00230,C-0054,T-0338,ML Engineer,2025-02-01,2025-08-01,1276051.83,Terminated,2025-05-01,Early Termination
ENG-00231,C-0047,T-0429,BI Developer,2024-02-01,2024-08-01,2868705.98,Terminated,2024-05-01,Early Termination
ENG-00232,C-0040,T-0170,Data Analyst,2026-01-01,2027-01-01,1010147.65,Terminated,2026-05-01,Early Termination
ENG-00233,C-0052,T-0156,BI Developer,2024-12-01,2025-07-01,2244009.43,Active,,Completed
ENG-00234,C-0008,T-0036,ML Engineer,2026-05-01,2027-01-01,3274913.31,Active,,Renewed
ENG-00235,C-0050,T-0208,BI Developer,2024-07-01,2025-01-01,3392874.35,Active,,Completed
ENG-00236,C-0018,T-0238,Data Analyst,2024-11-01,2025-11-01,1126131.93,Active,,Renewed
ENG-00237,C-0044,T-0378,Data Engineer,2024-06-01,2025-03-01,2341685.24,Active,,Completed
ENG-00238,C-0055,T-0377,Data Engineer,2026-08-01,2027-02-01,1268372.68,Active,,Renewed
ENG-00239,C-0030,T-0071,Analytics Engineer,2026-02-01,2026-12-01,2032623.14,Active,,Renewed
ENG-00240,C-0006,T-0143,BI Developer,2024-11-01,2025-09-01,1105296.07,Terminated,2025-05-01,Early Termination
ENG-00241,C-0023,T-0256,Data Scientist,2025-12-01,2026-12-01,1162381.47,Active,,Renewed
ENG-00242,C-0025,T-0168,Data Engineer,2026-08-01,2027-08-01,1142833.55,Active,,Renewed
ENG-00243,C-0057,T-0013,Data Engineer,2024-10-01,2025-08-01,2114270.64,Active,,Renewed
ENG-00244,C-0057,T-0423,Data Analyst,2026-03-01,2027-02-01,1065095.05,Active,,Renewed
ENG-00245,C-0035,T-0366,ML Engineer,2025-10-01,2026-10-01,1127193.27,Active,,Renewed
ENG-00246,C-0058,T-0261,Data Analyst,2026-01-01,2026-11-01,1043720.41,Terminated,2026-07-01,Early Termination
ENG-00247,C-0027,T-0159,Data Engineer,2024-12-01,2025-12-01,883618.47,Active,,Renewed
ENG-00248,C-0025,T-0422,AI Engineer,2024-07-01,2025-01-01,2403766.89,Terminated,2024-11-01,Early Termination
ENG-00249,C-0051,T-0018,Data Analyst,2024-10-01,2025-10-01,2422192.94,Active,,Renewed
ENG-00250,C-0041,T-0224,Data Scientist,2025-04-01,2025-10-01,1075761.08,Active,,Completed
ENG-00251,C-0032,T-0401,Analytics Engineer,2025-07-01,2026-02-01,3066091.43,Active,,Renewed
ENG-00252,C-0028,T-0477,ML Engineer,2024-11-01,2025-09-01,1739312.81,Active,,Renewed
ENG-00253,C-0043,T-0126,ML Engineer,2024-01-01,2024-11-01,2375805.63,Active,,Completed
ENG-00254,C-0046,T-0326,Data Engineer,2025-03-01,2025-12-01,1318115.18,Terminated,2025-08-01,Early Termination
ENG-00255,C-0030,T-0095,ML Engineer,2024-01-01,2024-09-01,2713102.87,Active,,Completed
ENG-00256,C-0002,T-0058,ML Engineer,2026-05-01,2027-04-01,1008374.38,Active,,Completed
ENG-00257,C-0007,T-0177,BI Developer,2024-05-01,2025-04-01,2328940.08,Active,,Renewed
ENG-00258,C-0009,T-0443,BI Developer,2025-06-01,2026-01-01,2212663.46,Terminated,2025-10-01,Early Termination
ENG-00259,C-0028,T-0345,Data Scientist,2026-02-01,2026-11-01,2194335.06,Active,,Renewed
ENG-00260,C-0037,T-0245,ML Engineer,2026-07-01,2027-06-01,2048004.28,Terminated,2027-01-01,Early Termination
ENG-00261,C-0049,T-0142,BI Developer,2024-03-01,2024-10-01,1213302.03,Active,,Renewed
ENG-00262,C-0014,T-0071,Analytics Engineer,2026-08-01,2027-07-01,1034349.58,Active,,Renewed
ENG-00263,C-0048,T-0136,Data Analyst,2024-07-01,2025-07-01,2184494.69,Active,,Renewed
ENG-00264,C-0040,T-0077,AI Engineer,2025-11-01,2026-07-01,3260762.1,Active,,Completed
ENG-00265,C-0004,T-0094,AI Engineer,2025-05-01,2026-02-01,1073991.65,Terminated,2025-10-01,Early Termination
ENG-00266,C-0022,T-0344,Data Analyst,2025-05-01,2026-03-01,1652476.25,Active,,Renewed
ENG-00267,C-0019,T-0067,Data Scientist,2025-05-01,2026-04-01,1971543.87,Terminated,2025-12-01,Early Termination
ENG-00268,C-0054,T-0024,BI Developer,2025-11-01,2026-08-01,3028528.53,Terminated,2026-06-01,Early Termination
ENG-00269,C-0056,T-0272,AI Engineer,2024-10-01,2025-05-01,2565258.88,Active,,Completed
ENG-00270,C-0050,T-0144,Data Engineer,2025-09-01,2026-06-01,2716352.99,Active,,Renewed
ENG-00271,C-0032,T-0228,Analytics Engineer,2026-05-01,2027-05-01,1092643.36,Active,,Renewed
ENG-00272,C-0030,T-0070,Data Analyst,2024-08-01,2025-05-01,2997853.11,Terminated,2025-03-01,Early Termination
ENG-00273,C-0019,T-0105,BI Developer,2024-05-01,2025-05-01,2767929.28,Active,,Renewed
ENG-00274,C-0047,T-0221,AI Engineer,2025-07-01,2026-03-01,2576311.31,Active,,Renewed
ENG-00275,C-0006,T-0346,BI Developer,2025-08-01,2026-02-01,1031062.14,Active,,Renewed
ENG-00276,C-0017,T-0208,BI Developer,2026-07-01,2027-06-01,1701419.24,Active,,Completed
ENG-00277,C-0009,T-0271,BI Developer,2026-05-01,2027-05-01,1650242.62,Terminated,2027-03-01,Early Termination
ENG-00278,C-0030,T-0261,Data Analyst,2024-04-01,2024-12-01,983756.27,Active,,Completed
ENG-00279,C-0018,T-0135,BI Developer,2024-10-01,2025-09-01,1923372.38,Active,,Completed
ENG-00280,C-0012,T-0140,Data Engineer,2026-02-01,2027-02-01,1618359.69,Terminated,2026-12-01,Early Termination
ENG-00281,C-0023,T-0213,ML Engineer,2024-01-01,2024-08-01,2835062.43,Active,,Completed
ENG-00282,C-0052,T-0017,Analytics Engineer,2025-12-01,2026-08-01,2056108.15,Active,,Renewed
ENG-00283,C-0034,T-0343,Data Analyst,2025-07-01,2026-01-01,1766688.42,Active,,Renewed
ENG-00284,C-0050,T-0308,Analytics Engineer,2024-03-01,2025-03-01,2603448.43,Active,,Completed
ENG-00285,C-0055,T-0154,Analytics Engineer,2025-09-01,2026-09-01,1664131.05,Terminated,2026-07-01,Early Termination
ENG-00286,C-0055,T-0187,BI Developer,2024-11-01,2025-11-01,2745999.36,Active,,Renewed
ENG-00287,C-0022,T-0165,ML Engineer,2025-01-01,2025-07-01,2372101.63,Active,,Renewed
ENG-00288,C-0053,T-0326,Data Engineer,2025-05-01,2026-03-01,1797245.28,Active,,Completed
ENG-00289,C-0055,T-0380,Data Analyst,2026-03-01,2027-02-01,1573891.37,Active,,Completed
ENG-00290,C-0058,T-0055,ML Engineer,2025-05-01,2026-02-01,2377784.47,Active,,Renewed
ENG-00291,C-0022,T-0207,Data Scientist,2024-11-01,2025-06-01,983486.63,Terminated,2025-03-01,Early Termination
ENG-00292,C-0014,T-0007,AI Engineer,2024-04-01,2025-04-01,3300704.27,Active,,Renewed
ENG-00293,C-0036,T-0227,Data Engineer,2025-05-01,2026-02-01,1367776.97,Active,,Renewed
ENG-00294,C-0056,T-0125,Data Analyst,2024-08-01,2025-03-01,1904868.54,Active,,Renewed
ENG-00295,C-0055,T-0168,Data Engineer,2025-06-01,2026-01-01,1229412.6,Active,,Renewed
ENG-00296,C-0035,T-0229,Data Engineer,2024-07-01,2025-01-01,1070866.73,Active,,Renewed
ENG-00297,C-0009,T-0162,AI Engineer,2025-11-01,2026-10-01,2558550.73,Active,,Completed
ENG-00298,C-0026,T-0198,BI Developer,2024-01-01,2024-12-01,1122241.46,Active,,Renewed
ENG-00299,C-0043,T-0383,Data Engineer,2024-06-01,2025-01-01,1132681.44,Terminated,2024-11-01,Early Termination
ENG-00300,C-0034,T-0406,Data Scientist,2024-04-01,2024-12-01,1030203.6,Terminated,2024-07-01,Early Termination
ENG-00301,C-0021,T-0003,Data Analyst,2025-12-01,2026-07-01,1064639.15,Active,,Renewed
ENG-00302,C-0021,T-0189,Data Analyst,2024-12-01,2025-07-01,1407793.57,Active,,Renewed
ENG-00303,C-0004,T-0424,Data Engineer,2025-09-01,2026-08-01,2661131.2,Active,,Completed
ENG-00304,C-0018,T-0266,ML Engineer,2025-05-01,2026-01-01,807036.46,Active,,Renewed
ENG-00305,C-0041,T-0103,Analytics Engineer,2024-05-01,2025-02-01,1072070.32,Active,,Completed
ENG-00306,C-0015,T-0297,ML Engineer,2024-09-01,2025-04-01,1312365.83,Terminated,2025-01-01,Early Termination
ENG-00307,C-0060,T-0073,Data Analyst,2024-08-01,2025-05-01,1023179.54,Active,,Renewed
ENG-00308,C-0005,T-0011,Data Engineer,2024-11-01,2025-11-01,938817.96,Terminated,2025-05-01,Early Termination
ENG-00309,C-0036,T-0317,AI Engineer,2025-03-01,2026-03-01,1193812.0,Terminated,2025-12-01,Early Termination
ENG-00310,C-0030,T-0258,Data Scientist,2026-01-01,2027-01-01,2829468.75,Active,,Renewed
ENG-00311,C-0050,T-0379,Data Analyst,2026-03-01,2027-03-01,1386433.42,Active,,Renewed
ENG-00312,C-0054,T-0173,Data Engineer,2026-08-01,2027-05-01,2663143.18,Active,,Completed
ENG-00313,C-0033,T-0428,BI Developer,2025-08-01,2026-06-01,1988537.34,Active,,Renewed
ENG-00314,C-0038,T-0211,BI Developer,2024-06-01,2025-04-01,2423535.16,Terminated,2024-12-01,Early Termination
ENG-00315,C-0042,T-0370,BI Developer,2024-08-01,2025-02-01,1981297.12,Active,,Renewed
ENG-00316,C-0032,T-0051,AI Engineer,2025-06-01,2025-12-01,1372593.98,Active,,Renewed
ENG-00317,C-0012,T-0049,ML Engineer,2024-09-01,2025-07-01,1362067.31,Active,,Completed
ENG-00318,C-0026,T-0392,Data Scientist,2024-01-01,2024-09-01,1015106.94,Active,,Completed
ENG-00319,C-0015,T-0417,AI Engineer,2024-06-01,2025-01-01,3286027.84,Terminated,2024-10-01,Early Termination
ENG-00320,C-0028,T-0472,ML Engineer,2025-01-01,2025-07-01,1636831.11,Active,,Renewed
ENG-00321,C-0037,T-0163,Data Scientist,2025-06-01,2025-12-01,1898537.74,Terminated,2025-10-01,Early Termination
ENG-00322,C-0013,T-0012,ML Engineer,2025-06-01,2026-05-01,1704760.11,Terminated,2026-03-01,Early Termination
ENG-00323,C-0015,T-0490,Analytics Engineer,2024-07-01,2025-05-01,929865.62,Active,,Completed
ENG-00324,C-0050,T-0301,Analytics Engineer,2026-01-01,2026-09-01,2648860.63,Terminated,2026-04-01,Early Termination
ENG-00325,C-0023,T-0124,BI Developer,2024-01-01,2024-08-01,1608025.68,Active,,Renewed
ENG-00326,C-0012,T-0382,ML Engineer,2025-05-01,2026-01-01,1778468.08,Active,,Renewed
ENG-00327,C-0043,T-0452,AI Engineer,2025-03-01,2025-12-01,2456590.02,Terminated,2025-08-01,Early Termination
ENG-00328,C-0043,T-0143,BI Developer,2024-11-01,2025-07-01,1029020.72,Terminated,2025-05-01,Early Termination
ENG-00329,C-0050,T-0385,Analytics Engineer,2025-08-01,2026-08-01,2372690.06,Active,,Renewed
ENG-00330,C-0046,T-0394,Data Scientist,2024-10-01,2025-07-01,783429.2,Active,,Renewed
ENG-00331,C-0060,T-0251,BI Developer,2024-11-01,2025-06-01,2735180.87,Active,,Renewed
ENG-00332,C-0035,T-0317,AI Engineer,2026-07-01,2027-01-01,3144500.37,Terminated,2026-11-01,Early Termination
ENG-00333,C-0018,T-0135,BI Developer,2025-12-01,2026-12-01,3438633.28,Active,,Renewed
ENG-00334,C-0052,T-0465,Data Analyst,2024-02-01,2024-12-01,2729014.36,Active,,Completed
ENG-00335,C-0016,T-0492,Data Scientist,2024-02-01,2024-12-01,1352619.84,Active,,Completed
ENG-00336,C-0018,T-0491,AI Engineer,2026-04-01,2026-10-01,2729043.0,Terminated,2026-07-01,Early Termination
ENG-00337,C-0050,T-0369,BI Developer,2024-02-01,2025-02-01,2660619.38,Active,,Renewed
ENG-00338,C-0053,T-0022,Data Engineer,2025-07-01,2026-02-01,2987313.55,Terminated,2025-12-01,Early Termination
ENG-00339,C-0021,T-0184,Analytics Engineer,2025-04-01,2025-10-01,3221332.75,Active,,Completed
ENG-00340,C-0044,T-0223,AI Engineer,2024-08-01,2025-06-01,2765985.76,Terminated,2025-01-01,Early Termination
ENG-00341,C-0056,T-0480,Analytics Engineer,2025-03-01,2025-10-01,2092654.36,Active,,Renewed
ENG-00342,C-0048,T-0274,AI Engineer,2025-10-01,2026-08-01,2270043.51,Active,,Completed
ENG-00343,C-0001,T-0269,Data Engineer,2025-02-01,2025-08-01,1538163.49,Active,,Completed
ENG-00344,C-0040,T-0074,Data Engineer,2025-08-01,2026-04-01,971172.54,Terminated,2025-12-01,Early Termination
ENG-00345,C-0011,T-0397,Data Engineer,2025-02-01,2025-11-01,2155566.25,Active,,Renewed
ENG-00346,C-0051,T-0169,BI Developer,2025-09-01,2026-09-01,831105.67,Terminated,2026-07-01,Early Termination
ENG-00347,C-0005,T-0046,BI Developer,2026-04-01,2027-03-01,1394361.45,Active,,Renewed
ENG-00348,C-0060,T-0494,AI Engineer,2024-04-01,2024-11-01,1723321.12,Active,,Renewed
ENG-00349,C-0011,T-0096,AI Engineer,2025-11-01,2026-09-01,1255367.53,Active,,Renewed
ENG-00350,C-0026,T-0009,AI Engineer,2025-11-01,2026-09-01,1959865.0,Active,,Completed
ENG-00351,C-0015,T-0039,Data Analyst,2025-02-01,2025-09-01,3045662.94,Active,,Renewed
ENG-00352,C-0049,T-0227,Data Engineer,2026-07-01,2027-01-01,3496172.99,Active,,Renewed
ENG-00353,C-0024,T-0052,Data Engineer,2024-11-01,2025-07-01,938081.2,Active,,Renewed
ENG-00354,C-0045,T-0422,AI Engineer,2025-01-01,2025-10-01,1140308.55,Active,,Completed
ENG-00355,C-0005,T-0257,Data Analyst,2026-06-01,2026-12-01,1377913.49,Active,,Completed
ENG-00356,C-0028,T-0162,AI Engineer,2025-07-01,2026-05-01,2500057.91,Active,,Completed
ENG-00357,C-0055,T-0002,Analytics Engineer,2024-12-01,2025-06-01,2749511.18,Active,,Completed
ENG-00358,C-0056,T-0240,Data Analyst,2025-04-01,2026-01-01,2695214.93,Active,,Renewed
ENG-00359,C-0013,T-0076,Analytics Engineer,2025-05-01,2025-11-01,1310598.95,Active,,Renewed
ENG-00360,C-0024,T-0490,Analytics Engineer,2024-03-01,2025-01-01,1561087.23,Active,,Renewed
ENG-00361,C-0025,T-0146,Data Analyst,2024-04-01,2025-02-01,1352007.98,Active,,Renewed
ENG-00362,C-0034,T-0238,Data Analyst,2025-01-01,2025-07-01,3168947.37,Terminated,2025-04-01,Early Termination
ENG-00363,C-0033,T-0010,Data Analyst,2024-03-01,2024-10-01,3074255.61,Active,,Completed
ENG-00364,C-0007,T-0066,Data Analyst,2026-05-01,2026-12-01,1535586.37,Terminated,2026-10-01,Early Termination
ENG-00365,C-0046,T-0104,ML Engineer,2026-08-01,2027-07-01,2819803.11,Active,,Renewed
ENG-00366,C-0014,T-0026,Analytics Engineer,2025-10-01,2026-09-01,923377.15,Terminated,2026-07-01,Early Termination
ENG-00367,C-0019,T-0363,AI Engineer,2025-12-01,2026-10-01,867171.69,Active,,Completed
ENG-00368,C-0051,T-0473,AI Engineer,2024-09-01,2025-05-01,1710551.74,Active,,Renewed
ENG-00369,C-0042,T-0493,BI Developer,2025-12-01,2026-08-01,3309608.0,Active,,Completed
ENG-00370,C-0024,T-0133,Data Scientist,2025-09-01,2026-05-01,1618133.16,Active,,Completed
ENG-00371,C-0055,T-0395,Data Engineer,2026-04-01,2027-04-01,2321285.96,Active,,Renewed
ENG-00372,C-0024,T-0253,AI Engineer,2024-07-01,2025-05-01,2335518.72,Active,,Renewed
ENG-00373,C-0034,T-0023,Data Scientist,2026-04-01,2026-11-01,2262391.72,Active,,Renewed
ENG-00374,C-0015,T-0046,BI Developer,2026-02-01,2026-10-01,1941061.11,Active,,Completed
ENG-00375,C-0011,T-0274,AI Engineer,2026-05-01,2027-05-01,1263593.83,Active,,Completed
ENG-00376,C-0030,T-0212,BI Developer,2024-06-01,2025-05-01,1673779.66,Terminated,2024-10-01,Early Termination
ENG-00377,C-0034,T-0005,Analytics Engineer,2025-11-01,2026-06-01,1042059.78,Active,,Completed
ENG-00378,C-0049,T-0466,ML Engineer,2024-10-01,2025-05-01,1414580.67,Active,,Renewed
ENG-00379,C-0024,T-0366,ML Engineer,2026-06-01,2027-06-01,905929.15,Active,,Renewed
ENG-00380,C-0054,T-0252,BI Developer,2025-05-01,2026-03-01,1654381.92,Active,,Renewed
ENG-00381,C-0037,T-0494,AI Engineer,2024-07-01,2025-01-01,809356.06,Active,,Renewed
ENG-00382,C-0005,T-0486,Data Analyst,2024-06-01,2025-06-01,1878088.03,Active,,Completed
ENG-00383,C-0045,T-0487,AI Engineer,2025-12-01,2026-08-01,1680523.79,Active,,Completed
ENG-00384,C-0035,T-0130,AI Engineer,2026-03-01,2027-01-01,1611676.2,Active,,Renewed
ENG-00385,C-0024,T-0441,AI Engineer,2024-09-01,2025-05-01,928693.37,Terminated,2025-03-01,Early Termination
ENG-00386,C-0029,T-0253,AI Engineer,2025-12-01,2026-11-01,2146330.1,Active,,Completed
ENG-00387,C-0019,T-0364,Data Analyst,2026-04-01,2026-12-01,3346883.33,Active,,Renewed
ENG-00388,C-0037,T-0430,Data Analyst,2024-03-01,2024-10-01,2571102.65,Terminated,2024-08-01,Early Termination
ENG-00389,C-0035,T-0082,Data Analyst,2024-08-01,2025-08-01,1350937.16,Terminated,2024-12-01,Early Termination
ENG-00390,C-0027,T-0225,Data Analyst,2024-01-01,2024-07-01,2954633.1,Terminated,2024-04-01,Early Termination
ENG-00391,C-0018,T-0065,ML Engineer,2024-10-01,2025-09-01,3262711.86,Active,,Completed
ENG-00392,C-0024,T-0140,Data Engineer,2024-08-01,2025-07-01,2675804.6,Active,,Completed
ENG-00393,C-0030,T-0207,Data Scientist,2026-06-01,2026-12-01,1041815.69,Terminated,2026-09-01,Early Termination
ENG-00394,C-0029,T-0428,BI Developer,2025-09-01,2026-04-01,2726625.69,Terminated,2025-12-01,Early Termination
ENG-00395,C-0019,T-0432,Analytics Engineer,2026-07-01,2027-05-01,1038077.83,Active,,Renewed
ENG-00396,C-0035,T-0195,ML Engineer,2026-06-01,2027-06-01,1967400.67,Terminated,2027-02-01,Early Termination
ENG-00397,C-0014,T-0165,ML Engineer,2024-12-01,2025-11-01,888258.51,Terminated,2025-07-01,Early Termination
ENG-00398,C-0031,T-0266,ML Engineer,2024-02-01,2024-12-01,2572279.78,Terminated,2024-06-01,Early Termination
ENG-00399,C-0008,T-0456,Data Engineer,2025-07-01,2026-05-01,2758535.5,Active,,Completed
ENG-00400,C-0029,T-0489,ML Engineer,2026-04-01,2027-02-01,1159518.9,Active,,Renewed
ENG-00401,C-0048,T-0114,ML Engineer,2024-04-01,2025-03-01,1356792.51,Active,,Renewed
ENG-00402,C-0050,T-0094,AI Engineer,2025-11-01,2026-06-01,1374337.63,Active,,Completed
ENG-00403,C-0042,T-0354,BI Developer,2026-02-01,2026-11-01,2133000.35,Active,,Renewed
ENG-00404,C-0045,T-0151,AI Engineer,2025-06-01,2025-12-01,2610632.84,Active,,Renewed
ENG-00405,C-0004,T-0100,BI Developer,2025-01-01,2025-07-01,2351060.33,Active,,Completed
ENG-00406,C-0021,T-0016,Data Engineer,2025-06-01,2026-05-01,818496.25,Active,,Completed
ENG-00407,C-0040,T-0202,Data Scientist,2025-02-01,2026-02-01,2135550.3,Active,,Completed
ENG-00408,C-0049,T-0196,Data Analyst,2026-02-01,2026-10-01,2015291.69,Active,,Renewed
ENG-00409,C-0035,T-0282,Data Engineer,2025-11-01,2026-10-01,2214098.71,Terminated,2026-04-01,Early Termination
ENG-00410,C-0052,T-0101,Analytics Engineer,2024-04-01,2024-10-01,898177.03,Active,,Renewed
ENG-00411,C-0017,T-0358,AI Engineer,2025-05-01,2025-11-01,2377163.38,Active,,Renewed
ENG-00412,C-0010,T-0341,Data Analyst,2024-09-01,2025-07-01,2141505.61,Terminated,2025-03-01,Early Termination
ENG-00413,C-0006,T-0232,AI Engineer,2026-07-01,2027-03-01,1275146.25,Active,,Renewed
ENG-00414,C-0035,T-0091,ML Engineer,2025-08-01,2026-02-01,3206008.56,Active,,Completed
ENG-00415,C-0040,T-0254,Analytics Engineer,2024-02-01,2024-10-01,811225.81,Active,,Renewed
ENG-00416,C-0018,T-0338,ML Engineer,2024-10-01,2025-04-01,2428666.96,Active,,Completed
ENG-00417,C-0048,T-0187,BI Developer,2025-07-01,2026-02-01,1067940.88,Active,,Completed
ENG-00418,C-0045,T-0132,Analytics Engineer,2025-08-01,2026-07-01,2779993.11,Active,,Renewed
ENG-00419,C-0022,T-0254,Analytics Engineer,2024-03-01,2024-09-01,912746.64,Active,,Renewed
ENG-00420,C-0015,T-0178,Data Analyst,2026-01-01,2026-07-01,3458317.07,Terminated,2026-04-01,Early Termination
ENG-00421,C-0045,T-0201,BI Developer,2024-11-01,2025-10-01,922499.77,Terminated,2025-05-01,Early Termination
ENG-00422,C-0041,T-0175,Data Analyst,2025-07-01,2026-07-01,1769898.69,Active,,Renewed
ENG-00423,C-0011,T-0152,Data Engineer,2025-08-01,2026-04-01,3103884.01,Active,,Completed
ENG-00424,C-0016,T-0359,Analytics Engineer,2024-03-01,2024-11-01,1326783.72,Terminated,2024-06-01,Early Termination
ENG-00425,C-0030,T-0231,AI Engineer,2025-03-01,2025-11-01,2295634.9,Active,,Completed
ENG-00426,C-0031,T-0234,ML Engineer,2025-12-01,2026-12-01,2751859.79,Active,,Renewed
ENG-00427,C-0010,T-0327,Data Engineer,2025-04-01,2025-12-01,1769694.36,Active,,Renewed
ENG-00428,C-0057,T-0181,BI Developer,2026-02-01,2027-01-01,1034903.59,Terminated,2026-11-01,Early Termination
ENG-00429,C-0024,T-0051,AI Engineer,2025-12-01,2026-08-01,1745249.58,Active,,Completed
ENG-00430,C-0023,T-0427,ML Engineer,2024-12-01,2025-07-01,2047961.73,Terminated,2025-03-01,Early Termination
ENG-00431,C-0004,T-0028,Data Scientist,2024-01-01,2024-12-01,1265228.94,Active,,Renewed
ENG-00432,C-0053,T-0286,Data Scientist,2026-06-01,2027-04-01,1798781.72,Active,,Completed
ENG-00433,C-0015,T-0133,Data Scientist,2025-12-01,2026-07-01,1318124.31,Active,,Renewed
ENG-00434,C-0060,T-0107,BI Developer,2026-08-01,2027-04-01,838224.17,Active,,Completed
ENG-00435,C-0030,T-0021,AI Engineer,2025-07-01,2026-07-01,1557906.6,Active,,Renewed
ENG-00436,C-0053,T-0451,BI Developer,2026-02-01,2026-10-01,3456499.32,Active,,Renewed
ENG-00437,C-0011,T-0215,Analytics Engineer,2024-08-01,2025-02-01,1750291.04,Active,,Completed
ENG-00438,C-0010,T-0172,Data Engineer,2026-02-01,2026-10-01,2258044.55,Active,,Renewed
ENG-00439,C-0049,T-0371,AI Engineer,2025-04-01,2026-03-01,2129995.29,Active,,Renewed
ENG-00440,C-0050,T-0020,Analytics Engineer,2025-01-01,2025-07-01,1475245.25,Active,,Renewed
ENG-00441,C-0033,T-0283,Data Engineer,2025-07-01,2026-06-01,3441853.65,Active,,Completed
ENG-00442,C-0002,T-0248,ML Engineer,2024-02-01,2024-10-01,1769418.86,Active,,Completed
ENG-00443,C-0057,T-0277,BI Developer,2025-09-01,2026-03-01,1781068.18,Active,,Renewed
ENG-00444,C-0024,T-0062,AI Engineer,2024-12-01,2025-11-01,1094319.0,Active,,Renewed
ENG-00445,C-0057,T-0477,ML Engineer,2026-06-01,2027-06-01,2282083.88,Active,,Renewed
ENG-00446,C-0053,T-0120,AI Engineer,2025-10-01,2026-08-01,1195317.99,Terminated,2026-01-01,Early Termination
ENG-00447,C-0052,T-0340,Data Analyst,2025-11-01,2026-05-01,896485.18,Active,,Renewed
ENG-00448,C-0042,T-0374,Data Scientist,2025-10-01,2026-04-01,2388682.13,Active,,Renewed
ENG-00449,C-0041,T-0172,Data Engineer,2026-06-01,2027-05-01,973268.51,Active,,Renewed
ENG-00450,C-0032,T-0066,Data Analyst,2025-05-01,2026-03-01,1522508.21,Terminated,2026-01-01,Early Termination
ENG-00451,C-0002,T-0149,BI Developer,2025-06-01,2026-06-01,2363878.21,Terminated,2025-10-01,Early Termination
ENG-00452,C-0024,T-0404,ML Engineer,2025-09-01,2026-06-01,2203634.37,Active,,Completed
ENG-00453,C-0044,T-0454,BI Developer,2024-03-01,2025-01-01,3216010.79,Active,,Completed
ENG-00454,C-0049,T-0469,ML Engineer,2025-04-01,2026-04-01,1261803.76,Active,,Renewed
ENG-00455,C-0034,T-0114,ML Engineer,2025-11-01,2026-08-01,1971534.64,Terminated,2026-06-01,Early Termination
ENG-00456,C-0043,T-0304,Data Engineer,2025-01-01,2025-08-01,3596583.53,Active,,Completed
ENG-00457,C-0002,T-0076,Analytics Engineer,2024-11-01,2025-05-01,787381.09,Active,,Renewed
ENG-00458,C-0029,T-0356,AI Engineer,2026-01-01,2026-07-01,1257230.66,Active,,Renewed
ENG-00459,C-0031,T-0208,BI Developer,2024-06-01,2024-12-01,2213749.99,Active,,Completed
ENG-00460,C-0054,T-0357,Analytics Engineer,2025-06-01,2025-12-01,994284.73,Active,,Renewed
ENG-00461,C-0019,T-0343,Data Analyst,2024-07-01,2025-07-01,1522492.36,Active,,Completed
ENG-00462,C-0014,T-0497,AI Engineer,2025-12-01,2026-09-01,1275837.99,Active,,Renewed
ENG-00463,C-0022,T-0245,ML Engineer,2025-07-01,2026-04-01,986502.73,Active,,Renewed
ENG-00464,C-0011,T-0171,Data Engineer,2025-09-01,2026-05-01,2595254.08,Active,,Renewed
ENG-00465,C-0034,T-0264,BI Developer,2025-10-01,2026-09-01,2954444.04,Active,,Completed
ENG-00466,C-0039,T-0082,Data Analyst,2024-01-01,2024-09-01,2745350.72,Terminated,2024-06-01,Early Termination
ENG-00467,C-0049,T-0056,ML Engineer,2024-05-01,2025-05-01,2066001.05,Active,,Renewed
ENG-00468,C-0059,T-0260,Data Scientist,2025-05-01,2026-05-01,930066.79,Active,,Completed
ENG-00469,C-0005,T-0413,Data Engineer,2025-09-01,2026-09-01,2824296.75,Active,,Renewed
ENG-00470,C-0015,T-0267,ML Engineer,2024-01-01,2024-09-01,2016081.79,Active,,Completed
ENG-00471,C-0019,T-0391,AI Engineer,2026-04-01,2027-01-01,1866170.47,Active,,Completed
ENG-00472,C-0015,T-0089,Data Analyst,2024-04-01,2025-04-01,983001.75,Terminated,2025-02-01,Early Termination
ENG-00473,C-0050,T-0225,Data Analyst,2024-11-01,2025-05-01,1355541.83,Active,,Completed
ENG-00474,C-0009,T-0307,ML Engineer,2025-02-01,2025-11-01,1565577.76,Active,,Renewed
ENG-00475,C-0002,T-0174,Data Analyst,2024-10-01,2025-10-01,1028534.17,Active,,Completed
ENG-00476,C-0052,T-0008,Data Scientist,2025-06-01,2026-03-01,2576211.63,Terminated,2025-09-01,Early Termination
ENG-00477,C-0058,T-0037,ML Engineer,2024-07-01,2025-07-01,2160807.77,Active,,Renewed
ENG-00478,C-0014,T-0464,Data Engineer,2024-10-01,2025-04-01,826085.25,Terminated,2025-02-01,Early Termination
ENG-00479,C-0020,T-0303,Data Engineer,2025-12-01,2026-08-01,1104218.4,Active,,Completed
ENG-00480,C-0031,T-0133,Data Scientist,2026-04-01,2027-04-01,922388.9,Active,,Completed
ENG-00481,C-0032,T-0130,AI Engineer,2026-08-01,2027-07-01,2536335.95,Terminated,2026-11-01,Early Termination
ENG-00482,C-0060,T-0020,Analytics Engineer,2026-07-01,2027-05-01,1207827.53,Active,,Renewed
ENG-00483,C-0025,T-0473,AI Engineer,2024-10-01,2025-06-01,898607.0,Terminated,2025-02-01,Early Termination
ENG-00484,C-0001,T-0055,ML Engineer,2024-05-01,2025-05-01,1527641.17,Active,,Renewed
ENG-00485,C-0026,T-0380,Data Analyst,2024-06-01,2025-04-01,2985695.99,Active,,Renewed
ENG-00486,C-0034,T-0121,AI Engineer,2026-02-01,2026-11-01,1378513.48,Active,,Completed
ENG-00487,C-0032,T-0168,Data Engineer,2024-10-01,2025-10-01,1209905.2,Terminated,2025-04-01,Early Termination
ENG-00488,C-0031,T-0137,AI Engineer,2024-07-01,2025-05-01,2125987.0,Active,,Renewed
ENG-00489,C-0056,T-0413,Data Engineer,2025-04-01,2026-03-01,1948427.54,Terminated,2025-12-01,Early Termination
ENG-00490,C-0049,T-0017,Analytics Engineer,2024-08-01,2025-02-01,1069394.5,Active,,Completed
ENG-00491,C-0016,T-0177,BI Developer,2024-07-01,2025-04-01,1444237.84,Active,,Renewed
ENG-00492,C-0022,T-0140,Data Engineer,2024-12-01,2025-06-01,1053280.77,Active,,Renewed
ENG-00493,C-0041,T-0137,AI Engineer,2024-07-01,2025-03-01,884892.2,Active,,Renewed
ENG-00494,C-0025,T-0097,BI Developer,2025-12-01,2026-07-01,1178494.16,Active,,Renewed
ENG-00495,C-0026,T-0457,AI Engineer,2024-08-01,2025-07-01,2579442.83,Active,,Renewed
ENG-00496,C-0011,T-0190,AI Engineer,2026-02-01,2027-02-01,2263012.26,Active,,Renewed
ENG-00497,C-0016,T-0210,Data Scientist,2026-06-01,2027-04-01,1307877.29,Terminated,2027-02-01,Early Termination
ENG-00498,C-0045,T-0193,AI Engineer,2026-06-01,2027-06-01,870590.97,Active,,Renewed
ENG-00499,C-0051,T-0491,AI Engineer,2025-04-01,2025-12-01,2111712.52,Active,,Renewed
ENG-00500,C-0048,T-0170,Data Analyst,2024-10-01,2025-09-01,2352328.14,Active,,Renewed
ENG-00501,C-0019,T-0171,Data Engineer,2025-10-01,2026-08-01,958964.4,Terminated,2026-06-01,Early Termination
ENG-00502,C-0009,T-0164,BI Developer,2024-01-01,2024-07-01,1066910.14,Terminated,2024-05-01,Early Termination
ENG-00503,C-0010,T-0164,BI Developer,2025-12-01,2026-06-01,1717913.44,Active,,Renewed
ENG-00504,C-0024,T-0045,ML Engineer,2026-08-01,2027-06-01,2715362.46,Active,,Completed
ENG-00505,C-0032,T-0303,Data Engineer,2025-02-01,2025-08-01,1943015.09,Terminated,2025-05-01,Early Termination
ENG-00506,C-0054,T-0013,Data Engineer,2026-03-01,2026-09-01,1837514.59,Terminated,2026-07-01,Early Termination
ENG-00507,C-0054,T-0113,Data Scientist,2024-04-01,2024-12-01,833630.71,Active,,Renewed
ENG-00508,C-0001,T-0102,Data Scientist,2025-03-01,2026-01-01,998537.93,Active,,Completed
ENG-00509,C-0043,T-0146,Data Analyst,2025-06-01,2026-01-01,1090068.22,Active,,Renewed
ENG-00510,C-0018,T-0379,Data Analyst,2025-02-01,2025-10-01,2563402.05,Terminated,2025-07-01,Early Termination
ENG-00511,C-0012,T-0300,Data Analyst,2026-04-01,2026-12-01,2262115.85,Active,,Completed
ENG-00512,C-0034,T-0496,Analytics Engineer,2024-12-01,2025-12-01,1798513.26,Active,,Renewed
ENG-00513,C-0003,T-0176,Analytics Engineer,2025-08-01,2026-06-01,1809106.65,Terminated,2026-02-01,Early Termination
ENG-00514,C-0021,T-0465,Data Analyst,2025-08-01,2026-08-01,2082319.86,Active,,Completed
ENG-00515,C-0034,T-0023,Data Scientist,2025-10-01,2026-04-01,1186579.59,Terminated,2026-01-01,Early Termination
ENG-00516,C-0017,T-0253,AI Engineer,2025-04-01,2025-12-01,1762428.21,Active,,Renewed
ENG-00517,C-0036,T-0400,BI Developer,2024-08-01,2025-04-01,2266959.68,Active,,Completed
ENG-00518,C-0028,T-0266,ML Engineer,2024-01-01,2024-12-01,1911843.17,Active,,Renewed
ENG-00519,C-0048,T-0467,Data Analyst,2024-10-01,2025-10-01,1075398.59,Active,,Renewed
ENG-00520,C-0011,T-0158,Data Engineer,2025-03-01,2026-03-01,1812319.28,Active,,Renewed
ENG-00521,C-0004,T-0017,Analytics Engineer,2024-02-01,2024-10-01,835272.02,Active,,Completed
ENG-00522,C-0032,T-0387,Data Scientist,2025-06-01,2026-05-01,1581704.48,Active,,Renewed
ENG-00523,C-0016,T-0035,Data Scientist,2024-01-01,2024-09-01,1456833.01,Active,,Renewed
ENG-00524,C-0043,T-0383,Data Engineer,2025-09-01,2026-09-01,1086166.37,Active,,Completed
ENG-00525,C-0006,T-0367,Data Scientist,2025-02-01,2025-09-01,1038322.55,Active,,Renewed
ENG-00526,C-0035,T-0423,Data Analyst,2026-03-01,2026-10-01,3538596.68,Active,,Renewed
ENG-00527,C-0060,T-0240,Data Analyst,2025-05-01,2025-12-01,1626223.13,Terminated,2025-08-01,Early Termination
ENG-00528,C-0006,T-0448,Analytics Engineer,2025-05-01,2026-01-01,940895.92,Active,,Renewed
ENG-00529,C-0019,T-0085,BI Developer,2025-10-01,2026-09-01,3298319.26,Active,,Renewed
ENG-00530,C-0051,T-0218,Analytics Engineer,2024-12-01,2025-12-01,1402295.73,Active,,Renewed
ENG-00531,C-0033,T-0061,Data Scientist,2026-04-01,2026-10-01,2030814.6,Active,,Renewed
ENG-00532,C-0011,T-0384,Data Scientist,2024-01-01,2024-07-01,1632753.29,Terminated,2024-05-01,Early Termination
ENG-00533,C-0013,T-0358,AI Engineer,2024-03-01,2025-02-01,1018606.33,Active,,Renewed
ENG-00534,C-0046,T-0404,ML Engineer,2026-07-01,2027-05-01,2776899.48,Active,,Renewed
ENG-00535,C-0052,T-0383,Data Engineer,2024-05-01,2024-12-01,2628347.03,Active,,Completed
ENG-00536,C-0022,T-0155,AI Engineer,2025-01-01,2025-12-01,1605450.27,Active,,Renewed
ENG-00537,C-0029,T-0035,Data Scientist,2026-04-01,2026-10-01,2419915.86,Active,,Renewed
ENG-00538,C-0047,T-0465,Data Analyst,2025-09-01,2026-07-01,1074357.82,Active,,Renewed
ENG-00539,C-0011,T-0247,Data Scientist,2025-03-01,2026-02-01,1037333.0,Active,,Renewed
ENG-00540,C-0013,T-0048,Analytics Engineer,2025-11-01,2026-11-01,779239.18,Terminated,2026-04-01,Early Termination
ENG-00541,C-0047,T-0464,Data Engineer,2024-12-01,2025-07-01,2734726.97,Terminated,2025-03-01,Early Termination
ENG-00542,C-0012,T-0498,Data Scientist,2025-11-01,2026-06-01,810119.06,Active,,Completed
ENG-00543,C-0047,T-0223,AI Engineer,2025-05-01,2026-04-01,2588707.86,Active,,Completed
ENG-00544,C-0030,T-0386,Data Engineer,2025-04-01,2026-01-01,1746851.99,Terminated,2025-09-01,Early Termination
ENG-00545,C-0060,T-0019,Data Engineer,2024-06-01,2025-03-01,3148965.39,Active,,Renewed
ENG-00546,C-0002,T-0047,Data Engineer,2026-07-01,2027-07-01,1637413.63,Terminated,2027-03-01,Early Termination
ENG-00547,C-0057,T-0139,Data Scientist,2026-02-01,2026-09-01,1641651.32,Active,,Completed
ENG-00548,C-0014,T-0329,Analytics Engineer,2025-12-01,2026-12-01,774993.44,Active,,Completed
ENG-00549,C-0003,T-0067,Data Scientist,2025-01-01,2025-09-01,1797593.06,Active,,Completed
ENG-00550,C-0044,T-0018,Data Analyst,2024-10-01,2025-06-01,1504019.35,Active,,Completed
ENG-00551,C-0032,T-0335,Data Analyst,2025-07-01,2026-02-01,936437.18,Terminated,2025-10-01,Early Termination
ENG-00552,C-0051,T-0386,Data Engineer,2024-06-01,2025-06-01,1463324.71,Terminated,2025-03-01,Early Termination
ENG-00553,C-0007,T-0370,BI Developer,2024-02-01,2025-02-01,1631483.19,Active,,Renewed
ENG-00554,C-0005,T-0400,BI Developer,2024-08-01,2025-05-01,2263056.41,Active,,Renewed
ENG-00555,C-0035,T-0402,BI Developer,2026-08-01,2027-07-01,3569465.29,Active,,Completed
ENG-00556,C-0053,T-0302,Data Analyst,2026-06-01,2027-02-01,1341932.11,Active,,Renewed
ENG-00557,C-0025,T-0260,Data Scientist,2025-09-01,2026-08-01,3520077.39,Terminated,2026-02-01,Early Termination
ENG-00558,C-0048,T-0429,BI Developer,2025-01-01,2025-08-01,2905087.26,Active,,Completed
ENG-00559,C-0055,T-0175,Data Analyst,2025-05-01,2026-01-01,2367260.38,Active,,Completed
ENG-00560,C-0053,T-0049,ML Engineer,2026-05-01,2026-11-01,1414665.46,Terminated,2026-09-01,Early Termination
ENG-00561,C-0031,T-0376,Analytics Engineer,2025-11-01,2026-05-01,1021911.15,Active,,Renewed
ENG-00562,C-0042,T-0138,AI Engineer,2024-02-01,2024-10-01,2362632.55,Active,,Renewed
ENG-00563,C-0032,T-0490,Analytics Engineer,2024-07-01,2025-06-01,1014168.37,Active,,Completed
ENG-00564,C-0041,T-0208,BI Developer,2026-06-01,2026-12-01,1319364.57,Active,,Renewed
ENG-00565,C-0035,T-0426,Analytics Engineer,2025-11-01,2026-06-01,2879854.66,Active,,Completed
ENG-00566,C-0032,T-0022,Data Engineer,2026-02-01,2026-08-01,1390826.03,Active,,Renewed
ENG-00567,C-0027,T-0330,ML Engineer,2024-02-01,2024-11-01,2238847.73,Active,,Renewed
ENG-00568,C-0040,T-0225,Data Analyst,2026-07-01,2027-06-01,1475692.95,Active,,Completed
ENG-00569,C-0046,T-0232,AI Engineer,2025-09-01,2026-08-01,2310076.68,Active,,Completed
ENG-00570,C-0056,T-0133,Data Scientist,2025-07-01,2026-04-01,1333036.0,Active,,Renewed
ENG-00571,C-0037,T-0486,Data Analyst,2025-03-01,2025-10-01,1075550.33,Active,,Completed
ENG-00572,C-0007,T-0197,ML Engineer,2026-01-01,2026-12-01,1423268.39,Active,,Renewed
ENG-00573,C-0036,T-0426,Analytics Engineer,2024-04-01,2024-11-01,909266.28,Active,,Renewed
ENG-00574,C-0019,T-0213,ML Engineer,2025-01-01,2025-10-01,1557102.75,Terminated,2025-05-01,Early Termination
ENG-00575,C-0002,T-0025,BI Developer,2026-08-01,2027-04-01,3295704.57,Active,,Completed
ENG-00576,C-0005,T-0440,BI Developer,2024-11-01,2025-07-01,2394318.95,Active,,Completed
ENG-00577,C-0036,T-0093,Data Scientist,2024-12-01,2025-12-01,1033667.85,Terminated,2025-08-01,Early Termination
ENG-00578,C-0057,T-0136,Data Analyst,2026-01-01,2026-10-01,3549312.25,Active,,Completed
ENG-00579,C-0031,T-0431,BI Developer,2024-12-01,2025-07-01,2357387.19,Active,,Renewed
ENG-00580,C-0027,T-0447,Data Scientist,2024-10-01,2025-10-01,847904.56,Terminated,2025-07-01,Early Termination
ENG-00581,C-0006,T-0459,Data Analyst,2025-10-01,2026-09-01,3048637.77,Active,,Renewed
ENG-00582,C-0041,T-0213,ML Engineer,2024-03-01,2024-12-01,1016287.58,Active,,Renewed
ENG-00583,C-0004,T-0379,Data Analyst,2025-11-01,2026-10-01,2936708.18,Active,,Renewed
ENG-00584,C-0051,T-0164,BI Developer,2024-11-01,2025-09-01,2389306.89,Active,,Renewed
ENG-00585,C-0049,T-0371,AI Engineer,2024-10-01,2025-09-01,3280313.81,Active,,Renewed
ENG-00586,C-0060,T-0252,BI Developer,2024-10-01,2025-08-01,2718074.4,Active,,Completed
ENG-00587,C-0018,T-0026,Analytics Engineer,2024-11-01,2025-10-01,2692202.5,Active,,Renewed
ENG-00588,C-0010,T-0209,ML Engineer,2025-11-01,2026-07-01,3098351.53,Active,,Renewed
ENG-00589,C-0018,T-0234,ML Engineer,2024-04-01,2025-02-01,2362415.62,Active,,Renewed
ENG-00590,C-0048,T-0129,Data Analyst,2025-07-01,2026-05-01,1746898.54,Active,,Renewed
ENG-00591,C-0014,T-0188,AI Engineer,2024-01-01,2024-12-01,1254752.95,Active,,Renewed
ENG-00592,C-0054,T-0252,BI Developer,2025-06-01,2026-06-01,2258012.64,Active,,Completed
ENG-00593,C-0010,T-0025,BI Developer,2026-07-01,2027-06-01,2578680.72,Active,,Completed
ENG-00594,C-0003,T-0076,Analytics Engineer,2024-05-01,2024-12-01,1027292.82,Active,,Completed
ENG-00595,C-0014,T-0384,Data Scientist,2024-04-01,2025-02-01,1755593.29,Terminated,2024-10-01,Early Termination
ENG-00596,C-0046,T-0176,Analytics Engineer,2025-07-01,2026-03-01,3146132.61,Active,,Renewed
ENG-00597,C-0037,T-0305,AI Engineer,2024-01-01,2024-08-01,1213289.61,Active,,Renewed
ENG-00598,C-0022,T-0283,Data Engineer,2024-11-01,2025-05-01,2197323.74,Terminated,2025-03-01,Early Termination
ENG-00599,C-0040,T-0276,Data Analyst,2024-06-01,2025-04-01,1515481.21,Active,,Completed
ENG-00600,C-0039,T-0207,Data Scientist,2024-02-01,2025-02-01,3540692.71,Terminated,2024-07-01,Early Termination
ENG-00601,C-0034,T-0242,AI Engineer,2026-03-01,2026-09-01,2862284.05,Active,,Renewed
ENG-00602,C-0031,T-0412,Analytics Engineer,2025-02-01,2025-12-01,905821.76,Active,,Renewed
ENG-00603,C-0007,T-0483,AI Engineer,2025-12-01,2026-09-01,1309772.94,Terminated,2026-05-01,Early Termination
ENG-00604,C-0016,T-0129,Data Analyst,2025-03-01,2026-01-01,1268569.91,Active,,Completed
ENG-00605,C-0032,T-0335,Data Analyst,2025-11-01,2026-05-01,1570695.55,Terminated,2026-02-01,Early Termination
ENG-00606,C-0009,T-0485,AI Engineer,2024-07-01,2025-05-01,2277196.37,Active,,Renewed
ENG-00607,C-0029,T-0004,Analytics Engineer,2026-04-01,2027-03-01,1399537.51,Terminated,2026-07-01,Early Termination
ENG-00608,C-0008,T-0393,ML Engineer,2025-05-01,2026-05-01,1129088.74,Active,,Completed
ENG-00609,C-0048,T-0249,AI Engineer,2024-07-01,2025-06-01,1358572.52,Terminated,2024-11-01,Early Termination
ENG-00610,C-0007,T-0484,Data Analyst,2024-05-01,2025-04-01,1307108.98,Terminated,2025-02-01,Early Termination
ENG-00611,C-0006,T-0290,BI Developer,2025-08-01,2026-05-01,879366.3,Terminated,2025-12-01,Early Termination
ENG-00612,C-0039,T-0420,Data Scientist,2024-03-01,2024-11-01,1453725.48,Active,,Renewed
ENG-00613,C-0014,T-0084,BI Developer,2024-07-01,2025-03-01,1699568.41,Active,,Completed
ENG-00614,C-0022,T-0072,Analytics Engineer,2024-02-01,2024-09-01,3262444.11,Active,,Completed
ENG-00615,C-0019,T-0464,Data Engineer,2026-07-01,2027-05-01,813481.2,Active,,Renewed
ENG-00616,C-0013,T-0264,BI Developer,2024-04-01,2024-11-01,2177896.74,Active,,Completed
ENG-00617,C-0046,T-0280,Analytics Engineer,2024-04-01,2025-01-01,2599571.62,Active,,Renewed
ENG-00618,C-0042,T-0085,BI Developer,2024-08-01,2025-04-01,1739677.79,Active,,Renewed
ENG-00619,C-0015,T-0114,ML Engineer,2026-05-01,2027-02-01,858078.05,Terminated,2026-09-01,Early Termination
ENG-00620,C-0042,T-0410,AI Engineer,2024-07-01,2025-04-01,2117804.7,Active,,Renewed
ENG-00621,C-0043,T-0152,Data Engineer,2025-07-01,2026-02-01,1515897.37,Active,,Completed
ENG-00622,C-0033,T-0293,Data Engineer,2026-08-01,2027-07-01,2921257.45,Active,,Renewed
ENG-00623,C-0035,T-0159,Data Engineer,2026-03-01,2026-11-01,2797660.35,Active,,Renewed
ENG-00624,C-0057,T-0132,Analytics Engineer,2024-07-01,2025-01-01,2738680.22,Active,,Renewed
ENG-00625,C-0028,T-0084,BI Developer,2024-06-01,2024-12-01,1672009.7,Active,,Completed
ENG-00626,C-0024,T-0465,Data Analyst,2024-09-01,2025-09-01,2250404.48,Terminated,2025-01-01,Early Termination
ENG-00627,C-0033,T-0471,Analytics Engineer,2026-07-01,2027-04-01,1055696.63,Terminated,2027-02-01,Early Termination
ENG-00628,C-0051,T-0058,ML Engineer,2024-10-01,2025-05-01,1925242.98,Active,,Completed
ENG-00629,C-0043,T-0177,BI Developer,2025-10-01,2026-05-01,3527954.16,Active,,Completed
ENG-00630,C-0005,T-0282,Data Engineer,2024-04-01,2025-03-01,2424523.32,Active,,Completed
ENG-00631,C-0028,T-0192,AI Engineer,2024-11-01,2025-08-01,2153587.28,Active,,Completed
ENG-00632,C-0045,T-0361,Analytics Engineer,2026-02-01,2026-12-01,3416870.62,Active,,Completed
ENG-00633,C-0014,T-0131,Data Scientist,2025-05-01,2026-05-01,2684333.9,Active,,Completed
ENG-00634,C-0060,T-0030,Analytics Engineer,2026-04-01,2026-12-01,2515695.49,Active,,Renewed
ENG-00635,C-0049,T-0169,BI Developer,2025-11-01,2026-07-01,848286.05,Active,,Renewed
ENG-00636,C-0051,T-0299,ML Engineer,2025-07-01,2026-05-01,1757845.97,Active,,Renewed
ENG-00637,C-0005,T-0091,ML Engineer,2026-01-01,2026-08-01,3527926.12,Active,,Renewed
ENG-00638,C-0035,T-0408,ML Engineer,2024-12-01,2025-07-01,2236906.13,Active,,Renewed
ENG-00639,C-0032,T-0007,AI Engineer,2025-12-01,2026-08-01,1110891.64,Active,,Renewed
ENG-00640,C-0038,T-0034,BI Developer,2026-01-01,2026-10-01,1075955.05,Active,,Renewed
ENG-00641,C-0052,T-0255,Data Scientist,2025-07-01,2026-04-01,1275717.81,Active,,Renewed
ENG-00642,C-0022,T-0257,Data Analyst,2024-09-01,2025-07-01,2281194.04,Active,,Renewed
ENG-00643,C-0033,T-0148,AI Engineer,2025-05-01,2026-04-01,2685489.94,Active,,Completed
ENG-00644,C-0041,T-0130,AI Engineer,2026-07-01,2027-07-01,902939.69,Active,,Completed
ENG-00645,C-0046,T-0035,Data Scientist,2025-01-01,2025-07-01,1052326.49,Active,,Completed
ENG-00646,C-0047,T-0332,Data Scientist,2025-02-01,2025-10-01,2912973.42,Terminated,2025-06-01,Early Termination
ENG-00647,C-0021,T-0190,AI Engineer,2025-06-01,2026-04-01,3469612.25,Active,,Completed
ENG-00648,C-0060,T-0060,Data Analyst,2026-08-01,2027-04-01,1120258.32,Active,,Completed
ENG-00649,C-0001,T-0200,Data Scientist,2025-06-01,2026-05-01,2141048.41,Active,,Renewed
ENG-00650,C-0030,T-0469,ML Engineer,2026-06-01,2027-06-01,2825123.87,Active,,Renewed
ENG-00651,C-0037,T-0131,Data Scientist,2024-11-01,2025-08-01,811480.27,Active,,Renewed
ENG-00652,C-0004,T-0448,Analytics Engineer,2025-01-01,2026-01-01,2298091.93,Active,,Renewed
ENG-00653,C-0028,T-0130,AI Engineer,2024-06-01,2025-06-01,3162850.18,Active,,Completed
ENG-00654,C-0036,T-0093,Data Scientist,2024-06-01,2025-06-01,918881.49,Terminated,2025-03-01,Early Termination
ENG-00655,C-0037,T-0131,Data Scientist,2025-01-01,2025-11-01,1780180.54,Active,,Renewed
ENG-00656,C-0008,T-0162,AI Engineer,2024-08-01,2025-05-01,2439542.63,Active,,Completed
ENG-00657,C-0017,T-0061,Data Scientist,2025-04-01,2026-02-01,2048792.27,Active,,Renewed
ENG-00658,C-0015,T-0294,Data Engineer,2026-02-01,2026-09-01,1638628.24,Terminated,2026-05-01,Early Termination
ENG-00659,C-0039,T-0167,ML Engineer,2024-10-01,2025-07-01,1304622.46,Active,,Completed
ENG-00660,C-0020,T-0360,Analytics Engineer,2025-01-01,2025-08-01,2700071.34,Terminated,2025-05-01,Early Termination
ENG-00661,C-0035,T-0246,Data Engineer,2025-05-01,2026-04-01,1378830.96,Active,,Renewed
ENG-00662,C-0044,T-0222,Data Analyst,2024-03-01,2025-03-01,943660.83,Active,,Renewed
ENG-00663,C-0048,T-0236,AI Engineer,2025-02-01,2025-08-01,1830985.21,Terminated,2025-06-01,Early Termination
ENG-00664,C-0012,T-0079,BI Developer,2026-06-01,2027-06-01,769938.62,Terminated,2027-02-01,Early Termination
ENG-00665,C-0055,T-0357,Analytics Engineer,2024-04-01,2025-04-01,1539694.55,Active,,Renewed
ENG-00666,C-0010,T-0053,BI Developer,2024-06-01,2025-04-01,1661339.92,Active,,Renewed
ENG-00667,C-0002,T-0361,Analytics Engineer,2025-04-01,2025-12-01,3514625.86,Active,,Renewed
ENG-00668,C-0003,T-0500,BI Developer,2025-12-01,2026-09-01,1751406.2,Active,,Renewed
ENG-00669,C-0013,T-0382,ML Engineer,2025-05-01,2025-11-01,1126365.34,Terminated,2025-08-01,Early Termination
ENG-00670,C-0053,T-0228,Analytics Engineer,2025-01-01,2025-10-01,1947835.47,Active,,Completed
ENG-00671,C-0013,T-0158,Data Engineer,2024-06-01,2025-05-01,1633736.67,Active,,Renewed
ENG-00672,C-0042,T-0437,Analytics Engineer,2025-03-01,2025-09-01,2132112.02,Active,,Completed
ENG-00673,C-0026,T-0129,Data Analyst,2026-03-01,2027-01-01,2871595.95,Terminated,2026-10-01,Early Termination
ENG-00674,C-0003,T-0242,AI Engineer,2025-09-01,2026-06-01,881671.06,Active,,Renewed
ENG-00675,C-0027,T-0386,Data Engineer,2024-10-01,2025-07-01,1557503.94,Active,,Completed
ENG-00676,C-0002,T-0462,Analytics Engineer,2026-06-01,2027-01-01,2175092.37,Active,,Renewed
ENG-00677,C-0029,T-0461,ML Engineer,2024-04-01,2024-12-01,2607394.72,Active,,Completed
ENG-00678,C-0034,T-0044,ML Engineer,2026-01-01,2027-01-01,1593133.69,Active,,Renewed
ENG-00679,C-0032,T-0450,AI Engineer,2024-04-01,2025-01-01,2755295.7,Active,,Completed
ENG-00680,C-0017,T-0058,ML Engineer,2024-03-01,2025-03-01,948727.98,Active,,Completed
ENG-00681,C-0046,T-0293,Data Engineer,2026-02-01,2027-01-01,1508146.25,Terminated,2026-11-01,Early Termination
ENG-00682,C-0036,T-0465,Data Analyst,2024-09-01,2025-08-01,1714268.18,Active,,Renewed
ENG-00683,C-0016,T-0328,Data Engineer,2025-03-01,2025-11-01,1209465.35,Terminated,2025-09-01,Early Termination
ENG-00684,C-0027,T-0474,AI Engineer,2024-05-01,2024-12-01,965348.14,Terminated,2024-08-01,Early Termination
ENG-00685,C-0007,T-0173,Data Engineer,2025-06-01,2026-04-01,2204508.64,Active,,Renewed
ENG-00686,C-0056,T-0158,Data Engineer,2025-09-01,2026-06-01,1270777.93,Active,,Completed
ENG-00687,C-0046,T-0164,BI Developer,2024-04-01,2025-02-01,957335.88,Active,,Renewed
ENG-00688,C-0018,T-0178,Data Analyst,2025-12-01,2026-07-01,2388356.64,Active,,Renewed
ENG-00689,C-0041,T-0342,AI Engineer,2025-08-01,2026-02-01,2676789.01,Terminated,2025-12-01,Early Termination
ENG-00690,C-0041,T-0227,Data Engineer,2024-06-01,2025-03-01,1100838.31,Active,,Renewed
ENG-00691,C-0037,T-0369,BI Developer,2024-08-01,2025-05-01,3315540.79,Active,,Renewed
ENG-00692,C-0004,T-0209,ML Engineer,2025-04-01,2026-03-01,2198594.1,Active,,Renewed
ENG-00693,C-0053,T-0154,Analytics Engineer,2024-05-01,2024-12-01,999645.49,Active,,Renewed
ENG-00694,C-0058,T-0096,AI Engineer,2026-01-01,2026-07-01,1429719.58,Active,,Renewed
ENG-00695,C-0059,T-0276,Data Analyst,2025-05-01,2026-04-01,1391603.78,Active,,Completed
ENG-00696,C-0059,T-0450,AI Engineer,2025-11-01,2026-06-01,2120057.82,Active,,Renewed
ENG-00697,C-0056,T-0430,Data Analyst,2025-12-01,2026-06-01,2655073.23,Terminated,2026-04-01,Early Termination
ENG-00698,C-0045,T-0127,ML Engineer,2024-04-01,2024-11-01,2161244.26,Terminated,2024-09-01,Early Termination
ENG-00699,C-0004,T-0239,Analytics Engineer,2025-02-01,2026-01-01,913295.3,Active,,Renewed
ENG-00700,C-0028,T-0353,Data Engineer,2025-03-01,2025-10-01,2588635.37,Terminated,2025-06-01,Early Termination
ENG-00701,C-0015,T-0307,ML Engineer,2024-04-01,2025-04-01,1122332.8,Active,,Completed
ENG-00702,C-0014,T-0034,BI Developer,2026-05-01,2027-02-01,1010540.25,Active,,Completed
ENG-00703,C-0050,T-0296,Data Engineer,2024-08-01,2025-03-01,2075918.53,Active,,Renewed
ENG-00704,C-0049,T-0020,Analytics Engineer,2024-11-01,2025-07-01,781441.24,Active,,Renewed
ENG-00705,C-0032,T-0059,Data Engineer,2026-06-01,2027-06-01,2220258.14,Active,,Renewed
ENG-00706,C-0045,T-0327,Data Engineer,2024-06-01,2025-02-01,1045479.98,Terminated,2024-12-01,Early Termination
ENG-00707,C-0008,T-0052,Data Engineer,2025-08-01,2026-04-01,1424487.67,Terminated,2026-02-01,Early Termination
ENG-00708,C-0014,T-0170,Data Analyst,2025-04-01,2026-01-01,3344784.08,Active,,Renewed
ENG-00709,C-0052,T-0295,Analytics Engineer,2025-05-01,2026-04-01,1411879.63,Active,,Completed
ENG-00710,C-0028,T-0328,Data Engineer,2026-03-01,2026-12-01,967234.9,Active,,Completed
ENG-00711,C-0033,T-0223,AI Engineer,2025-03-01,2025-10-01,1994883.49,Active,,Renewed
ENG-00712,C-0028,T-0048,Analytics Engineer,2024-10-01,2025-05-01,1793243.73,Active,,Renewed
ENG-00713,C-0013,T-0400,BI Developer,2025-12-01,2026-06-01,875074.3,Active,,Renewed
ENG-00714,C-0050,T-0475,BI Developer,2025-05-01,2026-05-01,835368.46,Active,,Renewed
ENG-00715,C-0046,T-0445,Data Engineer,2024-08-01,2025-06-01,1264651.03,Active,,Renewed
ENG-00716,C-0042,T-0375,Analytics Engineer,2026-05-01,2027-03-01,2254794.98,Terminated,2026-10-01,Early Termination
ENG-00717,C-0022,T-0202,Data Scientist,2025-02-01,2025-08-01,2703767.84,Active,,Renewed
ENG-00718,C-0039,T-0439,ML Engineer,2026-08-01,2027-05-01,1014443.83,Active,,Renewed
ENG-00719,C-0058,T-0245,ML Engineer,2024-12-01,2025-06-01,1519636.77,Active,,Renewed
ENG-00720,C-0039,T-0069,Data Scientist,2024-04-01,2025-04-01,3547722.67,Active,,Completed
ENG-00721,C-0030,T-0426,Analytics Engineer,2025-01-01,2026-01-01,1208758.74,Active,,Renewed
ENG-00722,C-0017,T-0161,BI Developer,2024-01-01,2024-12-01,2965828.53,Active,,Renewed
ENG-00723,C-0032,T-0470,ML Engineer,2026-03-01,2026-12-01,2695167.7,Active,,Renewed
ENG-00724,C-0023,T-0185,Data Scientist,2026-07-01,2027-04-01,1696039.25,Active,,Completed
ENG-00725,C-0037,T-0435,Analytics Engineer,2025-08-01,2026-02-01,2090100.89,Active,,Completed
ENG-00726,C-0003,T-0269,Data Engineer,2025-11-01,2026-07-01,1173688.18,Active,,Renewed
ENG-00727,C-0012,T-0234,ML Engineer,2024-03-01,2024-12-01,3142203.33,Active,,Renewed
ENG-00728,C-0048,T-0149,BI Developer,2024-05-01,2025-03-01,1341874.37,Active,,Completed
ENG-00729,C-0023,T-0418,Analytics Engineer,2025-12-01,2026-07-01,2390598.6,Active,,Renewed
ENG-00730,C-0026,T-0031,Data Scientist,2025-08-01,2026-08-01,866657.92,Active,,Completed
ENG-00731,C-0033,T-0235,Analytics Engineer,2026-03-01,2027-02-01,1629443.97,Active,,Completed
ENG-00732,C-0027,T-0185,Data Scientist,2024-02-01,2024-10-01,855018.95,Terminated,2024-05-01,Early Termination
ENG-00733,C-0046,T-0272,AI Engineer,2026-08-01,2027-03-01,1082245.91,Active,,Completed
ENG-00734,C-0015,T-0128,Data Scientist,2025-11-01,2026-07-01,1519623.3,Active,,Completed
ENG-00735,C-0046,T-0333,Data Engineer,2025-07-01,2026-04-01,775722.18,Active,,Renewed
ENG-00736,C-0013,T-0193,AI Engineer,2024-10-01,2025-09-01,2120337.64,Terminated,2025-07-01,Early Termination
ENG-00737,C-0023,T-0095,ML Engineer,2025-12-01,2026-06-01,1275902.37,Active,,Renewed
ENG-00738,C-0036,T-0099,Data Engineer,2026-01-01,2026-12-01,2557561.83,Active,,Renewed
ENG-00739,C-0054,T-0349,AI Engineer,2025-11-01,2026-06-01,2653830.88,Terminated,2026-02-01,Early Termination
ENG-00740,C-0014,T-0131,Data Scientist,2026-06-01,2027-04-01,1431567.4,Terminated,2026-10-01,Early Termination
ENG-00741,C-0036,T-0154,Analytics Engineer,2026-07-01,2027-05-01,3353716.7,Active,,Renewed
ENG-00742,C-0004,T-0314,Data Scientist,2026-08-01,2027-05-01,911940.36,Active,,Renewed
ENG-00743,C-0005,T-0165,ML Engineer,2025-10-01,2026-06-01,2560133.2,Active,,Completed
ENG-00744,C-0047,T-0195,ML Engineer,2026-02-01,2026-11-01,1756637.11,Active,,Renewed
ENG-00745,C-0044,T-0123,Data Engineer,2025-07-01,2026-05-01,1459272.63,Terminated,2025-12-01,Early Termination
ENG-00746,C-0023,T-0173,Data Engineer,2026-07-01,2027-07-01,1685538.91,Active,,Renewed
ENG-00747,C-0038,T-0347,Analytics Engineer,2025-02-01,2025-10-01,2677475.34,Active,,Completed
ENG-00748,C-0023,T-0267,ML Engineer,2026-08-01,2027-07-01,1715317.53,Active,,Renewed
ENG-00749,C-0017,T-0499,AI Engineer,2026-06-01,2027-04-01,2661669.15,Active,,Completed
ENG-00750,C-0026,T-0386,Data Engineer,2024-11-01,2025-05-01,1158878.53,Active,,Renewed
ENG-00751,C-0019,T-0009,AI Engineer,2024-02-01,2024-08-01,1121268.73,Active,,Renewed
ENG-00752,C-0049,T-0190,AI Engineer,2026-02-01,2026-12-01,1432560.15,Active,,Renewed
ENG-00753,C-0025,T-0145,Data Analyst,2025-04-01,2025-11-01,1258770.52,Active,,Completed
ENG-00754,C-0020,T-0294,Data Engineer,2024-01-01,2024-10-01,2608183.7,Active,,Renewed
ENG-00755,C-0033,T-0133,Data Scientist,2024-03-01,2025-02-01,1469380.42,Active,,Renewed
ENG-00756,C-0046,T-0484,Data Analyst,2026-08-01,2027-03-01,983591.6,Active,,Completed
ENG-00757,C-0017,T-0150,Data Engineer,2024-04-01,2024-12-01,2582984.78,Active,,Renewed
ENG-00758,C-0057,T-0261,Data Analyst,2025-08-01,2026-08-01,3482925.16,Active,,Renewed
ENG-00759,C-0028,T-0062,AI Engineer,2024-12-01,2025-06-01,2807290.15,Terminated,2025-03-01,Early Termination
ENG-00760,C-0040,T-0455,Data Analyst,2024-10-01,2025-07-01,892805.2,Active,,Completed
ENG-00761,C-0058,T-0456,Data Engineer,2025-01-01,2026-01-01,1771986.83,Terminated,2025-06-01,Early Termination
ENG-00762,C-0026,T-0397,Data Engineer,2024-10-01,2025-06-01,2091864.1,Active,,Renewed
ENG-00763,C-0012,T-0176,Analytics Engineer,2025-09-01,2026-03-01,1726991.31,Terminated,2026-01-01,Early Termination
ENG-00764,C-0045,T-0030,Analytics Engineer,2025-04-01,2026-01-01,3455831.34,Terminated,2025-10-01,Early Termination
ENG-00765,C-0001,T-0356,AI Engineer,2024-10-01,2025-10-01,777786.36,Active,,Renewed
ENG-00766,C-0028,T-0215,Analytics Engineer,2026-04-01,2026-10-01,1845891.87,Active,,Completed
ENG-00767,C-0059,T-0496,Analytics Engineer,2025-05-01,2025-12-01,2194508.09,Terminated,2025-10-01,Early Termination
ENG-00768,C-0025,T-0350,AI Engineer,2025-04-01,2025-12-01,2445805.61,Terminated,2025-07-01,Early Termination
ENG-00769,C-0042,T-0270,Data Engineer,2024-01-01,2024-12-01,1903794.86,Active,,Renewed
ENG-00770,C-0032,T-0494,AI Engineer,2025-08-01,2026-06-01,1420692.53,Terminated,2025-12-01,Early Termination
ENG-00771,C-0013,T-0401,Analytics Engineer,2025-01-01,2025-10-01,1224761.81,Active,,Renewed
ENG-00772,C-0020,T-0230,BI Developer,2024-11-01,2025-09-01,2528134.94,Active,,Renewed
ENG-00773,C-0032,T-0010,Data Analyst,2025-01-01,2025-09-01,2158455.48,Active,,Renewed
ENG-00774,C-0007,T-0047,Data Engineer,2025-11-01,2026-07-01,1824880.96,Active,,Renewed
ENG-00775,C-0025,T-0222,Data Analyst,2026-08-01,2027-08-01,2743581.38,Active,,Completed
ENG-00776,C-0025,T-0282,Data Engineer,2026-04-01,2026-10-01,3264764.51,Active,,Renewed
ENG-00777,C-0051,T-0016,Data Engineer,2026-04-01,2026-10-01,2648170.75,Active,,Renewed
ENG-00778,C-0008,T-0064,BI Developer,2024-09-01,2025-04-01,1023402.23,Active,,Renewed
ENG-00779,C-0051,T-0353,Data Engineer,2026-02-01,2026-10-01,1103799.27,Active,,Renewed
ENG-00780,C-0025,T-0376,Analytics Engineer,2024-01-01,2024-08-01,2112189.89,Active,,Renewed
ENG-00781,C-0040,T-0015,Analytics Engineer,2024-05-01,2025-01-01,1305116.98,Active,,Completed
ENG-00782,C-0034,T-0254,Analytics Engineer,2026-03-01,2027-03-01,2784859.17,Active,,Renewed
ENG-00783,C-0018,T-0041,Data Engineer,2025-07-01,2026-02-01,1056714.06,Active,,Completed
ENG-00784,C-0056,T-0362,AI Engineer,2025-09-01,2026-07-01,1309117.7,Terminated,2026-02-01,Early Termination
ENG-00785,C-0014,T-0418,Analytics Engineer,2024-07-01,2025-01-01,3387188.94,Active,,Renewed
ENG-00786,C-0003,T-0435,Analytics Engineer,2025-06-01,2026-01-01,2552215.98,Active,,Renewed
ENG-00787,C-0046,T-0300,Data Analyst,2026-05-01,2027-04-01,1373383.12,Active,,Completed
ENG-00788,C-0038,T-0315,BI Developer,2024-06-01,2025-03-01,1129666.44,Terminated,2024-11-01,Early Termination
ENG-00789,C-0054,T-0464,Data Engineer,2026-01-01,2026-08-01,1520930.03,Active,,Renewed
ENG-00790,C-0028,T-0307,ML Engineer,2024-03-01,2025-02-01,2177011.06,Active,,Renewed
ENG-00791,C-0002,T-0224,Data Scientist,2024-10-01,2025-06-01,1354994.79,Terminated,2025-02-01,Early Termination
ENG-00792,C-0002,T-0378,Data Engineer,2026-08-01,2027-06-01,1076689.84,Terminated,2027-01-01,Early Termination
ENG-00793,C-0026,T-0296,Data Engineer,2025-09-01,2026-08-01,2807302.7,Active,,Completed
ENG-00794,C-0015,T-0422,AI Engineer,2024-05-01,2025-05-01,1792985.95,Active,,Completed
ENG-00795,C-0056,T-0263,BI Developer,2025-10-01,2026-07-01,2480169.43,Terminated,2026-05-01,Early Termination
ENG-00796,C-0008,T-0435,Analytics Engineer,2025-07-01,2026-04-01,1361258.6,Terminated,2025-10-01,Early Termination
ENG-00797,C-0053,T-0023,Data Scientist,2024-08-01,2025-08-01,2246307.63,Active,,Completed
ENG-00798,C-0014,T-0019,Data Engineer,2025-01-01,2025-07-01,2280383.87,Active,,Completed
ENG-00799,C-0008,T-0050,ML Engineer,2025-10-01,2026-04-01,1774522.16,Active,,Renewed
ENG-00800,C-0017,T-0279,ML Engineer,2025-09-01,2026-03-01,2932905.59,Active,,Completed
ENG-00801,C-0009,T-0355,Data Scientist,2024-03-01,2025-02-01,2572907.8,Active,,Completed
ENG-00802,C-0025,T-0109,Data Engineer,2026-04-01,2026-12-01,3162269.82,Active,,Renewed
ENG-00803,C-0020,T-0078,AI Engineer,2024-11-01,2025-10-01,2921453.03,Terminated,2025-04-01,Early Termination
ENG-00804,C-0032,T-0431,BI Developer,2024-10-01,2025-04-01,1537516.12,Terminated,2025-02-01,Early Termination
ENG-00805,C-0033,T-0376,Analytics Engineer,2026-08-01,2027-07-01,2378161.97,Active,,Renewed
ENG-00806,C-0001,T-0325,BI Developer,2025-06-01,2026-06-01,1677686.35,Terminated,2026-01-01,Early Termination
ENG-00807,C-0008,T-0245,ML Engineer,2024-02-01,2024-09-01,3344943.51,Active,,Renewed
ENG-00808,C-0010,T-0211,BI Developer,2026-05-01,2027-02-01,2840036.55,Active,,Completed
ENG-00809,C-0012,T-0011,Data Engineer,2025-10-01,2026-08-01,2622226.17,Terminated,2026-01-01,Early Termination
ENG-00810,C-0006,T-0095,ML Engineer,2026-07-01,2027-05-01,910496.08,Active,,Completed
ENG-00811,C-0019,T-0449,ML Engineer,2026-02-01,2026-08-01,1237545.52,Active,,Completed
ENG-00812,C-0033,T-0170,Data Analyst,2024-06-01,2025-05-01,3289445.63,Active,,Renewed
ENG-00813,C-0019,T-0353,Data Engineer,2025-01-01,2025-09-01,963301.39,Active,,Renewed
ENG-00814,C-0020,T-0352,BI Developer,2024-08-01,2025-08-01,2620423.13,Active,,Renewed
ENG-00815,C-0029,T-0155,AI Engineer,2025-07-01,2026-06-01,972640.61,Active,,Renewed
ENG-00816,C-0033,T-0103,Analytics Engineer,2024-06-01,2025-02-01,1256658.84,Terminated,2024-10-01,Early Termination
ENG-00817,C-0020,T-0346,BI Developer,2026-05-01,2026-12-01,1320468.92,Active,,Renewed
ENG-00818,C-0014,T-0047,Data Engineer,2025-06-01,2026-03-01,1540350.62,Active,,Renewed
ENG-00819,C-0025,T-0248,ML Engineer,2024-11-01,2025-11-01,2597986.86,Active,,Renewed
ENG-00820,C-0002,T-0445,Data Engineer,2025-03-01,2025-09-01,1072182.12,Active,,Renewed
ENG-00821,C-0030,T-0356,AI Engineer,2024-05-01,2025-01-01,2807723.48,Active,,Completed
ENG-00822,C-0057,T-0383,Data Engineer,2024-04-01,2025-03-01,2582246.86,Terminated,2024-12-01,Early Termination
ENG-00823,C-0024,T-0042,ML Engineer,2025-03-01,2025-11-01,1222354.33,Active,,Completed
ENG-00824,C-0007,T-0100,BI Developer,2025-09-01,2026-08-01,2054974.29,Active,,Renewed
ENG-00825,C-0043,T-0138,AI Engineer,2024-12-01,2025-10-01,1145498.41,Active,,Renewed
ENG-00826,C-0008,T-0147,Data Analyst,2026-07-01,2027-03-01,2805909.33,Active,,Renewed
ENG-00827,C-0012,T-0098,Data Scientist,2025-10-01,2026-10-01,1083605.89,Terminated,2026-07-01,Early Termination
ENG-00828,C-0009,T-0487,AI Engineer,2025-05-01,2026-02-01,1600115.96,Active,,Renewed
ENG-00829,C-0054,T-0083,Analytics Engineer,2024-06-01,2024-12-01,1730903.22,Active,,Renewed
ENG-00830,C-0059,T-0355,Data Scientist,2025-01-01,2025-09-01,2306820.54,Terminated,2025-05-01,Early Termination
ENG-00831,C-0035,T-0294,Data Engineer,2025-07-01,2026-04-01,2857149.62,Active,,Completed
ENG-00832,C-0038,T-0306,Data Analyst,2026-06-01,2027-02-01,3404111.92,Active,,Renewed
ENG-00833,C-0039,T-0108,BI Developer,2025-10-01,2026-05-01,862597.43,Active,,Completed
ENG-00834,C-0037,T-0154,Analytics Engineer,2026-01-01,2026-09-01,845695.84,Active,,Completed
ENG-00835,C-0033,T-0304,Data Engineer,2026-06-01,2027-03-01,2635951.48,Terminated,2026-11-01,Early Termination
ENG-00836,C-0060,T-0150,Data Engineer,2025-07-01,2026-05-01,913297.28,Active,,Renewed
ENG-00837,C-0044,T-0348,Data Analyst,2024-09-01,2025-03-01,1722055.64,Active,,Renewed
ENG-00838,C-0006,T-0020,Analytics Engineer,2026-05-01,2026-11-01,919003.76,Active,,Renewed
ENG-00839,C-0024,T-0037,ML Engineer,2026-07-01,2027-05-01,1159128.91,Active,,Renewed
ENG-00840,C-0059,T-0365,AI Engineer,2026-03-01,2026-09-01,2364389.11,Active,,Completed
ENG-00841,C-0025,T-0309,ML Engineer,2024-06-01,2025-02-01,1035391.9,Active,,Renewed
ENG-00842,C-0013,T-0022,Data Engineer,2024-01-01,2024-11-01,2374220.37,Active,,Renewed
ENG-00843,C-0053,T-0450,AI Engineer,2025-12-01,2026-06-01,2746643.96,Active,,Renewed
ENG-00844,C-0038,T-0003,Data Analyst,2025-08-01,2026-08-01,1294738.37,Active,,Completed
ENG-00845,C-0034,T-0478,ML Engineer,2024-12-01,2025-11-01,2253395.28,Active,,Completed
ENG-00846,C-0026,T-0365,AI Engineer,2024-10-01,2025-04-01,2788281.67,Active,,Completed
ENG-00847,C-0008,T-0495,Data Engineer,2026-03-01,2026-11-01,1221101.01,Active,,Renewed
ENG-00848,C-0024,T-0475,BI Developer,2025-11-01,2026-11-01,846976.76,Active,,Completed
ENG-00849,C-0027,T-0157,Data Analyst,2025-01-01,2025-08-01,3329320.62,Terminated,2025-04-01,Early Termination
ENG-00850,C-0056,T-0379,Data Analyst,2026-01-01,2026-09-01,2384825.94,Active,,Renewed
ENG-00851,C-0019,T-0106,Data Engineer,2024-03-01,2024-10-01,890204.68,Terminated,2024-07-01,Early Termination
ENG-00852,C-0009,T-0236,AI Engineer,2025-08-01,2026-05-01,1893042.65,Active,,Renewed
ENG-00853,C-0026,T-0121,AI Engineer,2025-10-01,2026-08-01,1376753.91,Terminated,2026-03-01,Early Termination
ENG-00854,C-0060,T-0244,AI Engineer,2024-09-01,2025-06-01,1735271.41,Active,,Completed
ENG-00855,C-0029,T-0437,Analytics Engineer,2026-07-01,2027-07-01,3400739.11,Terminated,2027-04-01,Early Termination
ENG-00856,C-0023,T-0219,AI Engineer,2025-06-01,2026-04-01,1454241.55,Terminated,2025-11-01,Early Termination
ENG-00857,C-0041,T-0047,Data Engineer,2025-12-01,2026-10-01,1000729.84,Active,,Completed
ENG-00858,C-0039,T-0163,Data Scientist,2025-10-01,2026-09-01,1056572.62,Active,,Completed
ENG-00859,C-0018,T-0394,Data Scientist,2024-08-01,2025-04-01,884223.25,Terminated,2025-02-01,Early Termination
ENG-00860,C-0059,T-0261,Data Analyst,2026-08-01,2027-08-01,2361759.15,Terminated,2027-03-01,Early Termination
ENG-00861,C-0036,T-0281,Data Scientist,2025-10-01,2026-04-01,1089897.25,Terminated,2026-01-01,Early Termination
ENG-00862,C-0004,T-0216,ML Engineer,2026-05-01,2027-05-01,1654943.42,Terminated,2027-01-01,Early Termination
ENG-00863,C-0025,T-0147,Data Analyst,2025-09-01,2026-08-01,1870022.06,Active,,Completed
ENG-00864,C-0056,T-0300,Data Analyst,2025-05-01,2025-12-01,2335207.33,Active,,Renewed
ENG-00865,C-0024,T-0317,AI Engineer,2025-05-01,2025-11-01,3560925.8,Active,,Renewed
ENG-00866,C-0035,T-0450,AI Engineer,2024-03-01,2024-09-01,1022384.8,Active,,Completed
ENG-00867,C-0037,T-0309,ML Engineer,2026-05-01,2027-02-01,2276527.27,Terminated,2026-09-01,Early Termination
ENG-00868,C-0043,T-0498,Data Scientist,2025-06-01,2026-04-01,2190541.36,Active,,Completed
ENG-00869,C-0053,T-0414,AI Engineer,2024-10-01,2025-09-01,2011064.44,Active,,Renewed
ENG-00870,C-0009,T-0040,Data Analyst,2026-07-01,2027-06-01,1155568.2,Active,,Completed
ENG-00871,C-0032,T-0197,ML Engineer,2026-02-01,2027-02-01,1058865.59,Active,,Renewed
ENG-00872,C-0033,T-0193,AI Engineer,2026-08-01,2027-04-01,2225261.37,Active,,Completed
ENG-00873,C-0010,T-0002,Analytics Engineer,2026-02-01,2026-11-01,3178607.49,Active,,Renewed
ENG-00874,C-0041,T-0091,ML Engineer,2025-05-01,2026-05-01,2129361.01,Active,,Renewed
ENG-00875,C-0008,T-0382,ML Engineer,2025-01-01,2025-11-01,1767030.84,Active,,Renewed
ENG-00876,C-0028,T-0177,BI Developer,2026-04-01,2026-12-01,2219618.57,Active,,Renewed
ENG-00877,C-0020,T-0074,Data Engineer,2025-12-01,2026-12-01,1794542.02,Terminated,2026-09-01,Early Termination
ENG-00878,C-0010,T-0144,Data Engineer,2026-07-01,2027-01-01,1648355.28,Active,,Completed
ENG-00879,C-0050,T-0138,AI Engineer,2024-01-01,2024-09-01,3246220.95,Terminated,2024-04-01,Early Termination
ENG-00880,C-0015,T-0088,Data Analyst,2024-05-01,2025-02-01,2211651.46,Active,,Renewed
ENG-00881,C-0016,T-0051,AI Engineer,2026-07-01,2027-05-01,1260408.52,Terminated,2026-11-01,Early Termination
ENG-00882,C-0052,T-0383,Data Engineer,2026-01-01,2026-12-01,1334150.22,Active,,Completed
ENG-00883,C-0053,T-0413,Data Engineer,2026-01-01,2026-11-01,2308617.62,Active,,Renewed
ENG-00884,C-0003,T-0249,AI Engineer,2026-04-01,2027-02-01,812981.94,Terminated,2026-07-01,Early Termination
ENG-00885,C-0017,T-0308,Analytics Engineer,2024-12-01,2025-07-01,2294310.69,Active,,Completed
ENG-00886,C-0043,T-0460,Data Analyst,2026-03-01,2027-02-01,2867514.89,Active,,Renewed
ENG-00887,C-0047,T-0422,AI Engineer,2024-06-01,2024-12-01,1292791.53,Active,,Completed
ENG-00888,C-0060,T-0017,Analytics Engineer,2024-05-01,2025-01-01,2394979.27,Active,,Renewed
ENG-00889,C-0034,T-0477,ML Engineer,2026-05-01,2027-04-01,2712448.34,Active,,Renewed
ENG-00890,C-0001,T-0034,BI Developer,2026-07-01,2027-04-01,1366387.79,Active,,Completed
ENG-00891,C-0053,T-0014,Data Scientist,2025-07-01,2026-01-01,1441336.87,Active,,Renewed
ENG-00892,C-0010,T-0202,Data Scientist,2025-06-01,2026-06-01,1193546.45,Terminated,2025-10-01,Early Termination
ENG-00893,C-0008,T-0373,AI Engineer,2025-02-01,2025-11-01,1466946.18,Active,,Completed
ENG-00894,C-0041,T-0041,Data Engineer,2025-06-01,2026-02-01,2077694.33,Active,,Completed
ENG-00895,C-0037,T-0147,Data Analyst,2024-11-01,2025-09-01,1694350.49,Active,,Renewed
ENG-00896,C-0004,T-0132,Analytics Engineer,2024-03-01,2025-02-01,1266337.28,Terminated,2024-11-01,Early Termination
ENG-00897,C-0011,T-0199,Data Analyst,2025-08-01,2026-06-01,3529494.62,Active,,Renewed
ENG-00898,C-0036,T-0494,AI Engineer,2026-05-01,2026-11-01,1869530.5,Active,,Renewed
ENG-00899,C-0016,T-0166,ML Engineer,2024-06-01,2025-01-01,1505459.39,Active,,Renewed
ENG-00900,C-0042,T-0105,BI Developer,2024-03-01,2025-01-01,998321.26,Active,,Renewed
ENG-00901,C-0025,T-0062,AI Engineer,2025-10-01,2026-07-01,1159530.65,Terminated,2026-03-01,Early Termination
ENG-00902,C-0036,T-0100,BI Developer,2026-01-01,2026-08-01,2238670.5,Active,,Renewed
ENG-00903,C-0029,T-0067,Data Scientist,2024-09-01,2025-03-01,1502970.94,Active,,Renewed
ENG-00904,C-0022,T-0287,BI Developer,2024-07-01,2025-01-01,2923333.59,Active,,Renewed
ENG-00905,C-0021,T-0211,BI Developer,2026-04-01,2027-04-01,1619184.47,Terminated,2027-02-01,Early Termination
ENG-00906,C-0042,T-0249,AI Engineer,2024-05-01,2025-04-01,947147.45,Active,,Renewed
ENG-00907,C-0031,T-0417,AI Engineer,2025-09-01,2026-07-01,1401324.91,Active,,Completed
ENG-00908,C-0036,T-0291,Analytics Engineer,2025-11-01,2026-05-01,2752700.29,Terminated,2026-02-01,Early Termination
ENG-00909,C-0035,T-0078,AI Engineer,2025-04-01,2026-02-01,2456047.74,Terminated,2025-08-01,Early Termination
ENG-00910,C-0013,T-0189,Data Analyst,2026-08-01,2027-03-01,3373349.15,Active,,Completed
ENG-00911,C-0055,T-0157,Data Analyst,2025-03-01,2026-03-01,2680088.75,Terminated,2025-09-01,Early Termination
ENG-00912,C-0034,T-0414,AI Engineer,2025-12-01,2026-11-01,2876151.48,Active,,Renewed
ENG-00913,C-0044,T-0154,Analytics Engineer,2024-11-01,2025-09-01,1655209.37,Active,,Renewed
ENG-00914,C-0053,T-0070,Data Analyst,2026-05-01,2027-04-01,1250375.88,Active,,Completed
ENG-00915,C-0056,T-0369,BI Developer,2024-10-01,2025-05-01,2307066.68,Active,,Renewed
ENG-00916,C-0041,T-0215,Analytics Engineer,2025-07-01,2026-04-01,2082694.33,Active,,Completed
ENG-00917,C-0048,T-0048,Analytics Engineer,2025-08-01,2026-08-01,951802.99,Terminated,2026-04-01,Early Termination
ENG-00918,C-0029,T-0345,Data Scientist,2025-11-01,2026-10-01,3096644.85,Terminated,2026-08-01,Early Termination
ENG-00919,C-0045,T-0106,Data Engineer,2026-06-01,2027-03-01,1500065.37,Active,,Renewed
ENG-00920,C-0020,T-0435,Analytics Engineer,2024-07-01,2025-05-01,1410525.49,Active,,Renewed
ENG-00921,C-0043,T-0417,AI Engineer,2025-12-01,2026-09-01,2616968.8,Active,,Renewed
ENG-00922,C-0006,T-0185,Data Scientist,2026-02-01,2027-02-01,2292562.07,Active,,Completed
ENG-00923,C-0055,T-0278,Data Analyst,2025-07-01,2026-02-01,2346136.8,Active,,Completed
ENG-00924,C-0015,T-0284,AI Engineer,2026-08-01,2027-04-01,1010907.98,Active,,Completed
ENG-00925,C-0040,T-0327,Data Engineer,2024-02-01,2024-10-01,2990987.0,Terminated,2024-06-01,Early Termination
ENG-00926,C-0001,T-0035,Data Scientist,2024-05-01,2024-11-01,2389794.91,Terminated,2024-08-01,Early Termination
ENG-00927,C-0010,T-0163,Data Scientist,2024-11-01,2025-08-01,2493481.3,Terminated,2025-05-01,Early Termination
ENG-00928,C-0060,T-0086,Data Engineer,2025-06-01,2025-12-01,2593632.26,Terminated,2025-09-01,Early Termination
ENG-00929,C-0051,T-0349,AI Engineer,2026-02-01,2026-11-01,2296191.45,Active,,Renewed
ENG-00930,C-0014,T-0035,Data Scientist,2025-08-01,2026-04-01,983921.97,Active,,Renewed
ENG-00931,C-0008,T-0259,BI Developer,2025-11-01,2026-06-01,3384809.64,Terminated,2026-04-01,Early Termination
ENG-00932,C-0049,T-0364,Data Analyst,2024-04-01,2024-12-01,3358692.44,Terminated,2024-10-01,Early Termination
ENG-00933,C-0060,T-0475,BI Developer,2025-07-01,2026-06-01,1372013.26,Active,,Completed
ENG-00934,C-0011,T-0145,Data Analyst,2025-03-01,2025-12-01,1280316.19,Active,,Completed
ENG-00935,C-0040,T-0004,Analytics Engineer,2025-08-01,2026-02-01,3166879.1,Active,,Renewed
ENG-00936,C-0018,T-0362,AI Engineer,2024-04-01,2024-11-01,2277431.5,Terminated,2024-09-01,Early Termination
ENG-00937,C-0045,T-0001,Data Analyst,2024-01-01,2024-10-01,1079897.59,Terminated,2024-05-01,Early Termination
ENG-00938,C-0026,T-0034,BI Developer,2025-11-01,2026-05-01,2939172.77,Active,,Renewed
ENG-00939,C-0008,T-0496,Analytics Engineer,2025-10-01,2026-08-01,775581.13,Terminated,2026-06-01,Early Termination
ENG-00940,C-0020,T-0432,Analytics Engineer,2026-06-01,2027-06-01,1583445.14,Active,,Renewed
ENG-00941,C-0033,T-0354,BI Developer,2025-04-01,2026-03-01,2198651.44,Active,,Completed
ENG-00942,C-0048,T-0418,Analytics Engineer,2024-03-01,2024-09-01,1670756.88,Active,,Renewed
ENG-00943,C-0002,T-0038,AI Engineer,2024-09-01,2025-04-01,866705.63,Terminated,2024-12-01,Early Termination
ENG-00944,C-0058,T-0045,ML Engineer,2024-01-01,2024-12-01,1068898.31,Active,,Completed
ENG-00945,C-0039,T-0151,AI Engineer,2025-08-01,2026-05-01,926062.28,Active,,Completed
ENG-00946,C-0053,T-0012,ML Engineer,2024-03-01,2024-09-01,1143354.23,Active,,Completed
ENG-00947,C-0056,T-0445,Data Engineer,2025-04-01,2026-02-01,2059917.25,Terminated,2025-11-01,Early Termination
ENG-00948,C-0010,T-0029,Analytics Engineer,2024-01-01,2024-12-01,2763001.57,Active,,Renewed
ENG-00949,C-0006,T-0273,AI Engineer,2025-03-01,2025-09-01,870468.43,Active,,Completed
ENG-00950,C-0047,T-0427,ML Engineer,2026-04-01,2027-01-01,1735868.38,Active,,Renewed
ENG-00951,C-0012,T-0368,ML Engineer,2024-10-01,2025-08-01,3087674.47,Active,,Completed
ENG-00952,C-0009,T-0118,BI Developer,2024-02-01,2024-09-01,2237621.39,Active,,Renewed
ENG-00953,C-0029,T-0236,AI Engineer,2026-07-01,2027-07-01,1119772.08,Active,,Renewed
ENG-00954,C-0055,T-0275,BI Developer,2024-01-01,2024-10-01,1286482.46,Active,,Renewed
ENG-00955,C-0048,T-0384,Data Scientist,2024-12-01,2025-12-01,3513565.24,Active,,Renewed
ENG-00956,C-0032,T-0214,Data Analyst,2024-12-01,2025-11-01,2552059.39,Active,,Renewed
ENG-00957,C-0012,T-0143,BI Developer,2025-05-01,2026-02-01,990062.1,Terminated,2025-09-01,Early Termination
ENG-00958,C-0021,T-0398,Data Scientist,2024-12-01,2025-09-01,1475140.99,Terminated,2025-07-01,Early Termination
ENG-00959,C-0042,T-0444,BI Developer,2025-09-01,2026-09-01,3236762.75,Active,,Renewed
ENG-00960,C-0010,T-0245,ML Engineer,2025-01-01,2025-10-01,1787800.48,Active,,Renewed
ENG-00961,C-0032,T-0015,Analytics Engineer,2024-01-01,2024-08-01,810302.33,Active,,Completed
ENG-00962,C-0001,T-0251,BI Developer,2025-07-01,2026-06-01,2834326.92,Active,,Completed
ENG-00963,C-0020,T-0445,Data Engineer,2026-07-01,2027-01-01,986546.45,Active,,Completed
ENG-00964,C-0015,T-0495,Data Engineer,2025-03-01,2025-11-01,1074511.21,Terminated,2025-08-01,Early Termination
ENG-00965,C-0041,T-0201,BI Developer,2024-04-01,2025-03-01,2282168.11,Active,,Renewed
ENG-00966,C-0055,T-0076,Analytics Engineer,2024-05-01,2025-02-01,1525655.27,Terminated,2024-11-01,Early Termination
ENG-00967,C-0009,T-0287,BI Developer,2024-10-01,2025-05-01,1987267.45,Active,,Renewed
ENG-00968,C-0048,T-0416,ML Engineer,2024-04-01,2025-02-01,1496971.54,Active,,Renewed
ENG-00969,C-0040,T-0473,AI Engineer,2025-08-01,2026-07-01,881983.76,Active,,Completed
ENG-00970,C-0059,T-0026,Analytics Engineer,2025-05-01,2025-11-01,1983860.77,Terminated,2025-09-01,Early Termination
ENG-00971,C-0055,T-0146,Data Analyst,2024-07-01,2025-05-01,2591865.47,Active,,Renewed
ENG-00972,C-0007,T-0239,Analytics Engineer,2024-03-01,2024-11-01,1413463.04,Active,,Renewed
ENG-00973,C-0045,T-0050,ML Engineer,2026-06-01,2027-05-01,2116635.06,Active,,Completed
ENG-00974,C-0036,T-0444,BI Developer,2026-05-01,2027-05-01,1974506.44,Active,,Renewed
ENG-00975,C-0007,T-0057,AI Engineer,2025-07-01,2026-06-01,1377280.12,Active,,Renewed
ENG-00976,C-0016,T-0333,Data Engineer,2024-03-01,2024-11-01,3563891.46,Active,,Renewed
ENG-00977,C-0056,T-0460,Data Analyst,2024-10-01,2025-06-01,1120572.98,Active,,Renewed
ENG-00978,C-0033,T-0343,Data Analyst,2024-03-01,2024-12-01,1290704.63,Active,,Completed
ENG-00979,C-0021,T-0382,ML Engineer,2025-08-01,2026-05-01,1377669.87,Active,,Completed
ENG-00980,C-0020,T-0132,Analytics Engineer,2024-09-01,2025-06-01,1836305.97,Active,,Renewed
ENG-00981,C-0051,T-0414,AI Engineer,2025-08-01,2026-02-01,1067858.9,Active,,Renewed
ENG-00982,C-0018,T-0210,Data Scientist,2026-01-01,2026-10-01,1485061.04,Terminated,2026-06-01,Early Termination
ENG-00983,C-0010,T-0031,Data Scientist,2024-04-01,2025-01-01,1014152.56,Active,,Renewed
ENG-00984,C-0035,T-0184,Analytics Engineer,2024-12-01,2025-07-01,1763813.32,Active,,Renewed
ENG-00985,C-0060,T-0175,Data Analyst,2025-01-01,2025-12-01,1004841.0,Terminated,2025-06-01,Early Termination
ENG-00986,C-0011,T-0261,Data Analyst,2026-05-01,2027-03-01,2823937.72,Active,,Completed
ENG-00987,C-0016,T-0133,Data Scientist,2026-02-01,2027-02-01,1706782.14,Active,,Completed
ENG-00988,C-0029,T-0232,AI Engineer,2024-08-01,2025-08-01,1564422.99,Terminated,2025-01-01,Early Termination
ENG-00989,C-0012,T-0214,Data Analyst,2025-07-01,2026-06-01,2818736.96,Active,,Renewed
ENG-00990,C-0040,T-0164,BI Developer,2025-09-01,2026-06-01,2649306.72,Active,,Renewed
ENG-00991,C-0016,T-0349,AI Engineer,2026-01-01,2027-01-01,782758.01,Terminated,2026-05-01,Early Termination
ENG-00992,C-0008,T-0153,Data Scientist,2025-11-01,2026-09-01,2674920.84,Active,,Completed
ENG-00993,C-0016,T-0383,Data Engineer,2024-11-01,2025-10-01,2385812.45,Active,,Completed
ENG-00994,C-0056,T-0126,ML Engineer,2026-04-01,2026-11-01,1108450.5,Active,,Renewed
ENG-00995,C-0057,T-0433,Analytics Engineer,2026-08-01,2027-06-01,2005458.42,Active,,Renewed
ENG-00996,C-0031,T-0183,AI Engineer,2025-03-01,2025-12-01,920438.24,Active,,Renewed
ENG-00997,C-0025,T-0021,AI Engineer,2025-04-01,2026-03-01,1242633.99,Active,,Completed
ENG-00998,C-0050,T-0075,Data Engineer,2024-06-01,2025-02-01,2739278.82,Active,,Renewed
ENG-00999,C-0012,T-0404,ML Engineer,2026-04-01,2026-10-01,3009785.92,Active,,Completed
ENG-01000,C-0040,T-0437,Analytics Engineer,2025-12-01,2026-07-01,1279968.62,Active,,Renewed
ENG-01001,C-0041,T-0106,Data Engineer,2024-12-01,2025-11-01,1296304.92,Active,,Renewed
ENG-01002,C-0043,T-0302,Data Analyst,2024-09-01,2025-07-01,1676239.69,Active,,Completed
ENG-01003,C-0014,T-0288,Data Engineer,2025-06-01,2026-04-01,993168.55,Active,,Renewed
ENG-01004,C-0043,T-0067,Data Scientist,2026-03-01,2026-10-01,1369561.85,Terminated,2026-07-01,Early Termination
ENG-01005,C-0037,T-0226,BI Developer,2026-02-01,2026-11-01,1699198.04,Active,,Renewed
ENG-01006,C-0053,T-0347,Analytics Engineer,2026-02-01,2026-09-01,3197079.76,Active,,Renewed
ENG-01007,C-0011,T-0484,Data Analyst,2026-06-01,2027-02-01,1768718.32,Terminated,2026-09-01,Early Termination
ENG-01008,C-0037,T-0424,Data Engineer,2024-08-01,2025-07-01,1577326.88,Active,,Completed
ENG-01009,C-0050,T-0049,ML Engineer,2026-05-01,2027-05-01,1860767.42,Terminated,2027-02-01,Early Termination
ENG-01010,C-0017,T-0119,Data Analyst,2024-01-01,2024-08-01,979615.9,Active,,Renewed
ENG-01011,C-0045,T-0219,AI Engineer,2024-07-01,2025-05-01,2062276.58,Active,,Renewed
ENG-01012,C-0006,T-0076,Analytics Engineer,2025-02-01,2026-01-01,1431404.27,Active,,Completed
ENG-01013,C-0044,T-0286,Data Scientist,2025-03-01,2025-11-01,2803095.91,Active,,Renewed
ENG-01014,C-0037,T-0005,Analytics Engineer,2026-01-01,2026-08-01,2290436.71,Active,,Completed
ENG-01015,C-0012,T-0057,AI Engineer,2026-05-01,2027-01-01,1389942.79,Active,,Renewed
ENG-01016,C-0004,T-0024,BI Developer,2024-01-01,2024-09-01,1362650.76,Active,,Completed
ENG-01017,C-0045,T-0148,AI Engineer,2025-12-01,2026-08-01,2103565.62,Active,,Renewed
ENG-01018,C-0015,T-0382,ML Engineer,2025-09-01,2026-09-01,2144622.04,Active,,Renewed
ENG-01019,C-0030,T-0089,Data Analyst,2026-03-01,2027-02-01,2384406.11,Active,,Completed
ENG-01020,C-0004,T-0494,AI Engineer,2024-02-01,2024-08-01,3460764.06,Active,,Completed
ENG-01021,C-0058,T-0135,BI Developer,2024-06-01,2025-01-01,2072739.15,Active,,Completed
ENG-01022,C-0033,T-0023,Data Scientist,2025-10-01,2026-06-01,1053645.99,Active,,Completed
ENG-01023,C-0056,T-0168,Data Engineer,2026-01-01,2026-12-01,2311051.63,Active,,Renewed
ENG-01024,C-0010,T-0375,Analytics Engineer,2025-08-01,2026-04-01,1202317.34,Active,,Completed
ENG-01025,C-0013,T-0054,Data Scientist,2026-05-01,2027-01-01,1692695.58,Active,,Renewed
ENG-01026,C-0037,T-0036,ML Engineer,2025-10-01,2026-06-01,2987916.43,Terminated,2026-02-01,Early Termination
ENG-01027,C-0037,T-0425,Analytics Engineer,2026-03-01,2026-09-01,3023936.13,Terminated,2026-07-01,Early Termination
ENG-01028,C-0048,T-0297,ML Engineer,2024-03-01,2024-09-01,963557.7,Active,,Renewed
ENG-01029,C-0056,T-0172,Data Engineer,2026-06-01,2027-03-01,2101859.9,Terminated,2026-10-01,Early Termination
ENG-01030,C-0050,T-0379,Data Analyst,2025-04-01,2025-10-01,2729160.26,Terminated,2025-08-01,Early Termination
ENG-01031,C-0009,T-0423,Data Analyst,2026-08-01,2027-06-01,1381383.44,Active,,Renewed
ENG-01032,C-0019,T-0180,ML Engineer,2025-03-01,2026-01-01,835490.99,Active,,Renewed
ENG-01033,C-0055,T-0281,Data Scientist,2025-05-01,2025-12-01,1891391.2,Terminated,2025-08-01,Early Termination
ENG-01034,C-0033,T-0006,Data Analyst,2026-07-01,2027-03-01,1403661.19,Terminated,2026-10-01,Early Termination
ENG-01035,C-0053,T-0154,Analytics Engineer,2025-05-01,2026-03-01,1444521.55,Active,,Completed
ENG-01036,C-0034,T-0298,Data Analyst,2024-01-01,2024-11-01,3088580.39,Terminated,2024-04-01,Early Termination
ENG-01037,C-0003,T-0099,Data Engineer,2025-04-01,2025-10-01,826154.14,Active,,Renewed
ENG-01038,C-0029,T-0496,Analytics Engineer,2024-09-01,2025-07-01,1488956.7,Active,,Renewed
ENG-01039,C-0050,T-0486,Data Analyst,2025-11-01,2026-09-01,1137041.42,Active,,Renewed
ENG-01040,C-0040,T-0129,Data Analyst,2024-03-01,2025-01-01,2110875.36,Active,,Completed
ENG-01041,C-0008,T-0199,Data Analyst,2024-02-01,2024-08-01,1022560.35,Active,,Completed
ENG-01042,C-0013,T-0095,ML Engineer,2024-05-01,2025-01-01,2177185.5,Active,,Renewed
ENG-01043,C-0052,T-0252,BI Developer,2024-10-01,2025-10-01,2714639.34,Active,,Completed
ENG-01044,C-0059,T-0062,AI Engineer,2024-02-01,2024-10-01,1401150.01,Active,,Renewed
ENG-01045,C-0046,T-0196,Data Analyst,2024-06-01,2025-02-01,883059.87,Active,,Completed
ENG-01046,C-0006,T-0278,Data Analyst,2026-02-01,2026-10-01,826647.82,Active,,Renewed
ENG-01047,C-0038,T-0306,Data Analyst,2024-01-01,2024-07-01,981932.15,Active,,Renewed
ENG-01048,C-0050,T-0299,ML Engineer,2024-09-01,2025-07-01,3451517.98,Active,,Renewed
ENG-01049,C-0039,T-0111,ML Engineer,2026-07-01,2027-02-01,1168437.7,Terminated,2026-11-01,Early Termination
ENG-01050,C-0036,T-0397,Data Engineer,2024-02-01,2025-01-01,1004229.63,Active,,Completed
ENG-01051,C-0029,T-0346,BI Developer,2026-02-01,2027-01-01,2367345.88,Terminated,2026-09-01,Early Termination
ENG-01052,C-0015,T-0377,Data Engineer,2025-01-01,2025-11-01,799398.96,Terminated,2025-07-01,Early Termination
ENG-01053,C-0017,T-0234,ML Engineer,2024-12-01,2025-08-01,3022360.2,Terminated,2025-04-01,Early Termination
ENG-01054,C-0045,T-0447,Data Scientist,2025-12-01,2026-11-01,1329577.37,Active,,Renewed
ENG-01055,C-0005,T-0195,ML Engineer,2025-08-01,2026-06-01,1912258.72,Terminated,2025-11-01,Early Termination
ENG-01056,C-0006,T-0403,AI Engineer,2024-10-01,2025-10-01,1005898.97,Active,,Renewed
ENG-01057,C-0024,T-0102,Data Scientist,2024-08-01,2025-03-01,2637806.96,Active,,Renewed
ENG-01058,C-0047,T-0124,BI Developer,2025-10-01,2026-08-01,2204265.69,Active,,Renewed
ENG-01059,C-0040,T-0264,BI Developer,2026-04-01,2027-03-01,781421.64,Active,,Completed
ENG-01060,C-0036,T-0278,Data Analyst,2024-11-01,2025-06-01,2285677.26,Active,,Renewed
ENG-01061,C-0033,T-0374,Data Scientist,2025-05-01,2026-04-01,1985635.57,Terminated,2025-12-01,Early Termination
ENG-01062,C-0007,T-0149,BI Developer,2024-06-01,2025-02-01,876397.5,Active,,Completed
ENG-01063,C-0020,T-0437,Analytics Engineer,2024-04-01,2024-11-01,1404932.76,Active,,Renewed
ENG-01064,C-0005,T-0165,ML Engineer,2026-07-01,2027-01-01,998244.88,Active,,Completed
ENG-01065,C-0046,T-0268,Data Engineer,2024-11-01,2025-07-01,2641725.89,Active,,Renewed
ENG-01066,C-0046,T-0466,ML Engineer,2025-05-01,2025-12-01,3309360.5,Active,,Renewed
ENG-01067,C-0016,T-0270,Data Engineer,2026-07-01,2027-06-01,1737239.27,Active,,Renewed
ENG-01068,C-0018,T-0341,Data Analyst,2024-09-01,2025-06-01,2118327.86,Active,,Completed
ENG-01069,C-0020,T-0455,Data Analyst,2026-07-01,2027-01-01,859786.42,Terminated,2026-11-01,Early Termination
ENG-01070,C-0054,T-0488,Data Analyst,2025-12-01,2026-06-01,2666190.7,Active,,Renewed
ENG-01071,C-0030,T-0250,Analytics Engineer,2024-02-01,2025-01-01,1504064.2,Terminated,2024-07-01,Early Termination
ENG-01072,C-0046,T-0209,ML Engineer,2025-12-01,2026-12-01,1343203.17,Active,,Completed
ENG-01073,C-0027,T-0099,Data Engineer,2025-11-01,2026-10-01,1462872.38,Active,,Renewed
ENG-01074,C-0042,T-0269,Data Engineer,2025-05-01,2026-05-01,2121361.93,Active,,Renewed
ENG-01075,C-0032,T-0460,Data Analyst,2025-06-01,2026-02-01,2319072.29,Active,,Completed
ENG-01076,C-0017,T-0244,AI Engineer,2025-09-01,2026-03-01,2568792.48,Active,,Renewed
ENG-01077,C-0053,T-0175,Data Analyst,2025-03-01,2026-02-01,2042719.76,Terminated,2025-12-01,Early Termination
ENG-01078,C-0043,T-0054,Data Scientist,2025-03-01,2026-03-01,2253816.41,Terminated,2026-01-01,Early Termination
ENG-01079,C-0047,T-0195,ML Engineer,2026-08-01,2027-06-01,1933444.83,Terminated,2027-01-01,Early Termination
ENG-01080,C-0057,T-0119,Data Analyst,2026-07-01,2027-02-01,1495310.45,Active,,Renewed
ENG-01081,C-0015,T-0489,ML Engineer,2025-01-01,2025-09-01,3431561.74,Active,,Completed
ENG-01082,C-0006,T-0264,BI Developer,2024-05-01,2025-02-01,1005787.51,Active,,Renewed
ENG-01083,C-0035,T-0069,Data Scientist,2024-06-01,2024-12-01,2381606.04,Active,,Renewed
ENG-01084,C-0020,T-0034,BI Developer,2026-06-01,2027-01-01,1945463.01,Active,,Renewed
ENG-01085,C-0027,T-0426,Analytics Engineer,2024-05-01,2025-04-01,878754.72,Active,,Renewed
ENG-01086,C-0015,T-0466,ML Engineer,2025-03-01,2026-03-01,2777239.64,Active,,Renewed
ENG-01087,C-0024,T-0382,ML Engineer,2025-08-01,2026-04-01,990460.99,Terminated,2026-02-01,Early Termination
ENG-01088,C-0024,T-0062,AI Engineer,2026-06-01,2027-06-01,1674127.89,Active,,Completed
ENG-01089,C-0022,T-0050,ML Engineer,2024-09-01,2025-07-01,2368597.89,Active,,Renewed
ENG-01090,C-0045,T-0099,Data Engineer,2026-03-01,2026-12-01,1517294.63,Active,,Renewed
ENG-01091,C-0036,T-0376,Analytics Engineer,2024-08-01,2025-05-01,2389301.65,Terminated,2025-03-01,Early Termination
ENG-01092,C-0029,T-0383,Data Engineer,2024-11-01,2025-05-01,3059398.59,Active,,Renewed
ENG-01093,C-0007,T-0419,Data Analyst,2025-05-01,2026-04-01,2638723.22,Active,,Completed
ENG-01094,C-0035,T-0049,ML Engineer,2024-03-01,2025-02-01,1061503.74,Terminated,2024-12-01,Early Termination
ENG-01095,C-0011,T-0077,AI Engineer,2025-09-01,2026-03-01,912420.05,Active,,Renewed
ENG-01096,C-0019,T-0451,BI Developer,2024-10-01,2025-04-01,1539174.18,Active,,Renewed
ENG-01097,C-0025,T-0465,Data Analyst,2025-03-01,2026-03-01,1466197.98,Active,,Completed
ENG-01098,C-0009,T-0363,AI Engineer,2024-06-01,2025-06-01,2202917.3,Terminated,2025-02-01,Early Termination
ENG-01099,C-0024,T-0054,Data Scientist,2024-04-01,2024-12-01,1370461.1,Terminated,2024-10-01,Early Termination
ENG-01100,C-0017,T-0035,Data Scientist,2025-10-01,2026-07-01,1386103.52,Terminated,2026-04-01,Early Termination
ENG-01101,C-0051,T-0028,Data Scientist,2025-05-01,2025-11-01,2191969.0,Active,,Renewed
ENG-01102,C-0052,T-0346,BI Developer,2025-12-01,2026-08-01,1190711.93,Active,,Completed
ENG-01103,C-0001,T-0423,Data Analyst,2026-07-01,2027-05-01,2101592.81,Active,,Renewed
ENG-01104,C-0037,T-0316,ML Engineer,2024-04-01,2024-10-01,1842632.41,Active,,Renewed
ENG-01105,C-0039,T-0132,Analytics Engineer,2026-01-01,2026-10-01,2231923.68,Active,,Renewed
ENG-01106,C-0023,T-0379,Data Analyst,2025-03-01,2025-11-01,3107965.61,Active,,Renewed
ENG-01107,C-0029,T-0030,Analytics Engineer,2025-05-01,2026-03-01,819118.05,Active,,Renewed
ENG-01108,C-0048,T-0415,ML Engineer,2024-07-01,2025-02-01,1070720.77,Active,,Renewed
ENG-01109,C-0023,T-0446,AI Engineer,2024-01-01,2024-12-01,3104480.53,Active,,Renewed
ENG-01110,C-0004,T-0360,Analytics Engineer,2025-01-01,2025-12-01,1509913.55,Terminated,2025-08-01,Early Termination
ENG-01111,C-0023,T-0440,BI Developer,2024-01-01,2024-09-01,1278098.16,Active,,Renewed
ENG-01112,C-0016,T-0294,Data Engineer,2025-02-01,2026-01-01,2615395.14,Active,,Completed
ENG-01113,C-0023,T-0235,Analytics Engineer,2025-09-01,2026-05-01,1379885.01,Active,,Renewed
ENG-01114,C-0014,T-0162,AI Engineer,2026-02-01,2026-11-01,1386405.57,Active,,Renewed
ENG-01115,C-0009,T-0461,ML Engineer,2024-09-01,2025-06-01,1427002.75,Active,,Completed
ENG-01116,C-0060,T-0349,AI Engineer,2025-04-01,2026-01-01,2668361.25,Active,,Renewed
ENG-01117,C-0008,T-0096,AI Engineer,2026-01-01,2026-09-01,1439509.66,Terminated,2026-05-01,Early Termination
ENG-01118,C-0043,T-0479,Data Engineer,2024-03-01,2025-02-01,868720.41,Terminated,2024-12-01,Early Termination
ENG-01119,C-0044,T-0030,Analytics Engineer,2024-11-01,2025-05-01,2056807.5,Active,,Completed
ENG-01120,C-0038,T-0294,Data Engineer,2025-04-01,2026-03-01,2230101.16,Active,,Renewed
ENG-01121,C-0055,T-0096,AI Engineer,2024-02-01,2025-01-01,1371682.7,Active,,Completed
ENG-01122,C-0001,T-0333,Data Engineer,2024-01-01,2024-10-01,2479272.9,Active,,Renewed
ENG-01123,C-0019,T-0207,Data Scientist,2026-05-01,2027-02-01,848076.67,Active,,Renewed
ENG-01124,C-0012,T-0219,AI Engineer,2024-03-01,2024-12-01,1718510.69,Terminated,2024-10-01,Early Termination
ENG-01125,C-0035,T-0336,Data Scientist,2026-03-01,2027-01-01,2225794.21,Active,,Completed
ENG-01126,C-0039,T-0379,Data Analyst,2026-06-01,2027-06-01,1552234.36,Active,,Completed
ENG-01127,C-0054,T-0191,Data Analyst,2025-10-01,2026-05-01,3535191.71,Active,,Renewed
ENG-01128,C-0023,T-0499,AI Engineer,2025-02-01,2026-02-01,1498203.07,Active,,Completed
ENG-01129,C-0015,T-0250,Analytics Engineer,2024-09-01,2025-05-01,1273084.72,Terminated,2025-02-01,Early Termination
ENG-01130,C-0056,T-0081,Data Scientist,2025-05-01,2026-04-01,1941507.96,Terminated,2025-08-01,Early Termination
ENG-01131,C-0041,T-0004,Analytics Engineer,2025-09-01,2026-05-01,2884280.75,Active,,Renewed
ENG-01132,C-0046,T-0102,Data Scientist,2025-05-01,2026-01-01,1702771.42,Active,,Completed
ENG-01133,C-0027,T-0346,BI Developer,2025-08-01,2026-02-01,2970216.76,Active,,Completed
ENG-01134,C-0027,T-0270,Data Engineer,2024-02-01,2024-11-01,1648321.34,Terminated,2024-05-01,Early Termination
ENG-01135,C-0024,T-0169,BI Developer,2024-05-01,2024-12-01,2857549.73,Active,,Completed
ENG-01136,C-0045,T-0241,Data Scientist,2024-05-01,2025-02-01,1043700.14,Active,,Renewed
ENG-01137,C-0013,T-0420,Data Scientist,2025-10-01,2026-06-01,916777.25,Active,,Renewed
ENG-01138,C-0059,T-0286,Data Scientist,2026-05-01,2027-04-01,1767124.2,Active,,Renewed
ENG-01139,C-0011,T-0030,Analytics Engineer,2026-04-01,2026-11-01,1022435.02,Active,,Renewed
ENG-01140,C-0028,T-0025,BI Developer,2024-09-01,2025-05-01,1222612.07,Active,,Renewed
ENG-01141,C-0019,T-0242,AI Engineer,2025-09-01,2026-06-01,2591134.99,Terminated,2026-04-01,Early Termination
ENG-01142,C-0039,T-0203,Data Analyst,2026-08-01,2027-05-01,2165029.83,Active,,Renewed
ENG-01143,C-0041,T-0426,Analytics Engineer,2024-09-01,2025-07-01,934846.36,Terminated,2025-03-01,Early Termination
ENG-01144,C-0056,T-0292,Data Engineer,2025-05-01,2026-01-01,1719812.71,Terminated,2025-10-01,Early Termination
ENG-01145,C-0048,T-0379,Data Analyst,2024-04-01,2025-01-01,2832385.73,Active,,Completed
ENG-01146,C-0015,T-0293,Data Engineer,2025-06-01,2025-12-01,2945708.7,Active,,Renewed
ENG-01147,C-0013,T-0173,Data Engineer,2024-01-01,2024-11-01,2026881.57,Active,,Completed
ENG-01148,C-0054,T-0329,Analytics Engineer,2024-10-01,2025-05-01,1980241.05,Active,,Renewed
ENG-01149,C-0030,T-0311,AI Engineer,2024-07-01,2025-02-01,1001450.01,Active,,Renewed
ENG-01150,C-0006,T-0361,Analytics Engineer,2025-12-01,2026-10-01,2625277.04,Active,,Renewed
ENG-01151,C-0050,T-0095,ML Engineer,2025-01-01,2025-08-01,2811685.6,Terminated,2025-04-01,Early Termination
ENG-01152,C-0039,T-0321,ML Engineer,2024-04-01,2025-02-01,908923.99,Active,,Renewed
ENG-01153,C-0002,T-0143,BI Developer,2024-08-01,2025-05-01,1531071.5,Active,,Renewed
ENG-01154,C-0047,T-0396,Analytics Engineer,2025-08-01,2026-08-01,2326966.57,Active,,Renewed
ENG-01155,C-0037,T-0400,BI Developer,2026-06-01,2027-03-01,2100364.42,Active,,Renewed
ENG-01156,C-0037,T-0313,AI Engineer,2024-04-01,2025-03-01,1701482.63,Terminated,2024-11-01,Early Termination
ENG-01157,C-0052,T-0474,AI Engineer,2024-03-01,2024-12-01,2758063.24,Active,,Renewed
ENG-01158,C-0030,T-0269,Data Engineer,2024-07-01,2025-04-01,2100231.28,Active,,Renewed
ENG-01159,C-0028,T-0013,Data Engineer,2024-12-01,2025-12-01,1920421.0,Active,,Completed
ENG-01160,C-0038,T-0304,Data Engineer,2026-02-01,2026-09-01,1596156.02,Active,,Completed
ENG-01161,C-0012,T-0389,ML Engineer,2026-04-01,2026-12-01,1502305.18,Active,,Completed
ENG-01162,C-0010,T-0051,AI Engineer,2025-06-01,2026-02-01,2719508.82,Active,,Renewed
ENG-01163,C-0051,T-0053,BI Developer,2024-07-01,2025-04-01,2008387.34,Active,,Completed
ENG-01164,C-0013,T-0137,AI Engineer,2026-08-01,2027-05-01,1857467.75,Active,,Completed
ENG-01165,C-0031,T-0423,Data Analyst,2024-02-01,2025-01-01,2271528.2,Active,,Completed
ENG-01166,C-0017,T-0264,BI Developer,2024-01-01,2024-07-01,904768.77,Active,,Renewed
ENG-01167,C-0014,T-0489,ML Engineer,2024-04-01,2025-02-01,967901.88,Active,,Renewed
ENG-01168,C-0036,T-0437,Analytics Engineer,2026-04-01,2026-12-01,1314073.0,Active,,Completed
ENG-01169,C-0049,T-0278,Data Analyst,2025-06-01,2026-03-01,1264982.45,Active,,Renewed
ENG-01170,C-0027,T-0340,Data Analyst,2026-02-01,2027-01-01,987508.83,Active,,Renewed
ENG-01171,C-0009,T-0166,ML Engineer,2025-01-01,2025-08-01,3355729.39,Active,,Completed
ENG-01172,C-0015,T-0046,BI Developer,2024-04-01,2025-02-01,1070760.87,Active,,Renewed
ENG-01173,C-0010,T-0200,Data Scientist,2026-01-01,2026-11-01,1409278.48,Active,,Completed
ENG-01174,C-0053,T-0297,ML Engineer,2025-05-01,2026-02-01,1982269.89,Active,,Renewed
ENG-01175,C-0020,T-0092,Data Scientist,2025-01-01,2025-10-01,2112676.17,Terminated,2025-04-01,Early Termination
ENG-01176,C-0023,T-0111,ML Engineer,2025-04-01,2025-11-01,1763142.42,Terminated,2025-09-01,Early Termination
ENG-01177,C-0005,T-0008,Data Scientist,2026-02-01,2026-10-01,1015824.04,Active,,Completed
ENG-01178,C-0027,T-0368,ML Engineer,2025-08-01,2026-06-01,3474162.77,Active,,Renewed
ENG-01179,C-0055,T-0450,AI Engineer,2026-05-01,2027-04-01,957179.11,Active,,Completed
ENG-01180,C-0025,T-0414,AI Engineer,2026-05-01,2027-01-01,3119569.91,Active,,Renewed
ENG-01181,C-0040,T-0190,AI Engineer,2026-08-01,2027-04-01,1014282.26,Active,,Completed
ENG-01182,C-0011,T-0297,ML Engineer,2024-10-01,2025-08-01,1782142.61,Active,,Renewed
ENG-01183,C-0009,T-0481,Data Analyst,2024-02-01,2025-02-01,2883705.49,Active,,Renewed
ENG-01184,C-0044,T-0296,Data Engineer,2024-12-01,2025-09-01,772458.97,Active,,Completed
ENG-01185,C-0004,T-0148,AI Engineer,2025-03-01,2025-11-01,1758963.65,Terminated,2025-07-01,Early Termination
ENG-01186,C-0027,T-0170,Data Analyst,2024-11-01,2025-09-01,3548148.21,Active,,Completed
ENG-01187,C-0020,T-0364,Data Analyst,2025-06-01,2026-02-01,856686.27,Active,,Completed
ENG-01188,C-0001,T-0224,Data Scientist,2025-07-01,2026-07-01,977719.69,Terminated,2026-04-01,Early Termination
ENG-01189,C-0032,T-0419,Data Analyst,2024-09-01,2025-03-01,2808631.89,Terminated,2024-12-01,Early Termination
ENG-01190,C-0058,T-0433,Analytics Engineer,2024-12-01,2025-06-01,1576445.51,Active,,Renewed
ENG-01191,C-0005,T-0018,Data Analyst,2025-03-01,2025-09-01,2652460.7,Active,,Renewed
ENG-01192,C-0049,T-0362,AI Engineer,2024-03-01,2024-11-01,813823.5,Terminated,2024-06-01,Early Termination
ENG-01193,C-0033,T-0185,Data Scientist,2026-01-01,2026-12-01,2490465.66,Active,,Renewed
ENG-01194,C-0044,T-0260,Data Scientist,2024-02-01,2024-12-01,1537968.64,Active,,Completed
ENG-01195,C-0006,T-0133,Data Scientist,2026-05-01,2027-02-01,2855423.43,Terminated,2026-12-01,Early Termination
ENG-01196,C-0053,T-0185,Data Scientist,2025-07-01,2026-02-01,1025091.11,Active,,Renewed
ENG-01197,C-0001,T-0166,ML Engineer,2025-08-01,2026-02-01,767888.16,Active,,Renewed
ENG-01198,C-0055,T-0026,Analytics Engineer,2024-08-01,2025-03-01,2695091.75,Active,,Completed
ENG-01199,C-0040,T-0392,Data Scientist,2024-04-01,2025-01-01,912640.98,Terminated,2024-07-01,Early Termination
ENG-01200,C-0021,T-0072,Analytics Engineer,2025-09-01,2026-05-01,2091598.16,Active,,Renewed
