engagement_id,review_date,technical_score,delivery_score,communication_score,overall_score
ENG-00001,2024-01-01,67.84,65.86,61.4,66.89
ENG-00001,2024-02-01,75.78,71.55,72.98,73.99
ENG-00001,2024-03-01,80.35,81.03,83.04,80.81
ENG-00001,2024-04-01,75.7,74.24,75.29,79.67
ENG-00001,2024-05-01,76.81,83.06,71.8,79.54
ENG-00001,2024-06-01,70.09,76.37,73.44,72.59
ENG-00001,2024-07-01,75.84,79.27,80.99,78.72
ENG-00001,2024-08-01,79.88,66.04,74.79,69.13
ENG-00001,2024-09-01,74.66,76.69,83.12,77.97
ENG-00001,2024-10-01,78.4,74.0,80.21,74.59
ENG-00001,2024-11-01,78.05,70.43,76.78,78.86
ENG-00002,2024-07-01,78.15,74.21,74.69,81.16
ENG-00002,2024-08-01,81.03,82.2,75.5,77.93
ENG-00002,2024-09-01,62.6,64.72,52.04,64.74
ENG-00002,2024-10-01,63.05,57.84,49.0,55.21
ENG-00003,2024-10-01,83.7,83.39,90.18,90.63
ENG-00003,2024-11-01,88.59,93.33,93.04,86.15
ENG-00003,2024-12-01,83.66,86.99,79.26,87.44
ENG-00003,2025-01-01,92.11,80.31,99.07,85.78
ENG-00003,2025-02-01,87.97,83.81,92.32,87.92
ENG-00003,2025-03-01,77.81,79.7,79.39,89.3
ENG-00003,2025-04-01,85.55,93.43,90.53,87.56
ENG-00004,2026-05-01,65.57,68.72,64.77,73.62
ENG-00004,2026-06-01,77.36,87.29,78.35,75.36
ENG-00004,2026-07-01,74.98,78.26,78.42,74.02
ENG-00004,2026-08-01,73.81,66.78,73.23,69.58
ENG-00005,2024-03-01,72.17,67.76,66.62,69.04
ENG-00005,2024-04-01,71.87,68.07,74.09,78.06
ENG-00005,2024-05-01,66.65,66.06,64.25,75.7
ENG-00005,2024-06-01,64.12,64.19,68.85,71.06
ENG-00005,2024-07-01,76.72,71.0,69.62,76.06
ENG-00005,2024-08-01,67.47,67.45,71.45,70.62
ENG-00005,2024-09-01,70.03,76.01,65.94,77.88
ENG-00005,2024-10-01,73.85,79.45,74.61,77.88
ENG-00005,2024-11-01,79.51,58.72,84.14,63.49
ENG-00005,2024-12-01,81.03,79.24,73.38,69.87
ENG-00005,2025-01-01,65.51,73.75,81.07,76.57
ENG-00005,2025-02-01,78.16,67.49,72.3,73.34
ENG-00006,2025-02-01,89.51,88.65,95.01,91.82
ENG-00006,2025-03-01,91.57,85.6,94.64,90.41
ENG-00006,2025-04-01,84.83,92.42,85.99,91.48
ENG-00006,2025-05-01,86.12,87.62,90.54,87.74
ENG-00006,2025-06-01,78.32,78.46,96.25,87.65
ENG-00006,2025-07-01,82.48,73.91,90.96,87.01
ENG-00006,2025-08-01,86.49,84.31,100.0,90.79
ENG-00006,2025-09-01,81.32,81.27,86.42,89.58
ENG-00006,2025-10-01,88.79,85.67,81.87,89.62
ENG-00006,2025-11-01,88.78,86.75,93.55,90.46
ENG-00007,2024-07-01,90.31,89.56,98.28,88.33
ENG-00007,2024-08-01,83.22,83.41,82.57,80.02
ENG-00007,2024-09-01,78.3,70.65,74.98,76.74
ENG-00007,2024-10-01,80.93,82.37,77.42,83.33
ENG-00007,2024-11-01,84.09,76.18,74.4,81.24
ENG-00007,2024-12-01,74.03,76.47,80.06,83.13
ENG-00007,2025-01-01,76.88,73.77,79.44,72.44
ENG-00007,2025-02-01,79.54,67.61,72.68,81.32
ENG-00008,2024-11-01,80.62,79.48,86.81,85.1
ENG-00008,2024-12-01,74.67,78.37,77.57,82.72
ENG-00008,2025-01-01,83.74,82.09,84.13,85.1
ENG-00008,2025-02-01,81.68,77.37,84.22,81.31
ENG-00008,2025-03-01,87.28,77.74,80.26,89.37
ENG-00008,2025-04-01,73.37,80.38,74.94,79.27
ENG-00008,2025-05-01,79.57,68.25,76.25,83.33
ENG-00008,2025-06-01,82.37,76.37,75.15,84.8
ENG-00009,2025-03-01,85.0,76.13,85.24,86.55
ENG-00009,2025-04-01,81.43,83.81,90.29,86.48
ENG-00009,2025-05-01,78.25,79.13,89.24,88.27
ENG-00009,2025-06-01,82.13,77.33,86.73,82.68
ENG-00009,2025-07-01,80.97,91.23,88.88,89.04
ENG-00009,2025-08-01,83.39,71.38,86.6,87.65
ENG-00009,2025-09-01,83.49,71.36,79.58,81.68
ENG-00009,2025-10-01,71.53,77.99,87.77,83.27
ENG-00009,2025-11-01,77.48,70.25,76.46,79.78
ENG-00009,2025-12-01,67.95,63.41,69.13,66.04
ENG-00010,2024-05-01,76.38,73.06,90.36,89.14
ENG-00010,2024-06-01,80.28,80.31,78.9,83.23
ENG-00010,2024-07-01,74.13,67.87,80.04,75.61
ENG-00010,2024-08-01,73.8,67.81,68.33,71.55
ENG-00010,2024-09-01,65.67,73.3,65.57,58.25
ENG-00011,2024-11-01,78.21,85.78,76.84,82.61
ENG-00011,2024-12-01,75.52,74.56,80.07,82.51
ENG-00011,2025-01-01,78.18,83.95,79.52,87.6
ENG-00011,2025-02-01,84.0,76.74,79.21,83.63
ENG-00011,2025-03-01,76.61,72.96,87.57,81.18
ENG-00011,2025-04-01,73.26,72.3,80.32,81.06
ENG-00011,2025-05-01,78.95,89.3,79.08,82.18
ENG-00011,2025-06-01,76.0,73.03,76.19,81.35
ENG-00012,2026-02-01,78.73,78.56,70.37,85.13
ENG-00012,2026-03-01,75.92,71.07,74.11,75.07
ENG-00012,2026-04-01,79.44,84.98,93.59,85.99
ENG-00012,2026-05-01,77.85,72.61,81.93,76.41
ENG-00012,2026-06-01,76.29,78.96,82.54,86.41
ENG-00012,2026-07-01,77.58,77.28,85.41,84.75
ENG-00012,2026-08-01,84.07,75.37,83.62,85.45
ENG-00013,2026-04-01,65.99,62.72,67.14,70.73
ENG-00013,2026-05-01,67.85,67.3,74.21,68.71
ENG-00013,2026-06-01,62.04,57.04,59.09,65.77
ENG-00013,2026-07-01,64.4,81.85,68.77,74.22
ENG-00013,2026-08-01,65.93,74.73,65.43,72.8
ENG-00014,2024-03-01,71.54,67.27,66.47,64.62
ENG-00014,2024-04-01,61.31,63.07,51.71,59.85
ENG-00014,2024-05-01,59.33,55.65,52.94,56.42
ENG-00014,2024-06-01,55.43,46.29,54.34,49.63
ENG-00015,2025-05-01,77.23,82.47,77.66,78.07
ENG-00015,2025-06-01,82.84,76.53,76.11,81.37
ENG-00015,2025-07-01,80.05,73.7,76.86,78.65
ENG-00015,2025-08-01,72.73,74.36,75.82,82.64
ENG-00015,2025-09-01,83.82,83.67,88.63,86.13
ENG-00015,2025-10-01,70.49,72.01,81.17,85.85
ENG-00015,2025-11-01,75.66,74.24,79.54,71.37
ENG-00015,2025-12-01,77.91,68.01,66.12,73.29
ENG-00015,2026-01-01,82.33,77.14,77.08,83.25
ENG-00015,2026-02-01,80.23,76.74,80.51,82.04
ENG-00015,2026-03-01,71.82,69.98,64.69,81.06
ENG-00016,2025-03-01,72.64,75.86,76.88,81.07
ENG-00016,2025-04-01,91.02,80.64,91.6,81.23
ENG-00016,2025-05-01,84.16,79.36,76.58,78.27
ENG-00016,2025-06-01,69.93,77.6,79.08,81.59
ENG-00016,2025-07-01,73.55,78.8,79.81,79.53
ENG-00016,2025-08-01,67.05,72.86,75.58,79.07
ENG-00016,2025-09-01,74.64,65.61,75.09,74.01
ENG-00016,2025-10-01,72.2,55.66,69.04,57.68
ENG-00016,2025-11-01,64.35,58.93,58.28,63.03
ENG-00017,2026-08-01,66.64,58.6,59.61,73.66
ENG-00018,2025-06-01,84.7,80.31,82.95,79.06
ENG-00018,2025-07-01,72.6,71.93,70.59,72.39
ENG-00018,2025-08-01,70.75,60.18,62.62,67.52
ENG-00018,2025-09-01,73.37,62.32,68.41,67.37
ENG-00019,2024-02-01,76.2,66.37,75.68,75.38
ENG-00019,2024-03-01,86.54,87.86,84.07,84.45
ENG-00019,2024-04-01,81.89,80.1,79.75,83.33
ENG-00019,2024-05-01,81.42,59.12,70.95,80.92
ENG-00019,2024-06-01,81.74,76.69,88.26,81.86
ENG-00019,2024-07-01,62.28,69.63,74.75,79.24
ENG-00019,2024-08-01,82.65,75.86,84.57,79.63
ENG-00019,2024-09-01,75.14,69.35,71.83,79.51
ENG-00019,2024-10-01,79.78,85.86,75.97,84.6
ENG-00019,2024-11-01,72.42,69.1,86.41,81.04
ENG-00019,2024-12-01,74.69,72.51,80.86,80.78
ENG-00020,2024-06-01,76.41,83.4,76.19,81.76
ENG-00020,2024-07-01,81.83,79.45,81.41,84.55
ENG-00020,2024-08-01,84.73,62.15,74.9,76.38
ENG-00020,2024-09-01,73.96,70.14,76.83,77.47
ENG-00020,2024-10-01,67.11,81.75,71.81,79.84
ENG-00020,2024-11-01,84.31,81.33,76.32,82.07
ENG-00020,2024-12-01,71.0,73.12,69.89,76.8
ENG-00020,2025-01-01,70.27,69.1,78.34,81.82
ENG-00020,2025-02-01,75.05,80.32,85.57,81.06
ENG-00020,2025-03-01,83.25,69.12,73.34,76.65
ENG-00021,2024-07-01,88.9,71.11,79.08,80.23
ENG-00021,2024-08-01,76.31,75.63,70.35,80.64
ENG-00021,2024-09-01,70.44,64.73,68.94,72.22
ENG-00021,2024-10-01,57.78,60.74,65.95,61.23
ENG-00021,2024-11-01,58.07,62.13,53.88,66.77
ENG-00021,2024-12-01,59.18,47.75,51.69,53.33
ENG-00022,2025-10-01,87.41,84.39,83.76,79.58
ENG-00022,2025-11-01,78.22,73.94,64.34,80.05
ENG-00022,2025-12-01,80.57,81.26,77.01,81.67
ENG-00022,2026-01-01,75.99,79.95,70.78,84.29
ENG-00022,2026-02-01,77.88,73.31,72.98,78.65
ENG-00022,2026-03-01,79.43,66.89,85.63,77.32
ENG-00022,2026-04-01,69.04,69.42,76.36,76.93
ENG-00022,2026-05-01,73.43,76.82,68.87,80.37
ENG-00022,2026-06-01,74.46,74.18,70.21,68.02
ENG-00022,2026-07-01,74.31,66.45,74.9,75.49
ENG-00022,2026-08-01,75.0,75.3,69.13,76.23
ENG-00023,2026-08-01,77.62,75.47,77.58,72.84
ENG-00023,2026-09-01,69.96,70.33,62.03,66.29
ENG-00023,2026-10-01,70.67,73.95,64.65,71.11
ENG-00023,2026-11-01,57.39,56.21,54.85,59.44
ENG-00023,2026-12-01,57.9,44.86,51.23,54.69
ENG-00024,2024-07-01,85.61,89.6,100.0,84.04
ENG-00024,2024-08-01,80.41,70.15,78.13,76.51
ENG-00024,2024-09-01,82.72,77.71,79.21,84.53
ENG-00024,2024-10-01,86.14,81.97,85.37,83.91
ENG-00024,2024-11-01,81.98,77.23,85.51,85.37
ENG-00024,2024-12-01,70.92,61.19,83.48,75.12
ENG-00024,2025-01-01,77.74,67.25,83.09,83.28
ENG-00024,2025-02-01,94.18,88.88,86.0,87.51
ENG-00024,2025-03-01,74.35,72.86,77.05,87.71
ENG-00024,2025-04-01,90.08,90.61,93.94,86.0
ENG-00025,2024-12-01,70.31,73.95,70.8,76.7
ENG-00025,2025-01-01,82.22,82.51,85.65,80.76
ENG-00025,2025-02-01,73.5,74.01,72.4,81.92
ENG-00025,2025-03-01,78.8,71.29,93.26,74.45
ENG-00025,2025-04-01,73.02,78.87,75.1,80.24
ENG-00025,2025-05-01,77.4,66.29,68.14,77.71
ENG-00025,2025-06-01,75.2,68.35,73.25,76.15
ENG-00025,2025-07-01,68.51,68.46,78.94,81.93
ENG-00025,2025-08-01,78.6,79.47,84.09,80.16
ENG-00025,2025-09-01,73.46,77.46,80.02,78.02
ENG-00025,2025-10-01,66.32,74.51,80.04,80.95
ENG-00025,2025-11-01,77.42,76.51,77.91,79.62
ENG-00026,2025-02-01,81.06,84.83,78.25,85.45
ENG-00026,2025-03-01,78.37,85.83,76.44,76.0
ENG-00026,2025-04-01,76.07,66.01,76.76,65.61
ENG-00026,2025-05-01,62.14,62.71,69.1,63.75
ENG-00027,2024-07-01,72.53,77.85,81.03,84.67
ENG-00027,2024-08-01,74.66,77.76,65.46,79.86
ENG-00027,2024-09-01,79.01,82.75,77.03,83.12
ENG-00027,2024-10-01,72.74,65.92,73.47,70.78
ENG-00027,2024-11-01,81.94,72.15,70.47,79.3
ENG-00027,2024-12-01,82.76,69.6,86.9,80.52
ENG-00027,2025-01-01,81.23,81.72,86.81,80.5
ENG-00027,2025-02-01,75.92,81.82,85.53,81.82
ENG-00027,2025-03-01,86.35,73.59,76.09,80.7
ENG-00027,2025-04-01,78.19,78.64,73.79,76.83
ENG-00027,2025-05-01,64.7,70.45,72.51,77.87
ENG-00027,2025-06-01,80.08,71.9,81.75,79.82
ENG-00027,2025-07-01,73.38,72.5,72.41,78.95
ENG-00028,2026-07-01,83.13,82.56,83.43,82.51
ENG-00028,2026-08-01,81.35,70.54,79.82,80.99
ENG-00029,2024-04-01,78.64,73.59,83.4,84.61
ENG-00029,2024-05-01,78.08,74.26,76.27,82.64
ENG-00029,2024-06-01,77.31,74.68,81.47,81.01
ENG-00029,2024-07-01,81.03,80.94,83.15,85.19
ENG-00029,2024-08-01,68.33,86.05,98.71,80.54
ENG-00029,2024-09-01,86.5,79.72,86.87,74.33
ENG-00029,2024-10-01,63.97,64.97,71.76,72.43
ENG-00030,2024-08-01,80.43,76.63,79.06,78.36
ENG-00030,2024-09-01,81.63,69.75,70.09,74.56
ENG-00030,2024-10-01,69.04,72.51,76.64,73.96
ENG-00030,2024-11-01,78.85,76.56,73.91,79.45
ENG-00030,2024-12-01,89.17,68.95,74.98,78.62
ENG-00030,2025-01-01,86.88,71.72,76.21,77.03
ENG-00030,2025-02-01,72.55,64.61,78.85,80.35
ENG-00030,2025-03-01,72.01,70.27,62.66,74.95
ENG-00030,2025-04-01,74.22,66.63,74.74,76.41
ENG-00030,2025-05-01,65.24,59.07,73.59,74.6
ENG-00030,2025-06-01,76.55,73.74,86.72,77.86
ENG-00030,2025-07-01,76.85,70.15,74.23,78.12
ENG-00030,2025-08-01,78.2,79.42,76.82,82.08
ENG-00031,2024-08-01,77.84,70.56,70.21,75.41
ENG-00031,2024-09-01,71.87,65.28,75.33,72.86
ENG-00031,2024-10-01,69.8,70.73,72.77,79.5
ENG-00031,2024-11-01,83.41,80.74,83.32,77.84
ENG-00031,2024-12-01,76.94,62.93,76.88,72.45
ENG-00031,2025-01-01,79.37,64.86,70.68,69.31
ENG-00031,2025-02-01,78.24,77.35,84.52,80.7
ENG-00031,2025-03-01,84.11,78.05,79.1,77.13
ENG-00031,2025-04-01,74.61,72.81,77.93,78.78
ENG-00031,2025-05-01,75.07,77.13,76.28,80.71
ENG-00031,2025-06-01,86.91,67.65,70.34,77.52
ENG-00032,2024-11-01,70.87,82.38,72.01,82.94
ENG-00032,2024-12-01,88.2,79.92,92.97,77.49
ENG-00032,2025-01-01,78.23,80.99,85.96,85.01
ENG-00032,2025-02-01,77.3,75.26,77.78,82.51
ENG-00032,2025-03-01,73.19,75.22,74.99,83.44
ENG-00032,2025-04-01,86.95,80.72,75.54,82.61
ENG-00032,2025-05-01,76.66,76.27,69.7,77.0
ENG-00032,2025-06-01,84.32,79.23,79.47,83.44
ENG-00032,2025-07-01,68.37,78.92,86.23,84.22
ENG-00032,2025-08-01,81.96,89.6,79.39,83.06
ENG-00032,2025-09-01,70.49,69.81,70.17,80.77
ENG-00033,2025-02-01,66.68,59.28,66.24,66.02
ENG-00033,2025-03-01,64.57,62.31,56.72,66.07
ENG-00033,2025-04-01,58.37,61.41,54.22,65.91
ENG-00033,2025-05-01,58.49,49.05,54.51,55.62
ENG-00034,2025-01-01,81.33,76.24,80.41,83.9
ENG-00034,2025-02-01,73.45,78.21,80.88,76.34
ENG-00034,2025-03-01,65.06,63.6,65.13,65.52
ENG-00034,2025-04-01,71.86,68.07,53.24,56.46
ENG-00034,2025-05-01,65.19,55.87,58.02,57.59
ENG-00035,2024-08-01,86.52,94.83,89.07,88.04
ENG-00035,2024-09-01,83.4,87.07,98.58,88.38
ENG-00035,2024-10-01,88.32,81.11,83.91,88.28
ENG-00035,2024-11-01,84.26,92.86,88.45,88.54
ENG-00035,2024-12-01,85.88,86.43,93.73,90.78
ENG-00035,2025-01-01,94.39,89.68,90.03,91.87
ENG-00035,2025-02-01,88.05,92.71,98.33,93.38
ENG-00035,2025-03-01,86.87,83.35,84.45,91.7
ENG-00035,2025-04-01,72.57,80.97,100.0,85.54
ENG-00036,2024-04-01,71.54,65.96,70.32,80.07
ENG-00036,2024-05-01,87.22,64.42,76.86,72.29
ENG-00036,2024-06-01,78.66,65.76,71.32,72.4
ENG-00036,2024-07-01,77.94,74.65,84.78,77.61
ENG-00036,2024-08-01,81.23,71.3,84.66,78.73
ENG-00036,2024-09-01,73.2,74.14,76.41,73.2
ENG-00036,2024-10-01,75.05,77.04,69.62,81.86
ENG-00036,2024-11-01,76.67,86.09,86.29,77.75
ENG-00036,2024-12-01,74.19,71.81,72.38,78.14
ENG-00036,2025-01-01,78.16,72.92,68.22,75.33
ENG-00037,2024-03-01,75.06,76.69,74.48,80.21
ENG-00037,2024-04-01,70.01,75.33,82.51,73.27
ENG-00037,2024-05-01,85.55,76.3,81.93,73.71
ENG-00037,2024-06-01,79.4,75.13,91.12,77.17
ENG-00037,2024-07-01,76.12,67.28,77.71,72.88
ENG-00037,2024-08-01,75.3,64.01,80.49,75.65
ENG-00037,2024-09-01,80.96,81.02,73.94,82.14
ENG-00037,2024-10-01,73.08,74.98,77.18,80.68
ENG-00037,2024-11-01,73.45,77.16,77.21,79.88
ENG-00037,2024-12-01,77.81,71.78,79.15,71.92
ENG-00037,2025-01-01,70.38,73.59,74.43,75.79
ENG-00038,2024-08-01,77.34,82.02,88.7,75.71
ENG-00038,2024-09-01,77.13,70.88,76.67,83.47
ENG-00038,2024-10-01,69.39,76.26,75.88,79.34
ENG-00038,2024-11-01,85.31,87.74,75.69,86.09
ENG-00038,2024-12-01,78.77,80.2,77.03,83.45
ENG-00038,2025-01-01,84.17,87.1,81.98,85.39
ENG-00038,2025-02-01,78.42,81.13,72.37,84.27
ENG-00038,2025-03-01,78.31,86.47,82.81,82.71
ENG-00038,2025-04-01,75.26,77.52,84.24,85.14
ENG-00038,2025-05-01,76.75,73.13,75.11,78.08
ENG-00039,2024-03-01,74.63,80.85,67.46,81.04
ENG-00039,2024-04-01,84.46,78.75,85.07,78.88
ENG-00039,2024-05-01,75.56,75.84,77.35,68.35
ENG-00039,2024-06-01,80.09,70.76,75.27,77.86
ENG-00039,2024-07-01,83.1,75.38,89.19,82.69
ENG-00039,2024-08-01,87.31,78.93,86.06,80.66
ENG-00039,2024-09-01,80.35,79.09,72.95,79.03
ENG-00039,2024-10-01,78.6,73.34,71.75,73.98
ENG-00039,2024-11-01,85.66,71.88,87.23,79.79
ENG-00039,2024-12-01,75.54,78.53,80.97,78.18
ENG-00039,2025-01-01,75.1,77.61,75.81,73.41
ENG-00039,2025-02-01,82.76,72.38,93.49,75.88
ENG-00039,2025-03-01,83.74,70.97,72.48,74.95
ENG-00040,2024-08-01,79.37,82.64,79.46,76.7
ENG-00040,2024-09-01,72.96,74.05,77.38,80.6
ENG-00040,2024-10-01,68.1,56.03,76.73,69.85
ENG-00040,2024-11-01,73.64,78.64,76.55,74.82
ENG-00040,2024-12-01,63.36,57.09,81.35,79.28
ENG-00040,2025-01-01,91.59,85.02,82.73,84.13
ENG-00040,2025-02-01,75.82,86.23,82.63,83.31
ENG-00040,2025-03-01,76.54,67.53,75.72,82.29
ENG-00040,2025-04-01,79.52,67.89,75.05,77.59
ENG-00040,2025-05-01,75.56,86.61,76.35,83.43
ENG-00040,2025-06-01,76.71,71.23,81.86,82.37
ENG-00040,2025-07-01,66.02,69.91,76.84,77.58
ENG-00040,2025-08-01,77.09,73.62,74.6,77.5
ENG-00041,2025-11-01,80.99,76.01,82.6,78.38
ENG-00041,2025-12-01,76.12,82.14,70.83,82.59
ENG-00041,2026-01-01,73.06,78.53,86.44,75.85
ENG-00041,2026-02-01,67.37,75.52,68.66,82.25
ENG-00041,2026-03-01,73.78,69.0,78.11,80.75
ENG-00041,2026-04-01,65.55,70.2,73.19,78.73
ENG-00041,2026-05-01,76.38,69.6,77.97,79.35
ENG-00041,2026-06-01,79.04,79.42,81.97,77.4
ENG-00041,2026-07-01,80.68,69.02,77.12,78.84
ENG-00041,2026-08-01,72.97,70.77,79.78,80.22
ENG-00042,2024-01-01,85.97,80.29,85.37,88.2
ENG-00042,2024-02-01,67.94,72.06,75.38,77.17
ENG-00042,2024-03-01,71.93,61.07,67.68,66.68
ENG-00042,2024-04-01,65.82,57.56,57.2,64.34
ENG-00043,2025-11-01,72.42,68.38,72.07,79.37
ENG-00043,2025-12-01,75.64,75.13,100.0,82.89
ENG-00043,2026-01-01,76.67,79.27,78.16,84.49
ENG-00043,2026-02-01,81.94,80.02,77.09,85.89
ENG-00043,2026-03-01,74.38,87.2,82.15,81.95
ENG-00043,2026-04-01,80.68,73.77,79.39,77.32
ENG-00043,2026-05-01,75.76,73.8,75.86,82.81
ENG-00043,2026-06-01,79.85,76.75,81.37,76.34
ENG-00044,2025-08-01,67.92,62.3,60.97,68.85
ENG-00044,2025-09-01,63.99,67.81,73.24,74.48
ENG-00044,2025-10-01,61.63,62.99,73.29,75.74
ENG-00044,2025-11-01,72.77,69.23,79.07,74.76
ENG-00044,2025-12-01,77.79,74.47,71.9,72.51
ENG-00044,2026-01-01,74.84,84.01,76.06,73.73
ENG-00044,2026-02-01,77.23,71.47,80.5,75.14
ENG-00044,2026-03-01,73.95,72.83,73.73,79.13
ENG-00044,2026-04-01,73.43,61.46,67.66,73.6
ENG-00045,2025-10-01,85.06,76.0,93.47,79.26
ENG-00045,2025-11-01,79.31,82.76,84.47,79.52
ENG-00045,2025-12-01,85.27,74.46,71.75,73.9
ENG-00045,2026-01-01,77.12,74.83,87.6,79.68
ENG-00045,2026-02-01,80.88,69.15,76.79,80.49
ENG-00045,2026-03-01,76.29,73.8,83.27,80.42
ENG-00045,2026-04-01,77.63,82.53,75.74,85.05
ENG-00045,2026-05-01,76.67,94.34,82.8,86.06
ENG-00045,2026-06-01,80.41,66.36,71.57,77.63
ENG-00045,2026-07-01,77.09,69.03,81.44,83.03
ENG-00045,2026-08-01,74.31,67.3,86.62,86.47
ENG-00046,2026-08-01,64.66,59.74,67.75,67.84
ENG-00046,2026-09-01,72.04,67.82,71.03,73.12
ENG-00046,2026-10-01,55.62,59.04,65.83,64.23
ENG-00046,2026-11-01,58.18,53.39,48.89,51.86
ENG-00047,2025-05-01,74.59,63.84,71.36,74.83
ENG-00047,2025-06-01,65.15,72.79,76.1,71.3
ENG-00047,2025-07-01,68.31,61.83,80.78,77.09
ENG-00047,2025-08-01,72.44,68.81,69.94,76.8
ENG-00047,2025-09-01,78.17,79.39,81.75,78.32
ENG-00047,2025-10-01,68.58,68.44,68.62,77.42
ENG-00047,2025-11-01,72.21,64.73,70.2,68.94
ENG-00047,2025-12-01,61.94,71.47,66.48,71.91
ENG-00047,2026-01-01,62.54,47.41,60.56,53.37
ENG-00047,2026-02-01,59.06,59.37,57.05,58.17
ENG-00047,2026-03-01,62.37,66.12,64.17,57.02
ENG-00048,2024-12-01,72.78,75.62,77.41,83.77
ENG-00048,2025-01-01,75.51,65.05,65.32,81.55
ENG-00048,2025-02-01,81.21,73.94,86.91,81.73
ENG-00048,2025-03-01,86.15,75.43,87.48,79.05
ENG-00048,2025-04-01,77.29,81.1,79.98,85.14
ENG-00048,2025-05-01,78.98,74.05,73.99,80.84
ENG-00048,2025-06-01,82.12,70.91,84.92,89.11
ENG-00048,2025-07-01,83.22,86.49,77.55,87.58
ENG-00048,2025-08-01,78.92,63.19,76.19,81.35
ENG-00048,2025-09-01,75.93,72.49,89.76,83.34
ENG-00048,2025-10-01,85.66,70.76,86.1,86.05
ENG-00049,2024-03-01,79.08,69.64,83.31,86.13
ENG-00049,2024-04-01,97.2,81.6,88.86,90.03
ENG-00049,2024-05-01,86.31,82.25,88.25,88.77
ENG-00049,2024-06-01,74.52,85.33,76.6,87.02
ENG-00049,2024-07-01,86.64,88.07,90.56,88.89
ENG-00049,2024-08-01,81.83,86.93,82.33,86.58
ENG-00049,2024-09-01,81.86,93.93,97.5,91.31
ENG-00049,2024-10-01,83.96,84.92,76.8,90.29
ENG-00049,2024-11-01,83.21,84.52,93.03,85.91
ENG-00049,2024-12-01,77.46,75.86,81.52,86.14
ENG-00049,2025-01-01,78.41,79.07,79.84,86.69
ENG-00049,2025-02-01,88.81,84.11,95.86,86.15
ENG-00050,2025-09-01,83.01,84.89,93.81,82.08
ENG-00050,2025-10-01,74.44,74.84,76.76,80.52
ENG-00050,2025-11-01,73.63,78.49,75.99,85.96
ENG-00050,2025-12-01,76.48,76.71,82.9,81.33
ENG-00050,2026-01-01,74.42,67.43,68.81,68.58
ENG-00050,2026-02-01,60.14,58.37,59.67,64.61
ENG-00051,2024-08-01,85.31,78.01,88.25,90.58
ENG-00051,2024-09-01,79.16,74.58,94.72,85.14
ENG-00051,2024-10-01,80.88,80.13,88.89,75.93
ENG-00051,2024-11-01,75.34,82.06,76.97,83.01
ENG-00051,2024-12-01,79.42,85.81,87.65,85.78
ENG-00051,2025-01-01,85.81,82.26,91.55,85.92
ENG-00051,2025-02-01,84.37,70.2,81.97,85.37
ENG-00051,2025-03-01,74.8,67.8,77.33,78.26
ENG-00051,2025-04-01,88.16,83.62,87.49,84.87
ENG-00051,2025-05-01,87.11,70.21,79.77,82.24
ENG-00051,2025-06-01,83.3,83.76,91.04,91.38
ENG-00052,2024-05-01,67.03,42.8,56.64,53.79
ENG-00052,2024-06-01,60.44,67.23,64.76,65.3
ENG-00052,2024-07-01,65.3,50.42,56.38,52.92
ENG-00052,2024-08-01,65.52,55.93,62.63,55.91
ENG-00052,2024-09-01,69.36,64.79,63.54,61.66
ENG-00052,2024-10-01,64.97,72.79,58.61,66.56
ENG-00052,2024-11-01,68.07,63.22,65.79,65.83
ENG-00052,2024-12-01,58.98,65.12,67.49,63.71
ENG-00052,2025-01-01,66.89,61.27,55.14,67.66
ENG-00053,2025-10-01,74.78,81.98,76.69,89.15
ENG-00053,2025-11-01,83.5,88.07,83.88,89.62
ENG-00053,2025-12-01,81.3,80.36,86.67,88.86
ENG-00053,2026-01-01,83.33,76.75,92.26,86.43
ENG-00053,2026-02-01,81.59,75.59,83.43,86.61
ENG-00053,2026-03-01,71.39,73.6,82.61,83.99
ENG-00053,2026-04-01,80.93,83.35,85.77,87.94
ENG-00053,2026-05-01,77.08,82.02,80.13,85.77
ENG-00053,2026-06-01,76.61,74.07,86.41,80.96
ENG-00053,2026-07-01,81.49,74.99,85.21,86.83
ENG-00054,2025-05-01,78.34,73.55,72.72,66.21
ENG-00054,2025-06-01,67.03,69.0,61.36,75.72
ENG-00054,2025-07-01,58.55,58.24,50.04,68.6
ENG-00054,2025-08-01,73.01,73.05,74.99,74.0
ENG-00054,2025-09-01,67.51,71.98,58.5,73.81
ENG-00054,2025-10-01,69.66,72.17,69.8,78.23
ENG-00054,2025-11-01,70.87,66.65,73.01,74.28
ENG-00054,2025-12-01,76.98,68.95,65.58,68.01
ENG-00054,2026-01-01,75.56,66.92,77.58,71.49
ENG-00054,2026-02-01,73.75,70.99,82.87,73.65
ENG-00054,2026-03-01,69.02,77.54,74.27,77.51
ENG-00055,2024-02-01,78.65,79.91,74.95,83.08
ENG-00055,2024-03-01,83.24,79.06,86.06,85.83
ENG-00055,2024-04-01,80.54,79.53,88.22,82.12
ENG-00055,2024-05-01,91.97,86.04,89.9,86.25
ENG-00055,2024-06-01,76.03,66.2,75.9,78.89
ENG-00055,2024-07-01,77.77,75.17,85.74,81.71
ENG-00055,2024-08-01,72.04,80.76,73.63,82.32
ENG-00056,2024-05-01,77.01,89.86,83.04,84.9
ENG-00056,2024-06-01,77.32,82.51,78.7,83.68
ENG-00056,2024-07-01,81.52,76.56,78.63,86.71
ENG-00056,2024-08-01,79.84,87.91,87.84,80.24
ENG-00056,2024-09-01,82.13,68.09,78.22,82.82
ENG-00056,2024-10-01,79.3,76.48,83.34,82.45
ENG-00056,2024-11-01,72.97,83.71,74.66,76.24
ENG-00056,2024-12-01,77.53,81.85,86.12,82.52
ENG-00056,2025-01-01,82.07,85.63,79.46,78.39
ENG-00056,2025-02-01,80.27,83.8,75.05,81.89
ENG-00056,2025-03-01,86.4,79.87,76.17,83.85
ENG-00056,2025-04-01,80.64,80.41,84.21,83.69
ENG-00057,2024-06-01,72.93,67.21,80.9,77.98
ENG-00057,2024-07-01,70.58,75.63,76.58,78.76
ENG-00057,2024-08-01,80.43,72.6,74.63,82.36
ENG-00057,2024-09-01,75.66,84.8,78.53,81.31
ENG-00057,2024-10-01,85.21,84.89,89.01,85.35
ENG-00057,2024-11-01,74.54,78.77,86.79,76.21
ENG-00057,2024-12-01,70.32,84.32,81.31,80.27
ENG-00057,2025-01-01,70.43,74.68,71.08,76.33
ENG-00057,2025-02-01,83.6,78.52,81.27,77.94
ENG-00057,2025-03-01,71.41,76.71,76.27,81.34
ENG-00057,2025-04-01,85.68,72.12,80.84,83.59
ENG-00057,2025-05-01,84.33,78.36,89.51,82.9
ENG-00057,2025-06-01,78.55,75.57,75.96,77.54
ENG-00058,2025-08-01,73.35,64.81,80.63,75.46
ENG-00058,2025-09-01,69.85,75.36,77.88,78.64
ENG-00058,2025-10-01,72.16,71.89,88.77,76.67
ENG-00058,2025-11-01,69.12,83.14,75.76,80.6
ENG-00058,2025-12-01,82.41,79.6,74.41,84.32
ENG-00058,2026-01-01,74.98,81.98,72.59,80.07
ENG-00058,2026-02-01,85.26,88.47,89.82,83.53
ENG-00058,2026-03-01,77.67,75.51,69.2,70.27
ENG-00058,2026-04-01,70.61,74.09,76.79,80.48
ENG-00058,2026-05-01,73.7,68.1,72.41,77.77
ENG-00058,2026-06-01,73.47,86.79,89.6,81.59
ENG-00058,2026-07-01,67.62,63.0,78.51,74.27
ENG-00058,2026-08-01,84.34,75.28,72.82,76.09
ENG-00059,2024-09-01,67.54,63.46,53.13,70.39
ENG-00059,2024-10-01,59.71,66.74,75.36,72.59
ENG-00059,2024-11-01,67.94,72.92,65.82,74.57
ENG-00059,2024-12-01,76.92,80.08,86.74,74.56
ENG-00059,2025-01-01,77.05,69.11,73.6,71.58
ENG-00059,2025-02-01,76.34,71.45,82.49,69.0
ENG-00059,2025-03-01,72.42,73.36,71.35,73.5
ENG-00059,2025-04-01,83.03,77.3,89.25,76.87
ENG-00060,2025-04-01,76.43,72.85,75.71,74.44
ENG-00060,2025-05-01,72.62,60.06,67.55,70.23
ENG-00060,2025-06-01,74.61,76.16,84.46,82.57
ENG-00060,2025-07-01,74.05,72.76,75.52,80.77
ENG-00060,2025-08-01,73.99,75.26,64.66,74.45
ENG-00060,2025-09-01,81.03,74.48,74.93,74.87
ENG-00060,2025-10-01,79.8,80.94,68.6,77.69
ENG-00060,2025-11-01,79.49,77.41,75.04,81.32
ENG-00060,2025-12-01,81.55,80.88,78.23,79.42
ENG-00060,2026-01-01,76.52,77.3,74.3,79.96
ENG-00060,2026-02-01,80.49,79.34,71.44,73.39
ENG-00060,2026-03-01,72.12,75.78,66.65,78.93
ENG-00061,2025-10-01,78.98,62.69,81.34,80.2
ENG-00061,2025-11-01,71.49,66.9,71.43,78.07
ENG-00061,2025-12-01,73.24,70.36,69.32,73.06
ENG-00061,2026-01-01,63.14,63.28,67.96,71.88
ENG-00061,2026-02-01,68.72,51.03,56.73,57.55
ENG-00062,2024-01-01,89.1,78.11,96.19,89.18
ENG-00062,2024-02-01,76.62,73.57,81.65,85.3
ENG-00062,2024-03-01,83.24,80.36,86.26,91.1
ENG-00062,2024-04-01,82.09,86.72,86.44,88.65
ENG-00062,2024-05-01,90.42,90.13,87.27,89.85
ENG-00062,2024-06-01,81.12,67.96,81.15,86.65
ENG-00062,2024-07-01,81.7,78.47,85.26,89.48
ENG-00062,2024-08-01,79.95,79.29,77.95,89.39
ENG-00062,2024-09-01,85.1,88.74,79.89,88.65
ENG-00062,2024-10-01,83.37,85.21,100.0,90.36
ENG-00062,2024-11-01,83.74,87.64,90.78,90.27
ENG-00062,2024-12-01,88.48,86.31,99.08,86.47
ENG-00062,2025-01-01,92.69,77.37,84.91,86.51
ENG-00063,2025-11-01,63.19,63.21,62.39,75.21
ENG-00063,2025-12-01,66.81,63.85,58.83,70.71
ENG-00063,2026-01-01,66.8,58.72,73.22,66.17
ENG-00063,2026-02-01,74.83,72.12,74.64,73.41
ENG-00063,2026-03-01,60.25,62.05,66.92,68.75
ENG-00063,2026-04-01,65.66,65.49,67.25,70.04
ENG-00063,2026-05-01,63.31,70.37,61.89,72.37
ENG-00063,2026-06-01,63.22,71.63,65.95,66.7
ENG-00063,2026-07-01,66.79,62.48,51.33,69.15
ENG-00063,2026-08-01,71.72,65.61,73.25,70.0
ENG-00064,2024-08-01,86.1,87.29,73.87,83.1
ENG-00064,2024-09-01,75.54,64.98,72.71,74.81
ENG-00064,2024-10-01,57.96,58.67,68.74,75.36
ENG-00064,2024-11-01,80.28,83.82,77.43,75.7
ENG-00064,2024-12-01,71.23,67.74,74.9,69.95
ENG-00064,2025-01-01,70.82,68.63,66.75,77.18
ENG-00064,2025-02-01,83.28,73.75,72.5,79.25
ENG-00064,2025-03-01,68.6,70.08,71.36,72.76
ENG-00064,2025-04-01,76.04,69.02,75.84,69.86
ENG-00064,2025-05-01,67.25,61.19,59.54,63.91
ENG-00064,2025-06-01,69.96,69.19,61.99,63.6
ENG-00065,2024-06-01,88.94,81.27,74.97,82.87
ENG-00065,2024-07-01,86.75,74.4,76.11,78.12
ENG-00065,2024-08-01,70.97,71.32,74.34,76.65
ENG-00065,2024-09-01,81.86,81.0,83.9,88.59
ENG-00065,2024-10-01,81.03,68.8,79.42,84.82
ENG-00065,2024-11-01,73.07,79.31,88.09,85.99
ENG-00065,2024-12-01,98.74,84.16,87.29,85.26
ENG-00065,2025-01-01,79.25,81.78,89.36,89.69
ENG-00065,2025-02-01,86.13,86.89,86.28,84.18
ENG-00065,2025-03-01,60.03,69.04,62.92,77.15
ENG-00065,2025-04-01,77.28,72.3,84.38,82.64
ENG-00066,2024-06-01,65.51,68.81,59.53,69.7
ENG-00066,2024-07-01,59.79,52.52,64.91,65.9
ENG-00066,2024-08-01,67.91,68.53,69.29,71.2
ENG-00066,2024-09-01,63.15,63.99,62.73,72.15
ENG-00066,2024-10-01,68.7,59.86,68.69,67.74
ENG-00066,2024-11-01,69.66,66.69,63.5,66.62
ENG-00066,2024-12-01,71.39,65.43,57.35,65.75
ENG-00067,2024-02-01,86.82,96.28,85.34,91.09
ENG-00067,2024-03-01,82.7,90.5,85.91,89.08
ENG-00067,2024-04-01,88.85,76.95,86.16,89.42
ENG-00067,2024-05-01,79.16,88.77,92.27,86.51
ENG-00067,2024-06-01,80.71,78.94,78.29,85.96
ENG-00067,2024-07-01,74.06,81.12,79.51,84.34
ENG-00067,2024-08-01,72.63,72.81,82.79,79.47
ENG-00067,2024-09-01,78.0,70.2,81.04,67.98
ENG-00067,2024-10-01,76.46,72.84,71.56,70.03
ENG-00068,2026-08-01,82.9,72.98,89.8,80.22
ENG-00069,2026-05-01,66.3,62.02,72.21,72.86
ENG-00069,2026-06-01,69.28,68.37,63.71,76.6
ENG-00069,2026-07-01,70.55,68.57,73.56,77.3
ENG-00069,2026-08-01,80.09,61.08,72.7,74.49
ENG-00070,2026-04-01,81.84,92.21,87.83,83.58
ENG-00070,2026-05-01,85.49,84.59,81.41,84.67
ENG-00070,2026-06-01,83.78,81.09,89.82,88.63
ENG-00070,2026-07-01,76.85,73.8,80.38,86.39
ENG-00070,2026-08-01,83.41,68.81,75.39,83.66
ENG-00071,2025-07-01,81.11,68.21,71.05,80.44
ENG-00071,2025-08-01,74.18,74.88,76.18,81.07
ENG-00071,2025-09-01,86.65,81.45,90.56,78.67
ENG-00071,2025-10-01,75.46,62.53,69.31,68.46
ENG-00071,2025-11-01,71.73,53.69,63.71,66.79
ENG-00071,2025-12-01,62.71,65.89,56.0,61.53
ENG-00072,2024-04-01,71.41,71.16,64.26,75.59
ENG-00072,2024-05-01,70.16,65.13,74.77,67.6
ENG-00072,2024-06-01,67.08,70.55,63.77,69.42
ENG-00072,2024-07-01,75.48,68.57,71.02,73.65
ENG-00072,2024-08-01,66.38,67.49,75.85,76.13
ENG-00072,2024-09-01,65.87,71.9,69.34,73.76
ENG-00072,2024-10-01,69.47,63.74,76.72,67.95
ENG-00072,2024-11-01,70.95,69.87,71.1,74.71
ENG-00072,2024-12-01,74.71,65.42,71.52,70.87
ENG-00072,2025-01-01,63.76,65.39,68.21,72.05
ENG-00072,2025-02-01,73.42,63.89,63.29,74.85
ENG-00072,2025-03-01,75.69,72.46,65.54,70.72
ENG-00073,2025-05-01,73.01,68.88,85.5,70.16
ENG-00073,2025-06-01,71.38,76.89,80.19,75.65
ENG-00073,2025-07-01,71.3,77.36,72.39,72.82
ENG-00073,2025-08-01,75.68,64.45,65.18,77.3
ENG-00073,2025-09-01,81.42,83.92,86.09,83.28
ENG-00073,2025-10-01,79.55,65.32,72.2,74.31
ENG-00073,2025-11-01,71.26,66.58,72.68,77.35
ENG-00073,2025-12-01,80.96,75.39,70.97,80.18
ENG-00073,2026-01-01,75.45,71.27,78.58,77.44
ENG-00073,2026-02-01,75.94,60.45,62.89,76.54
ENG-00074,2026-03-01,93.86,81.8,91.57,85.54
ENG-00074,2026-04-01,79.73,78.34,78.47,85.04
ENG-00074,2026-05-01,86.32,78.38,86.97,85.23
ENG-00074,2026-06-01,77.08,76.65,81.54,84.0
ENG-00074,2026-07-01,74.51,79.23,83.29,83.13
ENG-00074,2026-08-01,77.41,76.22,70.92,80.1
ENG-00075,2025-07-01,73.72,73.68,73.08,79.61
ENG-00075,2025-08-01,81.12,87.65,88.64,89.77
ENG-00075,2025-09-01,79.97,84.9,80.41,83.23
ENG-00075,2025-10-01,72.97,73.99,80.97,85.68
ENG-00075,2025-11-01,84.97,77.5,93.86,87.73
ENG-00075,2025-12-01,90.67,88.4,83.64,88.61
ENG-00075,2026-01-01,85.22,80.92,86.11,87.31
ENG-00075,2026-02-01,85.22,88.24,91.45,91.08
ENG-00075,2026-03-01,84.2,72.33,93.57,88.53
ENG-00075,2026-04-01,83.01,76.84,81.27,84.0
ENG-00075,2026-05-01,87.32,92.28,91.61,92.02
ENG-00075,2026-06-01,89.27,86.35,96.67,87.34
ENG-00076,2026-02-01,80.78,73.36,77.16,76.42
ENG-00076,2026-03-01,73.75,75.56,86.3,85.66
ENG-00076,2026-04-01,88.35,77.0,78.4,86.8
ENG-00076,2026-05-01,81.73,82.9,82.15,85.65
ENG-00076,2026-06-01,83.21,84.22,83.16,83.69
ENG-00076,2026-07-01,68.09,59.28,76.66,80.43
ENG-00076,2026-08-01,84.23,84.62,89.07,82.14
ENG-00077,2026-01-01,89.58,84.94,93.34,90.04
ENG-00077,2026-02-01,86.74,89.15,87.41,89.15
ENG-00077,2026-03-01,75.44,83.59,96.68,90.45
ENG-00077,2026-04-01,79.42,82.46,85.82,91.17
ENG-00077,2026-05-01,86.72,85.96,87.28,91.09
ENG-00077,2026-06-01,81.32,79.68,92.9,89.81
ENG-00077,2026-07-01,81.64,91.74,85.32,93.45
ENG-00077,2026-08-01,84.02,82.97,80.66,85.69
ENG-00078,2026-06-01,74.87,73.14,72.95,81.05
ENG-00078,2026-07-01,76.37,76.55,84.43,73.11
ENG-00078,2026-08-01,77.0,67.94,65.42,66.29
ENG-00079,2025-12-01,82.6,75.65,86.98,85.8
ENG-00079,2026-01-01,81.26,69.91,78.4,78.79
ENG-00079,2026-02-01,73.66,68.83,68.37,73.47
ENG-00079,2026-03-01,64.19,64.76,68.12,68.5
ENG-00079,2026-04-01,73.85,64.58,60.58,58.22
ENG-00080,2024-06-01,64.34,70.28,61.91,67.7
ENG-00080,2024-07-01,69.61,64.61,66.79,62.83
ENG-00080,2024-08-01,54.06,51.6,63.31,49.5
ENG-00080,2024-09-01,57.76,47.06,52.97,51.67
ENG-00080,2024-10-01,55.7,53.32,43.72,47.55
ENG-00081,2026-05-01,90.07,71.9,90.66,81.39
ENG-00081,2026-06-01,75.43,76.06,81.75,83.49
ENG-00081,2026-07-01,90.56,94.24,90.48,88.93
ENG-00081,2026-08-01,79.04,74.82,76.15,86.5
ENG-00082,2024-11-01,89.66,82.49,85.24,88.73
ENG-00082,2024-12-01,89.4,89.6,91.26,85.89
ENG-00082,2025-01-01,85.16,82.92,83.02,85.21
ENG-00082,2025-02-01,80.2,73.93,83.95,84.81
ENG-00082,2025-03-01,72.89,70.24,81.11,83.58
ENG-00082,2025-04-01,79.12,79.8,86.29,89.1
ENG-00082,2025-05-01,84.16,77.32,84.31,85.62
ENG-00082,2025-06-01,94.64,77.27,90.49,86.18
ENG-00082,2025-07-01,81.81,83.01,77.33,82.34
ENG-00082,2025-08-01,82.64,75.83,81.79,81.39
ENG-00082,2025-09-01,81.8,88.79,82.68,86.94
ENG-00082,2025-10-01,76.68,74.95,83.3,85.74
ENG-00082,2025-11-01,74.96,68.54,72.0,82.63
ENG-00083,2026-04-01,76.87,74.52,76.14,82.65
ENG-00083,2026-05-01,86.05,77.16,86.54,88.46
ENG-00083,2026-06-01,74.42,78.36,84.33,88.04
ENG-00083,2026-07-01,71.35,64.79,85.04,83.13
ENG-00083,2026-08-01,82.1,79.78,88.83,80.36
ENG-00083,2026-09-01,77.16,63.3,82.25,77.15
ENG-00083,2026-10-01,59.99,64.76,67.48,62.18
ENG-00084,2024-08-01,69.6,75.66,82.09,76.43
ENG-00084,2024-09-01,80.8,76.63,77.86,79.61
ENG-00084,2024-10-01,66.36,70.75,74.5,78.5
ENG-00084,2024-11-01,76.41,63.12,78.48,73.57
ENG-00084,2024-12-01,73.73,65.96,71.71,77.54
ENG-00084,2025-01-01,73.29,63.72,70.86,79.06
ENG-00084,2025-02-01,67.04,67.82,79.75,81.85
ENG-00084,2025-03-01,78.46,78.01,75.41,76.21
ENG-00084,2025-04-01,75.25,62.46,71.62,71.55
ENG-00084,2025-05-01,67.37,67.84,75.28,72.68
ENG-00084,2025-06-01,73.21,74.62,75.57,70.1
ENG-00084,2025-07-01,68.56,72.21,75.36,78.06
ENG-00085,2025-02-01,66.95,76.03,73.47,77.88
ENG-00085,2025-03-01,67.69,78.0,68.02,75.26
ENG-00085,2025-04-01,72.76,75.73,77.43,76.39
ENG-00085,2025-05-01,72.76,69.72,70.82,74.77
ENG-00085,2025-06-01,78.76,73.45,82.25,81.22
ENG-00085,2025-07-01,79.88,82.92,84.24,85.53
ENG-00085,2025-08-01,70.28,76.48,79.64,78.62
ENG-00086,2024-06-01,82.77,80.16,87.2,81.37
ENG-00086,2024-07-01,82.94,74.5,78.83,81.69
ENG-00086,2024-08-01,80.16,78.35,82.09,80.16
ENG-00086,2024-09-01,72.86,74.54,75.43,81.95
ENG-00086,2024-10-01,68.88,71.79,90.1,63.4
ENG-00086,2024-11-01,73.88,68.09,67.08,71.92
ENG-00086,2024-12-01,61.38,59.17,48.02,58.98
ENG-00086,2025-01-01,66.25,56.06,60.7,54.31
ENG-00087,2025-08-01,71.82,74.2,65.87,67.66
ENG-00087,2025-09-01,61.29,65.68,62.85,68.18
ENG-00087,2025-10-01,62.07,58.96,62.67,69.41
ENG-00087,2025-11-01,75.22,72.88,80.93,72.04
ENG-00087,2025-12-01,75.28,71.02,66.22,71.71
ENG-00087,2026-01-01,69.78,65.61,69.48,69.65
ENG-00087,2026-02-01,74.28,57.5,70.15,65.72
ENG-00087,2026-03-01,59.36,75.22,64.69,70.12
ENG-00087,2026-04-01,66.06,55.68,66.61,59.94
ENG-00087,2026-05-01,67.06,69.02,75.0,76.19
ENG-00087,2026-06-01,74.32,56.61,74.68,67.1
ENG-00087,2026-07-01,61.82,69.93,64.58,73.98
ENG-00087,2026-08-01,64.28,54.31,64.97,66.09
ENG-00088,2024-04-01,88.22,81.75,80.31,78.22
ENG-00088,2024-05-01,72.66,71.24,78.38,80.15
ENG-00088,2024-06-01,77.52,74.08,89.82,80.52
ENG-00088,2024-07-01,74.83,80.01,80.91,85.82
ENG-00088,2024-08-01,77.35,75.56,64.41,82.0
ENG-00088,2024-09-01,77.19,78.31,84.11,81.18
ENG-00088,2024-10-01,88.2,80.01,81.31,86.69
ENG-00088,2024-11-01,69.9,75.43,79.84,78.67
ENG-00088,2024-12-01,79.41,85.15,92.79,78.59
ENG-00088,2025-01-01,77.45,89.77,96.74,84.25
ENG-00088,2025-02-01,87.09,88.53,80.23,86.55
ENG-00089,2025-06-01,76.85,76.36,74.79,81.39
ENG-00089,2025-07-01,79.38,66.6,68.52,72.04
ENG-00089,2025-08-01,57.66,60.75,66.27,69.57
ENG-00089,2025-09-01,74.5,62.74,62.1,63.82
ENG-00089,2025-10-01,56.93,47.57,64.27,53.01
ENG-00090,2026-03-01,74.87,85.79,93.21,86.52
ENG-00090,2026-04-01,79.79,80.27,76.76,86.15
ENG-00090,2026-05-01,78.14,78.08,74.79,82.67
ENG-00090,2026-06-01,81.45,82.81,84.41,86.24
ENG-00090,2026-07-01,77.08,79.27,83.91,81.0
ENG-00090,2026-08-01,86.6,78.82,90.82,74.96
ENG-00090,2026-09-01,83.93,79.69,78.38,75.81
ENG-00090,2026-10-01,84.18,77.16,59.59,72.73
ENG-00090,2026-11-01,73.81,67.76,77.79,74.47
ENG-00090,2026-12-01,67.83,61.13,75.13,57.03
ENG-00091,2024-08-01,76.79,80.36,88.62,84.86
ENG-00091,2024-09-01,79.27,86.14,92.54,84.94
ENG-00091,2024-10-01,74.17,79.16,77.21,84.26
ENG-00091,2024-11-01,80.22,78.16,83.33,81.85
ENG-00091,2024-12-01,79.21,69.22,86.01,82.72
ENG-00091,2025-01-01,74.63,73.47,72.15,85.64
ENG-00091,2025-02-01,81.0,67.42,79.55,75.43
ENG-00091,2025-03-01,81.38,69.51,79.18,82.91
ENG-00091,2025-04-01,68.44,68.8,82.59,83.26
ENG-00091,2025-05-01,86.07,78.66,89.23,84.71
ENG-00091,2025-06-01,79.09,87.91,72.31,85.79
ENG-00091,2025-07-01,79.82,83.56,80.03,84.71
ENG-00091,2025-08-01,78.76,75.19,81.3,83.87
ENG-00092,2026-07-01,87.98,80.93,90.2,89.81
ENG-00092,2026-08-01,76.89,74.43,80.25,85.81
ENG-00092,2026-09-01,74.15,69.18,80.68,79.74
ENG-00092,2026-10-01,70.28,68.01,79.74,81.2
ENG-00092,2026-11-01,60.09,64.51,78.45,71.85
ENG-00093,2025-02-01,83.47,74.07,84.52,70.07
ENG-00093,2025-03-01,69.41,75.6,72.7,73.89
ENG-00093,2025-04-01,76.57,73.07,79.51,74.87
ENG-00093,2025-05-01,63.71,71.67,61.68,74.75
ENG-00093,2025-06-01,71.49,74.91,73.23,75.04
ENG-00093,2025-07-01,64.51,74.26,75.67,74.53
ENG-00093,2025-08-01,67.15,65.03,73.52,77.58
ENG-00093,2025-09-01,74.04,72.39,79.8,78.63
ENG-00094,2024-02-01,87.81,88.93,88.14,92.56
ENG-00094,2024-03-01,93.61,87.62,90.49,90.36
ENG-00094,2024-04-01,86.85,91.51,86.99,90.8
ENG-00094,2024-05-01,81.38,91.26,80.79,91.26
ENG-00094,2024-06-01,90.75,83.49,89.61,92.38
ENG-00094,2024-07-01,80.23,82.01,84.59,92.08
ENG-00094,2024-08-01,95.8,90.75,100.0,94.07
ENG-00094,2024-09-01,88.82,81.65,96.0,91.15
ENG-00094,2024-10-01,89.36,75.07,87.28,84.01
ENG-00094,2024-11-01,83.11,88.33,89.84,89.86
ENG-00094,2024-12-01,84.96,78.53,81.83,89.07
ENG-00095,2025-06-01,79.98,73.02,75.77,74.75
ENG-00095,2025-07-01,82.85,71.44,69.16,76.13
ENG-00095,2025-08-01,77.6,70.43,76.64,76.55
ENG-00095,2025-09-01,70.56,60.54,71.14,72.31
ENG-00095,2025-10-01,75.67,64.0,71.05,69.3
ENG-00095,2025-11-01,63.5,70.18,70.67,63.93
ENG-00095,2025-12-01,65.88,53.04,52.11,55.18
ENG-00095,2026-01-01,69.4,68.46,57.16,67.97
ENG-00096,2025-06-01,83.94,82.89,78.49,89.1
ENG-00096,2025-07-01,79.23,79.38,87.52,79.46
ENG-00096,2025-08-01,80.64,84.07,86.12,87.15
ENG-00096,2025-09-01,79.09,85.18,82.57,83.23
ENG-00096,2025-10-01,84.93,75.49,100.0,77.87
ENG-00096,2025-11-01,87.85,80.57,85.97,87.21
ENG-00096,2025-12-01,85.17,82.16,81.89,82.16
ENG-00097,2025-10-01,88.95,78.3,77.37,87.68
ENG-00097,2025-11-01,82.9,91.98,96.66,86.03
ENG-00097,2025-12-01,83.09,70.14,88.53,81.18
ENG-00097,2026-01-01,80.55,83.58,85.67,86.8
ENG-00097,2026-02-01,70.17,76.46,67.77,75.69
ENG-00097,2026-03-01,80.23,89.26,81.08,83.93
ENG-00097,2026-04-01,79.4,75.39,87.88,75.91
ENG-00097,2026-05-01,80.43,74.33,78.12,73.13
ENG-00097,2026-06-01,69.33,66.64,91.52,81.93
ENG-00097,2026-07-01,85.15,75.34,81.17,80.67
ENG-00098,2024-03-01,70.9,81.68,76.98,84.27
ENG-00098,2024-04-01,76.52,75.44,67.63,81.29
ENG-00098,2024-05-01,79.6,72.08,78.83,75.46
ENG-00098,2024-06-01,67.45,66.62,84.81,76.84
ENG-00098,2024-07-01,80.27,72.21,69.05,69.85
ENG-00098,2024-08-01,61.39,55.5,55.87,57.07
ENG-00098,2024-09-01,57.6,45.24,52.17,50.63
ENG-00099,2024-11-01,76.35,81.33,77.1,81.05
ENG-00099,2024-12-01,72.61,85.09,84.58,82.44
ENG-00099,2025-01-01,81.63,83.64,75.11,84.63
ENG-00099,2025-02-01,74.52,82.83,82.56,86.07
ENG-00099,2025-03-01,78.31,82.36,78.3,86.02
ENG-00099,2025-04-01,75.95,81.06,80.12,83.53
ENG-00099,2025-05-01,69.7,71.83,74.2,77.31
ENG-00099,2025-06-01,82.2,88.46,84.16,86.77
ENG-00099,2025-07-01,86.68,84.14,91.56,89.4
ENG-00100,2024-01-01,82.38,70.28,67.48,75.8
ENG-00100,2024-02-01,80.01,90.9,71.99,82.18
ENG-00100,2024-03-01,70.79,63.78,81.56,74.1
ENG-00100,2024-04-01,71.68,75.36,75.69,80.94
ENG-00100,2024-05-01,74.49,80.81,74.77,72.47
ENG-00100,2024-06-01,72.68,72.22,83.65,74.33
ENG-00100,2024-07-01,77.7,81.75,71.24,77.89
ENG-00100,2024-08-01,70.4,67.33,75.68,74.85
ENG-00100,2024-09-01,62.49,54.64,69.94,71.86
ENG-00101,2024-07-01,81.35,82.62,86.64,82.61
ENG-00101,2024-08-01,89.4,85.79,83.47,85.54
ENG-00101,2024-09-01,88.65,72.25,84.32,73.84
ENG-00101,2024-10-01,80.26,82.17,82.89,87.06
ENG-00101,2024-11-01,75.28,73.41,90.77,84.56
ENG-00101,2024-12-01,84.99,79.63,78.67,84.82
ENG-00101,2025-01-01,81.4,74.93,77.77,79.49
ENG-00101,2025-02-01,76.65,82.33,85.32,83.91
ENG-00102,2024-08-01,76.91,63.29,72.88,78.1
ENG-00102,2024-09-01,72.92,83.56,74.02,80.33
ENG-00102,2024-10-01,72.97,78.0,80.06,77.64
ENG-00102,2024-11-01,80.77,75.8,70.56,78.51
ENG-00102,2024-12-01,76.41,76.54,75.3,80.68
ENG-00102,2025-01-01,89.01,82.35,81.74,86.52
ENG-00102,2025-02-01,70.82,69.8,79.55,78.79
ENG-00103,2025-04-01,76.7,77.82,84.41,80.8
ENG-00103,2025-05-01,77.26,72.53,66.09,77.67
ENG-00103,2025-06-01,70.46,71.15,52.91,67.39
ENG-00103,2025-07-01,49.04,50.08,56.31,56.42
ENG-00104,2025-07-01,78.04,81.38,66.23,71.28
ENG-00104,2025-08-01,79.63,68.08,88.86,73.65
ENG-00104,2025-09-01,67.51,58.81,61.7,73.28
ENG-00104,2025-10-01,61.76,61.55,60.61,69.32
ENG-00104,2025-11-01,75.65,74.78,71.05,71.67
ENG-00104,2025-12-01,66.73,67.87,64.58,73.14
ENG-00104,2026-01-01,65.14,69.89,72.74,68.34
ENG-00104,2026-02-01,78.62,71.51,73.06,69.77
ENG-00104,2026-03-01,75.63,81.2,77.66,76.12
ENG-00105,2024-12-01,78.39,69.05,71.45,78.17
ENG-00105,2025-01-01,75.36,72.5,64.52,72.9
ENG-00105,2025-02-01,65.74,73.27,72.29,73.24
ENG-00105,2025-03-01,81.02,65.92,72.59,70.8
ENG-00105,2025-04-01,76.86,62.86,77.87,75.2
ENG-00105,2025-05-01,71.82,78.28,72.03,76.98
ENG-00105,2025-06-01,70.87,69.15,80.0,77.88
ENG-00105,2025-07-01,72.02,66.7,72.91,69.94
ENG-00106,2024-03-01,70.16,62.9,61.25,70.1
ENG-00106,2024-04-01,73.54,60.93,67.21,71.68
ENG-00106,2024-05-01,64.69,55.02,73.44,62.3
ENG-00106,2024-06-01,71.52,70.19,66.77,68.29
ENG-00106,2024-07-01,65.21,62.48,61.91,65.15
ENG-00106,2024-08-01,67.78,66.01,63.16,68.17
ENG-00106,2024-09-01,63.63,61.02,75.49,65.95
ENG-00106,2024-10-01,69.65,65.54,68.42,69.63
ENG-00106,2024-11-01,58.67,55.29,56.83,59.61
ENG-00107,2026-03-01,84.09,82.59,91.56,90.21
ENG-00107,2026-04-01,90.43,90.52,85.03,90.44
ENG-00107,2026-05-01,80.21,81.87,78.71,85.18
ENG-00107,2026-06-01,81.78,82.61,73.13,87.4
ENG-00107,2026-07-01,85.7,78.75,84.23,90.47
ENG-00107,2026-08-01,86.24,85.75,82.0,87.09
ENG-00108,2024-07-01,79.24,76.77,80.97,76.71
ENG-00108,2024-08-01,75.6,82.57,82.3,79.48
ENG-00108,2024-09-01,81.33,69.81,89.75,76.68
ENG-00108,2024-10-01,74.63,69.56,76.51,70.88
ENG-00108,2024-11-01,78.61,84.27,83.04,80.6
ENG-00108,2024-12-01,88.36,84.2,83.03,82.55
ENG-00108,2025-01-01,71.4,68.6,77.44,80.6
ENG-00108,2025-02-01,77.35,62.35,76.17,71.54
ENG-00108,2025-03-01,81.65,65.95,77.91,78.98
ENG-00109,2025-06-01,75.41,83.02,89.96,87.97
ENG-00109,2025-07-01,79.83,85.39,89.42,87.23
ENG-00109,2025-08-01,87.61,91.37,97.7,88.43
ENG-00109,2025-09-01,87.13,88.31,82.05,88.28
ENG-00109,2025-10-01,87.93,90.07,96.83,84.48
ENG-00109,2025-11-01,79.79,82.08,90.69,86.61
ENG-00109,2025-12-01,89.71,100.0,100.0,92.06
ENG-00109,2026-01-01,86.75,87.78,92.45,89.78
ENG-00109,2026-02-01,87.74,77.29,83.04,91.5
ENG-00109,2026-03-01,92.84,87.07,86.94,90.54
ENG-00109,2026-04-01,92.55,88.62,92.58,90.46
ENG-00109,2026-05-01,83.46,80.1,90.17,87.17
ENG-00109,2026-06-01,80.62,98.13,85.86,92.13
ENG-00110,2024-07-01,83.61,76.1,89.67,84.58
ENG-00110,2024-08-01,84.03,79.35,81.81,86.54
ENG-00110,2024-09-01,92.9,85.19,79.64,86.12
ENG-00110,2024-10-01,86.2,82.94,81.5,87.03
ENG-00110,2024-11-01,73.83,66.7,81.13,85.46
ENG-00110,2024-12-01,79.04,82.36,84.55,83.82
ENG-00110,2025-01-01,74.92,68.79,93.38,81.9
ENG-00110,2025-02-01,65.8,77.3,66.08,78.89
ENG-00110,2025-03-01,81.1,78.44,63.62,73.28
ENG-00110,2025-04-01,62.6,68.97,60.4,71.32
ENG-00111,2025-08-01,68.68,70.14,67.94,73.41
ENG-00111,2025-09-01,79.1,72.98,71.99,75.02
ENG-00111,2025-10-01,74.12,70.32,71.01,74.62
ENG-00111,2025-11-01,61.23,68.79,58.39,64.04
ENG-00111,2025-12-01,72.56,76.13,72.2,74.5
ENG-00111,2026-01-01,68.04,61.48,66.05,70.14
ENG-00111,2026-02-01,76.18,69.79,68.09,75.74
ENG-00111,2026-03-01,70.44,67.42,73.75,70.31
ENG-00111,2026-04-01,63.42,65.17,68.25,70.23
ENG-00111,2026-05-01,67.31,65.07,74.99,65.78
ENG-00112,2025-07-01,80.06,89.7,84.29,89.99
ENG-00112,2025-08-01,90.01,80.17,80.49,91.18
ENG-00112,2025-09-01,85.31,78.63,85.57,90.93
ENG-00112,2025-10-01,77.38,71.34,100.0,88.44
ENG-00112,2025-11-01,82.35,79.27,87.77,90.83
ENG-00112,2025-12-01,96.44,92.29,90.26,93.26
ENG-00112,2026-01-01,72.64,70.15,80.05,86.79
ENG-00112,2026-02-01,87.11,96.14,92.07,94.36
ENG-00112,2026-03-01,83.47,84.55,80.29,92.08
ENG-00113,2026-08-01,93.07,81.4,91.25,91.02
ENG-00114,2024-04-01,72.77,65.94,65.75,73.0
ENG-00114,2024-05-01,65.14,67.51,63.19,71.35
ENG-00114,2024-06-01,71.82,68.28,67.38,71.24
ENG-00114,2024-07-01,78.96,72.79,65.51,77.43
ENG-00114,2024-08-01,79.08,72.83,74.56,70.43
ENG-00114,2024-09-01,70.88,65.85,66.39,71.42
ENG-00114,2024-10-01,64.0,70.76,61.18,69.9
ENG-00114,2024-11-01,62.83,74.65,72.15,73.05
ENG-00114,2024-12-01,69.14,58.83,67.02,67.95
ENG-00114,2025-01-01,73.68,65.62,71.03,74.92
ENG-00114,2025-02-01,78.08,75.59,80.53,67.99
ENG-00115,2025-02-01,63.79,56.68,58.05,67.97
ENG-00115,2025-03-01,65.77,63.4,65.55,64.98
ENG-00115,2025-04-01,64.18,60.34,67.33,70.66
ENG-00115,2025-05-01,70.53,66.89,72.31,68.96
ENG-00115,2025-06-01,82.46,64.34,77.76,71.38
ENG-00115,2025-07-01,80.04,66.33,73.57,68.8
ENG-00115,2025-08-01,64.9,64.41,64.11,73.78
ENG-00115,2025-09-01,75.17,65.98,70.07,67.09
ENG-00115,2025-10-01,72.78,73.46,74.57,73.17
ENG-00115,2025-11-01,75.47,71.11,66.94,72.45
ENG-00115,2025-12-01,71.15,73.6,67.68,77.76
ENG-00115,2026-01-01,64.61,58.66,71.19,67.28
ENG-00115,2026-02-01,63.0,70.11,66.29,76.25
ENG-00116,2025-12-01,90.19,86.75,89.38,92.25
ENG-00116,2026-01-01,92.43,83.76,78.12,91.04
ENG-00116,2026-02-01,78.77,87.36,95.75,89.83
ENG-00116,2026-03-01,81.98,79.17,78.23,87.83
ENG-00116,2026-04-01,86.96,92.81,98.23,90.84
ENG-00116,2026-05-01,87.83,82.8,82.81,84.93
ENG-00116,2026-06-01,83.86,85.92,92.52,90.28
ENG-00116,2026-07-01,86.59,82.21,89.67,82.78
ENG-00116,2026-08-01,90.89,86.85,90.71,90.31
ENG-00117,2026-07-01,73.9,65.91,69.0,62.33
ENG-00117,2026-08-01,70.53,63.0,60.47,63.99
ENG-00118,2025-07-01,73.62,80.0,66.83,72.06
ENG-00118,2025-08-01,64.26,69.25,68.69,68.81
ENG-00118,2025-09-01,62.11,64.23,65.41,59.29
ENG-00118,2025-10-01,69.07,68.94,57.22,66.38
ENG-00119,2025-08-01,62.79,60.03,64.66,65.73
ENG-00119,2025-09-01,76.88,77.77,76.68,71.81
ENG-00119,2025-10-01,64.94,61.95,63.39,66.69
ENG-00119,2025-11-01,63.37,45.57,52.38,56.99
ENG-00119,2025-12-01,54.46,55.27,55.3,53.66
ENG-00119,2026-01-01,55.59,49.06,47.0,46.91
ENG-00120,2024-09-01,78.57,77.93,87.28,87.73
ENG-00120,2024-10-01,94.05,79.14,92.28,93.74
ENG-00120,2024-11-01,81.3,82.97,80.62,84.62
ENG-00120,2024-12-01,75.14,73.27,78.46,86.48
ENG-00120,2025-01-01,81.79,86.15,87.24,89.14
ENG-00120,2025-02-01,81.04,81.94,84.38,92.52
ENG-00120,2025-03-01,80.7,70.93,88.17,85.24
ENG-00120,2025-04-01,82.23,84.43,96.54,91.89
ENG-00120,2025-05-01,84.32,91.58,94.46,92.9
ENG-00120,2025-06-01,83.49,80.7,94.74,91.35
ENG-00120,2025-07-01,73.05,77.98,87.13,90.85
ENG-00120,2025-08-01,79.92,83.86,82.41,91.52
ENG-00120,2025-09-01,84.02,80.03,94.2,91.11
ENG-00121,2025-02-01,82.76,83.79,85.45,79.19
ENG-00121,2025-03-01,81.94,76.33,77.58,82.41
ENG-00121,2025-04-01,73.73,75.21,70.77,78.16
ENG-00121,2025-05-01,74.99,75.25,77.73,80.78
ENG-00121,2025-06-01,77.63,75.57,81.62,73.94
ENG-00121,2025-07-01,69.97,71.04,72.16,75.63
ENG-00121,2025-08-01,74.11,74.79,74.2,75.44
ENG-00121,2025-09-01,78.98,75.86,77.79,85.6
ENG-00121,2025-10-01,79.01,73.08,77.83,74.8
ENG-00121,2025-11-01,78.76,79.54,83.82,83.58
ENG-00122,2025-07-01,80.81,82.27,80.68,77.84
ENG-00122,2025-08-01,74.55,76.72,75.41,75.3
ENG-00122,2025-09-01,70.35,81.91,70.4,77.26
ENG-00122,2025-10-01,79.81,77.04,93.31,83.88
ENG-00122,2025-11-01,70.1,66.1,78.59,71.26
ENG-00122,2025-12-01,78.59,77.94,87.84,81.81
ENG-00122,2026-01-01,72.78,58.54,78.79,75.62
ENG-00122,2026-02-01,82.92,83.38,89.97,80.23
ENG-00122,2026-03-01,76.45,77.02,81.44,81.11
ENG-00123,2025-06-01,64.34,75.77,68.88,74.03
ENG-00123,2025-07-01,76.75,69.58,75.03,75.7
ENG-00123,2025-08-01,71.49,78.14,75.95,72.68
ENG-00123,2025-09-01,70.13,72.02,68.14,74.04
ENG-00123,2025-10-01,77.26,68.13,75.17,71.66
ENG-00123,2025-11-01,77.18,71.56,77.54,78.9
ENG-00123,2025-12-01,74.78,70.69,73.22,71.85
ENG-00123,2026-01-01,69.57,75.15,67.37,76.38
ENG-00124,2025-06-01,81.46,79.83,87.84,84.75
ENG-00124,2025-07-01,83.63,81.52,92.9,84.44
ENG-00124,2025-08-01,72.12,80.91,74.58,81.87
ENG-00124,2025-09-01,75.0,79.08,82.63,83.29
ENG-00124,2025-10-01,72.64,67.16,77.25,77.35
ENG-00124,2025-11-01,73.04,77.82,75.73,84.66
ENG-00124,2025-12-01,75.04,72.27,87.12,84.21
ENG-00124,2026-01-01,77.9,70.91,75.02,73.93
ENG-00124,2026-02-01,71.47,68.53,67.63,74.97
ENG-00125,2026-07-01,76.53,73.64,74.51,78.09
ENG-00125,2026-08-01,72.29,70.79,74.29,70.44
ENG-00126,2025-04-01,62.45,61.44,63.22,70.82
ENG-00126,2025-05-01,75.83,56.28,67.6,65.18
ENG-00126,2025-06-01,63.23,59.22,51.05,62.92
ENG-00126,2025-07-01,63.6,64.08,56.71,56.68
ENG-00126,2025-08-01,48.4,50.56,43.26,50.94
ENG-00127,2024-10-01,81.34,72.24,77.89,83.29
ENG-00127,2024-11-01,80.01,77.32,78.61,81.74
ENG-00127,2024-12-01,74.1,78.48,71.85,76.87
ENG-00127,2025-01-01,81.65,78.67,82.35,85.51
ENG-00127,2025-02-01,83.19,87.04,75.51,82.77
ENG-00127,2025-03-01,83.6,80.45,84.19,83.88
ENG-00127,2025-04-01,76.72,66.97,86.12,74.39
ENG-00127,2025-05-01,83.98,76.0,84.8,82.11
ENG-00127,2025-06-01,75.01,68.87,86.86,80.61
ENG-00127,2025-07-01,78.36,69.38,91.23,77.54
ENG-00127,2025-08-01,71.17,79.03,74.92,71.81
ENG-00128,2025-11-01,77.35,79.44,85.22,84.27
ENG-00128,2025-12-01,76.77,70.52,71.99,81.73
ENG-00128,2026-01-01,76.62,72.45,76.78,79.6
ENG-00128,2026-02-01,81.03,85.16,82.62,81.18
ENG-00128,2026-03-01,72.81,81.96,82.94,82.85
ENG-00128,2026-04-01,81.27,74.23,75.48,75.59
ENG-00128,2026-05-01,72.78,69.5,73.49,76.31
ENG-00128,2026-06-01,77.82,71.61,85.22,78.53
ENG-00128,2026-07-01,76.54,68.05,72.13,77.55
ENG-00129,2026-07-01,75.98,80.86,88.26,86.32
ENG-00129,2026-08-01,84.48,76.23,83.34,87.5
ENG-00130,2024-06-01,78.58,74.42,79.0,75.19
ENG-00130,2024-07-01,82.83,68.03,82.93,81.1
ENG-00130,2024-08-01,73.34,72.68,78.72,78.76
ENG-00130,2024-09-01,61.18,58.14,71.2,74.08
ENG-00130,2024-10-01,72.79,69.69,72.09,78.89
ENG-00130,2024-11-01,72.29,77.44,78.16,76.62
ENG-00130,2024-12-01,75.12,75.87,74.23,74.11
ENG-00130,2025-01-01,65.73,60.26,78.85,73.56
ENG-00130,2025-02-01,75.69,63.71,70.06,70.75
ENG-00130,2025-03-01,79.05,72.63,83.44,76.47
ENG-00130,2025-04-01,67.6,68.96,58.78,75.65
ENG-00130,2025-05-01,67.4,66.58,71.53,71.29
ENG-00130,2025-06-01,72.78,70.87,74.05,75.17
ENG-00131,2025-02-01,86.64,88.34,84.04,89.97
ENG-00131,2025-03-01,83.53,87.9,87.24,89.33
ENG-00131,2025-04-01,80.34,82.88,100.0,89.8
ENG-00131,2025-05-01,90.19,83.2,100.0,88.43
ENG-00131,2025-06-01,86.19,85.6,88.25,88.23
ENG-00131,2025-07-01,73.51,75.01,83.86,89.31
ENG-00131,2025-08-01,82.2,78.82,86.72,90.42
ENG-00131,2025-09-01,78.45,76.56,89.17,90.26
ENG-00131,2025-10-01,93.22,96.2,92.67,95.11
ENG-00132,2024-12-01,81.13,77.05,84.64,81.68
ENG-00132,2025-01-01,75.62,72.14,58.4,79.27
ENG-00132,2025-02-01,78.57,68.61,74.6,77.08
ENG-00132,2025-03-01,74.83,69.21,86.24,76.69
ENG-00132,2025-04-01,74.97,76.67,80.13,78.72
ENG-00132,2025-05-01,68.47,70.72,73.91,71.88
ENG-00132,2025-06-01,75.56,78.3,82.72,79.05
ENG-00132,2025-07-01,79.87,80.34,72.92,76.85
ENG-00132,2025-08-01,72.3,76.43,74.46,85.04
ENG-00132,2025-09-01,81.6,72.04,68.04,79.15
ENG-00132,2025-10-01,73.83,70.91,85.53,82.45
ENG-00133,2025-12-01,78.92,78.24,77.05,77.44
ENG-00133,2026-01-01,82.62,82.08,75.33,67.55
ENG-00133,2026-02-01,78.35,68.53,71.87,72.09
ENG-00133,2026-03-01,86.83,78.65,71.93,81.39
ENG-00133,2026-04-01,77.76,75.78,77.5,74.13
ENG-00133,2026-05-01,73.28,68.85,67.53,71.46
ENG-00133,2026-06-01,76.74,65.24,72.02,78.47
ENG-00133,2026-07-01,69.32,70.05,82.86,71.06
ENG-00133,2026-08-01,74.08,73.54,77.21,78.49
ENG-00134,2025-09-01,67.6,65.73,76.65,80.56
ENG-00134,2025-10-01,73.85,71.04,75.71,78.4
ENG-00134,2025-11-01,76.51,73.79,83.26,75.81
ENG-00134,2025-12-01,83.73,78.59,77.58,76.35
ENG-00134,2026-01-01,79.78,80.74,65.75,81.22
ENG-00134,2026-02-01,80.98,80.01,73.53,76.59
ENG-00134,2026-03-01,67.69,64.17,68.58,75.0
ENG-00134,2026-04-01,75.7,74.56,79.19,81.43
ENG-00134,2026-05-01,77.09,80.79,71.2,79.07
ENG-00134,2026-06-01,74.7,77.86,77.33,82.78
ENG-00134,2026-07-01,73.73,74.86,75.02,78.56
ENG-00134,2026-08-01,81.53,67.32,74.24,80.24
ENG-00135,2024-04-01,80.09,76.89,77.94,77.43
ENG-00135,2024-05-01,68.47,67.04,81.3,73.67
ENG-00135,2024-06-01,70.13,78.45,64.91,75.81
ENG-00135,2024-07-01,71.31,62.23,70.48,68.3
ENG-00136,2024-05-01,68.66,61.88,69.84,71.79
ENG-00136,2024-06-01,74.93,73.55,75.06,79.94
ENG-00136,2024-07-01,76.44,86.42,61.52,71.73
ENG-00136,2024-08-01,74.61,62.06,67.35,65.65
ENG-00136,2024-09-01,61.17,61.03,57.77,57.36
ENG-00136,2024-10-01,54.52,44.91,52.71,52.38
ENG-00137,2026-07-01,63.52,65.61,71.37,67.7
ENG-00137,2026-08-01,70.13,67.28,65.22,72.01
ENG-00138,2024-06-01,88.56,84.6,80.8,89.36
ENG-00138,2024-07-01,89.29,95.18,93.13,93.71
ENG-00138,2024-08-01,76.55,81.64,78.97,90.19
ENG-00138,2024-09-01,83.75,84.2,89.04,84.41
ENG-00138,2024-10-01,86.95,77.41,98.08,87.16
ENG-00138,2024-11-01,84.67,86.46,85.76,79.6
ENG-00138,2024-12-01,82.5,84.73,81.87,89.04
ENG-00138,2025-01-01,91.61,85.42,92.9,89.59
ENG-00138,2025-02-01,85.83,73.87,96.81,93.35
ENG-00138,2025-03-01,92.68,84.21,86.58,90.4
ENG-00138,2025-04-01,84.67,87.38,94.06,92.69
ENG-00138,2025-05-01,89.97,81.31,81.53,85.14
ENG-00138,2025-06-01,87.8,84.65,97.69,92.27
ENG-00139,2025-03-01,80.1,78.77,76.04,84.63
ENG-00139,2025-04-01,83.4,81.77,93.83,86.41
ENG-00139,2025-05-01,77.0,71.2,67.84,81.2
ENG-00139,2025-06-01,69.57,86.73,82.69,86.59
ENG-00139,2025-07-01,89.55,74.45,76.17,86.96
ENG-00139,2025-08-01,81.51,63.23,84.23,79.2
ENG-00139,2025-09-01,77.71,71.68,86.89,79.45
ENG-00140,2025-07-01,71.96,67.54,75.47,71.17
ENG-00140,2025-08-01,82.76,76.47,80.41,73.38
ENG-00140,2025-09-01,71.55,61.37,66.27,71.99
ENG-00140,2025-10-01,69.03,74.45,63.79,70.8
ENG-00140,2025-11-01,72.11,79.55,75.19,75.06
ENG-00140,2025-12-01,73.84,71.91,80.54,77.43
ENG-00140,2026-01-01,82.88,74.94,82.55,73.35
ENG-00141,2026-06-01,85.29,76.04,90.04,85.14
ENG-00141,2026-07-01,78.39,91.4,89.6,82.95
ENG-00141,2026-08-01,72.9,72.29,83.43,73.43
ENG-00142,2025-07-01,77.26,73.9,76.56,74.98
ENG-00142,2025-08-01,67.33,62.49,58.61,67.09
ENG-00142,2025-09-01,55.55,51.64,51.78,60.16
ENG-00142,2025-10-01,55.43,59.18,52.96,66.39
ENG-00143,2025-08-01,83.29,82.28,82.8,87.38
ENG-00143,2025-09-01,83.3,82.35,77.06,83.13
ENG-00143,2025-10-01,88.73,79.79,83.88,87.29
ENG-00143,2025-11-01,71.57,82.08,86.1,86.3
ENG-00143,2025-12-01,75.37,86.78,82.32,86.27
ENG-00143,2026-01-01,83.23,82.0,85.65,87.32
ENG-00143,2026-02-01,84.25,80.26,86.16,86.87
ENG-00143,2026-03-01,81.94,84.59,91.16,85.73
ENG-00143,2026-04-01,92.39,74.64,91.93,76.76
ENG-00144,2026-04-01,77.22,75.89,85.84,86.92
ENG-00144,2026-05-01,84.15,78.51,86.13,86.18
ENG-00144,2026-06-01,90.18,91.31,87.98,88.64
ENG-00144,2026-07-01,76.9,83.63,81.02,85.44
ENG-00144,2026-08-01,80.52,79.55,88.41,88.33
ENG-00145,2026-01-01,68.63,71.54,73.04,73.48
ENG-00145,2026-02-01,84.89,81.7,86.36,79.8
ENG-00145,2026-03-01,83.53,84.12,84.36,80.33
ENG-00145,2026-04-01,73.33,80.7,80.25,76.48
ENG-00145,2026-05-01,83.21,69.33,67.47,80.35
ENG-00145,2026-06-01,78.23,88.29,90.95,80.87
ENG-00145,2026-07-01,78.83,70.91,76.12,78.73
ENG-00145,2026-08-01,80.1,83.5,73.44,79.78
ENG-00146,2025-06-01,74.57,83.65,82.43,83.2
ENG-00146,2025-07-01,81.36,77.67,74.72,84.99
ENG-00146,2025-08-01,78.79,76.32,79.25,85.53
ENG-00146,2025-09-01,67.68,71.53,81.9,85.6
ENG-00146,2025-10-01,88.63,94.53,84.05,84.29
ENG-00146,2025-11-01,71.64,76.05,84.59,88.18
ENG-00146,2025-12-01,81.54,69.56,89.21,80.99
ENG-00146,2026-01-01,80.93,67.0,79.3,83.07
ENG-00147,2025-11-01,70.12,57.74,73.33,62.74
ENG-00147,2025-12-01,65.83,61.96,57.2,66.43
ENG-00147,2026-01-01,62.73,54.63,59.62,65.31
ENG-00147,2026-02-01,62.85,60.6,60.34,63.66
ENG-00147,2026-03-01,63.45,57.22,50.19,61.83
ENG-00147,2026-04-01,70.31,60.89,64.74,56.49
ENG-00147,2026-05-01,59.91,48.84,57.25,53.01
ENG-00147,2026-06-01,61.6,54.9,58.63,64.76
ENG-00148,2024-08-01,69.33,65.4,64.97,69.39
ENG-00148,2024-09-01,72.61,64.7,68.14,66.32
ENG-00148,2024-10-01,70.88,65.96,67.6,59.03
ENG-00148,2024-11-01,55.41,60.59,68.11,65.93
ENG-00148,2024-12-01,77.85,64.91,68.92,72.28
ENG-00148,2025-01-01,69.93,74.25,72.65,72.38
ENG-00148,2025-02-01,70.97,62.76,57.32,65.03
ENG-00148,2025-03-01,72.6,65.57,74.1,61.97
ENG-00149,2024-08-01,83.17,72.81,85.24,83.91
ENG-00149,2024-09-01,83.22,77.46,85.43,84.33
ENG-00149,2024-10-01,78.14,78.73,86.24,80.91
ENG-00149,2024-11-01,74.0,78.55,76.55,81.76
ENG-00149,2024-12-01,86.83,84.15,80.82,81.1
ENG-00149,2025-01-01,78.46,79.15,83.53,86.06
ENG-00149,2025-02-01,84.84,81.32,84.53,84.98
ENG-00149,2025-03-01,78.38,72.7,74.83,80.25
ENG-00149,2025-04-01,72.3,70.92,87.9,78.82
ENG-00149,2025-05-01,87.85,71.78,78.61,78.82
ENG-00149,2025-06-01,79.95,65.84,85.23,79.14
ENG-00149,2025-07-01,80.25,78.13,82.64,83.44
ENG-00149,2025-08-01,82.78,90.21,81.44,83.04
ENG-00150,2025-07-01,77.17,76.26,67.66,81.54
ENG-00150,2025-08-01,84.32,77.0,66.2,76.18
ENG-00150,2025-09-01,67.84,70.16,74.48,77.09
ENG-00150,2025-10-01,72.27,69.0,64.66,78.33
ENG-00150,2025-11-01,76.26,82.54,80.34,79.68
ENG-00150,2025-12-01,77.22,76.84,87.2,81.52
ENG-00150,2026-01-01,83.52,69.25,72.08,79.32
ENG-00150,2026-02-01,77.67,74.16,85.17,79.0
ENG-00150,2026-03-01,73.47,78.93,80.26,83.76
ENG-00151,2026-08-01,90.88,79.33,85.95,87.38
ENG-00151,2026-09-01,64.13,70.36,63.81,70.77
ENG-00151,2026-10-01,72.35,61.49,73.37,67.33
ENG-00151,2026-11-01,66.43,60.29,57.5,63.84
ENG-00152,2025-09-01,76.11,69.95,72.43,76.79
ENG-00152,2025-10-01,66.65,67.8,68.58,79.17
ENG-00152,2025-11-01,81.43,84.0,80.17,82.12
ENG-00152,2025-12-01,74.13,71.56,75.69,78.58
ENG-00152,2026-01-01,74.38,76.44,85.15,75.27
ENG-00152,2026-02-01,68.97,67.15,76.63,77.4
ENG-00152,2026-03-01,73.36,60.96,74.97,75.33
ENG-00152,2026-04-01,76.66,82.35,78.77,81.23
ENG-00152,2026-05-01,82.29,80.23,90.73,79.61
ENG-00152,2026-06-01,77.31,88.27,72.0,83.62
ENG-00152,2026-07-01,79.38,79.47,87.61,78.33
ENG-00152,2026-08-01,75.92,69.23,76.49,72.24
ENG-00153,2025-10-01,80.17,74.36,79.21,77.83
ENG-00153,2025-11-01,77.83,74.86,67.77,69.05
ENG-00153,2025-12-01,81.46,78.53,83.07,75.02
ENG-00153,2026-01-01,75.31,67.42,84.26,71.66
ENG-00153,2026-02-01,65.83,62.55,79.8,64.86
ENG-00153,2026-03-01,75.26,64.21,62.16,68.04
ENG-00153,2026-04-01,60.58,55.58,58.47,64.2
ENG-00153,2026-05-01,55.16,47.6,49.73,52.72
ENG-00154,2026-06-01,59.67,59.56,71.01,67.59
ENG-00154,2026-07-01,60.95,58.18,57.81,66.42
ENG-00154,2026-08-01,53.0,60.76,51.52,58.92
ENG-00154,2026-09-01,49.86,46.45,56.43,49.46
ENG-00154,2026-10-01,52.28,42.39,40.19,39.04
ENG-00155,2024-02-01,80.97,74.73,79.36,82.73
ENG-00155,2024-03-01,77.24,72.87,82.57,80.55
ENG-00155,2024-04-01,80.36,90.58,87.04,87.69
ENG-00155,2024-05-01,81.59,78.71,84.46,84.4
ENG-00155,2024-06-01,86.52,86.09,83.07,82.92
ENG-00155,2024-07-01,81.41,81.99,84.09,86.36
ENG-00155,2024-08-01,83.04,76.27,84.82,84.01
ENG-00155,2024-09-01,84.35,78.17,85.75,85.57
ENG-00155,2024-10-01,81.31,80.68,84.26,90.47
ENG-00155,2024-11-01,81.48,85.88,82.12,85.7
ENG-00156,2024-10-01,77.77,71.02,75.89,81.29
ENG-00156,2024-11-01,68.28,65.21,72.78,72.6
ENG-00156,2024-12-01,69.89,63.94,72.28,64.37
ENG-00156,2025-01-01,58.3,59.81,58.44,61.55
ENG-00157,2024-02-01,73.77,77.78,75.28,76.93
ENG-00157,2024-03-01,69.63,76.49,70.95,76.8
ENG-00157,2024-04-01,76.23,69.72,81.92,82.86
ENG-00157,2024-05-01,76.88,81.92,81.98,76.91
ENG-00157,2024-06-01,71.54,78.07,75.36,77.83
ENG-00157,2024-07-01,74.38,85.7,82.71,82.16
ENG-00157,2024-08-01,71.73,76.21,76.37,78.49
ENG-00158,2026-06-01,72.79,72.72,76.42,76.25
ENG-00158,2026-07-01,72.22,64.43,69.35,72.84
ENG-00158,2026-08-01,55.75,53.79,66.42,60.91
ENG-00158,2026-09-01,54.8,52.36,56.53,53.24
ENG-00159,2025-07-01,77.39,75.12,74.18,81.04
ENG-00159,2025-08-01,69.5,83.95,79.32,80.44
ENG-00159,2025-09-01,85.08,75.37,83.86,85.8
ENG-00159,2025-10-01,77.73,83.26,76.29,82.83
ENG-00159,2025-11-01,67.85,75.58,72.84,78.43
ENG-00159,2025-12-01,71.74,66.92,80.41,77.64
ENG-00159,2026-01-01,75.5,71.22,76.19,76.13
ENG-00160,2025-05-01,67.92,72.31,71.14,79.13
ENG-00160,2025-06-01,70.69,67.85,77.83,78.53
ENG-00160,2025-07-01,76.7,72.79,77.99,77.01
ENG-00160,2025-08-01,75.78,70.21,77.72,82.13
ENG-00160,2025-09-01,78.79,84.57,84.51,79.07
ENG-00160,2025-10-01,75.5,77.14,73.19,77.63
ENG-00160,2025-11-01,82.1,73.2,73.61,79.02
ENG-00160,2025-12-01,81.03,77.1,76.46,81.47
ENG-00160,2026-01-01,71.72,85.25,84.43,81.76
ENG-00160,2026-02-01,72.24,64.3,68.13,77.69
ENG-00160,2026-03-01,89.78,79.46,84.71,79.01
ENG-00160,2026-04-01,76.47,67.02,88.08,79.0
ENG-00161,2024-02-01,70.18,77.93,72.33,83.92
ENG-00161,2024-03-01,87.7,66.6,87.18,80.95
ENG-00161,2024-04-01,75.88,72.25,78.43,83.38
ENG-00161,2024-05-01,82.64,82.01,93.79,89.16
ENG-00161,2024-06-01,81.81,79.41,89.26,89.56
ENG-00161,2024-07-01,78.23,89.95,87.93,88.08
ENG-00161,2024-08-01,81.87,83.87,85.85,91.63
ENG-00161,2024-09-01,83.75,80.57,89.37,87.12
ENG-00161,2024-10-01,84.94,71.64,74.97,79.62
ENG-00161,2024-11-01,65.04,75.3,76.78,69.83
ENG-00161,2024-12-01,75.43,66.49,67.82,70.91
ENG-00162,2026-04-01,85.74,88.22,76.7,83.88
ENG-00162,2026-05-01,85.82,80.29,82.49,83.82
ENG-00162,2026-06-01,73.35,61.94,72.5,73.14
ENG-00162,2026-07-01,70.28,64.81,60.8,66.2
ENG-00162,2026-08-01,67.06,56.71,67.55,62.09
ENG-00163,2026-03-01,80.6,77.69,80.9,87.21
ENG-00163,2026-04-01,75.55,95.16,90.29,87.59
ENG-00163,2026-05-01,82.46,86.43,79.67,86.45
ENG-00163,2026-06-01,81.58,89.56,95.83,88.77
ENG-00163,2026-07-01,75.02,82.37,83.19,80.83
ENG-00163,2026-08-01,86.61,81.51,79.88,87.36
ENG-00164,2024-08-01,70.85,78.85,86.27,76.67
ENG-00164,2024-09-01,73.34,53.95,61.14,59.59
ENG-00164,2024-10-01,65.93,64.87,69.11,65.89
ENG-00164,2024-11-01,64.04,61.53,46.19,60.09
ENG-00164,2024-12-01,53.84,55.09,52.5,53.0
ENG-00164,2025-01-01,57.24,37.21,44.47,41.61
ENG-00165,2024-06-01,87.74,82.94,89.45,89.24
ENG-00165,2024-07-01,77.09,78.55,94.84,85.97
ENG-00165,2024-08-01,78.7,73.38,88.87,87.69
ENG-00165,2024-09-01,84.41,76.08,92.61,79.2
ENG-00165,2024-10-01,78.32,89.0,82.65,88.12
ENG-00165,2024-11-01,90.17,83.46,81.31,83.8
ENG-00165,2024-12-01,67.84,75.82,85.41,82.35
ENG-00165,2025-01-01,74.42,70.68,79.77,82.72
ENG-00165,2025-02-01,81.53,75.66,74.65,86.81
ENG-00166,2024-10-01,69.41,66.39,67.21,75.12
ENG-00166,2024-11-01,82.18,67.35,68.59,73.95
ENG-00166,2024-12-01,70.52,54.67,73.46,64.69
ENG-00166,2025-01-01,60.26,57.79,52.46,58.78
ENG-00166,2025-02-01,60.88,57.71,54.02,57.59
ENG-00166,2025-03-01,49.11,38.59,47.32,45.54
ENG-00167,2024-04-01,76.86,63.36,84.78,78.66
ENG-00167,2024-05-01,66.62,68.43,66.96,66.18
ENG-00167,2024-06-01,69.33,63.66,72.35,59.96
ENG-00167,2024-07-01,62.77,48.7,61.94,55.26
ENG-00168,2025-11-01,87.88,81.09,92.3,88.41
ENG-00168,2025-12-01,82.03,74.6,81.94,81.31
ENG-00168,2026-01-01,83.0,77.88,97.48,90.92
ENG-00168,2026-02-01,91.62,85.76,91.4,90.08
ENG-00168,2026-03-01,84.11,93.55,74.01,86.04
ENG-00168,2026-04-01,74.6,90.17,79.92,87.56
ENG-00168,2026-05-01,75.73,85.55,87.49,85.89
ENG-00168,2026-06-01,73.36,83.16,87.96,86.3
ENG-00168,2026-07-01,85.01,82.26,89.62,84.31
ENG-00169,2026-08-01,68.32,73.05,69.01,78.09
ENG-00170,2026-08-01,62.29,74.43,68.41,76.03
ENG-00171,2026-08-01,78.49,84.35,90.62,85.37
ENG-00172,2025-11-01,84.29,74.27,83.74,85.26
ENG-00172,2025-12-01,92.11,92.3,90.33,87.83
ENG-00172,2026-01-01,77.99,72.91,70.79,77.3
ENG-00172,2026-02-01,76.54,76.87,68.5,81.69
ENG-00172,2026-03-01,75.55,87.27,87.28,84.65
ENG-00172,2026-04-01,70.24,80.05,81.24,81.4
ENG-00172,2026-05-01,79.08,81.33,86.52,76.97
ENG-00172,2026-06-01,76.63,80.17,79.35,82.77
ENG-00172,2026-07-01,74.15,75.83,80.49,77.4
ENG-00172,2026-08-01,66.34,73.55,77.76,69.87
ENG-00172,2026-09-01,67.77,63.32,63.93,64.81
ENG-00173,2025-07-01,83.04,88.89,84.86,86.47
ENG-00173,2025-08-01,86.18,79.67,82.96,86.68
ENG-00173,2025-09-01,86.18,85.68,80.92,80.44
ENG-00173,2025-10-01,81.31,76.97,84.15,78.77
ENG-00173,2025-11-01,77.43,83.39,84.12,81.12
ENG-00173,2025-12-01,69.58,77.52,74.77,73.98
ENG-00173,2026-01-01,71.17,76.26,68.75,76.83
ENG-00173,2026-02-01,74.21,87.21,78.85,82.42
ENG-00173,2026-03-01,74.51,85.95,75.82,81.62
ENG-00174,2025-05-01,78.43,66.14,73.76,79.22
ENG-00174,2025-06-01,88.26,88.79,85.68,84.7
ENG-00174,2025-07-01,79.06,79.33,88.36,82.74
ENG-00174,2025-08-01,85.68,79.81,85.46,85.43
ENG-00174,2025-09-01,72.11,78.62,78.14,81.78
ENG-00174,2025-10-01,80.6,86.48,86.64,84.39
ENG-00174,2025-11-01,83.62,79.77,87.72,76.41
ENG-00174,2025-12-01,70.92,80.91,71.42,78.35
ENG-00174,2026-01-01,72.32,80.57,82.0,81.18
ENG-00174,2026-02-01,79.68,72.62,76.95,78.0
ENG-00174,2026-03-01,72.7,82.85,77.71,75.07
ENG-00174,2026-04-01,87.41,75.9,89.09,76.99
ENG-00175,2026-08-01,73.68,70.73,69.52,71.91
ENG-00175,2026-09-01,74.99,68.46,84.14,61.55
ENG-00175,2026-10-01,61.98,53.59,47.68,47.1
ENG-00175,2026-11-01,55.38,46.67,48.02,46.14
ENG-00176,2024-08-01,81.22,82.15,84.27,85.32
ENG-00176,2024-09-01,87.71,75.87,92.3,76.7
ENG-00176,2024-10-01,62.11,65.47,60.6,69.92
ENG-00176,2024-11-01,75.56,50.13,62.35,58.82
ENG-00176,2024-12-01,70.9,58.1,64.82,56.8
ENG-00177,2025-08-01,88.89,80.46,83.76,82.95
ENG-00177,2025-09-01,76.54,70.21,87.05,83.67
ENG-00177,2025-10-01,84.18,71.36,79.73,76.96
ENG-00177,2025-11-01,80.57,74.59,82.39,82.19
ENG-00177,2025-12-01,81.67,92.28,79.92,88.67
ENG-00177,2026-01-01,81.46,85.38,74.47,86.03
ENG-00177,2026-02-01,82.86,79.63,77.41,89.58
ENG-00177,2026-03-01,74.95,71.74,75.71,81.6
ENG-00177,2026-04-01,83.15,89.93,100.0,91.08
ENG-00177,2026-05-01,90.18,93.15,94.59,91.2
ENG-00177,2026-06-01,81.81,73.43,93.23,84.61
ENG-00177,2026-07-01,85.07,67.3,77.82,76.81
ENG-00177,2026-08-01,82.37,86.59,84.63,91.13
ENG-00178,2025-12-01,77.61,87.46,78.66,76.78
ENG-00178,2026-01-01,89.99,98.01,93.47,87.15
ENG-00178,2026-02-01,77.71,79.11,82.73,86.4
ENG-00178,2026-03-01,72.17,76.75,73.78,81.33
ENG-00178,2026-04-01,83.92,82.55,79.47,83.32
ENG-00178,2026-05-01,75.37,80.71,74.45,75.68
ENG-00178,2026-06-01,77.95,76.65,75.32,77.67
ENG-00178,2026-07-01,75.86,76.86,89.62,78.4
ENG-00178,2026-08-01,82.94,83.33,82.89,78.93
ENG-00179,2026-05-01,82.48,82.92,80.72,83.17
ENG-00179,2026-06-01,86.88,80.11,85.86,88.43
ENG-00179,2026-07-01,81.14,81.6,85.04,81.43
ENG-00179,2026-08-01,73.9,74.64,81.04,79.97
ENG-00180,2024-12-01,72.71,86.38,81.75,87.38
ENG-00180,2025-01-01,90.51,84.35,94.45,88.33
ENG-00180,2025-02-01,76.65,82.31,86.52,88.13
ENG-00180,2025-03-01,84.61,81.35,82.18,86.95
ENG-00180,2025-04-01,78.25,86.79,90.95,82.45
ENG-00180,2025-05-01,73.53,80.28,86.38,83.86
ENG-00180,2025-06-01,76.9,71.52,88.66,87.86
ENG-00180,2025-07-01,80.88,81.97,90.98,83.91
ENG-00181,2025-05-01,67.05,71.52,76.59,76.21
ENG-00181,2025-06-01,72.92,73.27,75.66,75.31
ENG-00181,2025-07-01,76.3,55.64,71.82,63.56
ENG-00181,2025-08-01,66.97,66.8,74.16,74.01
ENG-00181,2025-09-01,73.9,59.82,79.79,70.02
ENG-00181,2025-10-01,68.6,77.47,71.12,69.76
ENG-00181,2025-11-01,78.92,82.78,78.87,77.36
ENG-00181,2025-12-01,67.0,72.45,79.97,71.78
ENG-00181,2026-01-01,78.96,78.42,74.13,79.31
ENG-00181,2026-02-01,71.33,56.25,56.07,66.84
ENG-00182,2026-05-01,79.08,81.81,89.32,89.84
ENG-00182,2026-06-01,81.55,88.43,95.6,89.29
ENG-00182,2026-07-01,77.67,75.75,88.4,85.81
ENG-00182,2026-08-01,74.63,66.99,69.06,82.75
ENG-00183,2024-01-01,80.19,79.67,70.91,79.76
ENG-00183,2024-02-01,76.7,68.66,70.44,75.32
ENG-00183,2024-03-01,62.83,63.01,61.12,67.37
ENG-00183,2024-04-01,57.74,54.28,53.21,59.66
ENG-00184,2025-05-01,85.48,86.7,75.68,87.36
ENG-00184,2025-06-01,79.38,80.53,88.68,79.97
ENG-00184,2025-07-01,79.9,75.04,76.27,78.32
ENG-00184,2025-08-01,70.62,64.64,69.29,72.02
ENG-00184,2025-09-01,64.47,51.92,73.61,60.25
ENG-00184,2025-10-01,59.02,47.79,54.96,56.33
ENG-00185,2025-11-01,77.81,79.39,82.23,85.6
ENG-00185,2025-12-01,70.65,81.81,86.89,87.77
ENG-00185,2026-01-01,81.75,75.49,82.07,85.59
ENG-00185,2026-02-01,78.35,75.57,84.92,82.61
ENG-00185,2026-03-01,80.65,74.2,84.67,88.41
ENG-00185,2026-04-01,83.29,75.81,87.65,86.79
ENG-00185,2026-05-01,80.63,72.53,82.69,87.49
ENG-00185,2026-06-01,83.6,79.57,80.16,88.97
ENG-00185,2026-07-01,79.26,76.44,82.06,87.28
ENG-00185,2026-08-01,87.63,81.96,86.98,91.69
ENG-00186,2025-02-01,83.78,74.83,85.27,78.9
ENG-00186,2025-03-01,72.52,70.58,70.6,73.31
ENG-00186,2025-04-01,66.14,70.77,77.55,82.91
ENG-00186,2025-05-01,76.23,80.33,72.34,78.02
ENG-00186,2025-06-01,73.61,73.72,77.21,68.64
ENG-00186,2025-07-01,60.56,66.55,70.59,66.04
ENG-00186,2025-08-01,57.79,60.36,58.49,59.43
ENG-00187,2024-06-01,79.7,75.4,85.77,83.86
ENG-00187,2024-07-01,71.51,69.69,80.69,77.78
ENG-00187,2024-08-01,69.94,73.46,87.0,79.97
ENG-00187,2024-09-01,76.97,85.9,72.19,78.58
ENG-00187,2024-10-01,68.13,59.14,57.07,66.12
ENG-00187,2024-11-01,74.35,73.38,74.45,70.14
ENG-00187,2024-12-01,74.3,71.16,68.12,67.97
ENG-00187,2025-01-01,63.36,59.32,62.2,57.56
ENG-00188,2024-05-01,91.31,75.52,84.72,87.87
ENG-00188,2024-06-01,83.66,79.05,76.22,83.27
ENG-00188,2024-07-01,77.28,79.14,81.05,84.86
ENG-00188,2024-08-01,85.14,89.73,82.23,87.51
ENG-00188,2024-09-01,81.95,76.69,87.0,80.15
ENG-00188,2024-10-01,92.92,90.39,81.74,90.29
ENG-00188,2024-11-01,86.63,85.66,83.58,87.76
ENG-00188,2024-12-01,79.02,87.45,90.68,89.64
ENG-00188,2025-01-01,83.79,88.48,88.68,89.08
ENG-00188,2025-02-01,80.11,83.88,79.94,86.77
ENG-00189,2025-02-01,77.86,76.1,95.29,85.13
ENG-00189,2025-03-01,79.17,70.7,82.84,83.82
ENG-00189,2025-04-01,68.81,77.86,83.62,82.02
ENG-00189,2025-05-01,65.52,81.46,68.75,79.01
ENG-00189,2025-06-01,70.35,51.98,73.15,62.6
ENG-00190,2024-07-01,77.58,75.55,83.51,75.22
ENG-00190,2024-08-01,78.58,76.77,76.39,78.86
ENG-00190,2024-09-01,86.57,75.68,78.78,77.27
ENG-00190,2024-10-01,74.92,73.85,70.68,77.06
ENG-00190,2024-11-01,79.18,73.79,75.25,78.94
ENG-00190,2024-12-01,74.91,67.47,69.86,78.29
ENG-00190,2025-01-01,77.07,75.69,83.05,75.41
ENG-00190,2025-02-01,75.86,67.86,77.62,83.37
ENG-00191,2026-07-01,92.78,92.03,100.0,95.33
ENG-00191,2026-08-01,82.65,82.86,92.95,89.38
ENG-00192,2024-07-01,87.26,77.64,89.29,88.59
ENG-00192,2024-08-01,79.14,79.93,83.54,84.55
ENG-00192,2024-09-01,71.28,80.91,78.96,82.23
ENG-00192,2024-10-01,79.01,64.44,70.67,81.61
ENG-00192,2024-11-01,84.41,84.15,92.9,86.93
ENG-00192,2024-12-01,80.19,72.7,84.23,83.89
ENG-00192,2025-01-01,84.41,82.82,94.45,89.15
ENG-00193,2024-05-01,74.29,68.88,69.25,70.86
ENG-00193,2024-06-01,65.99,69.92,62.33,67.8
ENG-00193,2024-07-01,59.11,60.22,65.76,58.31
ENG-00193,2024-08-01,57.42,55.84,58.78,58.05
ENG-00194,2024-04-01,77.41,76.75,71.75,81.39
ENG-00194,2024-05-01,83.04,66.74,69.24,68.62
ENG-00194,2024-06-01,63.98,53.45,49.6,63.48
ENG-00194,2024-07-01,59.8,65.15,54.38,54.29
ENG-00195,2024-05-01,79.81,80.13,85.37,86.56
ENG-00195,2024-06-01,86.46,67.68,77.0,83.28
ENG-00195,2024-07-01,77.21,76.49,88.79,72.69
ENG-00195,2024-08-01,84.17,72.71,79.1,85.03
ENG-00195,2024-09-01,85.19,77.36,89.8,83.91
ENG-00195,2024-10-01,79.7,72.14,75.47,79.05
ENG-00195,2024-11-01,74.83,72.4,74.4,81.79
ENG-00195,2024-12-01,82.61,77.47,71.23,80.82
ENG-00195,2025-01-01,87.28,80.51,92.95,76.62
ENG-00195,2025-02-01,77.74,77.1,77.34,81.63
ENG-00195,2025-03-01,84.52,81.21,89.57,80.8
ENG-00195,2025-04-01,89.44,83.55,84.06,84.55
ENG-00195,2025-05-01,85.62,81.04,77.74,81.22
ENG-00196,2024-02-01,77.45,81.63,77.65,87.35
ENG-00196,2024-03-01,82.95,75.19,82.14,83.65
ENG-00196,2024-04-01,76.85,74.1,74.44,79.63
ENG-00196,2024-05-01,70.05,68.33,74.72,75.41
ENG-00196,2024-06-01,64.4,60.5,64.8,68.69
ENG-00197,2026-04-01,80.47,83.87,92.37,86.16
ENG-00197,2026-05-01,78.38,83.89,90.58,87.11
ENG-00197,2026-06-01,89.19,83.62,85.33,91.14
ENG-00197,2026-07-01,87.67,76.69,97.12,87.63
ENG-00197,2026-08-01,72.94,72.48,78.16,88.4
ENG-00198,2024-03-01,78.3,60.32,72.82,76.22
ENG-00198,2024-04-01,69.9,78.84,66.6,78.71
ENG-00198,2024-05-01,72.66,69.63,64.62,68.67
ENG-00198,2024-06-01,80.56,77.08,78.42,72.25
ENG-00198,2024-07-01,76.98,71.81,68.47,73.77
ENG-00198,2024-08-01,73.58,61.39,70.22,74.7
ENG-00198,2024-09-01,77.9,75.75,75.05,76.51
ENG-00198,2024-10-01,73.67,68.96,74.14,72.07
ENG-00198,2024-11-01,75.64,57.9,79.39,75.04
ENG-00198,2024-12-01,64.83,60.12,62.04,66.58
ENG-00199,2026-03-01,82.8,78.15,88.65,89.5
ENG-00199,2026-04-01,86.13,84.0,84.47,91.13
ENG-00199,2026-05-01,81.56,78.8,80.54,85.28
ENG-00199,2026-06-01,88.55,81.22,95.39,89.76
ENG-00199,2026-07-01,85.22,82.15,95.06,87.65
ENG-00199,2026-08-01,77.56,76.48,91.42,87.24
ENG-00199,2026-09-01,83.04,84.19,88.49,82.7
ENG-00199,2026-10-01,78.81,76.25,71.87,75.54
ENG-00199,2026-11-01,74.33,73.46,76.51,77.6
ENG-00199,2026-12-01,67.42,61.99,53.81,68.65
ENG-00200,2025-08-01,73.84,65.82,70.53,73.11
ENG-00200,2025-09-01,73.65,77.68,85.44,79.88
ENG-00200,2025-10-01,72.83,69.85,67.26,73.48
ENG-00200,2025-11-01,63.57,55.09,54.12,56.1
ENG-00200,2025-12-01,64.28,52.64,56.44,57.69
ENG-00200,2026-01-01,59.05,56.55,50.71,54.49
ENG-00201,2025-02-01,76.19,73.72,81.67,85.82
ENG-00201,2025-03-01,77.33,70.14,77.27,83.34
ENG-00201,2025-04-01,72.62,75.15,74.3,77.93
ENG-00201,2025-05-01,83.36,79.24,85.26,82.56
ENG-00201,2025-06-01,77.38,90.84,82.46,86.86
ENG-00201,2025-07-01,76.81,73.87,69.96,76.98
ENG-00201,2025-08-01,89.76,79.47,85.77,85.86
ENG-00201,2025-09-01,81.63,81.85,83.76,78.1
ENG-00201,2025-10-01,77.11,79.83,70.52,78.96
ENG-00201,2025-11-01,80.55,80.11,83.67,83.57
ENG-00201,2025-12-01,71.8,82.53,75.46,83.33
ENG-00202,2026-02-01,78.16,78.54,90.04,88.01
ENG-00202,2026-03-01,85.93,88.94,97.79,89.26
ENG-00202,2026-04-01,78.46,72.06,84.19,80.41
ENG-00202,2026-05-01,77.39,78.03,85.59,87.89
ENG-00202,2026-06-01,78.37,75.57,74.77,85.68
ENG-00202,2026-07-01,84.96,88.48,84.8,87.33
ENG-00202,2026-08-01,83.76,81.73,87.24,83.39
ENG-00203,2025-10-01,79.85,79.61,70.26,84.16
ENG-00203,2025-11-01,74.51,69.06,83.07,74.62
ENG-00203,2025-12-01,87.15,88.73,79.72,83.26
ENG-00203,2026-01-01,81.22,81.51,91.11,86.65
ENG-00203,2026-02-01,86.73,82.05,83.22,78.02
ENG-00203,2026-03-01,84.02,74.43,93.02,83.5
ENG-00203,2026-04-01,79.83,76.12,92.08,84.84
ENG-00203,2026-05-01,80.62,87.87,90.23,85.74
ENG-00203,2026-06-01,87.56,86.7,84.91,85.36
ENG-00203,2026-07-01,75.01,68.24,83.74,78.61
ENG-00203,2026-08-01,80.46,82.85,84.16,87.7
ENG-00204,2025-12-01,78.15,69.2,81.22,82.92
ENG-00204,2026-01-01,75.81,78.04,77.03,81.62
ENG-00204,2026-02-01,77.11,74.23,72.53,76.04
ENG-00204,2026-03-01,85.99,84.98,83.8,86.04
ENG-00204,2026-04-01,79.67,76.54,78.29,82.73
ENG-00204,2026-05-01,86.45,70.69,85.33,84.95
ENG-00204,2026-06-01,69.26,82.55,86.65,83.08
ENG-00204,2026-07-01,70.23,71.38,82.6,77.25
ENG-00204,2026-08-01,74.89,80.89,94.8,82.46
ENG-00205,2026-04-01,69.77,72.09,73.6,76.19
ENG-00205,2026-05-01,73.39,65.16,80.73,75.53
ENG-00205,2026-06-01,76.43,60.26,85.73,73.58
ENG-00205,2026-07-01,62.38,70.8,71.2,70.85
ENG-00205,2026-08-01,76.05,55.71,71.62,76.53
ENG-00206,2025-08-01,79.37,77.71,91.57,81.98
ENG-00206,2025-09-01,83.51,72.34,79.58,81.22
ENG-00206,2025-10-01,76.29,86.76,74.88,82.51
ENG-00206,2025-11-01,68.63,75.24,70.3,77.6
ENG-00206,2025-12-01,62.31,64.44,68.51,65.32
ENG-00206,2026-01-01,62.48,51.8,50.2,59.24
ENG-00207,2024-01-01,79.95,79.69,80.99,80.47
ENG-00207,2024-02-01,76.99,62.6,82.91,77.41
ENG-00207,2024-03-01,80.88,83.07,82.63,86.3
ENG-00207,2024-04-01,80.19,78.42,69.06,77.67
ENG-00207,2024-05-01,77.54,72.41,69.43,80.6
ENG-00207,2024-06-01,73.23,77.74,67.76,76.13
ENG-00207,2024-07-01,83.85,71.65,80.55,75.85
ENG-00207,2024-08-01,79.83,74.01,80.6,76.44
ENG-00208,2025-07-01,73.18,80.92,71.48,83.23
ENG-00208,2025-08-01,75.3,78.82,72.84,80.8
ENG-00208,2025-09-01,71.3,76.34,82.74,80.18
ENG-00208,2025-10-01,77.05,82.19,85.19,79.53
ENG-00208,2025-11-01,70.21,63.73,73.25,74.19
ENG-00208,2025-12-01,70.56,72.69,73.77,78.55
ENG-00208,2026-01-01,79.27,68.01,81.78,79.27
ENG-00209,2026-07-01,82.28,75.49,72.5,87.37
ENG-00209,2026-08-01,75.87,70.39,81.52,83.66
ENG-00209,2026-09-01,80.27,74.02,64.11,73.98
ENG-00209,2026-10-01,68.8,63.32,73.71,74.89
ENG-00209,2026-11-01,58.46,58.55,57.54,70.64
ENG-00210,2026-03-01,62.11,67.94,69.48,77.09
ENG-00210,2026-04-01,72.07,63.04,62.22,60.07
ENG-00210,2026-05-01,66.73,69.11,64.08,60.13
ENG-00210,2026-06-01,58.84,45.76,68.05,51.56
ENG-00211,2024-09-01,83.46,78.58,77.51,77.55
ENG-00211,2024-10-01,82.53,79.3,82.77,76.86
ENG-00211,2024-11-01,91.86,82.1,84.97,85.86
ENG-00211,2024-12-01,77.77,81.67,86.23,75.6
ENG-00211,2025-01-01,74.93,78.57,78.24,84.01
ENG-00211,2025-02-01,86.08,80.46,83.09,85.02
ENG-00211,2025-03-01,74.07,81.43,70.78,82.52
ENG-00211,2025-04-01,81.87,73.72,82.03,79.95
ENG-00211,2025-05-01,84.97,83.25,89.18,84.21
ENG-00211,2025-06-01,83.56,81.31,92.57,87.45
ENG-00211,2025-07-01,76.94,67.54,92.18,80.32
ENG-00212,2025-12-01,79.87,73.04,80.25,78.03
ENG-00212,2026-01-01,72.26,73.21,78.24,76.13
ENG-00212,2026-02-01,82.95,75.45,91.31,81.0
ENG-00212,2026-03-01,70.15,70.95,78.05,74.22
ENG-00212,2026-04-01,75.23,75.96,81.11,77.03
ENG-00212,2026-05-01,76.04,73.38,74.33,79.96
ENG-00212,2026-06-01,74.78,69.93,72.06,72.23
ENG-00212,2026-07-01,67.82,73.98,72.92,81.33
ENG-00212,2026-08-01,80.93,69.82,77.91,75.11
ENG-00213,2025-04-01,89.73,87.77,90.77,91.24
ENG-00213,2025-05-01,89.4,81.72,94.08,91.98
ENG-00213,2025-06-01,78.65,83.88,93.42,91.67
ENG-00213,2025-07-01,83.26,94.73,88.89,91.22
ENG-00213,2025-08-01,81.23,85.84,98.02,91.21
ENG-00213,2025-09-01,85.89,88.53,91.78,88.8
ENG-00213,2025-10-01,88.14,79.13,87.44,88.76
ENG-00213,2025-11-01,89.56,92.62,88.06,94.58
ENG-00213,2025-12-01,79.48,78.44,93.68,87.42
ENG-00213,2026-01-01,90.56,77.95,97.06,91.62
ENG-00213,2026-02-01,83.98,84.38,90.46,84.29
ENG-00213,2026-03-01,83.08,86.63,86.57,90.12
ENG-00213,2026-04-01,87.95,76.36,93.67,86.95
ENG-00214,2026-05-01,76.78,70.09,64.3,69.26
ENG-00214,2026-06-01,73.94,59.93,79.19,61.79
ENG-00214,2026-07-01,68.01,48.03,56.43,55.9
ENG-00214,2026-08-01,48.02,37.91,39.82,52.09
ENG-00214,2026-09-01,44.22,48.54,36.51,46.25
ENG-00215,2024-09-01,76.58,81.04,79.17,81.25
ENG-00215,2024-10-01,82.15,93.86,89.03,85.47
ENG-00215,2024-11-01,84.27,79.81,85.47,85.31
ENG-00215,2024-12-01,84.7,85.98,89.11,85.73
ENG-00215,2025-01-01,87.39,82.22,88.6,85.7
ENG-00215,2025-02-01,87.42,87.39,84.82,86.2
ENG-00215,2025-03-01,87.69,89.55,85.62,85.87
ENG-00215,2025-04-01,80.98,68.02,78.72,83.08
ENG-00215,2025-05-01,77.05,77.58,88.13,82.12
ENG-00215,2025-06-01,80.45,78.86,83.57,83.58
ENG-00215,2025-07-01,80.41,72.5,93.32,82.07
ENG-00215,2025-08-01,86.84,83.03,83.32,85.34
ENG-00215,2025-09-01,80.51,75.35,76.66,86.91
ENG-00216,2024-01-01,79.13,82.74,72.24,82.25
ENG-00216,2024-02-01,62.85,64.37,70.68,70.16
ENG-00216,2024-03-01,65.29,60.54,66.14,65.42
ENG-00216,2024-04-01,54.66,55.04,52.76,60.33
ENG-00217,2024-04-01,78.9,80.39,87.8,85.27
ENG-00217,2024-05-01,83.43,77.37,88.48,87.5
ENG-00217,2024-06-01,83.67,80.75,81.54,89.46
ENG-00217,2024-07-01,83.42,78.03,90.67,81.76
ENG-00217,2024-08-01,80.76,75.77,88.06,81.86
ENG-00217,2024-09-01,78.46,77.8,90.7,84.05
ENG-00217,2024-10-01,87.54,80.99,90.31,84.44
ENG-00217,2024-11-01,79.37,76.97,77.71,77.73
ENG-00217,2024-12-01,81.58,82.2,85.41,84.91
ENG-00218,2024-10-01,72.87,76.28,80.09,86.33
ENG-00218,2024-11-01,82.43,86.81,79.42,83.45
ENG-00218,2024-12-01,80.21,82.67,85.17,83.29
ENG-00218,2025-01-01,78.99,78.03,91.46,83.65
ENG-00218,2025-02-01,85.14,82.79,82.73,86.8
ENG-00218,2025-03-01,82.64,84.47,93.32,87.42
ENG-00218,2025-04-01,75.42,83.72,90.74,85.94
ENG-00218,2025-05-01,86.84,85.67,85.54,80.55
ENG-00218,2025-06-01,83.88,82.56,79.49,80.27
ENG-00219,2025-11-01,76.01,77.25,84.91,86.83
ENG-00219,2025-12-01,76.15,86.63,77.34,84.25
ENG-00219,2026-01-01,84.17,81.59,86.26,85.64
ENG-00219,2026-02-01,71.97,80.44,80.06,78.67
ENG-00219,2026-03-01,77.91,75.3,81.79,81.06
ENG-00219,2026-04-01,80.52,74.82,88.1,82.46
ENG-00219,2026-05-01,70.97,62.9,70.34,70.52
ENG-00219,2026-06-01,81.87,80.19,76.72,83.5
ENG-00219,2026-07-01,72.11,72.67,75.29,78.06
ENG-00220,2025-11-01,79.29,86.51,84.55,88.01
ENG-00220,2025-12-01,84.28,82.01,80.42,85.64
ENG-00220,2026-01-01,76.2,85.94,85.71,87.83
ENG-00220,2026-02-01,81.01,87.55,84.89,86.81
ENG-00220,2026-03-01,89.08,78.88,83.15,86.95
ENG-00220,2026-04-01,81.86,77.54,85.36,87.2
ENG-00220,2026-05-01,84.9,88.73,78.77,88.86
ENG-00220,2026-06-01,75.32,75.65,80.2,87.94
ENG-00220,2026-07-01,82.86,82.45,75.37,85.43
ENG-00220,2026-08-01,83.6,85.47,90.4,91.43
ENG-00221,2026-06-01,64.03,59.66,66.55,75.32
ENG-00221,2026-07-01,63.42,69.17,66.48,65.44
ENG-00221,2026-08-01,62.71,54.92,55.7,52.95
ENG-00222,2024-12-01,88.28,87.11,100.0,84.62
ENG-00222,2025-01-01,87.44,79.29,86.88,82.65
ENG-00222,2025-02-01,82.46,79.26,93.43,83.02
ENG-00222,2025-03-01,86.16,88.12,94.44,93.5
ENG-00222,2025-04-01,80.18,82.12,84.91,86.7
ENG-00222,2025-05-01,73.08,75.63,77.1,88.53
ENG-00222,2025-06-01,80.37,73.29,68.73,81.94
ENG-00222,2025-07-01,81.53,81.32,89.21,88.4
ENG-00223,2024-05-01,80.2,86.91,97.23,85.81
ENG-00223,2024-06-01,79.52,70.81,67.95,81.13
ENG-00223,2024-07-01,85.18,85.56,77.71,85.99
ENG-00223,2024-08-01,92.33,88.44,86.6,87.93
ENG-00223,2024-09-01,83.11,80.82,75.19,81.55
ENG-00223,2024-10-01,78.56,75.18,78.75,81.16
ENG-00223,2024-11-01,77.26,81.48,80.22,77.68
ENG-00223,2024-12-01,89.12,84.86,96.15,88.38
ENG-00223,2025-01-01,83.6,78.62,74.96,87.38
ENG-00224,2026-06-01,78.55,73.88,76.31,85.23
ENG-00224,2026-07-01,77.91,85.82,78.96,86.61
ENG-00224,2026-08-01,77.39,92.03,82.04,88.61
ENG-00225,2025-07-01,72.56,77.5,67.82,72.99
ENG-00225,2025-08-01,73.5,73.33,65.01,73.46
ENG-00225,2025-09-01,70.56,69.65,71.41,68.06
ENG-00225,2025-10-01,67.94,65.92,66.87,71.27
ENG-00225,2025-11-01,69.45,70.43,62.98,73.06
ENG-00225,2025-12-01,68.5,70.86,63.84,73.99
ENG-00225,2026-01-01,73.8,63.27,74.03,72.42
ENG-00225,2026-02-01,72.42,62.93,73.9,60.39
ENG-00225,2026-03-01,68.89,66.94,70.87,69.48
ENG-00225,2026-04-01,74.74,58.98,81.53,70.56
ENG-00226,2025-11-01,75.22,76.68,79.26,83.82
ENG-00226,2025-12-01,66.52,54.42,80.05,71.02
ENG-00226,2026-01-01,79.0,81.27,70.52,73.4
ENG-00226,2026-02-01,77.37,73.01,78.65,78.66
ENG-00226,2026-03-01,81.68,81.62,72.67,80.42
ENG-00226,2026-04-01,80.43,74.32,84.43,81.82
ENG-00226,2026-05-01,77.41,72.11,73.13,73.18
ENG-00227,2025-09-01,84.08,79.17,83.35,83.04
ENG-00227,2025-10-01,78.08,76.48,79.73,78.65
ENG-00227,2025-11-01,82.23,86.07,77.02,86.28
ENG-00227,2025-12-01,82.34,86.82,88.19,84.11
ENG-00227,2026-01-01,80.54,88.43,89.08,87.64
ENG-00227,2026-02-01,79.24,84.09,83.86,88.04
ENG-00227,2026-03-01,70.3,74.11,83.62,85.96
ENG-00227,2026-04-01,88.3,73.13,79.93,80.1
ENG-00227,2026-05-01,76.04,72.55,85.17,84.57
ENG-00227,2026-06-01,85.64,77.25,88.15,89.36
ENG-00227,2026-07-01,79.82,73.22,74.4,85.06
ENG-00227,2026-08-01,93.34,85.65,87.15,88.24
ENG-00228,2025-08-01,76.31,82.18,83.18,85.29
ENG-00228,2025-09-01,84.78,80.35,86.8,83.61
ENG-00228,2025-10-01,86.32,89.23,88.67,85.99
ENG-00228,2025-11-01,90.49,84.54,84.52,86.02
ENG-00228,2025-12-01,80.05,85.08,88.21,84.11
ENG-00228,2026-01-01,90.09,85.29,92.43,89.25
ENG-00228,2026-02-01,80.2,71.07,86.17,79.12
ENG-00228,2026-03-01,80.97,82.31,86.57,85.26
ENG-00228,2026-04-01,81.65,80.94,90.28,86.11
ENG-00228,2026-05-01,75.07,79.71,93.3,78.35
ENG-00228,2026-06-01,79.34,76.54,81.8,79.25
ENG-00228,2026-07-01,85.04,78.19,91.83,86.44
ENG-00228,2026-08-01,79.86,85.04,91.95,86.2
ENG-00229,2025-02-01,69.31,57.97,78.52,86.06
ENG-00229,2025-03-01,90.31,83.92,88.9,89.78
ENG-00229,2025-04-01,85.66,84.65,90.56,87.85
ENG-00229,2025-05-01,84.01,90.84,86.95,90.3
ENG-00229,2025-06-01,79.56,75.23,74.28,84.3
ENG-00229,2025-07-01,79.78,81.92,85.31,88.7
ENG-00229,2025-08-01,84.73,80.25,80.65,88.07
ENG-00229,2025-09-01,84.34,81.84,92.04,91.67
ENG-00229,2025-10-01,83.38,79.14,91.15,89.52
ENG-00229,2025-11-01,79.79,80.56,85.12,84.63
ENG-00229,2025-12-01,79.55,78.26,83.98,87.07
ENG-00230,2025-02-01,81.34,72.89,79.03,82.2
ENG-00230,2025-03-01,73.12,81.15,90.22,82.21
ENG-00230,2025-04-01,63.4,68.62,60.39,68.95
ENG-00230,2025-05-01,61.45,59.22,50.03,64.52
ENG-00231,2024-02-01,65.62,68.26,68.44,70.03
ENG-00231,2024-03-01,64.88,60.66,70.17,61.93
ENG-00231,2024-04-01,51.1,50.78,43.85,55.89
ENG-00231,2024-05-01,54.22,39.92,45.54,44.72
ENG-00232,2026-01-01,83.5,73.5,84.15,84.55
ENG-00232,2026-02-01,68.17,62.74,83.39,73.21
ENG-00232,2026-03-01,71.43,65.76,71.74,77.36
ENG-00232,2026-04-01,72.47,65.59,75.04,71.71
ENG-00232,2026-05-01,59.39,55.09,57.87,63.76
ENG-00233,2024-12-01,71.93,66.07,66.98,62.16
ENG-00233,2025-01-01,80.53,78.93,76.78,74.52
ENG-00233,2025-02-01,62.16,62.48,63.18,67.18
ENG-00233,2025-03-01,78.45,72.69,74.41,74.32
ENG-00233,2025-04-01,74.65,69.14,59.6,69.62
ENG-00233,2025-05-01,67.37,64.41,68.26,66.25
ENG-00233,2025-06-01,71.15,69.52,69.59,69.43
ENG-00233,2025-07-01,75.77,69.23,62.03,69.21
ENG-00234,2026-05-01,78.76,80.94,80.5,78.83
ENG-00234,2026-06-01,70.11,69.55,74.24,78.32
ENG-00234,2026-07-01,65.78,78.6,61.51,70.95
ENG-00234,2026-08-01,61.04,63.79,72.2,66.51
ENG-00235,2024-07-01,82.64,98.25,87.98,93.06
ENG-00235,2024-08-01,86.84,84.08,91.31,85.89
ENG-00235,2024-09-01,84.47,82.19,96.95,89.64
ENG-00235,2024-10-01,86.41,86.16,88.47,91.61
ENG-00235,2024-11-01,89.39,88.18,98.18,94.17
ENG-00235,2024-12-01,87.9,84.19,85.38,88.03
ENG-00235,2025-01-01,79.15,83.52,93.68,87.8
ENG-00236,2024-11-01,80.22,85.62,83.76,82.62
ENG-00236,2024-12-01,84.41,78.52,76.9,84.48
ENG-00236,2025-01-01,83.9,79.68,86.82,83.75
ENG-00236,2025-02-01,81.79,76.86,83.8,88.42
ENG-00236,2025-03-01,85.01,83.43,87.12,88.13
ENG-00236,2025-04-01,88.81,94.65,94.11,91.08
ENG-00236,2025-05-01,77.5,71.01,87.41,85.18
ENG-00236,2025-06-01,83.12,85.07,91.34,85.21
ENG-00236,2025-07-01,87.06,76.32,87.18,79.09
ENG-00236,2025-08-01,91.05,92.82,92.12,92.23
ENG-00236,2025-09-01,90.99,88.88,98.12,90.51
ENG-00236,2025-10-01,86.25,86.98,94.8,93.09
ENG-00236,2025-11-01,95.13,91.68,95.19,90.22
ENG-00237,2024-06-01,87.99,83.4,86.66,89.29
ENG-00237,2024-07-01,89.68,78.2,87.27,90.91
ENG-00237,2024-08-01,83.89,76.64,90.22,90.7
ENG-00237,2024-09-01,83.49,86.31,86.74,87.97
ENG-00237,2024-10-01,87.32,94.37,98.7,90.12
ENG-00237,2024-11-01,87.93,83.73,89.87,82.02
ENG-00237,2024-12-01,80.83,84.83,85.67,83.58
ENG-00237,2025-01-01,87.11,79.85,83.94,87.24
ENG-00237,2025-02-01,84.05,91.77,95.37,91.32
ENG-00237,2025-03-01,86.6,84.55,96.14,92.02
ENG-00238,2026-08-01,86.48,78.34,90.41,86.0
ENG-00239,2026-02-01,73.04,77.44,75.98,82.02
ENG-00239,2026-03-01,79.18,74.6,77.2,78.18
ENG-00239,2026-04-01,82.2,80.35,91.51,83.0
ENG-00239,2026-05-01,85.1,71.62,85.08,77.21
ENG-00239,2026-06-01,87.63,82.48,87.73,89.59
ENG-00239,2026-07-01,73.93,69.87,74.48,85.88
ENG-00239,2026-08-01,81.16,77.86,83.66,81.99
ENG-00240,2024-11-01,77.53,88.12,75.51,85.43
ENG-00240,2024-12-01,83.0,75.67,74.11,78.9
ENG-00240,2025-01-01,79.13,77.75,78.86,79.78
ENG-00240,2025-02-01,77.14,75.02,74.32,73.77
ENG-00240,2025-03-01,64.1,63.99,64.71,58.96
ENG-00240,2025-04-01,61.31,74.06,51.27,63.27
ENG-00240,2025-05-01,55.92,56.48,52.98,62.95
ENG-00241,2025-12-01,74.55,74.94,75.4,82.18
ENG-00241,2026-01-01,76.97,79.85,94.72,78.53
ENG-00241,2026-02-01,75.36,75.7,78.1,78.32
ENG-00241,2026-03-01,77.49,90.15,83.49,83.46
ENG-00241,2026-04-01,76.04,85.63,77.76,83.74
ENG-00241,2026-05-01,78.57,75.21,72.89,80.8
ENG-00241,2026-06-01,68.05,85.34,71.88,80.04
ENG-00241,2026-07-01,75.65,68.98,78.83,79.81
ENG-00241,2026-08-01,73.98,69.06,83.87,77.81
ENG-00242,2026-08-01,87.77,82.15,74.62,87.16
ENG-00243,2024-10-01,68.66,70.81,77.68,75.19
ENG-00243,2024-11-01,69.38,76.63,77.01,77.05
ENG-00243,2024-12-01,69.77,71.16,76.11,78.5
ENG-00243,2025-01-01,74.23,73.31,63.88,74.22
ENG-00243,2025-02-01,68.04,56.17,67.68,73.37
ENG-00243,2025-03-01,71.95,77.18,66.43,79.43
ENG-00243,2025-04-01,70.73,73.29,69.03,82.04
ENG-00243,2025-05-01,81.73,76.31,79.55,73.38
ENG-00243,2025-06-01,77.63,67.35,76.23,76.54
ENG-00243,2025-07-01,83.92,76.41,78.83,79.88
ENG-00243,2025-08-01,82.13,75.06,79.28,76.24
ENG-00244,2026-03-01,85.23,77.11,91.22,87.42
ENG-00244,2026-04-01,76.13,81.88,89.79,84.97
ENG-00244,2026-05-01,80.33,75.04,83.01,84.84
ENG-00244,2026-06-01,84.96,80.64,92.52,87.15
ENG-00244,2026-07-01,84.75,81.89,82.91,85.27
ENG-00244,2026-08-01,89.85,80.99,87.47,85.43
ENG-00245,2025-10-01,75.28,81.91,92.8,90.94
ENG-00245,2025-11-01,79.97,80.9,82.57,81.32
ENG-00245,2025-12-01,87.04,84.02,87.33,86.51
ENG-00245,2026-01-01,85.53,71.61,87.43,78.97
ENG-00245,2026-02-01,81.24,84.92,82.27,88.43
ENG-00245,2026-03-01,84.73,86.95,88.0,86.85
ENG-00245,2026-04-01,77.21,71.87,77.04,89.65
ENG-00245,2026-05-01,87.45,89.6,99.35,88.88
ENG-00245,2026-06-01,81.1,83.42,79.39,83.09
ENG-00245,2026-07-01,77.94,87.54,73.98,87.75
ENG-00245,2026-08-01,77.77,82.21,77.7,85.22
ENG-00246,2026-01-01,71.49,58.21,71.46,62.61
ENG-00246,2026-02-01,73.4,59.29,71.71,67.43
ENG-00246,2026-03-01,56.09,59.02,59.0,60.36
ENG-00246,2026-04-01,64.39,56.65,55.17,57.95
ENG-00246,2026-05-01,66.54,57.51,57.83,51.42
ENG-00246,2026-06-01,46.29,55.38,53.79,50.6
ENG-00246,2026-07-01,58.63,53.93,56.59,49.24
ENG-00247,2024-12-01,79.29,90.62,96.6,89.67
ENG-00247,2025-01-01,96.3,86.29,95.43,92.29
ENG-00247,2025-02-01,83.61,93.19,92.2,87.2
ENG-00247,2025-03-01,83.95,80.08,80.68,92.51
ENG-00247,2025-04-01,93.26,85.42,96.74,91.0
ENG-00247,2025-05-01,80.76,84.87,83.47,87.89
ENG-00247,2025-06-01,84.15,86.76,95.72,88.47
ENG-00247,2025-07-01,80.29,84.83,85.06,91.5
ENG-00247,2025-08-01,80.63,83.55,92.96,84.55
ENG-00247,2025-09-01,79.59,77.4,85.54,88.07
ENG-00247,2025-10-01,89.12,84.98,96.28,89.11
ENG-00247,2025-11-01,100.0,100.0,100.0,92.35
ENG-00247,2025-12-01,87.4,84.06,93.58,88.71
ENG-00248,2024-07-01,76.03,68.48,82.91,71.1
ENG-00248,2024-08-01,72.49,72.69,71.25,74.29
ENG-00248,2024-09-01,70.87,62.69,59.22,65.99
ENG-00248,2024-10-01,65.69,57.86,56.13,61.42
ENG-00248,2024-11-01,61.7,53.88,56.19,57.4
ENG-00249,2024-10-01,80.26,70.66,75.65,79.4
ENG-00249,2024-11-01,77.68,85.59,92.09,84.69
ENG-00249,2024-12-01,67.41,71.25,69.15,76.84
ENG-00249,2025-01-01,78.81,82.3,88.5,83.43
ENG-00249,2025-02-01,75.77,69.39,65.73,81.47
ENG-00249,2025-03-01,69.8,76.58,71.22,83.88
ENG-00249,2025-04-01,79.0,75.14,82.67,80.83
ENG-00249,2025-05-01,74.33,71.67,82.61,85.21
ENG-00249,2025-06-01,76.94,81.99,90.45,85.01
ENG-00249,2025-07-01,91.21,81.26,95.12,87.37
ENG-00249,2025-08-01,80.69,76.66,83.36,90.28
ENG-00249,2025-09-01,79.01,80.6,88.17,78.08
ENG-00249,2025-10-01,74.69,79.45,81.1,85.82
ENG-00250,2025-04-01,83.74,69.47,71.87,72.77
ENG-00250,2025-05-01,69.42,67.07,73.8,76.95
ENG-00250,2025-06-01,80.28,65.5,85.94,68.31
ENG-00250,2025-07-01,73.69,80.94,83.63,83.97
ENG-00250,2025-08-01,74.63,68.28,71.96,80.23
ENG-00250,2025-09-01,72.35,79.33,68.65,80.74
ENG-00250,2025-10-01,69.56,70.36,92.37,73.93
ENG-00251,2025-07-01,87.02,82.02,80.11,83.06
ENG-00251,2025-08-01,70.98,82.09,70.47,77.93
ENG-00251,2025-09-01,74.0,81.82,86.03,83.84
ENG-00251,2025-10-01,84.07,66.0,71.93,68.04
ENG-00251,2025-11-01,81.36,72.03,79.82,75.25
ENG-00251,2025-12-01,74.64,72.3,70.01,76.5
ENG-00251,2026-01-01,70.48,81.08,67.64,78.51
ENG-00251,2026-02-01,74.01,77.14,76.23,81.21
ENG-00252,2024-11-01,88.66,86.67,88.92,88.47
ENG-00252,2024-12-01,82.11,79.83,87.35,87.59
ENG-00252,2025-01-01,71.2,72.77,83.44,80.89
ENG-00252,2025-02-01,86.44,83.58,85.95,84.02
ENG-00252,2025-03-01,91.16,83.5,95.72,91.52
ENG-00252,2025-04-01,86.69,77.59,89.14,86.43
ENG-00252,2025-05-01,85.45,86.68,96.44,87.03
ENG-00252,2025-06-01,69.62,76.14,85.96,84.86
ENG-00252,2025-07-01,83.98,86.39,79.45,89.99
ENG-00252,2025-08-01,86.21,85.21,94.45,89.46
ENG-00252,2025-09-01,88.58,77.29,79.89,82.88
ENG-00253,2024-01-01,84.9,90.22,80.59,85.38
ENG-00253,2024-02-01,84.55,85.62,86.43,89.68
ENG-00253,2024-03-01,85.85,79.47,84.16,87.65
ENG-00253,2024-04-01,72.55,69.99,71.8,85.3
ENG-00253,2024-05-01,84.08,88.35,96.36,89.51
ENG-00253,2024-06-01,81.64,84.93,77.62,90.47
ENG-00253,2024-07-01,79.26,76.92,95.31,86.08
ENG-00253,2024-08-01,88.32,80.12,88.13,90.11
ENG-00253,2024-09-01,94.84,97.5,88.78,91.06
ENG-00253,2024-10-01,79.99,91.59,90.75,88.5
ENG-00253,2024-11-01,76.22,76.21,72.25,86.08
ENG-00254,2025-03-01,70.43,78.51,81.03,77.63
ENG-00254,2025-04-01,69.66,77.56,76.91,81.42
ENG-00254,2025-05-01,75.38,80.32,77.47,73.83
ENG-00254,2025-06-01,65.19,64.47,63.48,71.03
ENG-00254,2025-07-01,66.74,67.48,64.53,62.81
ENG-00254,2025-08-01,68.66,57.7,60.05,56.23
ENG-00255,2024-01-01,79.31,84.76,92.06,88.75
ENG-00255,2024-02-01,81.67,86.89,89.43,87.53
ENG-00255,2024-03-01,83.79,79.69,88.83,87.53
ENG-00255,2024-04-01,82.62,85.72,90.12,84.85
ENG-00255,2024-05-01,83.03,70.11,82.35,87.76
ENG-00255,2024-06-01,82.83,79.21,93.87,85.66
ENG-00255,2024-07-01,72.01,68.37,87.57,81.93
ENG-00255,2024-08-01,91.58,82.31,97.07,88.23
ENG-00255,2024-09-01,74.08,77.68,87.35,85.48
ENG-00256,2026-05-01,78.01,76.97,93.53,76.24
ENG-00256,2026-06-01,79.74,77.86,83.27,77.54
ENG-00256,2026-07-01,71.13,69.0,71.08,76.17
ENG-00256,2026-08-01,79.87,82.98,89.56,86.15
ENG-00257,2024-05-01,74.0,71.72,78.66,77.6
ENG-00257,2024-06-01,73.67,73.53,74.21,77.65
ENG-00257,2024-07-01,70.62,69.07,80.69,76.81
ENG-00257,2024-08-01,67.69,67.46,78.14,69.48
ENG-00257,2024-09-01,68.11,74.65,78.62,78.2
ENG-00257,2024-10-01,65.68,66.46,64.85,73.54
ENG-00257,2024-11-01,77.52,61.79,77.73,78.15
ENG-00257,2024-12-01,75.12,79.46,77.89,82.25
ENG-00257,2025-01-01,71.99,71.16,76.09,77.87
ENG-00257,2025-02-01,69.58,72.86,73.39,77.45
ENG-00257,2025-03-01,78.69,83.63,71.3,82.37
ENG-00257,2025-04-01,73.93,66.59,70.71,72.77
ENG-00258,2025-06-01,78.82,78.38,84.96,86.31
ENG-00258,2025-07-01,86.46,92.76,87.35,80.8
ENG-00258,2025-08-01,71.16,67.01,65.85,73.95
ENG-00258,2025-09-01,67.33,53.55,76.55,66.13
ENG-00258,2025-10-01,61.64,58.33,56.94,59.66
ENG-00259,2026-02-01,85.26,86.53,88.07,87.22
ENG-00259,2026-03-01,82.98,75.0,68.36,79.3
ENG-00259,2026-04-01,84.85,83.65,89.16,86.09
ENG-00259,2026-05-01,72.93,84.18,83.26,84.73
ENG-00259,2026-06-01,87.46,88.09,94.89,89.08
ENG-00259,2026-07-01,81.45,83.41,84.56,85.96
ENG-00259,2026-08-01,78.28,86.87,81.04,86.66
ENG-00260,2026-07-01,79.42,74.96,78.58,82.24
ENG-00260,2026-08-01,84.66,76.25,78.46,80.68
ENG-00260,2026-09-01,74.27,64.37,66.33,82.64
ENG-00260,2026-10-01,66.73,60.36,71.33,72.69
ENG-00260,2026-11-01,65.15,59.02,62.4,61.69
ENG-00260,2026-12-01,58.79,64.72,59.67,66.37
ENG-00260,2027-01-01,61.42,48.79,53.81,55.65
ENG-00261,2024-03-01,83.97,83.41,90.03,88.1
ENG-00261,2024-04-01,94.31,82.26,91.99,89.71
ENG-00261,2024-05-01,78.1,75.16,74.9,81.15
ENG-00261,2024-06-01,83.33,74.65,77.52,85.27
ENG-00261,2024-07-01,88.44,89.35,100.0,86.66
ENG-00261,2024-08-01,81.45,77.33,85.29,82.13
ENG-00261,2024-09-01,69.37,85.54,73.52,87.07
ENG-00261,2024-10-01,89.93,88.31,96.3,89.6
ENG-00262,2026-08-01,88.78,84.46,77.5,87.43
ENG-00263,2024-07-01,79.06,83.33,81.52,88.41
ENG-00263,2024-08-01,82.15,85.09,78.79,83.36
ENG-00263,2024-09-01,80.96,73.66,88.43,86.44
ENG-00263,2024-10-01,84.07,85.78,89.61,88.38
ENG-00263,2024-11-01,78.31,87.03,89.07,90.17
ENG-00263,2024-12-01,92.88,78.84,86.5,83.16
ENG-00263,2025-01-01,82.27,80.03,87.37,86.56
ENG-00263,2025-02-01,77.93,82.97,83.75,89.63
ENG-00263,2025-03-01,86.15,83.87,87.38,88.14
ENG-00263,2025-04-01,79.96,84.85,82.45,88.96
ENG-00263,2025-05-01,85.22,76.01,70.35,87.86
ENG-00263,2025-06-01,74.88,74.37,75.34,88.76
ENG-00263,2025-07-01,83.96,77.75,76.76,89.0
ENG-00264,2025-11-01,73.95,72.52,76.45,79.05
ENG-00264,2025-12-01,81.91,68.25,74.41,72.11
ENG-00264,2026-01-01,72.0,72.22,77.45,79.01
ENG-00264,2026-02-01,90.37,75.79,86.69,74.73
ENG-00264,2026-03-01,75.13,66.85,71.52,80.07
ENG-00264,2026-04-01,83.47,78.45,77.93,78.64
ENG-00264,2026-05-01,72.07,74.64,74.83,82.76
ENG-00264,2026-06-01,74.9,68.55,71.01,75.9
ENG-00264,2026-07-01,71.67,62.31,68.99,76.11
ENG-00265,2025-05-01,78.54,81.29,83.23,83.76
ENG-00265,2025-06-01,76.1,77.1,85.9,76.93
ENG-00265,2025-07-01,68.01,75.78,74.79,79.79
ENG-00265,2025-08-01,77.35,73.42,68.25,68.52
ENG-00265,2025-09-01,68.52,52.37,59.49,64.09
ENG-00265,2025-10-01,66.81,52.44,56.79,57.37
ENG-00266,2025-05-01,80.7,78.76,80.01,84.11
ENG-00266,2025-06-01,80.0,78.16,79.23,82.03
ENG-00266,2025-07-01,77.61,79.49,74.23,85.25
ENG-00266,2025-08-01,83.96,87.87,93.69,86.22
ENG-00266,2025-09-01,83.25,73.38,81.28,86.84
ENG-00266,2025-10-01,88.82,79.56,83.68,85.12
ENG-00266,2025-11-01,72.5,76.42,77.14,84.9
ENG-00266,2025-12-01,72.27,76.43,88.99,83.29
ENG-00266,2026-01-01,71.57,78.55,75.71,83.09
ENG-00266,2026-02-01,85.95,87.71,76.84,85.78
ENG-00266,2026-03-01,78.7,70.5,85.98,85.61
ENG-00267,2025-05-01,83.14,84.02,94.51,84.49
ENG-00267,2025-06-01,90.11,92.86,100.0,89.46
ENG-00267,2025-07-01,87.15,75.77,86.49,83.17
ENG-00267,2025-08-01,77.74,93.22,79.03,86.54
ENG-00267,2025-09-01,70.4,72.46,78.97,76.27
ENG-00267,2025-10-01,63.56,72.9,65.89,74.35
ENG-00267,2025-11-01,77.22,64.78,73.67,73.05
ENG-00267,2025-12-01,62.87,65.69,65.06,61.15
ENG-00268,2025-11-01,60.73,64.75,72.14,66.08
ENG-00268,2025-12-01,69.97,69.13,59.95,67.98
ENG-00268,2026-01-01,67.61,56.86,59.93,67.29
ENG-00268,2026-02-01,67.88,60.66,59.69,66.95
ENG-00268,2026-03-01,73.02,61.57,67.1,69.46
ENG-00268,2026-04-01,59.48,43.37,57.2,52.78
ENG-00268,2026-05-01,48.43,61.25,51.9,56.8
ENG-00268,2026-06-01,58.59,51.56,52.68,50.48
ENG-00269,2024-10-01,89.2,72.23,77.28,77.94
ENG-00269,2024-11-01,75.15,74.31,83.78,78.93
ENG-00269,2024-12-01,82.48,78.48,85.59,82.97
ENG-00269,2025-01-01,90.08,78.94,83.1,81.46
ENG-00269,2025-02-01,77.58,75.08,78.63,83.9
ENG-00269,2025-03-01,75.29,56.07,74.63,73.32
ENG-00269,2025-04-01,80.46,77.76,83.54,75.13
ENG-00269,2025-05-01,76.6,73.28,77.89,79.66
ENG-00270,2025-09-01,72.74,81.48,73.57,83.36
ENG-00270,2025-10-01,74.09,70.08,77.39,81.87
ENG-00270,2025-11-01,88.81,79.54,80.82,85.14
ENG-00270,2025-12-01,84.02,78.87,75.72,86.82
ENG-00270,2026-01-01,80.01,73.11,81.84,85.59
ENG-00270,2026-02-01,74.6,70.38,77.69,83.1
ENG-00270,2026-03-01,80.5,63.96,76.22,81.87
ENG-00270,2026-04-01,74.21,73.54,75.99,86.47
ENG-00270,2026-05-01,78.93,79.75,76.1,81.41
ENG-00270,2026-06-01,81.24,75.78,83.3,84.02
ENG-00271,2026-05-01,75.09,82.09,87.74,87.8
ENG-00271,2026-06-01,75.61,83.71,84.49,86.26
ENG-00271,2026-07-01,72.74,69.53,86.38,83.03
ENG-00271,2026-08-01,78.62,78.07,90.29,79.71
ENG-00272,2024-08-01,86.09,84.08,86.92,90.6
ENG-00272,2024-09-01,88.2,87.73,88.62,87.01
ENG-00272,2024-10-01,75.0,84.07,87.71,86.9
ENG-00272,2024-11-01,82.47,78.16,94.7,88.52
ENG-00272,2024-12-01,72.88,84.34,79.11,84.97
ENG-00272,2025-01-01,80.57,75.27,82.42,82.69
ENG-00272,2025-02-01,82.13,81.31,79.51,76.32
ENG-00272,2025-03-01,67.07,66.28,61.07,67.92
ENG-00273,2024-05-01,79.99,79.49,84.37,84.62
ENG-00273,2024-06-01,81.66,72.12,85.56,78.37
ENG-00273,2024-07-01,84.52,72.4,76.75,81.47
ENG-00273,2024-08-01,83.72,77.71,78.38,82.31
ENG-00273,2024-09-01,72.24,66.8,81.49,79.02
ENG-00273,2024-10-01,79.8,91.18,75.71,79.99
ENG-00273,2024-11-01,72.76,71.03,85.44,74.63
ENG-00273,2024-12-01,74.15,73.65,67.87,76.76
ENG-00273,2025-01-01,79.51,75.66,81.45,69.8
ENG-00273,2025-02-01,79.24,75.0,64.99,76.98
ENG-00273,2025-03-01,82.18,77.24,85.62,79.07
ENG-00273,2025-04-01,78.65,74.28,76.31,77.89
ENG-00273,2025-05-01,80.2,70.31,79.56,78.02
ENG-00274,2025-07-01,75.78,80.64,86.14,82.11
ENG-00274,2025-08-01,87.56,77.3,87.53,87.92
ENG-00274,2025-09-01,85.28,82.18,92.83,81.35
ENG-00274,2025-10-01,77.6,71.71,86.29,80.14
ENG-00274,2025-11-01,82.83,89.95,80.77,86.75
ENG-00274,2025-12-01,79.48,74.91,68.02,81.29
ENG-00274,2026-01-01,84.73,85.8,88.6,86.66
ENG-00274,2026-02-01,80.28,76.65,85.77,81.1
ENG-00274,2026-03-01,80.04,80.83,75.13,84.61
ENG-00275,2025-08-01,82.2,76.44,73.26,83.52
ENG-00275,2025-09-01,80.73,79.69,83.43,87.6
ENG-00275,2025-10-01,87.64,84.78,97.23,88.04
ENG-00275,2025-11-01,83.67,78.68,86.87,87.88
ENG-00275,2025-12-01,89.0,86.26,89.12,89.74
ENG-00275,2026-01-01,79.34,73.73,77.57,84.16
ENG-00275,2026-02-01,80.91,79.82,89.79,86.35
ENG-00276,2026-07-01,79.13,85.0,94.62,89.68
ENG-00276,2026-08-01,85.79,89.3,81.35,90.64
ENG-00277,2026-05-01,63.79,50.54,64.45,52.1
ENG-00277,2026-06-01,60.37,68.35,56.8,61.95
ENG-00277,2026-07-01,54.08,52.56,61.41,62.39
ENG-00277,2026-08-01,66.87,61.51,68.91,58.43
ENG-00277,2026-09-01,65.23,56.84,54.77,63.34
ENG-00277,2026-10-01,62.21,68.05,56.95,60.26
ENG-00277,2026-11-01,69.86,67.55,65.25,68.41
ENG-00277,2026-12-01,63.57,54.01,54.79,57.8
ENG-00277,2027-01-01,63.31,46.95,42.45,58.12
ENG-00277,2027-02-01,47.71,50.47,49.11,48.23
ENG-00277,2027-03-01,59.64,42.25,44.83,52.1
ENG-00278,2024-04-01,72.97,75.65,71.9,81.22
ENG-00278,2024-05-01,75.36,62.59,82.98,73.44
ENG-00278,2024-06-01,79.26,67.73,87.49,74.64
ENG-00278,2024-07-01,75.63,84.08,85.51,82.53
ENG-00278,2024-08-01,80.6,73.23,82.85,80.15
ENG-00278,2024-09-01,78.56,79.18,84.84,83.01
ENG-00278,2024-10-01,79.18,83.91,75.87,85.43
ENG-00278,2024-11-01,84.02,82.54,78.56,84.38
ENG-00278,2024-12-01,73.2,77.61,75.81,79.01
ENG-00279,2024-10-01,77.12,69.33,79.48,79.36
ENG-00279,2024-11-01,77.61,75.85,77.53,77.6
ENG-00279,2024-12-01,70.73,71.48,77.51,77.21
ENG-00279,2025-01-01,67.55,76.3,72.83,75.84
ENG-00279,2025-02-01,78.64,69.34,64.18,71.22
ENG-00279,2025-03-01,68.47,70.55,69.56,76.13
ENG-00279,2025-04-01,73.11,76.73,69.58,75.13
ENG-00279,2025-05-01,66.4,71.38,76.31,79.65
ENG-00279,2025-06-01,72.53,69.09,69.09,73.09
ENG-00279,2025-07-01,66.01,61.95,73.13,68.32
ENG-00279,2025-08-01,74.42,77.74,77.06,79.22
ENG-00279,2025-09-01,76.1,69.34,74.12,77.7
ENG-00280,2026-02-01,82.29,77.89,74.87,85.0
ENG-00280,2026-03-01,83.92,86.87,82.85,85.08
ENG-00280,2026-04-01,87.21,79.69,80.94,83.4
ENG-00280,2026-05-01,86.78,81.58,93.38,79.83
ENG-00280,2026-06-01,79.71,68.57,74.08,77.06
ENG-00280,2026-07-01,76.28,73.62,75.31,80.98
ENG-00280,2026-08-01,81.07,84.63,87.84,79.82
ENG-00280,2026-09-01,71.2,70.0,80.49,79.92
ENG-00280,2026-10-01,68.72,69.39,64.46,72.36
ENG-00280,2026-11-01,64.31,62.64,57.79,61.58
ENG-00280,2026-12-01,62.01,55.39,53.75,59.02
ENG-00281,2024-01-01,69.07,74.25,83.1,80.15
ENG-00281,2024-02-01,78.22,79.85,81.6,88.39
ENG-00281,2024-03-01,75.3,79.45,76.13,85.92
ENG-00281,2024-04-01,74.65,75.32,75.07,87.47
ENG-00281,2024-05-01,81.87,75.28,87.54,86.67
ENG-00281,2024-06-01,74.79,65.06,91.1,80.12
ENG-00281,2024-07-01,86.4,79.05,87.87,86.56
ENG-00281,2024-08-01,81.77,79.17,78.31,82.48
ENG-00282,2025-12-01,65.45,67.53,69.69,63.34
ENG-00282,2026-01-01,72.08,73.98,64.49,79.23
ENG-00282,2026-02-01,74.5,80.84,67.22,74.99
ENG-00282,2026-03-01,75.03,64.27,68.92,79.21
ENG-00282,2026-04-01,78.38,81.32,82.91,78.48
ENG-00282,2026-05-01,65.39,74.9,67.7,75.46
ENG-00282,2026-06-01,78.41,78.37,86.98,76.02
ENG-00282,2026-07-01,78.01,80.99,79.6,70.12
ENG-00282,2026-08-01,66.89,57.49,61.09,76.46
ENG-00283,2025-07-01,68.53,58.37,72.37,63.99
ENG-00283,2025-08-01,77.23,73.49,82.9,76.87
ENG-00283,2025-09-01,74.28,76.87,70.88,69.29
ENG-00283,2025-10-01,60.37,73.13,75.84,75.49
ENG-00283,2025-11-01,67.43,70.56,71.34,67.33
ENG-00283,2025-12-01,76.64,64.83,68.17,66.12
ENG-00283,2026-01-01,68.94,67.46,63.72,75.3
ENG-00284,2024-03-01,80.63,82.91,79.69,84.99
ENG-00284,2024-04-01,81.71,73.75,82.84,83.01
ENG-00284,2024-05-01,77.89,68.75,87.52,85.61
ENG-00284,2024-06-01,78.4,84.11,85.41,90.4
ENG-00284,2024-07-01,84.23,78.03,84.16,82.12
ENG-00284,2024-08-01,80.74,85.55,81.74,86.42
ENG-00284,2024-09-01,75.86,75.98,73.54,81.02
ENG-00284,2024-10-01,87.59,79.37,90.41,86.15
ENG-00284,2024-11-01,74.2,73.07,86.96,82.32
ENG-00284,2024-12-01,83.1,82.07,83.39,85.55
ENG-00284,2025-01-01,83.84,80.36,91.22,81.18
ENG-00284,2025-02-01,83.74,81.82,93.65,76.61
ENG-00284,2025-03-01,82.66,78.32,84.79,83.26
ENG-00285,2025-09-01,57.54,55.89,62.38,57.11
ENG-00285,2025-10-01,65.34,67.91,76.33,66.93
ENG-00285,2025-11-01,65.48,69.43,64.27,65.76
ENG-00285,2025-12-01,68.69,66.1,74.25,68.02
ENG-00285,2026-01-01,74.33,68.24,76.36,71.48
ENG-00285,2026-02-01,56.03,58.17,56.16,58.44
ENG-00285,2026-03-01,67.26,62.75,57.08,68.18
ENG-00285,2026-04-01,64.26,60.79,61.22,64.51
ENG-00285,2026-05-01,63.65,57.77,51.82,47.7
ENG-00285,2026-06-01,53.66,53.85,52.47,51.86
ENG-00285,2026-07-01,62.4,48.01,71.04,46.23
ENG-00286,2024-11-01,86.38,77.34,93.71,87.13
ENG-00286,2024-12-01,84.48,82.35,83.28,81.68
ENG-00286,2025-01-01,72.39,79.79,69.83,84.22
ENG-00286,2025-02-01,79.09,73.19,89.28,83.62
ENG-00286,2025-03-01,83.41,64.72,85.83,81.22
ENG-00286,2025-04-01,85.86,70.52,82.59,86.92
ENG-00286,2025-05-01,80.01,71.37,84.09,84.56
ENG-00286,2025-06-01,75.37,80.34,83.94,84.4
ENG-00286,2025-07-01,76.22,68.14,75.4,78.64
ENG-00286,2025-08-01,74.31,72.47,76.21,79.19
ENG-00286,2025-09-01,85.66,86.34,87.66,87.43
ENG-00286,2025-10-01,74.01,78.85,73.46,87.21
ENG-00286,2025-11-01,72.66,76.38,86.23,82.69
ENG-00287,2025-01-01,66.84,59.43,58.27,72.14
ENG-00287,2025-02-01,74.3,67.21,81.46,70.16
ENG-00287,2025-03-01,75.94,72.7,85.73,69.6
ENG-00287,2025-04-01,76.17,61.48,79.64,72.33
ENG-00287,2025-05-01,72.52,58.9,71.22,75.02
ENG-00287,2025-06-01,66.93,73.3,60.89,75.28
ENG-00287,2025-07-01,75.3,66.15,68.32,67.6
ENG-00288,2025-05-01,81.38,85.79,92.52,93.17
ENG-00288,2025-06-01,99.74,80.82,91.44,91.93
ENG-00288,2025-07-01,89.67,81.38,89.73,88.96
ENG-00288,2025-08-01,74.78,81.01,78.74,87.56
ENG-00288,2025-09-01,82.86,83.54,91.13,88.16
ENG-00288,2025-10-01,82.88,87.17,91.17,88.82
ENG-00288,2025-11-01,85.08,85.29,87.36,92.75
ENG-00288,2025-12-01,83.19,82.61,91.93,93.43
ENG-00288,2026-01-01,71.02,80.52,94.38,88.51
ENG-00288,2026-02-01,88.36,93.15,88.52,93.42
ENG-00288,2026-03-01,80.33,76.16,93.89,87.1
ENG-00289,2026-03-01,80.66,77.3,85.1,88.13
ENG-00289,2026-04-01,77.5,74.29,75.91,83.02
ENG-00289,2026-05-01,84.03,86.79,86.48,88.21
ENG-00289,2026-06-01,93.02,89.52,80.25,90.18
ENG-00289,2026-07-01,83.86,79.21,95.21,84.24
ENG-00289,2026-08-01,89.23,82.24,81.97,88.33
ENG-00290,2025-05-01,86.07,84.36,86.81,89.0
ENG-00290,2025-06-01,88.61,79.55,90.12,84.93
ENG-00290,2025-07-01,89.26,94.15,87.33,92.01
ENG-00290,2025-08-01,88.15,91.02,80.92,90.14
ENG-00290,2025-09-01,81.72,80.25,81.97,83.73
ENG-00290,2025-10-01,77.71,80.58,90.16,87.8
ENG-00290,2025-11-01,79.65,84.24,90.33,89.61
ENG-00290,2025-12-01,70.79,84.88,89.28,86.6
ENG-00290,2026-01-01,83.93,78.48,86.28,84.87
ENG-00290,2026-02-01,89.18,82.5,90.21,87.04
ENG-00291,2024-11-01,64.47,64.64,72.55,70.38
ENG-00291,2024-12-01,60.49,39.87,51.09,51.87
ENG-00291,2025-01-01,59.05,61.72,50.67,57.02
ENG-00291,2025-02-01,50.28,43.0,50.36,47.6
ENG-00291,2025-03-01,55.19,35.32,46.94,44.93
ENG-00292,2024-04-01,76.49,78.91,72.4,72.2
ENG-00292,2024-05-01,82.06,76.52,73.26,70.02
ENG-00292,2024-06-01,69.0,71.52,77.77,78.24
ENG-00292,2024-07-01,79.18,69.9,71.56,76.07
ENG-00292,2024-08-01,74.14,71.8,76.18,74.96
ENG-00292,2024-09-01,66.44,71.69,64.68,69.68
ENG-00292,2024-10-01,71.01,78.85,71.73,78.03
ENG-00292,2024-11-01,78.5,76.3,85.18,77.01
ENG-00292,2024-12-01,79.77,82.09,79.91,79.08
ENG-00292,2025-01-01,74.38,66.08,72.09,73.62
ENG-00292,2025-02-01,76.46,69.37,70.71,78.01
ENG-00292,2025-03-01,83.14,78.9,92.54,79.98
ENG-00292,2025-04-01,80.06,78.88,77.24,79.56
ENG-00293,2025-05-01,79.1,71.97,78.7,84.69
ENG-00293,2025-06-01,78.85,72.83,81.61,80.42
ENG-00293,2025-07-01,91.01,82.06,81.86,87.44
ENG-00293,2025-08-01,91.55,87.18,95.93,85.94
ENG-00293,2025-09-01,81.73,79.16,84.17,87.84
ENG-00293,2025-10-01,84.64,80.38,88.69,88.23
ENG-00293,2025-11-01,74.98,69.78,74.17,86.7
ENG-00293,2025-12-01,81.4,82.51,91.57,88.25
ENG-00293,2026-01-01,77.76,78.97,76.41,88.32
ENG-00293,2026-02-01,84.89,79.47,74.12,84.96
ENG-00294,2024-08-01,72.94,77.28,87.53,77.61
ENG-00294,2024-09-01,79.46,81.57,84.84,86.8
ENG-00294,2024-10-01,82.26,83.17,88.75,83.86
ENG-00294,2024-11-01,75.99,72.74,82.56,80.07
ENG-00294,2024-12-01,83.4,80.18,85.93,86.25
ENG-00294,2025-01-01,84.13,80.68,74.46,87.1
ENG-00294,2025-02-01,87.34,91.29,93.09,88.38
ENG-00294,2025-03-01,79.92,76.3,74.29,80.92
ENG-00295,2025-06-01,71.17,68.96,68.54,78.8
ENG-00295,2025-07-01,70.89,69.51,72.4,78.6
ENG-00295,2025-08-01,71.62,72.3,77.25,82.19
ENG-00295,2025-09-01,78.53,72.22,74.44,75.68
ENG-00295,2025-10-01,75.5,79.7,81.94,79.97
ENG-00295,2025-11-01,75.64,67.86,87.86,73.96
ENG-00295,2025-12-01,73.93,68.89,82.39,80.65
ENG-00295,2026-01-01,83.23,78.88,83.28,76.24
ENG-00296,2024-07-01,81.12,82.87,87.04,91.74
ENG-00296,2024-08-01,81.43,76.96,83.61,83.45
ENG-00296,2024-09-01,93.91,89.1,93.95,90.84
ENG-00296,2024-10-01,78.71,74.22,79.21,84.55
ENG-00296,2024-11-01,80.53,80.78,91.95,86.37
ENG-00296,2024-12-01,86.84,95.06,85.05,89.43
ENG-00296,2025-01-01,84.68,89.91,89.23,89.23
ENG-00297,2025-11-01,82.36,76.47,86.59,85.22
ENG-00297,2025-12-01,78.04,79.46,79.05,82.56
ENG-00297,2026-01-01,79.91,86.19,76.25,81.37
ENG-00297,2026-02-01,76.5,77.53,75.74,81.07
ENG-00297,2026-03-01,79.14,74.07,85.25,81.5
ENG-00297,2026-04-01,79.16,78.47,84.95,85.95
ENG-00297,2026-05-01,80.58,95.79,90.3,87.89
ENG-00297,2026-06-01,80.93,75.4,79.01,80.85
ENG-00297,2026-07-01,72.71,78.98,79.32,81.69
ENG-00297,2026-08-01,82.72,77.99,81.09,87.18
ENG-00298,2024-01-01,70.93,59.98,49.74,70.86
ENG-00298,2024-02-01,66.87,63.88,68.87,74.21
ENG-00298,2024-03-01,64.09,74.73,71.02,76.23
ENG-00298,2024-04-01,77.98,76.94,82.3,74.63
ENG-00298,2024-05-01,71.59,73.34,75.6,74.4
ENG-00298,2024-06-01,69.28,67.21,74.03,73.78
ENG-00298,2024-07-01,77.65,75.74,70.92,77.69
ENG-00298,2024-08-01,81.56,74.58,72.24,80.28
ENG-00298,2024-09-01,74.15,84.07,74.51,78.72
ENG-00298,2024-10-01,68.77,67.0,77.72,77.85
ENG-00298,2024-11-01,71.48,65.71,82.9,76.59
ENG-00298,2024-12-01,82.83,84.2,75.22,79.52
ENG-00299,2024-06-01,76.87,79.33,67.64,78.76
ENG-00299,2024-07-01,73.26,64.95,76.8,74.12
ENG-00299,2024-08-01,76.44,70.4,74.61,78.3
ENG-00299,2024-09-01,57.45,78.23,69.96,74.54
ENG-00299,2024-10-01,70.53,62.31,57.17,66.32
ENG-00299,2024-11-01,62.12,54.98,62.94,58.37
ENG-00300,2024-04-01,69.86,65.68,70.39,67.28
ENG-00300,2024-05-01,72.79,69.66,65.38,61.15
ENG-00300,2024-06-01,57.96,48.78,45.88,50.3
ENG-00300,2024-07-01,53.13,44.52,45.98,44.67
ENG-00301,2025-12-01,77.93,67.14,90.26,79.87
ENG-00301,2026-01-01,82.95,80.94,85.81,86.49
ENG-00301,2026-02-01,75.82,76.2,83.49,85.35
ENG-00301,2026-03-01,81.29,79.87,79.28,83.89
ENG-00301,2026-04-01,81.06,73.93,78.37,73.33
ENG-00301,2026-05-01,81.1,77.24,76.39,79.8
ENG-00301,2026-06-01,69.68,72.63,78.97,85.32
ENG-00301,2026-07-01,81.17,83.81,74.93,84.04
ENG-00302,2024-12-01,73.08,67.41,85.37,73.0
ENG-00302,2025-01-01,80.75,71.5,73.41,81.25
ENG-00302,2025-02-01,77.0,76.44,83.47,85.27
ENG-00302,2025-03-01,84.45,76.89,77.7,83.56
ENG-00302,2025-04-01,80.17,71.96,85.14,85.14
ENG-00302,2025-05-01,66.5,70.36,82.09,83.3
ENG-00302,2025-06-01,74.53,79.91,74.77,89.48
ENG-00302,2025-07-01,80.18,73.73,73.2,74.66
ENG-00303,2025-09-01,74.65,73.27,86.44,83.71
ENG-00303,2025-10-01,75.11,84.86,77.62,86.86
ENG-00303,2025-11-01,87.9,91.65,86.54,89.22
ENG-00303,2025-12-01,77.66,75.6,84.35,83.68
ENG-00303,2026-01-01,72.93,70.33,68.26,79.06
ENG-00303,2026-02-01,74.12,76.69,93.63,77.31
ENG-00303,2026-03-01,80.96,88.81,95.51,90.46
ENG-00303,2026-04-01,81.61,77.67,72.87,86.12
ENG-00303,2026-05-01,93.85,78.19,89.57,89.5
ENG-00303,2026-06-01,80.47,67.34,98.21,77.32
ENG-00303,2026-07-01,74.25,79.78,87.3,78.79
ENG-00303,2026-08-01,77.28,70.83,84.21,85.93
ENG-00304,2025-05-01,87.31,75.28,96.07,86.72
ENG-00304,2025-06-01,80.55,75.61,63.63,83.2
ENG-00304,2025-07-01,75.13,85.0,89.85,87.71
ENG-00304,2025-08-01,86.15,72.94,79.98,83.02
ENG-00304,2025-09-01,79.36,75.5,77.53,84.25
ENG-00304,2025-10-01,73.36,75.1,85.6,85.75
ENG-00304,2025-11-01,85.59,82.47,90.22,87.03
ENG-00304,2025-12-01,77.83,79.63,77.49,85.06
ENG-00304,2026-01-01,91.16,88.46,91.43,90.09
ENG-00305,2024-05-01,84.58,78.34,94.13,78.54
ENG-00305,2024-06-01,84.4,74.21,85.91,88.68
ENG-00305,2024-07-01,93.82,80.94,93.09,89.79
ENG-00305,2024-08-01,75.5,82.08,81.69,88.15
ENG-00305,2024-09-01,81.2,84.21,89.37,85.76
ENG-00305,2024-10-01,70.97,80.94,81.71,86.43
ENG-00305,2024-11-01,73.07,79.14,85.95,87.42
ENG-00305,2024-12-01,82.81,79.78,85.23,86.1
ENG-00305,2025-01-01,84.97,87.17,77.58,88.79
ENG-00305,2025-02-01,82.08,75.68,81.08,86.86
ENG-00306,2024-09-01,87.79,93.17,92.67,86.52
ENG-00306,2024-10-01,78.67,66.72,84.88,77.7
ENG-00306,2024-11-01,71.34,69.49,76.4,70.24
ENG-00306,2024-12-01,77.51,77.08,81.68,73.53
ENG-00306,2025-01-01,63.75,65.75,55.68,65.56
ENG-00307,2024-08-01,72.37,72.42,78.09,82.61
ENG-00307,2024-09-01,79.13,84.67,90.98,83.76
ENG-00307,2024-10-01,71.92,80.1,75.99,85.77
ENG-00307,2024-11-01,76.54,70.06,86.65,87.68
ENG-00307,2024-12-01,78.02,67.99,87.41,81.78
ENG-00307,2025-01-01,81.56,75.57,71.01,83.02
ENG-00307,2025-02-01,79.54,72.95,90.99,79.97
ENG-00307,2025-03-01,82.18,78.74,85.17,80.65
ENG-00307,2025-04-01,85.08,61.37,75.31,78.38
ENG-00307,2025-05-01,75.14,73.69,80.48,82.08
ENG-00308,2024-11-01,78.63,77.32,81.11,86.72
ENG-00308,2024-12-01,87.22,81.89,88.29,83.83
ENG-00308,2025-01-01,78.02,79.21,73.4,79.07
ENG-00308,2025-02-01,68.06,63.1,68.67,72.76
ENG-00308,2025-03-01,68.84,70.95,73.54,76.22
ENG-00308,2025-04-01,63.6,62.58,61.47,66.19
ENG-00308,2025-05-01,74.99,59.43,68.28,56.06
ENG-00309,2025-03-01,91.32,93.27,89.32,87.9
ENG-00309,2025-04-01,83.25,87.76,88.7,93.6
ENG-00309,2025-05-01,82.7,84.38,95.46,89.66
ENG-00309,2025-06-01,86.22,88.44,99.6,91.04
ENG-00309,2025-07-01,94.58,90.15,91.99,92.18
ENG-00309,2025-08-01,80.29,83.14,91.3,86.45
ENG-00309,2025-09-01,83.12,82.04,81.55,85.39
ENG-00309,2025-10-01,68.95,70.36,76.73,80.46
ENG-00309,2025-11-01,69.26,63.47,69.44,74.39
ENG-00309,2025-12-01,64.26,55.14,67.28,65.02
ENG-00310,2026-01-01,81.82,79.08,83.26,88.17
ENG-00310,2026-02-01,72.5,71.21,80.27,82.05
ENG-00310,2026-03-01,83.58,83.89,94.45,86.99
ENG-00310,2026-04-01,74.67,82.8,80.48,84.05
ENG-00310,2026-05-01,76.61,72.43,83.01,86.43
ENG-00310,2026-06-01,69.9,69.18,81.55,78.81
ENG-00310,2026-07-01,89.1,87.1,79.59,80.51
ENG-00310,2026-08-01,71.76,78.44,71.95,82.36
ENG-00311,2026-03-01,71.36,76.61,76.21,78.74
ENG-00311,2026-04-01,75.31,78.81,74.93,77.12
ENG-00311,2026-05-01,66.41,64.1,66.25,70.33
ENG-00311,2026-06-01,80.19,74.46,84.71,75.85
ENG-00311,2026-07-01,73.35,73.98,78.72,69.16
ENG-00311,2026-08-01,77.97,77.31,91.16,81.31
ENG-00312,2026-08-01,66.99,65.94,68.39,65.96
ENG-00313,2025-08-01,83.76,83.94,88.24,90.79
ENG-00313,2025-09-01,82.2,85.88,82.84,85.34
ENG-00313,2025-10-01,83.0,75.22,93.84,83.97
ENG-00313,2025-11-01,87.35,88.7,82.53,88.74
ENG-00313,2025-12-01,78.76,83.54,92.21,82.39
ENG-00313,2026-01-01,82.56,82.55,81.37,80.7
ENG-00313,2026-02-01,77.06,78.51,93.7,86.26
ENG-00313,2026-03-01,80.38,77.65,83.9,87.29
ENG-00313,2026-04-01,84.11,82.16,93.98,88.1
ENG-00313,2026-05-01,94.14,88.4,93.94,91.57
ENG-00313,2026-06-01,76.8,83.19,89.43,89.56
ENG-00314,2024-06-01,90.19,77.2,86.02,89.63
ENG-00314,2024-07-01,79.22,84.2,92.56,86.31
ENG-00314,2024-08-01,84.07,86.93,93.06,86.74
ENG-00314,2024-09-01,74.12,67.43,73.04,78.12
ENG-00314,2024-10-01,70.29,73.45,79.28,79.12
ENG-00314,2024-11-01,66.45,59.81,64.19,70.33
ENG-00314,2024-12-01,68.79,69.91,72.13,70.62
ENG-00315,2024-08-01,81.23,70.93,74.24,84.63
ENG-00315,2024-09-01,83.78,75.51,85.58,79.76
ENG-00315,2024-10-01,82.28,79.82,88.48,88.69
ENG-00315,2024-11-01,82.31,75.74,87.79,88.78
ENG-00315,2024-12-01,72.97,69.32,75.33,84.17
ENG-00315,2025-01-01,89.23,87.86,93.23,85.05
ENG-00315,2025-02-01,76.99,69.95,84.22,81.41
ENG-00316,2025-06-01,82.5,77.4,82.39,78.91
ENG-00316,2025-07-01,76.87,77.26,75.26,76.13
ENG-00316,2025-08-01,82.2,68.28,70.69,85.06
ENG-00316,2025-09-01,71.94,79.23,71.36,75.29
ENG-00316,2025-10-01,65.87,61.1,77.95,78.18
ENG-00316,2025-11-01,78.52,73.28,78.29,78.76
ENG-00316,2025-12-01,76.62,72.2,70.78,82.4
ENG-00317,2024-09-01,77.66,77.2,87.5,80.11
ENG-00317,2024-10-01,78.43,73.45,79.59,67.31
ENG-00317,2024-11-01,80.49,78.94,81.84,82.57
ENG-00317,2024-12-01,87.37,79.52,79.17,79.8
ENG-00317,2025-01-01,84.34,76.99,68.39,85.2
ENG-00317,2025-02-01,78.7,78.44,75.6,80.45
ENG-00317,2025-03-01,73.53,84.31,79.01,81.65
ENG-00317,2025-04-01,83.32,77.07,74.35,82.74
ENG-00317,2025-05-01,82.38,74.16,73.84,81.92
ENG-00317,2025-06-01,69.41,80.56,87.6,82.52
ENG-00317,2025-07-01,78.51,74.58,91.55,86.41
ENG-00318,2024-01-01,86.11,82.72,88.34,84.01
ENG-00318,2024-02-01,82.77,80.07,86.47,83.04
ENG-00318,2024-03-01,91.51,81.58,88.27,87.85
ENG-00318,2024-04-01,79.75,80.21,90.2,84.53
ENG-00318,2024-05-01,81.55,79.27,82.61,84.27
ENG-00318,2024-06-01,78.1,85.32,76.5,85.17
ENG-00318,2024-07-01,81.84,78.58,89.8,85.52
ENG-00318,2024-08-01,81.76,84.21,86.72,81.52
ENG-00318,2024-09-01,88.86,70.05,75.28,79.49
ENG-00319,2024-06-01,76.36,79.43,82.0,84.11
ENG-00319,2024-07-01,68.72,75.25,85.58,79.92
ENG-00319,2024-08-01,72.93,63.87,68.39,69.95
ENG-00319,2024-09-01,60.6,56.77,68.69,62.84
ENG-00319,2024-10-01,60.66,55.23,50.47,56.87
ENG-00320,2025-01-01,68.72,74.95,76.86,76.04
ENG-00320,2025-02-01,79.82,74.97,81.33,82.77
ENG-00320,2025-03-01,73.75,76.13,77.54,80.85
ENG-00320,2025-04-01,79.43,69.54,79.39,78.06
ENG-00320,2025-05-01,83.29,76.63,84.12,79.54
ENG-00320,2025-06-01,78.15,75.39,77.75,80.23
ENG-00320,2025-07-01,77.02,72.59,75.79,78.34
ENG-00321,2025-06-01,76.7,69.65,73.36,84.14
ENG-00321,2025-07-01,68.24,62.89,66.5,72.08
ENG-00321,2025-08-01,70.57,66.32,63.31,68.46
ENG-00321,2025-09-01,72.0,66.24,52.89,63.0
ENG-00321,2025-10-01,52.66,48.46,59.2,48.23
ENG-00322,2025-06-01,87.27,78.82,83.26,85.11
ENG-00322,2025-07-01,78.22,79.0,86.41,86.73
ENG-00322,2025-08-01,79.44,83.52,71.55,83.66
ENG-00322,2025-09-01,75.96,86.41,93.03,83.99
ENG-00322,2025-10-01,69.73,75.95,82.28,83.76
ENG-00322,2025-11-01,79.56,82.93,86.55,84.85
ENG-00322,2025-12-01,79.47,77.68,80.91,77.13
ENG-00322,2026-01-01,75.53,74.78,74.81,80.17
ENG-00322,2026-02-01,77.79,71.79,79.76,69.86
ENG-00322,2026-03-01,80.46,75.41,60.81,68.34
ENG-00323,2024-07-01,69.54,75.62,62.9,75.66
ENG-00323,2024-08-01,77.73,77.11,66.68,74.61
ENG-00323,2024-09-01,70.34,58.14,68.62,67.38
ENG-00323,2024-10-01,72.36,74.76,80.41,73.85
ENG-00323,2024-11-01,79.14,66.28,77.0,74.99
ENG-00323,2024-12-01,81.26,60.37,71.12,63.49
ENG-00323,2025-01-01,76.7,78.67,85.43,78.27
ENG-00323,2025-02-01,69.66,75.69,78.65,70.25
ENG-00323,2025-03-01,75.67,69.02,69.22,69.58
ENG-00323,2025-04-01,68.83,61.66,70.65,71.5
ENG-00323,2025-05-01,78.36,70.87,75.53,75.92
ENG-00324,2026-01-01,79.75,64.5,65.25,71.08
ENG-00324,2026-02-01,65.35,57.84,59.6,69.6
ENG-00324,2026-03-01,70.98,70.14,72.29,68.34
ENG-00324,2026-04-01,60.51,58.76,70.58,66.58
ENG-00325,2024-01-01,81.67,92.1,84.32,85.22
ENG-00325,2024-02-01,71.94,82.17,87.05,83.88
ENG-00325,2024-03-01,75.9,72.87,68.35,73.3
ENG-00325,2024-04-01,84.63,82.47,88.64,79.25
ENG-00325,2024-05-01,72.23,74.09,75.04,83.17
ENG-00325,2024-06-01,69.0,66.7,70.31,79.39
ENG-00325,2024-07-01,96.57,87.59,94.45,83.53
ENG-00325,2024-08-01,84.8,90.3,89.04,84.66
ENG-00326,2025-05-01,63.06,70.04,72.22,73.05
ENG-00326,2025-06-01,78.98,76.19,79.65,64.2
ENG-00326,2025-07-01,67.71,68.53,74.12,73.79
ENG-00326,2025-08-01,71.01,55.83,68.96,67.77
ENG-00326,2025-09-01,62.3,60.49,67.27,68.13
ENG-00326,2025-10-01,69.39,71.08,80.88,78.04
ENG-00326,2025-11-01,70.64,70.3,84.67,76.63
ENG-00326,2025-12-01,65.17,56.57,65.2,70.81
ENG-00326,2026-01-01,67.42,70.01,69.35,68.99
ENG-00327,2025-03-01,73.39,76.34,79.75,79.22
ENG-00327,2025-04-01,77.43,79.09,81.82,71.93
ENG-00327,2025-05-01,75.64,66.2,73.67,72.05
ENG-00327,2025-06-01,68.03,64.71,68.43,75.12
ENG-00327,2025-07-01,64.42,50.23,55.8,58.79
ENG-00327,2025-08-01,52.36,53.02,49.47,54.35
ENG-00328,2024-11-01,86.75,81.31,87.35,88.87
ENG-00328,2024-12-01,80.31,85.41,87.74,85.03
ENG-00328,2025-01-01,88.88,77.69,89.68,82.14
ENG-00328,2025-02-01,73.73,78.43,85.22,80.82
ENG-00328,2025-03-01,71.11,57.61,73.58,71.89
ENG-00328,2025-04-01,71.21,68.29,61.75,63.64
ENG-00328,2025-05-01,61.07,65.02,64.94,64.14
ENG-00329,2025-08-01,80.27,74.21,80.04,91.05
ENG-00329,2025-09-01,78.15,83.48,82.96,85.76
ENG-00329,2025-10-01,91.02,83.21,92.08,91.32
ENG-00329,2025-11-01,85.99,79.52,87.48,87.56
ENG-00329,2025-12-01,82.85,88.79,95.44,88.13
ENG-00329,2026-01-01,80.38,82.14,84.29,85.88
ENG-00329,2026-02-01,88.54,91.68,92.48,90.75
ENG-00329,2026-03-01,86.77,87.26,86.03,89.58
ENG-00329,2026-04-01,83.86,90.54,91.75,89.5
ENG-00329,2026-05-01,80.91,87.32,100.0,90.22
ENG-00329,2026-06-01,81.8,82.94,84.73,86.15
ENG-00329,2026-07-01,86.98,89.58,97.86,89.26
ENG-00329,2026-08-01,81.47,73.85,95.91,87.68
ENG-00330,2024-10-01,78.62,63.77,69.42,73.35
ENG-00330,2024-11-01,72.17,86.94,77.53,80.73
ENG-00330,2024-12-01,69.96,76.1,74.35,76.12
ENG-00330,2025-01-01,73.06,68.09,74.21,69.01
ENG-00330,2025-02-01,67.56,60.85,69.68,63.62
ENG-00330,2025-03-01,82.58,74.23,64.79,79.92
ENG-00330,2025-04-01,74.37,71.18,79.36,74.51
ENG-00330,2025-05-01,72.14,60.55,78.11,77.04
ENG-00330,2025-06-01,75.14,65.51,72.28,73.13
ENG-00330,2025-07-01,71.34,69.76,68.37,73.8
ENG-00331,2024-11-01,84.48,73.14,85.02,85.27
ENG-00331,2024-12-01,76.8,84.41,82.99,85.42
ENG-00331,2025-01-01,80.89,78.48,76.98,84.88
ENG-00331,2025-02-01,82.48,79.73,76.78,85.29
ENG-00331,2025-03-01,84.31,81.22,90.23,81.13
ENG-00331,2025-04-01,82.24,81.63,81.53,84.54
ENG-00331,2025-05-01,77.81,82.97,78.13,87.52
ENG-00331,2025-06-01,73.63,80.33,87.5,87.2
ENG-00332,2026-07-01,67.15,62.97,58.1,69.29
ENG-00332,2026-08-01,64.02,59.3,55.76,64.91
ENG-00332,2026-09-01,63.41,66.2,57.58,56.04
ENG-00332,2026-10-01,53.91,53.87,44.86,47.5
ENG-00332,2026-11-01,54.12,56.92,55.66,48.15
ENG-00333,2025-12-01,75.14,72.62,82.28,87.09
ENG-00333,2026-01-01,83.96,78.7,87.4,86.5
ENG-00333,2026-02-01,85.59,78.59,80.95,85.2
ENG-00333,2026-03-01,81.31,79.51,89.91,89.89
ENG-00333,2026-04-01,83.26,81.28,84.82,89.78
ENG-00333,2026-05-01,80.46,75.2,77.6,82.19
ENG-00333,2026-06-01,86.02,87.17,97.62,87.23
ENG-00333,2026-07-01,75.91,82.16,85.51,82.94
ENG-00333,2026-08-01,85.48,87.45,92.7,83.55
ENG-00334,2024-02-01,80.63,73.85,87.43,86.52
ENG-00334,2024-03-01,84.83,73.99,80.79,81.77
ENG-00334,2024-04-01,82.73,93.17,81.58,85.85
ENG-00334,2024-05-01,92.64,82.72,93.68,87.48
ENG-00334,2024-06-01,90.73,84.67,86.64,89.85
ENG-00334,2024-07-01,87.63,77.67,84.97,88.69
ENG-00334,2024-08-01,86.53,79.64,96.45,89.97
ENG-00334,2024-09-01,82.26,79.28,95.48,90.71
ENG-00334,2024-10-01,80.97,85.24,79.64,87.52
ENG-00334,2024-11-01,82.93,83.34,100.0,88.77
ENG-00334,2024-12-01,86.4,79.11,82.32,89.73
ENG-00335,2024-02-01,68.93,65.85,68.24,72.57
ENG-00335,2024-03-01,70.5,58.83,72.72,59.29
ENG-00335,2024-04-01,71.89,60.52,64.39,64.43
ENG-00335,2024-05-01,70.25,70.17,64.31,65.53
ENG-00335,2024-06-01,78.27,79.79,80.24,71.67
ENG-00335,2024-07-01,70.84,59.75,63.66,61.1
ENG-00335,2024-08-01,74.09,69.13,72.16,71.2
ENG-00335,2024-09-01,66.68,60.33,72.11,65.35
ENG-00335,2024-10-01,70.9,72.47,69.64,69.58
ENG-00335,2024-11-01,65.04,71.23,74.63,71.17
ENG-00335,2024-12-01,75.25,61.62,69.96,68.59
ENG-00336,2026-04-01,82.18,70.69,78.54,74.76
ENG-00336,2026-05-01,62.27,62.57,62.78,73.2
ENG-00336,2026-06-01,65.69,52.16,61.21,60.66
ENG-00336,2026-07-01,64.75,51.74,54.33,54.45
ENG-00337,2024-02-01,90.39,81.0,78.04,89.84
ENG-00337,2024-03-01,77.22,83.01,89.51,77.13
ENG-00337,2024-04-01,90.56,91.01,99.4,87.7
ENG-00337,2024-05-01,84.06,80.59,80.56,86.14
ENG-00337,2024-06-01,86.98,87.63,85.73,79.53
ENG-00337,2024-07-01,82.04,82.13,84.14,86.79
ENG-00337,2024-08-01,80.73,82.39,74.83,84.18
ENG-00337,2024-09-01,83.91,77.19,93.38,85.01
ENG-00337,2024-10-01,81.7,81.39,81.32,85.74
ENG-00337,2024-11-01,74.46,68.74,79.33,82.36
ENG-00337,2024-12-01,81.19,90.26,85.39,88.56
ENG-00337,2025-01-01,72.0,81.29,88.05,82.71
ENG-00337,2025-02-01,77.79,78.39,86.3,83.98
ENG-00338,2025-07-01,73.76,81.27,83.48,82.29
ENG-00338,2025-08-01,68.5,75.87,75.6,77.38
ENG-00338,2025-09-01,74.82,61.34,74.88,68.44
ENG-00338,2025-10-01,64.36,58.65,63.11,70.67
ENG-00338,2025-11-01,60.04,53.63,50.91,53.76
ENG-00338,2025-12-01,53.68,52.97,58.09,49.12
ENG-00339,2025-04-01,77.01,83.22,77.29,76.68
ENG-00339,2025-05-01,79.07,78.28,80.95,75.38
ENG-00339,2025-06-01,67.84,60.4,68.63,74.07
ENG-00339,2025-07-01,81.34,66.54,73.72,76.62
ENG-00339,2025-08-01,75.99,73.75,79.26,79.17
ENG-00339,2025-09-01,75.62,62.47,74.92,71.04
ENG-00339,2025-10-01,64.45,68.03,79.58,78.52
ENG-00340,2024-08-01,85.03,79.45,83.48,85.5
ENG-00340,2024-09-01,85.65,71.82,79.62,81.74
ENG-00340,2024-10-01,77.84,67.8,77.99,72.87
ENG-00340,2024-11-01,78.48,71.52,76.14,76.71
ENG-00340,2024-12-01,74.39,69.7,70.58,69.54
ENG-00340,2025-01-01,67.26,53.59,66.14,60.35
ENG-00341,2025-03-01,74.75,63.82,67.5,71.82
ENG-00341,2025-04-01,75.54,80.5,77.52,76.45
ENG-00341,2025-05-01,63.25,70.18,67.46,75.43
ENG-00341,2025-06-01,68.81,60.86,66.29,60.88
ENG-00341,2025-07-01,68.12,66.21,69.56,73.05
ENG-00341,2025-08-01,67.02,68.71,68.09,64.1
ENG-00341,2025-09-01,67.92,57.22,72.07,65.1
ENG-00341,2025-10-01,80.46,65.67,55.5,66.08
ENG-00342,2025-10-01,82.43,78.33,90.47,77.78
ENG-00342,2025-11-01,75.22,83.9,78.25,86.38
ENG-00342,2025-12-01,79.06,78.15,73.71,85.44
ENG-00342,2026-01-01,83.21,78.44,84.18,84.43
ENG-00342,2026-02-01,72.75,88.81,90.17,83.79
ENG-00342,2026-03-01,72.43,78.37,75.89,87.27
ENG-00342,2026-04-01,77.68,77.38,80.95,78.04
ENG-00342,2026-05-01,81.17,78.9,67.32,79.35
ENG-00342,2026-06-01,74.52,88.0,74.37,77.42
ENG-00342,2026-07-01,79.52,76.09,76.9,79.75
ENG-00342,2026-08-01,78.91,71.83,83.87,81.57
ENG-00343,2025-02-01,74.81,74.17,78.66,85.18
ENG-00343,2025-03-01,79.73,79.85,78.69,84.98
ENG-00343,2025-04-01,77.84,78.41,75.61,85.49
ENG-00343,2025-05-01,80.36,80.88,81.34,81.62
ENG-00343,2025-06-01,82.83,77.32,81.45,83.28
ENG-00343,2025-07-01,78.83,82.77,78.87,83.52
ENG-00343,2025-08-01,76.31,72.91,78.49,81.38
ENG-00344,2025-08-01,78.22,82.2,79.02,83.39
ENG-00344,2025-09-01,80.3,66.26,73.04,73.4
ENG-00344,2025-10-01,70.82,50.26,57.67,73.24
ENG-00344,2025-11-01,53.73,61.06,54.55,71.71
ENG-00344,2025-12-01,63.17,52.31,54.89,57.58
ENG-00345,2025-02-01,76.09,79.3,76.57,78.09
ENG-00345,2025-03-01,81.96,78.04,72.21,80.78
ENG-00345,2025-04-01,81.33,80.47,85.29,81.65
ENG-00345,2025-05-01,87.41,84.59,80.69,76.27
ENG-00345,2025-06-01,77.19,69.92,81.62,72.91
ENG-00345,2025-07-01,78.85,72.22,66.97,75.97
ENG-00345,2025-08-01,81.77,79.9,88.48,81.04
ENG-00345,2025-09-01,77.06,78.11,83.31,84.13
ENG-00345,2025-10-01,87.97,83.29,76.57,78.06
ENG-00345,2025-11-01,86.81,79.49,94.52,80.05
ENG-00346,2025-09-01,75.77,73.79,81.03,68.92
ENG-00346,2025-10-01,64.7,75.55,68.34,71.95
ENG-00346,2025-11-01,61.52,67.57,83.22,65.6
ENG-00346,2025-12-01,76.35,70.39,77.1,66.27
ENG-00346,2026-01-01,78.3,66.05,77.99,74.64
ENG-00346,2026-02-01,84.72,72.07,71.47,70.48
ENG-00346,2026-03-01,69.3,69.5,69.08,74.93
ENG-00346,2026-04-01,66.95,58.23,69.87,68.63
ENG-00346,2026-05-01,71.42,66.3,66.67,69.19
ENG-00346,2026-06-01,65.24,65.38,52.28,65.2
ENG-00346,2026-07-01,59.89,46.12,53.52,56.49
ENG-00347,2026-04-01,86.85,74.23,82.58,80.3
ENG-00347,2026-05-01,70.96,77.25,72.98,74.83
ENG-00347,2026-06-01,72.66,70.46,72.9,74.63
ENG-00347,2026-07-01,71.9,63.75,75.32,75.97
ENG-00347,2026-08-01,77.81,67.92,75.35,78.61
ENG-00348,2024-04-01,82.76,79.77,90.0,85.36
ENG-00348,2024-05-01,81.88,79.88,84.48,86.04
ENG-00348,2024-06-01,81.44,81.06,82.65,83.77
ENG-00348,2024-07-01,79.37,93.31,90.96,89.29
ENG-00348,2024-08-01,88.91,71.27,89.88,83.26
ENG-00348,2024-09-01,87.72,72.84,78.9,81.77
ENG-00348,2024-10-01,77.06,79.99,91.97,87.25
ENG-00348,2024-11-01,91.84,80.47,82.81,85.05
ENG-00349,2025-11-01,86.67,79.32,85.17,91.1
ENG-00349,2025-12-01,84.09,84.09,86.33,89.74
ENG-00349,2026-01-01,80.67,78.83,78.67,88.76
ENG-00349,2026-02-01,81.37,81.49,85.34,88.92
ENG-00349,2026-03-01,82.9,87.57,88.57,90.54
ENG-00349,2026-04-01,81.96,81.19,93.98,84.34
ENG-00349,2026-05-01,84.82,81.35,85.36,83.3
ENG-00349,2026-06-01,81.98,72.95,90.66,85.47
ENG-00349,2026-07-01,81.1,85.93,87.73,87.88
ENG-00349,2026-08-01,81.23,76.51,81.01,84.07
ENG-00350,2025-11-01,71.39,66.82,76.94,81.84
ENG-00350,2025-12-01,78.88,85.21,84.25,86.52
ENG-00350,2026-01-01,81.08,78.46,72.94,83.19
ENG-00350,2026-02-01,76.29,73.62,94.87,88.9
ENG-00350,2026-03-01,77.41,83.24,86.84,86.78
ENG-00350,2026-04-01,79.13,70.85,75.82,87.95
ENG-00350,2026-05-01,72.67,84.38,86.86,87.77
ENG-00350,2026-06-01,74.92,75.51,86.42,84.54
ENG-00350,2026-07-01,77.42,80.38,82.9,84.82
ENG-00350,2026-08-01,79.1,81.42,83.64,85.45
ENG-00351,2025-02-01,75.91,67.46,77.99,77.43
ENG-00351,2025-03-01,76.39,85.12,87.67,80.07
ENG-00351,2025-04-01,63.44,66.25,71.31,79.73
ENG-00351,2025-05-01,72.8,80.69,81.43,83.16
ENG-00351,2025-06-01,73.25,75.29,77.01,83.95
ENG-00351,2025-07-01,72.82,76.36,75.93,79.63
ENG-00351,2025-08-01,79.94,75.62,68.01,80.86
ENG-00351,2025-09-01,71.3,64.25,64.79,72.29
ENG-00352,2026-07-01,82.22,68.04,79.37,86.26
ENG-00352,2026-08-01,72.57,67.98,78.39,81.71
ENG-00353,2024-11-01,65.18,51.4,61.41,73.46
ENG-00353,2024-12-01,71.74,75.1,77.6,66.71
ENG-00353,2025-01-01,66.31,53.8,67.57,65.47
ENG-00353,2025-02-01,77.04,74.82,77.39,72.89
ENG-00353,2025-03-01,76.79,68.56,76.95,70.74
ENG-00353,2025-04-01,70.94,64.82,71.23,62.59
ENG-00353,2025-05-01,71.5,70.99,65.81,72.53
ENG-00353,2025-06-01,68.43,64.09,61.34,65.88
ENG-00353,2025-07-01,81.11,79.09,69.5,73.72
ENG-00354,2025-01-01,75.2,79.09,76.85,79.16
ENG-00354,2025-02-01,82.99,80.77,80.57,77.18
ENG-00354,2025-03-01,77.19,69.86,82.54,82.66
ENG-00354,2025-04-01,72.81,73.63,78.63,81.31
ENG-00354,2025-05-01,86.25,75.36,88.51,84.4
ENG-00354,2025-06-01,84.57,76.83,85.4,82.79
ENG-00354,2025-07-01,76.02,79.04,75.48,78.49
ENG-00354,2025-08-01,89.81,82.58,79.95,79.31
ENG-00354,2025-09-01,71.11,80.0,73.87,76.9
ENG-00354,2025-10-01,79.3,75.14,81.96,75.96
ENG-00355,2026-06-01,86.62,88.57,92.19,90.57
ENG-00355,2026-07-01,82.68,77.93,82.3,91.59
ENG-00355,2026-08-01,89.72,91.75,94.33,90.68
ENG-00356,2025-07-01,79.38,75.63,87.57,78.28
ENG-00356,2025-08-01,81.14,75.62,80.72,83.13
ENG-00356,2025-09-01,71.2,67.97,77.99,80.0
ENG-00356,2025-10-01,74.82,78.59,81.45,81.51
ENG-00356,2025-11-01,82.57,74.47,70.79,81.76
ENG-00356,2025-12-01,77.1,80.65,65.88,80.13
ENG-00356,2026-01-01,77.08,76.46,87.35,84.93
ENG-00356,2026-02-01,75.95,76.44,94.39,79.7
ENG-00356,2026-03-01,84.73,77.15,78.16,83.91
ENG-00356,2026-04-01,72.09,73.26,78.21,85.3
ENG-00356,2026-05-01,78.39,74.84,86.72,82.62
ENG-00357,2024-12-01,68.61,64.76,77.7,73.66
ENG-00357,2025-01-01,83.29,78.82,75.0,81.33
ENG-00357,2025-02-01,73.13,68.79,80.64,82.29
ENG-00357,2025-03-01,56.97,71.2,65.65,71.64
ENG-00357,2025-04-01,74.41,69.57,82.63,77.97
ENG-00357,2025-05-01,79.7,75.92,78.25,80.48
ENG-00357,2025-06-01,82.81,75.84,87.15,79.68
ENG-00358,2025-04-01,83.83,85.78,86.16,81.75
ENG-00358,2025-05-01,70.34,73.45,74.83,79.25
ENG-00358,2025-06-01,78.16,72.37,69.52,80.2
ENG-00358,2025-07-01,75.29,76.0,76.99,79.94
ENG-00358,2025-08-01,68.72,78.01,82.47,81.42
ENG-00358,2025-09-01,66.1,80.22,69.4,74.26
ENG-00358,2025-10-01,77.3,68.69,72.33,77.11
ENG-00358,2025-11-01,73.12,72.38,81.08,77.42
ENG-00358,2025-12-01,86.29,75.19,87.46,84.37
ENG-00358,2026-01-01,87.14,76.94,75.02,78.78
ENG-00359,2025-05-01,79.88,77.1,73.38,80.46
ENG-00359,2025-06-01,73.0,69.24,73.52,73.4
ENG-00359,2025-07-01,71.77,74.48,79.33,76.51
ENG-00359,2025-08-01,76.25,75.26,77.27,74.6
ENG-00359,2025-09-01,76.37,59.48,74.82,63.2
ENG-00359,2025-10-01,65.27,71.2,63.51,70.74
ENG-00359,2025-11-01,68.64,60.94,61.43,73.42
ENG-00360,2024-03-01,90.99,91.05,96.83,87.95
ENG-00360,2024-04-01,81.56,70.32,70.07,77.27
ENG-00360,2024-05-01,92.32,82.24,89.22,91.63
ENG-00360,2024-06-01,80.02,80.68,87.65,90.3
ENG-00360,2024-07-01,82.53,83.11,77.72,87.18
ENG-00360,2024-08-01,81.13,76.81,77.9,88.35
ENG-00360,2024-09-01,77.3,70.97,95.04,88.42
ENG-00360,2024-10-01,83.88,84.8,91.97,91.06
ENG-00360,2024-11-01,86.02,94.09,84.92,90.46
ENG-00360,2024-12-01,83.99,78.33,90.78,84.7
ENG-00360,2025-01-01,83.39,79.45,86.25,91.72
ENG-00361,2024-04-01,77.7,76.07,76.12,79.48
ENG-00361,2024-05-01,80.96,80.39,80.81,81.2
ENG-00361,2024-06-01,66.4,69.87,79.11,86.81
ENG-00361,2024-07-01,73.56,78.82,82.61,85.09
ENG-00361,2024-08-01,84.45,88.85,78.09,81.54
ENG-00361,2024-09-01,70.31,76.85,82.72,79.29
ENG-00361,2024-10-01,72.11,81.33,74.45,84.2
ENG-00361,2024-11-01,82.14,77.16,80.82,81.78
ENG-00361,2024-12-01,74.85,67.91,66.5,80.74
ENG-00361,2025-01-01,70.49,72.08,77.6,82.69
ENG-00361,2025-02-01,79.78,82.42,83.45,85.34
ENG-00362,2025-01-01,76.43,73.58,75.4,85.1
ENG-00362,2025-02-01,77.47,87.45,81.06,80.62
ENG-00362,2025-03-01,74.94,62.73,81.47,70.13
ENG-00362,2025-04-01,62.94,56.59,56.24,58.17
ENG-00363,2024-03-01,77.05,74.69,89.81,86.5
ENG-00363,2024-04-01,69.63,75.1,80.42,75.63
ENG-00363,2024-05-01,79.35,79.58,79.39,87.21
ENG-00363,2024-06-01,80.54,58.49,64.89,79.25
ENG-00363,2024-07-01,81.05,76.93,78.82,84.14
ENG-00363,2024-08-01,88.64,79.9,77.61,86.45
ENG-00363,2024-09-01,81.27,83.83,94.44,88.67
ENG-00363,2024-10-01,78.1,72.03,76.33,82.36
ENG-00364,2026-05-01,63.44,62.63,70.45,65.18
ENG-00364,2026-06-01,59.57,60.73,57.41,60.17
ENG-00364,2026-07-01,55.44,51.75,59.16,58.56
ENG-00364,2026-08-01,60.76,52.32,60.56,53.83
ENG-00364,2026-09-01,58.99,43.24,44.92,42.73
ENG-00364,2026-10-01,54.8,40.63,40.76,48.35
ENG-00365,2026-08-01,70.8,61.87,68.0,70.39
ENG-00366,2025-10-01,73.11,68.44,65.17,64.45
ENG-00366,2025-11-01,72.63,86.0,79.34,81.6
ENG-00366,2025-12-01,71.16,73.69,70.89,77.62
ENG-00366,2026-01-01,74.33,75.85,79.68,81.78
ENG-00366,2026-02-01,80.37,75.87,63.94,81.16
ENG-00366,2026-03-01,73.23,75.75,84.4,72.15
ENG-00366,2026-04-01,74.21,71.11,73.72,71.27
ENG-00366,2026-05-01,73.35,63.71,72.25,58.32
ENG-00366,2026-06-01,68.4,66.26,64.85,64.01
ENG-00366,2026-07-01,55.69,51.18,54.29,55.48
ENG-00367,2025-12-01,75.87,66.93,74.14,77.46
ENG-00367,2026-01-01,86.37,76.77,66.67,79.07
ENG-00367,2026-02-01,74.21,77.43,66.87,79.53
ENG-00367,2026-03-01,80.38,72.73,77.76,75.27
ENG-00367,2026-04-01,72.03,79.33,81.19,81.28
ENG-00367,2026-05-01,64.06,63.2,69.91,77.13
ENG-00367,2026-06-01,80.93,75.4,88.05,82.9
ENG-00367,2026-07-01,65.86,73.58,70.28,78.1
ENG-00367,2026-08-01,81.84,69.09,86.16,77.17
ENG-00368,2024-09-01,75.9,72.74,74.33,80.79
ENG-00368,2024-10-01,94.81,89.29,92.29,80.19
ENG-00368,2024-11-01,79.79,77.01,81.67,79.17
ENG-00368,2024-12-01,75.85,82.61,90.28,83.4
ENG-00368,2025-01-01,88.85,83.61,97.65,87.33
ENG-00368,2025-02-01,81.31,70.05,78.64,74.9
ENG-00368,2025-03-01,65.84,67.44,75.29,78.88
ENG-00368,2025-04-01,78.25,77.2,83.54,79.81
ENG-00368,2025-05-01,80.91,80.33,81.45,82.88
ENG-00369,2025-12-01,74.85,75.29,75.73,79.85
ENG-00369,2026-01-01,77.8,78.08,79.34,79.04
ENG-00369,2026-02-01,77.44,71.32,72.99,72.5
ENG-00369,2026-03-01,75.95,75.17,73.7,74.33
ENG-00369,2026-04-01,79.67,61.1,73.04,73.02
ENG-00369,2026-05-01,68.03,73.69,75.04,83.78
ENG-00369,2026-06-01,73.82,68.2,73.3,75.98
ENG-00369,2026-07-01,79.34,66.46,73.2,75.07
ENG-00369,2026-08-01,67.46,67.96,73.58,76.44
ENG-00370,2025-09-01,89.01,83.32,81.45,79.88
ENG-00370,2025-10-01,76.73,77.08,81.88,80.99
ENG-00370,2025-11-01,84.63,74.77,81.18,84.14
ENG-00370,2025-12-01,82.58,80.72,78.53,80.22
ENG-00370,2026-01-01,85.06,87.53,72.3,83.49
ENG-00370,2026-02-01,71.96,79.87,75.46,83.59
ENG-00370,2026-03-01,86.45,75.32,79.46,84.21
ENG-00370,2026-04-01,73.55,71.75,83.12,80.69
ENG-00370,2026-05-01,83.25,73.59,82.04,85.15
ENG-00371,2026-04-01,76.69,71.82,78.93,83.29
ENG-00371,2026-05-01,80.22,69.99,89.3,75.84
ENG-00371,2026-06-01,72.75,67.23,74.71,82.44
ENG-00371,2026-07-01,72.94,71.63,76.14,76.13
ENG-00371,2026-08-01,73.62,74.62,71.44,76.68
ENG-00372,2024-07-01,72.41,74.03,71.74,77.97
ENG-00372,2024-08-01,75.79,62.29,83.5,69.73
ENG-00372,2024-09-01,66.81,70.17,80.25,71.32
ENG-00372,2024-10-01,76.51,72.03,72.9,71.45
ENG-00372,2024-11-01,69.78,63.34,62.1,73.78
ENG-00372,2024-12-01,72.68,76.68,70.01,78.67
ENG-00372,2025-01-01,66.97,73.34,60.76,80.09
ENG-00372,2025-02-01,73.04,67.0,65.86,70.59
ENG-00372,2025-03-01,69.75,68.03,76.12,80.53
ENG-00372,2025-04-01,72.41,71.27,75.44,79.78
ENG-00372,2025-05-01,70.5,74.73,75.29,78.24
ENG-00373,2026-04-01,69.9,84.8,88.58,84.53
ENG-00373,2026-05-01,80.99,87.76,79.24,87.3
ENG-00373,2026-06-01,89.77,79.71,86.34,80.59
ENG-00373,2026-07-01,77.39,70.08,85.71,79.4
ENG-00373,2026-08-01,84.76,81.76,84.24,83.38
ENG-00374,2026-02-01,72.22,69.38,81.09,80.93
ENG-00374,2026-03-01,85.85,72.69,77.52,76.66
ENG-00374,2026-04-01,73.12,75.31,71.82,84.98
ENG-00374,2026-05-01,73.65,76.43,84.93,80.84
ENG-00374,2026-06-01,82.95,75.8,82.35,84.15
ENG-00374,2026-07-01,67.7,72.47,85.03,80.56
ENG-00374,2026-08-01,69.57,83.82,86.25,81.19
ENG-00375,2026-05-01,77.36,77.66,74.71,79.3
ENG-00375,2026-06-01,70.07,70.39,71.06,82.08
ENG-00375,2026-07-01,79.96,81.7,71.47,81.52
ENG-00375,2026-08-01,71.0,65.06,74.11,75.56
ENG-00376,2024-06-01,68.92,73.06,70.12,73.74
ENG-00376,2024-07-01,64.26,68.57,62.39,76.77
ENG-00376,2024-08-01,58.88,60.47,62.31,66.97
ENG-00376,2024-09-01,55.94,50.8,56.65,61.5
ENG-00376,2024-10-01,59.54,50.9,55.43,57.37
ENG-00377,2025-11-01,64.99,56.97,65.88,70.0
ENG-00377,2025-12-01,65.96,65.75,74.11,71.13
ENG-00377,2026-01-01,74.79,70.71,73.91,64.91
ENG-00377,2026-02-01,76.59,60.82,73.04,68.9
ENG-00377,2026-03-01,75.13,72.9,64.17,73.81
ENG-00377,2026-04-01,69.04,60.21,63.25,63.86
ENG-00377,2026-05-01,66.38,61.58,75.64,63.62
ENG-00377,2026-06-01,63.61,63.21,63.17,66.24
ENG-00378,2024-10-01,91.15,68.56,85.66,82.37
ENG-00378,2024-11-01,84.07,82.4,88.45,89.15
ENG-00378,2024-12-01,82.93,84.88,83.01,91.49
ENG-00378,2025-01-01,85.38,82.81,79.23,82.97
ENG-00378,2025-02-01,78.57,86.91,82.45,80.39
ENG-00378,2025-03-01,78.01,74.79,79.64,88.69
ENG-00378,2025-04-01,85.53,90.15,81.12,86.1
ENG-00378,2025-05-01,71.59,81.58,81.3,85.99
ENG-00379,2026-06-01,69.98,67.05,85.23,74.93
ENG-00379,2026-07-01,75.77,68.29,72.38,80.41
ENG-00379,2026-08-01,65.65,67.67,62.14,68.53
ENG-00380,2025-05-01,85.57,93.02,99.4,92.94
ENG-00380,2025-06-01,83.65,83.12,79.37,88.72
ENG-00380,2025-07-01,72.32,79.22,77.31,87.83
ENG-00380,2025-08-01,84.16,85.53,98.2,88.04
ENG-00380,2025-09-01,89.72,83.67,100.0,93.72
ENG-00380,2025-10-01,89.79,81.33,76.66,85.9
ENG-00380,2025-11-01,78.87,82.2,83.87,85.12
ENG-00380,2025-12-01,80.4,73.2,82.82,90.98
ENG-00380,2026-01-01,82.06,87.49,82.0,87.04
ENG-00380,2026-02-01,83.53,77.24,94.93,91.19
ENG-00380,2026-03-01,87.42,84.09,93.31,86.19
ENG-00381,2024-07-01,84.09,74.78,83.73,78.83
ENG-00381,2024-08-01,77.13,72.82,74.93,75.76
ENG-00381,2024-09-01,69.59,78.11,71.77,82.42
ENG-00381,2024-10-01,67.71,69.76,80.61,77.8
ENG-00381,2024-11-01,74.53,68.29,74.91,75.03
ENG-00381,2024-12-01,78.26,70.48,79.89,71.06
ENG-00381,2025-01-01,65.55,64.37,67.98,66.52
ENG-00382,2024-06-01,84.06,77.07,81.34,79.99
ENG-00382,2024-07-01,74.3,82.8,78.61,82.3
ENG-00382,2024-08-01,71.84,75.38,82.85,83.95
ENG-00382,2024-09-01,91.44,73.49,87.73,80.66
ENG-00382,2024-10-01,78.0,72.12,74.24,85.05
ENG-00382,2024-11-01,76.68,84.28,94.18,82.4
ENG-00382,2024-12-01,76.2,75.98,77.46,77.36
ENG-00382,2025-01-01,79.63,75.33,79.03,82.14
ENG-00382,2025-02-01,88.47,96.35,96.96,90.29
ENG-00382,2025-03-01,82.93,77.79,82.49,87.5
ENG-00382,2025-04-01,81.35,75.88,93.16,84.86
ENG-00382,2025-05-01,74.7,75.76,68.07,83.26
ENG-00382,2025-06-01,75.21,72.16,82.39,78.49
ENG-00383,2025-12-01,62.83,52.98,71.23,55.52
ENG-00383,2026-01-01,60.61,66.09,59.32,63.6
ENG-00383,2026-02-01,65.33,63.74,71.46,70.04
ENG-00383,2026-03-01,54.39,53.73,57.31,62.88
ENG-00383,2026-04-01,70.09,56.55,63.14,58.35
ENG-00383,2026-05-01,59.77,54.07,59.91,61.6
ENG-00383,2026-06-01,55.54,47.09,53.54,59.06
ENG-00383,2026-07-01,76.61,76.61,57.0,67.74
ENG-00383,2026-08-01,68.65,53.14,69.9,60.5
ENG-00384,2026-03-01,78.48,82.57,75.94,88.45
ENG-00384,2026-04-01,73.22,71.48,89.96,82.59
ENG-00384,2026-05-01,89.21,80.79,93.67,90.11
ENG-00384,2026-06-01,83.56,86.3,92.74,88.61
ENG-00384,2026-07-01,91.36,84.61,87.97,88.0
ENG-00384,2026-08-01,85.25,85.99,90.2,88.29
ENG-00385,2024-09-01,77.99,69.61,68.53,80.41
ENG-00385,2024-10-01,81.98,75.41,83.83,78.6
ENG-00385,2024-11-01,78.57,74.56,73.39,79.5
ENG-00385,2024-12-01,77.91,74.7,61.55,77.27
ENG-00385,2025-01-01,66.54,62.62,68.93,63.8
ENG-00385,2025-02-01,74.75,65.83,66.98,69.89
ENG-00385,2025-03-01,64.63,66.92,61.61,63.19
ENG-00386,2025-12-01,81.42,78.72,88.76,86.81
ENG-00386,2026-01-01,68.91,70.91,81.1,81.56
ENG-00386,2026-02-01,82.11,88.37,83.05,84.75
ENG-00386,2026-03-01,84.76,80.38,85.97,83.01
ENG-00386,2026-04-01,75.1,84.26,83.29,86.81
ENG-00386,2026-05-01,81.55,73.2,98.4,87.7
ENG-00386,2026-06-01,83.17,81.89,79.44,85.36
ENG-00386,2026-07-01,80.55,84.75,90.67,79.81
ENG-00386,2026-08-01,88.92,87.57,84.21,85.19
ENG-00387,2026-04-01,87.85,91.9,89.84,91.29
ENG-00387,2026-05-01,84.94,78.63,81.87,81.8
ENG-00387,2026-06-01,76.64,71.08,80.16,87.39
ENG-00387,2026-07-01,78.49,73.24,98.77,89.5
ENG-00387,2026-08-01,84.74,70.21,81.22,83.74
ENG-00388,2024-03-01,90.15,81.92,97.23,88.25
ENG-00388,2024-04-01,90.59,86.73,85.65,85.88
ENG-00388,2024-05-01,83.12,80.22,69.41,84.97
ENG-00388,2024-06-01,75.68,63.48,78.46,70.1
ENG-00388,2024-07-01,64.41,67.97,73.93,67.28
ENG-00388,2024-08-01,62.2,73.29,68.11,72.18
ENG-00389,2024-08-01,79.71,70.43,80.89,72.82
ENG-00389,2024-09-01,69.28,74.19,63.47,77.22
ENG-00389,2024-10-01,70.76,62.77,69.08,64.05
ENG-00389,2024-11-01,66.35,60.2,70.35,58.11
ENG-00389,2024-12-01,53.01,41.4,42.87,46.14
ENG-00390,2024-01-01,82.38,74.38,77.36,82.73
ENG-00390,2024-02-01,81.26,78.81,70.39,72.72
ENG-00390,2024-03-01,67.44,63.09,57.18,71.98
ENG-00390,2024-04-01,65.97,64.71,63.58,61.69
ENG-00391,2024-10-01,82.25,85.95,85.96,85.47
ENG-00391,2024-11-01,82.7,79.94,75.08,85.35
ENG-00391,2024-12-01,84.89,83.8,92.28,86.87
ENG-00391,2025-01-01,77.34,83.15,88.71,88.13
ENG-00391,2025-02-01,77.94,79.09,80.8,87.27
ENG-00391,2025-03-01,72.24,78.39,82.36,80.2
ENG-00391,2025-04-01,84.44,79.9,82.72,81.84
ENG-00391,2025-05-01,81.38,75.33,79.25,85.96
ENG-00391,2025-06-01,72.14,80.5,79.5,82.09
ENG-00391,2025-07-01,85.09,86.58,94.57,86.27
ENG-00391,2025-08-01,87.06,87.1,85.86,88.52
ENG-00391,2025-09-01,82.92,72.88,79.22,81.8
ENG-00392,2024-08-01,87.72,93.06,93.36,90.09
ENG-00392,2024-09-01,86.32,79.12,99.31,91.17
ENG-00392,2024-10-01,91.7,90.75,86.14,91.73
ENG-00392,2024-11-01,90.46,85.85,97.29,89.42
ENG-00392,2024-12-01,81.05,81.78,95.26,89.69
ENG-00392,2025-01-01,87.34,84.49,95.13,92.06
ENG-00392,2025-02-01,93.21,86.22,90.59,92.76
ENG-00392,2025-03-01,79.44,82.58,83.27,88.6
ENG-00392,2025-04-01,85.29,88.11,93.86,91.08
ENG-00392,2025-05-01,85.32,95.61,99.37,91.95
ENG-00392,2025-06-01,83.46,86.37,81.89,90.63
ENG-00392,2025-07-01,80.89,86.91,94.62,91.91
ENG-00393,2026-06-01,64.38,53.35,54.18,58.46
ENG-00393,2026-07-01,59.21,57.39,49.32,59.56
ENG-00393,2026-08-01,58.12,51.32,46.1,52.46
ENG-00393,2026-09-01,53.86,42.35,44.34,45.43
ENG-00394,2025-09-01,76.21,76.51,77.65,75.24
ENG-00394,2025-10-01,72.24,61.22,64.7,67.61
ENG-00394,2025-11-01,66.2,55.8,61.46,64.48
ENG-00394,2025-12-01,73.65,63.34,45.18,56.36
ENG-00395,2026-07-01,67.67,72.24,68.1,73.58
ENG-00395,2026-08-01,71.31,74.11,74.74,83.71
ENG-00396,2026-06-01,77.55,74.92,87.45,84.21
ENG-00396,2026-07-01,82.99,88.01,91.32,89.12
ENG-00396,2026-08-01,80.32,75.52,84.58,85.27
ENG-00396,2026-09-01,77.34,70.03,83.26,81.19
ENG-00396,2026-10-01,76.05,71.23,73.42,85.44
ENG-00396,2026-11-01,77.38,73.38,82.1,73.34
ENG-00396,2026-12-01,73.99,74.85,79.91,76.86
ENG-00396,2027-01-01,65.41,63.97,77.68,66.96
ENG-00396,2027-02-01,67.43,67.01,68.05,58.38
ENG-00397,2024-12-01,83.93,67.49,78.19,72.86
ENG-00397,2025-01-01,75.3,77.16,77.69,74.09
ENG-00397,2025-02-01,78.08,78.19,80.48,80.16
ENG-00397,2025-03-01,74.92,71.55,71.43,74.37
ENG-00397,2025-04-01,73.04,72.87,76.83,73.74
ENG-00397,2025-05-01,65.23,64.36,68.48,70.14
ENG-00397,2025-06-01,67.49,50.46,69.93,57.86
ENG-00397,2025-07-01,59.3,46.89,56.05,52.05
ENG-00398,2024-02-01,71.33,83.61,79.01,80.39
ENG-00398,2024-03-01,70.43,64.95,78.36,66.76
ENG-00398,2024-04-01,63.08,59.77,68.44,63.66
ENG-00398,2024-05-01,63.37,56.67,64.29,55.29
ENG-00398,2024-06-01,49.72,53.92,45.46,50.44
ENG-00399,2025-07-01,72.19,71.99,77.32,80.42
ENG-00399,2025-08-01,68.24,61.21,68.06,73.8
ENG-00399,2025-09-01,82.46,78.47,73.99,76.02
ENG-00399,2025-10-01,75.96,69.23,72.2,76.93
ENG-00399,2025-11-01,65.16,76.21,69.42,73.2
ENG-00399,2025-12-01,74.68,76.65,78.57,83.23
ENG-00399,2026-01-01,70.81,78.55,73.63,81.65
ENG-00399,2026-02-01,65.43,69.58,71.02,73.94
ENG-00399,2026-03-01,75.37,81.14,72.8,80.07
ENG-00399,2026-04-01,71.71,74.7,79.36,72.58
ENG-00399,2026-05-01,69.29,62.82,66.21,71.44
ENG-00400,2026-04-01,79.9,77.35,71.73,76.5
ENG-00400,2026-05-01,84.57,77.89,81.31,78.19
ENG-00400,2026-06-01,68.12,67.59,67.06,77.18
ENG-00400,2026-07-01,75.97,73.81,80.85,81.01
ENG-00400,2026-08-01,77.77,74.8,75.31,76.87
ENG-00401,2024-04-01,70.0,75.39,65.24,81.1
ENG-00401,2024-05-01,73.71,83.15,78.02,80.7
ENG-00401,2024-06-01,77.15,68.72,84.05,79.06
ENG-00401,2024-07-01,74.68,69.7,68.4,76.57
ENG-00401,2024-08-01,74.67,77.95,78.1,77.39
ENG-00401,2024-09-01,80.26,74.47,94.49,77.95
ENG-00401,2024-10-01,85.1,69.59,76.12,83.27
ENG-00401,2024-11-01,79.01,80.83,76.94,77.09
ENG-00401,2024-12-01,76.2,75.42,81.57,86.16
ENG-00401,2025-01-01,73.54,67.03,79.79,78.88
ENG-00401,2025-02-01,81.19,76.94,82.92,83.65
ENG-00401,2025-03-01,74.64,80.09,78.95,81.28
ENG-00402,2025-11-01,80.96,81.49,84.08,86.4
ENG-00402,2025-12-01,74.92,68.04,75.36,74.57
ENG-00402,2026-01-01,83.23,87.85,76.61,81.78
ENG-00402,2026-02-01,76.74,72.3,86.85,83.58
ENG-00402,2026-03-01,77.21,79.46,90.63,92.44
ENG-00402,2026-04-01,76.91,78.58,77.05,83.3
ENG-00402,2026-05-01,84.41,76.63,88.87,81.5
ENG-00402,2026-06-01,79.16,85.0,75.31,84.28
ENG-00403,2026-02-01,82.47,82.53,91.48,78.61
ENG-00403,2026-03-01,74.31,74.03,68.71,76.83
ENG-00403,2026-04-01,83.78,72.54,83.82,81.97
ENG-00403,2026-05-01,77.59,77.2,77.35,78.78
ENG-00403,2026-06-01,82.13,82.54,84.64,81.6
ENG-00403,2026-07-01,74.09,65.64,68.99,74.84
ENG-00403,2026-08-01,72.9,72.72,81.0,78.95
ENG-00404,2025-06-01,78.78,81.45,91.55,90.87
ENG-00404,2025-07-01,72.51,74.05,79.51,87.42
ENG-00404,2025-08-01,78.93,77.02,82.74,81.73
ENG-00404,2025-09-01,84.98,74.55,80.19,86.96
ENG-00404,2025-10-01,75.38,75.46,83.81,86.83
ENG-00404,2025-11-01,74.86,77.64,78.28,81.29
ENG-00404,2025-12-01,78.29,95.62,89.24,87.86
ENG-00405,2025-01-01,72.52,70.48,70.78,76.32
ENG-00405,2025-02-01,76.38,72.06,71.56,75.64
ENG-00405,2025-03-01,63.97,61.89,69.17,76.3
ENG-00405,2025-04-01,59.88,65.18,61.12,70.96
ENG-00405,2025-05-01,74.63,58.26,75.16,74.48
ENG-00405,2025-06-01,59.7,69.94,69.33,71.4
ENG-00405,2025-07-01,73.87,68.49,66.16,75.52
ENG-00406,2025-06-01,83.58,68.02,79.72,69.28
ENG-00406,2025-07-01,64.82,67.62,58.75,67.6
ENG-00406,2025-08-01,67.63,58.69,71.27,63.89
ENG-00406,2025-09-01,70.57,66.44,76.41,65.38
ENG-00406,2025-10-01,72.36,76.47,79.53,74.46
ENG-00406,2025-11-01,64.29,60.28,62.62,64.92
ENG-00406,2025-12-01,72.57,64.1,72.61,67.65
ENG-00406,2026-01-01,68.0,71.15,79.27,70.73
ENG-00406,2026-02-01,75.99,70.43,74.01,72.78
ENG-00406,2026-03-01,59.81,63.64,65.8,70.75
ENG-00406,2026-04-01,68.79,71.04,69.5,65.97
ENG-00406,2026-05-01,67.73,68.52,72.14,68.18
ENG-00407,2025-02-01,75.34,69.83,74.02,83.25
ENG-00407,2025-03-01,78.1,76.43,79.01,83.43
ENG-00407,2025-04-01,74.31,56.0,73.53,80.47
ENG-00407,2025-05-01,82.53,77.53,77.77,82.11
ENG-00407,2025-06-01,84.21,70.85,78.85,78.89
ENG-00407,2025-07-01,71.59,74.91,69.49,82.24
ENG-00407,2025-08-01,68.76,75.46,79.92,79.62
ENG-00407,2025-09-01,66.16,77.61,58.68,78.11
ENG-00407,2025-10-01,71.42,61.75,75.05,71.57
ENG-00407,2025-11-01,79.78,72.83,83.57,74.49
ENG-00407,2025-12-01,79.36,66.85,77.39,78.18
ENG-00407,2026-01-01,76.06,80.6,80.22,82.34
ENG-00407,2026-02-01,69.72,72.18,73.25,82.72
ENG-00408,2026-02-01,73.88,77.86,79.8,89.24
ENG-00408,2026-03-01,81.55,74.55,81.2,84.63
ENG-00408,2026-04-01,80.92,82.03,79.5,88.5
ENG-00408,2026-05-01,84.62,83.66,83.14,87.9
ENG-00408,2026-06-01,83.07,78.15,81.06,88.4
ENG-00408,2026-07-01,93.69,88.07,95.4,86.97
ENG-00408,2026-08-01,89.54,81.48,83.79,88.38
ENG-00409,2025-11-01,85.06,88.49,94.96,87.16
ENG-00409,2025-12-01,80.41,83.34,91.08,88.7
ENG-00409,2026-01-01,83.43,74.38,79.8,78.14
ENG-00409,2026-02-01,73.07,78.4,75.17,81.27
ENG-00409,2026-03-01,66.65,69.37,68.9,69.51
ENG-00409,2026-04-01,64.77,45.67,57.34,61.35
ENG-00410,2024-04-01,80.17,77.26,82.65,83.37
ENG-00410,2024-05-01,90.58,84.09,83.63,85.79
ENG-00410,2024-06-01,77.19,73.09,78.58,80.73
ENG-00410,2024-07-01,79.88,78.14,84.53,82.8
ENG-00410,2024-08-01,76.13,71.07,73.29,78.22
ENG-00410,2024-09-01,86.74,70.26,86.47,82.62
ENG-00410,2024-10-01,84.72,86.12,90.6,89.19
ENG-00411,2025-05-01,86.36,86.58,84.24,89.88
ENG-00411,2025-06-01,86.17,90.15,89.81,88.14
ENG-00411,2025-07-01,85.96,76.09,89.1,85.84
ENG-00411,2025-08-01,74.69,76.8,94.13,87.9
ENG-00411,2025-09-01,74.35,75.37,80.22,84.8
ENG-00411,2025-10-01,87.96,91.38,84.7,87.37
ENG-00411,2025-11-01,84.82,71.98,92.29,82.5
ENG-00412,2024-09-01,73.26,69.08,85.36,78.13
ENG-00412,2024-10-01,80.22,76.7,93.1,78.54
ENG-00412,2024-11-01,71.22,77.03,76.76,77.94
ENG-00412,2024-12-01,72.26,61.65,60.24,67.21
ENG-00412,2025-01-01,69.45,65.09,67.56,63.75
ENG-00412,2025-02-01,57.87,72.87,48.72,61.73
ENG-00412,2025-03-01,54.34,53.3,58.84,56.39
ENG-00413,2026-07-01,78.51,67.91,71.57,73.11
ENG-00413,2026-08-01,71.91,65.32,71.63,77.17
ENG-00414,2025-08-01,75.52,82.94,81.69,86.09
ENG-00414,2025-09-01,77.7,85.42,84.78,81.89
ENG-00414,2025-10-01,80.02,74.68,72.26,84.78
ENG-00414,2025-11-01,84.46,80.8,78.4,81.49
ENG-00414,2025-12-01,75.47,67.28,81.22,80.53
ENG-00414,2026-01-01,71.01,76.31,74.0,80.99
ENG-00414,2026-02-01,69.61,69.99,70.53,78.47
ENG-00415,2024-02-01,73.15,65.55,79.06,76.11
ENG-00415,2024-03-01,79.72,80.27,79.69,84.71
ENG-00415,2024-04-01,74.01,75.04,75.45,83.79
ENG-00415,2024-05-01,75.97,73.13,77.66,84.24
ENG-00415,2024-06-01,74.26,65.88,83.17,74.98
ENG-00415,2024-07-01,74.84,77.46,81.91,83.37
ENG-00415,2024-08-01,79.9,78.7,78.77,84.94
ENG-00415,2024-09-01,77.39,81.8,82.65,80.99
ENG-00415,2024-10-01,75.67,69.55,75.66,81.01
ENG-00416,2024-10-01,75.23,79.63,74.29,84.42
ENG-00416,2024-11-01,69.08,66.8,80.0,83.63
ENG-00416,2024-12-01,76.03,85.94,74.27,77.84
ENG-00416,2025-01-01,70.26,60.16,86.45,74.63
ENG-00416,2025-02-01,77.23,64.24,78.87,68.68
ENG-00416,2025-03-01,67.63,78.88,78.15,77.26
ENG-00416,2025-04-01,67.9,73.6,64.32,76.6
ENG-00417,2025-07-01,65.55,55.62,58.6,63.58
ENG-00417,2025-08-01,74.3,65.64,71.43,64.69
ENG-00417,2025-09-01,50.66,62.68,61.97,67.75
ENG-00417,2025-10-01,71.74,69.57,68.74,73.97
ENG-00417,2025-11-01,64.03,53.16,71.32,60.23
ENG-00417,2025-12-01,66.87,65.66,64.39,68.87
ENG-00417,2026-01-01,70.42,77.27,64.85,68.24
ENG-00417,2026-02-01,71.91,63.64,62.68,73.38
ENG-00418,2025-08-01,59.53,46.86,63.44,57.4
ENG-00418,2025-09-01,73.98,70.52,72.56,63.73
ENG-00418,2025-10-01,60.26,53.36,55.24,56.67
ENG-00418,2025-11-01,56.48,50.41,60.07,62.18
ENG-00418,2025-12-01,65.76,55.78,64.97,63.18
ENG-00418,2026-01-01,67.96,58.19,58.9,57.93
ENG-00418,2026-02-01,64.98,61.94,53.28,62.95
ENG-00418,2026-03-01,58.52,58.27,49.35,61.48
ENG-00418,2026-04-01,55.98,48.51,56.25,58.67
ENG-00418,2026-05-01,54.43,54.95,57.55,56.66
ENG-00418,2026-06-01,60.04,53.3,57.2,52.35
ENG-00418,2026-07-01,61.29,62.19,53.31,63.49
ENG-00419,2024-03-01,69.46,68.0,68.56,74.2
ENG-00419,2024-04-01,74.08,68.71,69.1,78.3
ENG-00419,2024-05-01,80.74,81.97,87.64,80.59
ENG-00419,2024-06-01,82.66,73.38,71.26,75.65
ENG-00419,2024-07-01,73.55,69.44,70.53,77.34
ENG-00419,2024-08-01,79.82,79.19,74.29,81.02
ENG-00419,2024-09-01,78.39,77.95,74.47,82.53
ENG-00420,2026-01-01,72.84,60.05,62.73,69.09
ENG-00420,2026-02-01,65.93,60.5,53.72,61.52
ENG-00420,2026-03-01,66.34,57.68,62.24,48.58
ENG-00420,2026-04-01,61.8,61.49,56.94,58.05
ENG-00421,2024-11-01,77.21,86.36,83.23,85.72
ENG-00421,2024-12-01,74.61,77.54,79.46,86.79
ENG-00421,2025-01-01,73.56,74.11,84.97,84.42
ENG-00421,2025-02-01,77.94,54.08,82.35,70.51
ENG-00421,2025-03-01,69.25,66.94,73.83,71.93
ENG-00421,2025-04-01,67.03,51.99,58.94,62.35
ENG-00421,2025-05-01,58.45,46.25,61.89,57.24
ENG-00422,2025-07-01,71.92,71.76,75.62,83.83
ENG-00422,2025-08-01,80.63,72.2,84.73,84.62
ENG-00422,2025-09-01,73.61,82.61,72.08,76.83
ENG-00422,2025-10-01,78.73,71.86,84.31,79.63
ENG-00422,2025-11-01,81.57,78.19,87.21,87.74
ENG-00422,2025-12-01,75.86,70.26,80.4,82.21
ENG-00422,2026-01-01,79.01,83.15,76.37,80.15
ENG-00422,2026-02-01,82.54,69.45,77.2,74.68
ENG-00422,2026-03-01,80.57,74.92,79.55,80.79
ENG-00422,2026-04-01,76.9,87.18,82.42,83.82
ENG-00422,2026-05-01,78.55,76.84,88.5,82.0
ENG-00422,2026-06-01,87.36,79.48,90.37,86.71
ENG-00422,2026-07-01,75.55,71.52,73.44,80.21
ENG-00423,2025-08-01,67.78,72.71,77.62,78.03
ENG-00423,2025-09-01,82.21,83.8,86.7,84.86
ENG-00423,2025-10-01,79.11,72.07,83.38,75.43
ENG-00423,2025-11-01,82.47,65.48,79.58,81.51
ENG-00423,2025-12-01,81.29,80.55,79.7,79.72
ENG-00423,2026-01-01,76.83,82.0,70.11,82.24
ENG-00423,2026-02-01,75.18,76.08,73.49,76.25
ENG-00423,2026-03-01,70.71,76.79,77.26,73.37
ENG-00423,2026-04-01,84.49,67.92,76.71,77.59
ENG-00424,2024-03-01,75.18,73.8,89.28,82.19
ENG-00424,2024-04-01,85.74,86.86,81.07,80.91
ENG-00424,2024-05-01,73.56,59.16,61.82,69.42
ENG-00424,2024-06-01,58.26,57.1,51.72,59.21
ENG-00425,2025-03-01,72.78,64.28,80.03,71.41
ENG-00425,2025-04-01,67.02,73.69,78.39,81.58
ENG-00425,2025-05-01,72.98,74.59,71.6,78.46
ENG-00425,2025-06-01,75.51,75.01,70.5,77.37
ENG-00425,2025-07-01,64.19,76.04,82.2,79.29
ENG-00425,2025-08-01,71.0,72.05,71.24,74.78
ENG-00425,2025-09-01,76.11,70.81,82.72,75.48
ENG-00425,2025-10-01,75.38,73.19,76.33,71.22
ENG-00425,2025-11-01,63.69,66.26,66.73,71.44
ENG-00426,2025-12-01,72.44,81.41,92.92,89.78
ENG-00426,2026-01-01,86.87,70.64,85.64,85.17
ENG-00426,2026-02-01,80.95,74.08,80.53,75.33
ENG-00426,2026-03-01,78.08,75.02,84.09,83.56
ENG-00426,2026-04-01,86.22,78.44,89.07,83.68
ENG-00426,2026-05-01,82.79,91.37,88.56,86.48
ENG-00426,2026-06-01,75.1,78.62,89.84,81.09
ENG-00426,2026-07-01,85.61,83.61,72.4,83.19
ENG-00426,2026-08-01,83.68,78.2,74.4,83.77
ENG-00427,2025-04-01,70.9,65.16,61.16,62.79
ENG-00427,2025-05-01,71.87,75.18,69.38,68.03
ENG-00427,2025-06-01,71.82,72.7,69.56,68.37
ENG-00427,2025-07-01,71.94,68.42,68.87,76.92
ENG-00427,2025-08-01,66.0,67.48,72.87,67.6
ENG-00427,2025-09-01,68.27,56.2,64.75,62.49
ENG-00427,2025-10-01,67.73,65.55,68.73,67.42
ENG-00427,2025-11-01,76.64,69.74,76.34,69.78
ENG-00427,2025-12-01,72.26,58.34,71.74,71.09
ENG-00428,2026-02-01,63.36,59.49,69.19,67.26
ENG-00428,2026-03-01,74.23,64.7,77.28,75.88
ENG-00428,2026-04-01,77.56,74.88,68.61,76.6
ENG-00428,2026-05-01,71.46,65.62,68.73,72.64
ENG-00428,2026-06-01,79.2,62.77,75.23,68.39
ENG-00428,2026-07-01,80.42,76.22,66.92,69.72
ENG-00428,2026-08-01,63.63,58.29,61.94,69.37
ENG-00428,2026-09-01,68.19,63.09,63.92,60.74
ENG-00428,2026-10-01,59.71,47.09,50.59,48.26
ENG-00428,2026-11-01,65.0,49.75,45.25,54.28
ENG-00429,2025-12-01,81.53,80.82,88.38,90.11
ENG-00429,2026-01-01,93.95,74.45,90.37,83.22
ENG-00429,2026-02-01,79.35,80.47,89.64,92.12
ENG-00429,2026-03-01,74.86,84.67,78.55,86.91
ENG-00429,2026-04-01,82.13,69.3,75.31,88.67
ENG-00429,2026-05-01,73.76,78.85,81.99,87.33
ENG-00429,2026-06-01,94.71,94.68,88.59,90.79
ENG-00429,2026-07-01,86.44,84.16,88.1,88.29
ENG-00429,2026-08-01,87.41,73.52,92.51,88.98
ENG-00430,2024-12-01,72.23,75.2,68.22,80.75
ENG-00430,2025-01-01,67.54,75.23,78.28,71.32
ENG-00430,2025-02-01,63.37,60.09,67.35,73.33
ENG-00430,2025-03-01,70.67,59.24,65.49,60.68
ENG-00431,2024-01-01,79.38,65.85,87.62,78.55
ENG-00431,2024-02-01,81.8,81.31,88.7,86.2
ENG-00431,2024-03-01,77.88,74.94,75.68,79.78
ENG-00431,2024-04-01,79.27,85.3,80.55,84.68
ENG-00431,2024-05-01,89.29,76.95,83.23,78.46
ENG-00431,2024-06-01,81.46,77.78,92.28,82.72
ENG-00431,2024-07-01,75.85,77.85,77.17,81.56
ENG-00431,2024-08-01,87.29,87.81,80.57,86.27
ENG-00431,2024-09-01,74.7,73.93,92.07,81.3
ENG-00431,2024-10-01,79.31,68.98,79.65,81.33
ENG-00431,2024-11-01,79.94,78.41,78.46,78.84
ENG-00431,2024-12-01,75.79,74.38,72.91,78.43
ENG-00432,2026-06-01,66.14,66.77,76.56,76.06
ENG-00432,2026-07-01,73.3,73.77,84.47,73.49
ENG-00432,2026-08-01,72.11,58.47,81.97,78.14
ENG-00433,2025-12-01,83.82,90.05,86.53,91.51
ENG-00433,2026-01-01,76.81,83.23,83.15,91.57
ENG-00433,2026-02-01,94.05,92.99,95.11,88.17
ENG-00433,2026-03-01,83.62,79.29,92.39,83.08
ENG-00433,2026-04-01,93.87,78.86,89.15,90.51
ENG-00433,2026-05-01,89.59,81.52,91.4,88.02
ENG-00433,2026-06-01,83.17,85.3,94.83,90.73
ENG-00433,2026-07-01,85.19,88.35,92.38,91.7
ENG-00434,2026-08-01,61.21,55.57,49.32,49.93
ENG-00435,2025-07-01,67.01,72.67,71.44,76.97
ENG-00435,2025-08-01,75.91,72.39,85.31,76.87
ENG-00435,2025-09-01,76.61,60.61,63.05,70.2
ENG-00435,2025-10-01,66.4,71.02,76.04,74.73
ENG-00435,2025-11-01,65.65,63.48,69.47,65.63
ENG-00435,2025-12-01,75.96,68.22,76.94,72.59
ENG-00435,2026-01-01,75.44,65.05,72.63,73.16
ENG-00435,2026-02-01,74.06,66.53,78.93,68.62
ENG-00435,2026-03-01,82.2,70.28,76.86,72.33
ENG-00435,2026-04-01,81.27,66.72,79.45,74.82
ENG-00435,2026-05-01,73.98,72.22,69.05,72.39
ENG-00435,2026-06-01,78.44,74.69,82.42,75.35
ENG-00435,2026-07-01,70.04,58.33,67.15,65.09
ENG-00436,2026-02-01,69.58,61.43,71.84,68.75
ENG-00436,2026-03-01,70.39,58.16,71.55,71.64
ENG-00436,2026-04-01,76.39,69.1,79.0,72.75
ENG-00436,2026-05-01,69.63,64.45,76.27,70.51
ENG-00436,2026-06-01,68.64,60.81,71.73,64.34
ENG-00436,2026-07-01,65.89,63.09,63.0,70.54
ENG-00436,2026-08-01,70.71,68.42,56.77,69.4
ENG-00437,2024-08-01,77.75,78.32,82.57,76.68
ENG-00437,2024-09-01,81.48,81.09,86.03,84.54
ENG-00437,2024-10-01,79.68,74.76,87.53,83.56
ENG-00437,2024-11-01,77.34,81.15,83.27,80.24
ENG-00437,2024-12-01,84.45,70.33,78.84,83.44
ENG-00437,2025-01-01,74.85,78.63,83.88,85.36
ENG-00437,2025-02-01,70.54,73.97,72.61,81.22
ENG-00438,2026-02-01,82.51,68.91,72.45,80.95
ENG-00438,2026-03-01,78.61,74.5,85.73,77.4
ENG-00438,2026-04-01,79.77,79.98,87.47,81.75
ENG-00438,2026-05-01,79.91,73.92,88.84,85.25
ENG-00438,2026-06-01,82.25,81.59,69.3,83.3
ENG-00438,2026-07-01,72.54,67.03,95.1,87.35
ENG-00438,2026-08-01,77.29,74.34,78.0,83.13
ENG-00439,2025-04-01,77.3,84.63,98.04,86.29
ENG-00439,2025-05-01,90.99,81.31,82.1,90.2
ENG-00439,2025-06-01,82.72,83.53,90.4,87.82
ENG-00439,2025-07-01,78.59,72.65,83.15,86.02
ENG-00439,2025-08-01,90.18,83.25,92.22,89.1
ENG-00439,2025-09-01,93.89,87.91,95.55,92.39
ENG-00439,2025-10-01,75.39,83.89,84.58,81.12
ENG-00439,2025-11-01,96.18,89.82,100.0,92.81
ENG-00439,2025-12-01,78.38,86.46,83.96,90.77
ENG-00439,2026-01-01,82.18,86.27,83.96,84.89
ENG-00439,2026-02-01,88.81,73.73,85.49,88.6
ENG-00439,2026-03-01,86.18,74.29,82.28,86.66
ENG-00440,2025-01-01,96.72,89.12,91.04,90.56
ENG-00440,2025-02-01,87.69,80.22,94.88,88.31
ENG-00440,2025-03-01,86.93,85.25,92.8,87.62
ENG-00440,2025-04-01,90.3,84.74,93.75,88.5
ENG-00440,2025-05-01,81.88,80.8,90.58,91.54
ENG-00440,2025-06-01,86.56,82.31,91.73,87.44
ENG-00440,2025-07-01,82.19,78.62,85.93,87.32
ENG-00441,2025-07-01,81.33,77.82,79.11,82.12
ENG-00441,2025-08-01,76.3,78.17,80.4,78.56
ENG-00441,2025-09-01,83.58,86.2,82.71,83.0
ENG-00441,2025-10-01,69.58,65.98,77.51,74.19
ENG-00441,2025-11-01,74.8,69.96,78.48,76.04
ENG-00441,2025-12-01,70.69,66.68,76.83,78.0
ENG-00441,2026-01-01,77.98,73.06,62.39,74.09
ENG-00441,2026-02-01,80.08,69.6,72.64,79.22
ENG-00441,2026-03-01,70.74,60.32,73.76,71.68
ENG-00441,2026-04-01,77.2,72.45,75.07,75.15
ENG-00441,2026-05-01,76.04,71.33,69.03,80.54
ENG-00441,2026-06-01,68.31,74.33,74.25,76.27
ENG-00442,2024-02-01,83.56,88.14,88.56,86.35
ENG-00442,2024-03-01,79.65,75.84,88.93,88.21
ENG-00442,2024-04-01,89.16,86.34,93.2,86.12
ENG-00442,2024-05-01,86.82,84.93,89.59,91.09
ENG-00442,2024-06-01,79.12,83.98,82.02,86.58
ENG-00442,2024-07-01,90.3,74.69,98.83,89.4
ENG-00442,2024-08-01,94.94,90.49,93.45,90.09
ENG-00442,2024-09-01,77.47,81.72,89.94,88.5
ENG-00442,2024-10-01,80.3,69.51,78.54,85.82
ENG-00443,2025-09-01,67.34,64.39,65.77,73.44
ENG-00443,2025-10-01,65.83,57.35,75.05,71.4
ENG-00443,2025-11-01,75.4,71.59,76.47,74.84
ENG-00443,2025-12-01,70.17,72.38,73.16,76.13
ENG-00443,2026-01-01,74.59,60.55,72.64,70.22
ENG-00443,2026-02-01,72.25,63.06,65.37,72.83
ENG-00443,2026-03-01,80.75,80.59,80.37,81.0
ENG-00444,2024-12-01,88.29,82.09,91.19,88.9
ENG-00444,2025-01-01,85.98,90.43,77.98,86.24
ENG-00444,2025-02-01,76.63,78.08,80.59,87.65
ENG-00444,2025-03-01,82.73,72.08,81.31,77.33
ENG-00444,2025-04-01,85.77,91.09,84.89,88.76
ENG-00444,2025-05-01,90.97,78.29,92.05,87.18
ENG-00444,2025-06-01,93.93,85.17,100.0,89.22
ENG-00444,2025-07-01,80.63,77.05,78.72,80.2
ENG-00444,2025-08-01,75.43,72.59,80.71,80.37
ENG-00444,2025-09-01,79.9,79.16,77.85,86.64
ENG-00444,2025-10-01,89.65,88.28,88.78,91.14
ENG-00444,2025-11-01,75.21,74.91,81.6,85.32
ENG-00445,2026-06-01,81.24,84.12,83.16,89.31
ENG-00445,2026-07-01,78.05,83.63,81.9,85.12
ENG-00445,2026-08-01,82.96,83.53,85.6,86.72
ENG-00446,2025-10-01,73.63,74.57,73.01,74.58
ENG-00446,2025-11-01,75.53,77.18,59.79,74.06
ENG-00446,2025-12-01,66.67,65.9,62.65,61.88
ENG-00446,2026-01-01,57.6,65.48,55.9,60.97
ENG-00447,2025-11-01,79.15,79.81,83.92,87.75
ENG-00447,2025-12-01,71.88,77.07,82.87,86.19
ENG-00447,2026-01-01,78.4,84.2,81.68,83.99
ENG-00447,2026-02-01,78.11,82.9,85.95,83.44
ENG-00447,2026-03-01,78.49,74.04,86.74,85.4
ENG-00447,2026-04-01,73.35,83.04,74.95,82.14
ENG-00447,2026-05-01,65.33,73.1,74.73,86.63
ENG-00448,2025-10-01,78.73,73.94,78.01,81.9
ENG-00448,2025-11-01,84.18,80.19,86.76,78.42
ENG-00448,2025-12-01,85.18,83.56,85.76,85.4
ENG-00448,2026-01-01,82.15,66.72,78.56,81.5
ENG-00448,2026-02-01,87.92,74.86,92.65,82.53
ENG-00448,2026-03-01,77.84,70.02,77.88,77.6
ENG-00448,2026-04-01,88.44,83.53,81.32,83.9
ENG-00449,2026-06-01,74.92,83.08,81.91,81.62
ENG-00449,2026-07-01,77.69,70.22,87.84,85.92
ENG-00449,2026-08-01,86.03,79.39,92.49,82.31
ENG-00450,2025-05-01,71.53,78.68,69.62,76.29
ENG-00450,2025-06-01,67.43,72.4,65.73,73.99
ENG-00450,2025-07-01,70.39,66.77,65.4,70.46
ENG-00450,2025-08-01,78.98,68.52,71.82,70.88
ENG-00450,2025-09-01,71.01,69.63,69.24,77.73
ENG-00450,2025-10-01,66.78,58.28,61.45,62.7
ENG-00450,2025-11-01,63.4,64.68,59.19,63.36
ENG-00450,2025-12-01,58.63,65.81,50.22,67.78
ENG-00450,2026-01-01,61.75,58.55,52.4,56.67
ENG-00451,2025-06-01,81.63,79.66,81.49,81.69
ENG-00451,2025-07-01,73.41,66.48,80.32,70.26
ENG-00451,2025-08-01,76.66,70.21,65.56,69.53
ENG-00451,2025-09-01,61.23,60.53,57.31,61.4
ENG-00451,2025-10-01,61.6,60.43,58.46,60.21
ENG-00452,2025-09-01,84.45,81.84,89.25,85.7
ENG-00452,2025-10-01,81.06,88.36,89.84,91.02
ENG-00452,2025-11-01,82.22,73.92,76.38,89.09
ENG-00452,2025-12-01,84.22,83.5,85.17,87.79
ENG-00452,2026-01-01,86.29,75.94,88.31,85.3
ENG-00452,2026-02-01,83.11,82.75,76.53,84.36
ENG-00452,2026-03-01,81.34,75.04,77.71,82.86
ENG-00452,2026-04-01,83.06,83.84,84.15,84.7
ENG-00452,2026-05-01,80.72,76.96,82.81,85.55
ENG-00452,2026-06-01,83.2,79.94,78.57,86.73
ENG-00453,2024-03-01,81.83,69.18,82.99,80.03
ENG-00453,2024-04-01,70.05,79.81,66.85,81.22
ENG-00453,2024-05-01,68.86,70.55,73.16,75.79
ENG-00453,2024-06-01,75.62,80.84,84.11,80.94
ENG-00453,2024-07-01,72.98,65.16,72.75,72.69
ENG-00453,2024-08-01,70.37,68.54,71.29,77.41
ENG-00453,2024-09-01,85.2,79.14,88.54,82.23
ENG-00453,2024-10-01,81.22,75.26,77.77,76.02
ENG-00453,2024-11-01,79.66,71.26,73.87,73.19
ENG-00453,2024-12-01,77.32,71.68,78.51,76.5
ENG-00453,2025-01-01,67.72,68.62,67.58,69.49
ENG-00454,2025-04-01,80.0,78.82,92.81,86.11
ENG-00454,2025-05-01,91.69,93.56,86.91,90.79
ENG-00454,2025-06-01,80.44,83.77,83.87,89.93
ENG-00454,2025-07-01,79.21,70.52,81.8,80.49
ENG-00454,2025-08-01,83.39,82.16,91.01,87.36
ENG-00454,2025-09-01,88.03,88.32,91.07,86.05
ENG-00454,2025-10-01,82.04,78.59,85.33,84.81
ENG-00454,2025-11-01,89.33,83.59,89.78,87.79
ENG-00454,2025-12-01,75.68,73.07,91.54,85.05
ENG-00454,2026-01-01,77.49,79.98,94.75,90.17
ENG-00454,2026-02-01,85.18,79.43,72.34,81.88
ENG-00454,2026-03-01,79.96,76.62,84.25,87.08
ENG-00454,2026-04-01,77.13,81.72,72.13,85.74
ENG-00455,2025-11-01,80.61,80.1,85.71,87.26
ENG-00455,2025-12-01,76.17,73.81,84.6,84.26
ENG-00455,2026-01-01,79.46,81.89,94.88,83.7
ENG-00455,2026-02-01,84.68,63.15,75.96,79.99
ENG-00455,2026-03-01,76.51,81.2,82.07,83.5
ENG-00455,2026-04-01,79.12,78.63,74.96,81.91
ENG-00455,2026-05-01,61.03,63.0,51.67,62.69
ENG-00455,2026-06-01,62.93,65.54,54.54,62.01
ENG-00456,2025-01-01,77.52,78.83,79.51,88.38
ENG-00456,2025-02-01,80.91,77.3,76.97,79.76
ENG-00456,2025-03-01,81.75,88.21,77.54,76.32
ENG-00456,2025-04-01,84.07,82.24,77.59,76.32
ENG-00456,2025-05-01,73.43,68.13,78.83,76.46
ENG-00456,2025-06-01,72.78,83.26,75.02,80.82
ENG-00456,2025-07-01,88.17,81.06,83.54,78.91
ENG-00456,2025-08-01,82.46,75.47,74.21,84.45
ENG-00457,2024-11-01,78.75,76.69,75.51,79.35
ENG-00457,2024-12-01,76.83,79.42,88.96,77.33
ENG-00457,2025-01-01,69.03,69.14,66.67,74.08
ENG-00457,2025-02-01,77.37,62.87,73.33,78.67
ENG-00457,2025-03-01,84.7,80.43,88.09,82.68
ENG-00457,2025-04-01,85.99,84.38,90.94,80.83
ENG-00457,2025-05-01,74.47,79.91,76.39,83.69
ENG-00458,2026-01-01,85.99,79.67,84.38,87.44
ENG-00458,2026-02-01,78.05,80.0,73.18,83.81
ENG-00458,2026-03-01,84.25,75.6,80.02,83.1
ENG-00458,2026-04-01,76.96,76.76,80.11,78.54
ENG-00458,2026-05-01,75.68,72.01,77.1,84.55
ENG-00458,2026-06-01,76.83,83.32,79.32,83.09
ENG-00458,2026-07-01,80.4,75.02,92.18,83.39
ENG-00459,2024-06-01,89.09,85.01,82.12,92.81
ENG-00459,2024-07-01,80.63,85.06,83.59,89.05
ENG-00459,2024-08-01,76.82,83.97,85.77,90.08
ENG-00459,2024-09-01,83.21,78.97,91.06,85.77
ENG-00459,2024-10-01,84.54,89.54,95.1,90.06
ENG-00459,2024-11-01,77.24,78.21,86.62,83.14
ENG-00459,2024-12-01,79.34,73.35,88.52,86.28
ENG-00460,2025-06-01,76.19,60.95,71.37,74.05
ENG-00460,2025-07-01,68.4,59.56,69.98,75.84
ENG-00460,2025-08-01,85.47,74.33,74.58,72.36
ENG-00460,2025-09-01,82.83,73.91,95.78,82.4
ENG-00460,2025-10-01,68.37,66.07,66.43,77.25
ENG-00460,2025-11-01,71.11,74.07,60.67,73.5
ENG-00460,2025-12-01,71.4,59.42,70.32,68.6
ENG-00461,2024-07-01,80.13,75.52,79.97,75.57
ENG-00461,2024-08-01,76.7,66.97,71.63,71.57
ENG-00461,2024-09-01,79.66,79.03,78.73,76.8
ENG-00461,2024-10-01,60.58,68.8,72.62,75.94
ENG-00461,2024-11-01,73.59,64.21,73.65,71.8
ENG-00461,2024-12-01,83.45,75.98,72.13,73.08
ENG-00461,2025-01-01,76.49,80.76,78.14,74.87
ENG-00461,2025-02-01,76.52,70.3,72.27,80.5
ENG-00461,2025-03-01,75.04,80.22,80.82,81.97
ENG-00461,2025-04-01,82.24,67.18,76.54,68.53
ENG-00461,2025-05-01,80.72,72.47,73.39,79.36
ENG-00461,2025-06-01,76.33,76.25,78.68,74.25
ENG-00461,2025-07-01,89.01,84.02,84.25,75.17
ENG-00462,2025-12-01,82.9,69.88,79.54,77.08
ENG-00462,2026-01-01,75.96,76.82,85.26,80.92
ENG-00462,2026-02-01,78.12,67.82,70.2,76.53
ENG-00462,2026-03-01,71.89,75.09,74.31,74.59
ENG-00462,2026-04-01,79.69,74.5,82.97,79.17
ENG-00462,2026-05-01,76.51,74.91,81.07,78.8
ENG-00462,2026-06-01,83.03,72.44,79.54,77.24
ENG-00462,2026-07-01,83.71,78.66,80.99,81.3
ENG-00462,2026-08-01,77.63,80.32,76.96,81.46
ENG-00463,2025-07-01,94.59,85.71,88.02,85.15
ENG-00463,2025-08-01,77.13,81.61,83.47,85.23
ENG-00463,2025-09-01,78.98,78.29,97.83,88.61
ENG-00463,2025-10-01,71.17,71.75,82.45,81.97
ENG-00463,2025-11-01,79.83,93.4,92.54,88.79
ENG-00463,2025-12-01,85.56,83.81,91.78,91.34
ENG-00463,2026-01-01,82.24,86.36,82.75,83.85
ENG-00463,2026-02-01,82.65,77.18,83.0,80.68
ENG-00463,2026-03-01,87.23,89.99,91.08,91.08
ENG-00463,2026-04-01,84.56,77.2,78.8,79.04
ENG-00464,2025-09-01,71.55,74.46,69.82,85.14
ENG-00464,2025-10-01,71.09,84.17,80.65,84.62
ENG-00464,2025-11-01,72.93,75.98,84.7,82.74
ENG-00464,2025-12-01,80.42,71.0,73.59,84.1
ENG-00464,2026-01-01,82.16,79.99,76.11,87.24
ENG-00464,2026-02-01,88.6,72.42,81.69,79.79
ENG-00464,2026-03-01,72.98,70.31,83.24,78.97
ENG-00464,2026-04-01,77.02,79.68,88.8,84.34
ENG-00464,2026-05-01,77.26,69.33,78.96,77.43
ENG-00465,2025-10-01,80.02,76.14,74.07,78.78
ENG-00465,2025-11-01,71.17,73.3,71.71,75.52
ENG-00465,2025-12-01,73.21,68.16,69.81,81.84
ENG-00465,2026-01-01,69.48,83.49,82.3,82.15
ENG-00465,2026-02-01,80.03,72.17,76.61,81.59
ENG-00465,2026-03-01,66.84,69.23,76.6,72.86
ENG-00465,2026-04-01,75.03,72.85,80.93,70.57
ENG-00465,2026-05-01,62.81,61.88,66.54,78.26
ENG-00465,2026-06-01,64.15,69.4,76.0,79.84
ENG-00465,2026-07-01,76.42,76.42,84.79,79.94
ENG-00465,2026-08-01,68.95,72.18,74.99,79.38
ENG-00466,2024-01-01,77.89,74.44,82.74,83.75
ENG-00466,2024-02-01,72.67,77.62,80.69,68.61
ENG-00466,2024-03-01,60.43,66.05,73.93,64.75
ENG-00466,2024-04-01,63.77,60.75,51.59,64.93
ENG-00466,2024-05-01,63.91,61.17,50.93,55.17
ENG-00466,2024-06-01,52.89,51.74,55.32,58.57
ENG-00467,2024-05-01,81.93,72.33,68.27,80.59
ENG-00467,2024-06-01,70.98,72.18,77.11,77.21
ENG-00467,2024-07-01,85.55,85.95,83.68,81.33
ENG-00467,2024-08-01,73.92,75.86,84.5,80.03
ENG-00467,2024-09-01,69.32,63.4,65.88,73.35
ENG-00467,2024-10-01,75.86,79.35,84.33,79.42
ENG-00467,2024-11-01,76.04,73.67,83.22,85.34
ENG-00467,2024-12-01,86.95,68.06,82.61,74.55
ENG-00467,2025-01-01,70.56,77.48,78.83,80.03
ENG-00467,2025-02-01,78.05,75.5,70.79,73.88
ENG-00467,2025-03-01,77.75,67.75,82.4,82.55
ENG-00467,2025-04-01,75.2,70.91,80.26,78.05
ENG-00467,2025-05-01,75.21,76.25,85.96,80.87
ENG-00468,2025-05-01,53.27,62.45,62.71,70.16
ENG-00468,2025-06-01,64.53,62.14,62.08,71.45
ENG-00468,2025-07-01,70.48,64.9,69.76,76.0
ENG-00468,2025-08-01,74.89,71.56,66.25,72.06
ENG-00468,2025-09-01,71.46,72.9,64.71,76.62
ENG-00468,2025-10-01,69.41,73.77,70.04,68.58
ENG-00468,2025-11-01,71.47,68.57,57.24,67.67
ENG-00468,2025-12-01,77.38,69.33,72.08,69.78
ENG-00468,2026-01-01,74.11,63.05,68.95,67.09
ENG-00468,2026-02-01,67.04,65.45,59.09,71.95
ENG-00468,2026-03-01,69.05,70.51,63.85,71.4
ENG-00468,2026-04-01,66.5,63.93,73.66,71.06
ENG-00468,2026-05-01,65.04,64.93,64.05,66.33
ENG-00469,2025-09-01,69.23,70.18,74.05,79.15
ENG-00469,2025-10-01,76.04,70.59,75.82,80.47
ENG-00469,2025-11-01,79.29,80.76,84.92,78.76
ENG-00469,2025-12-01,79.15,75.72,77.67,83.1
ENG-00469,2026-01-01,74.19,69.86,86.91,80.86
ENG-00469,2026-02-01,88.22,77.98,85.3,77.13
ENG-00469,2026-03-01,75.1,73.62,73.94,79.25
ENG-00469,2026-04-01,78.2,72.7,74.71,80.49
ENG-00469,2026-05-01,78.74,82.67,75.02,81.91
ENG-00469,2026-06-01,77.97,68.0,81.42,80.49
ENG-00469,2026-07-01,69.31,78.38,66.28,80.34
ENG-00469,2026-08-01,75.81,63.06,79.47,76.67
ENG-00470,2024-01-01,82.67,73.32,86.27,82.65
ENG-00470,2024-02-01,73.58,72.68,87.71,82.85
ENG-00470,2024-03-01,77.26,76.56,79.63,80.65
ENG-00470,2024-04-01,77.24,76.51,79.34,77.69
ENG-00470,2024-05-01,78.36,81.17,77.87,76.04
ENG-00470,2024-06-01,76.7,81.21,73.73,80.44
ENG-00470,2024-07-01,84.95,94.55,80.36,86.08
ENG-00470,2024-08-01,70.04,69.02,75.9,79.79
ENG-00470,2024-09-01,64.28,64.96,72.48,75.17
ENG-00471,2026-04-01,84.3,74.71,76.54,87.98
ENG-00471,2026-05-01,83.88,74.37,85.64,82.62
ENG-00471,2026-06-01,80.59,80.11,78.4,87.26
ENG-00471,2026-07-01,74.6,70.81,82.5,83.7
ENG-00471,2026-08-01,77.46,76.74,77.28,79.52
ENG-00472,2024-04-01,70.54,72.87,88.08,80.63
ENG-00472,2024-05-01,84.8,70.7,80.26,87.36
ENG-00472,2024-06-01,85.71,82.56,83.69,87.03
ENG-00472,2024-07-01,84.85,96.8,91.61,85.32
ENG-00472,2024-08-01,89.61,79.0,89.5,84.96
ENG-00472,2024-09-01,76.32,65.7,75.11,73.12
ENG-00472,2024-10-01,83.09,84.32,96.0,86.4
ENG-00472,2024-11-01,79.12,84.4,78.05,83.84
ENG-00472,2024-12-01,78.13,72.38,76.36,78.54
ENG-00472,2025-01-01,80.13,74.76,78.92,75.38
ENG-00472,2025-02-01,73.07,57.61,64.99,69.71
ENG-00473,2024-11-01,84.79,77.53,83.38,90.96
ENG-00473,2024-12-01,86.93,92.17,90.18,90.95
ENG-00473,2025-01-01,82.32,83.49,88.76,88.58
ENG-00473,2025-02-01,78.12,82.06,90.62,92.03
ENG-00473,2025-03-01,89.08,90.44,89.75,91.41
ENG-00473,2025-04-01,79.48,94.63,90.9,85.96
ENG-00473,2025-05-01,83.79,71.67,79.58,83.65
ENG-00474,2025-02-01,66.85,66.95,71.61,77.21
ENG-00474,2025-03-01,82.8,87.42,79.89,86.57
ENG-00474,2025-04-01,87.6,91.2,91.57,86.3
ENG-00474,2025-05-01,82.57,77.63,82.22,87.56
ENG-00474,2025-06-01,90.06,92.34,83.96,82.76
ENG-00474,2025-07-01,79.24,84.58,72.55,82.29
ENG-00474,2025-08-01,86.48,81.65,83.9,84.14
ENG-00474,2025-09-01,76.49,84.57,84.23,87.06
ENG-00474,2025-10-01,81.55,74.31,86.2,81.66
ENG-00474,2025-11-01,71.01,67.93,70.9,82.32
ENG-00475,2024-10-01,71.56,62.0,75.18,77.06
ENG-00475,2024-11-01,67.17,68.58,65.5,76.41
ENG-00475,2024-12-01,77.09,62.69,60.99,64.46
ENG-00475,2025-01-01,67.37,60.82,68.39,71.5
ENG-00475,2025-02-01,76.18,78.11,70.82,71.89
ENG-00475,2025-03-01,73.74,69.57,65.54,79.07
ENG-00475,2025-04-01,70.22,77.03,71.53,77.96
ENG-00475,2025-05-01,69.65,64.22,62.45,76.29
ENG-00475,2025-06-01,71.02,50.04,68.38,72.41
ENG-00475,2025-07-01,79.61,78.63,71.73,75.15
ENG-00475,2025-08-01,77.44,77.13,71.53,75.62
ENG-00475,2025-09-01,73.0,65.22,68.26,76.16
ENG-00475,2025-10-01,80.5,73.46,78.7,78.77
ENG-00476,2025-06-01,76.44,78.96,78.67,75.32
ENG-00476,2025-07-01,68.96,54.16,62.0,64.04
ENG-00476,2025-08-01,66.43,54.19,65.01,58.45
ENG-00476,2025-09-01,58.78,56.65,64.75,58.69
ENG-00477,2024-07-01,82.42,77.44,72.62,73.99
ENG-00477,2024-08-01,70.96,71.62,71.02,79.79
ENG-00477,2024-09-01,66.79,75.11,59.79,75.94
ENG-00477,2024-10-01,73.25,66.9,69.9,72.6
ENG-00477,2024-11-01,73.56,80.82,82.41,80.08
ENG-00477,2024-12-01,82.02,70.84,79.66,79.14
ENG-00477,2025-01-01,78.85,71.49,73.97,80.84
ENG-00477,2025-02-01,67.03,76.82,73.68,76.87
ENG-00477,2025-03-01,72.9,79.37,79.13,75.52
ENG-00477,2025-04-01,78.46,76.24,77.43,80.68
ENG-00477,2025-05-01,79.76,76.28,73.0,71.92
ENG-00477,2025-06-01,75.43,71.43,75.81,75.18
ENG-00477,2025-07-01,84.0,75.53,83.44,79.27
ENG-00478,2024-10-01,85.48,77.59,81.76,80.41
ENG-00478,2024-11-01,69.07,70.42,73.8,75.61
ENG-00478,2024-12-01,71.38,63.13,83.56,67.35
ENG-00478,2025-01-01,73.22,70.4,75.93,70.03
ENG-00478,2025-02-01,74.49,64.88,55.88,64.34
ENG-00479,2025-12-01,78.91,68.35,77.25,73.83
ENG-00479,2026-01-01,78.11,62.56,85.47,71.57
ENG-00479,2026-02-01,71.44,72.39,72.03,78.91
ENG-00479,2026-03-01,70.42,72.98,73.73,79.36
ENG-00479,2026-04-01,71.44,74.93,67.59,77.27
ENG-00479,2026-05-01,76.33,69.69,65.76,73.98
ENG-00479,2026-06-01,78.16,70.61,76.64,78.37
ENG-00479,2026-07-01,74.11,77.4,83.53,72.3
ENG-00479,2026-08-01,72.35,71.45,77.8,77.76
ENG-00480,2026-04-01,89.59,87.66,92.71,92.14
ENG-00480,2026-05-01,86.46,87.64,85.29,90.97
ENG-00480,2026-06-01,82.83,90.2,90.23,91.13
ENG-00480,2026-07-01,83.95,84.12,86.14,90.82
ENG-00480,2026-08-01,86.47,78.43,77.82,88.44
ENG-00481,2026-08-01,78.27,76.61,81.21,76.18
ENG-00481,2026-09-01,58.87,58.25,69.71,71.03
ENG-00481,2026-10-01,63.57,69.99,68.06,66.75
ENG-00481,2026-11-01,69.19,53.47,58.28,51.91
ENG-00482,2026-07-01,71.68,77.29,73.3,79.92
ENG-00482,2026-08-01,79.31,78.38,87.04,75.56
ENG-00483,2024-10-01,73.29,77.11,75.35,77.85
ENG-00483,2024-11-01,75.81,66.62,81.37,74.51
ENG-00483,2024-12-01,63.77,52.99,55.85,57.56
ENG-00483,2025-01-01,58.92,62.26,47.65,56.95
ENG-00483,2025-02-01,54.68,53.45,51.24,50.5
ENG-00484,2024-05-01,87.7,68.18,81.35,84.67
ENG-00484,2024-06-01,79.9,81.89,92.82,82.95
ENG-00484,2024-07-01,80.69,91.61,86.72,89.36
ENG-00484,2024-08-01,85.56,86.45,82.74,91.0
ENG-00484,2024-09-01,80.22,77.17,91.92,84.95
ENG-00484,2024-10-01,77.36,83.72,83.07,89.93
ENG-00484,2024-11-01,83.25,75.58,89.03,85.38
ENG-00484,2024-12-01,84.92,80.34,86.13,89.15
ENG-00484,2025-01-01,80.64,83.78,87.16,88.2
ENG-00484,2025-02-01,78.06,76.46,86.18,89.28
ENG-00484,2025-03-01,86.87,84.74,84.8,85.4
ENG-00484,2025-04-01,77.55,77.12,75.41,86.74
ENG-00484,2025-05-01,91.25,81.85,87.73,86.91
ENG-00485,2024-06-01,73.55,80.64,75.72,80.9
ENG-00485,2024-07-01,76.02,82.44,81.34,81.19
ENG-00485,2024-08-01,75.89,71.12,76.18,77.73
ENG-00485,2024-09-01,84.06,78.99,85.91,77.53
ENG-00485,2024-10-01,77.16,78.01,72.28,81.14
ENG-00485,2024-11-01,74.56,70.99,74.7,75.71
ENG-00485,2024-12-01,75.23,76.84,61.24,79.75
ENG-00485,2025-01-01,85.79,88.75,89.5,83.7
ENG-00485,2025-02-01,76.26,77.59,80.12,74.11
ENG-00485,2025-03-01,83.55,72.76,82.51,84.36
ENG-00485,2025-04-01,88.44,87.84,92.7,87.57
ENG-00486,2026-02-01,74.92,79.39,84.61,78.96
ENG-00486,2026-03-01,72.13,71.77,72.53,76.98
ENG-00486,2026-04-01,78.22,62.05,68.43,79.12
ENG-00486,2026-05-01,75.29,70.44,68.43,77.69
ENG-00486,2026-06-01,78.82,78.39,83.7,83.13
ENG-00486,2026-07-01,81.4,71.4,76.09,85.85
ENG-00486,2026-08-01,79.62,72.79,81.45,83.46
ENG-00487,2024-10-01,77.05,86.43,77.95,83.79
ENG-00487,2024-11-01,76.42,76.52,81.93,82.44
ENG-00487,2024-12-01,95.42,76.69,88.76,83.71
ENG-00487,2025-01-01,74.84,75.13,75.28,81.67
ENG-00487,2025-02-01,69.84,70.28,85.71,82.83
ENG-00487,2025-03-01,68.5,66.38,72.31,75.97
ENG-00487,2025-04-01,70.92,74.89,65.93,68.57
ENG-00488,2024-07-01,85.89,81.53,83.95,89.08
ENG-00488,2024-08-01,83.57,77.79,82.19,84.21
ENG-00488,2024-09-01,81.59,83.33,84.85,85.17
ENG-00488,2024-10-01,86.48,86.04,81.53,88.36
ENG-00488,2024-11-01,96.34,89.87,85.3,90.73
ENG-00488,2024-12-01,87.39,71.84,88.51,85.86
ENG-00488,2025-01-01,82.78,81.74,75.93,85.63
ENG-00488,2025-02-01,80.78,87.7,86.73,84.36
ENG-00488,2025-03-01,86.05,84.79,73.29,88.32
ENG-00488,2025-04-01,79.87,83.49,84.48,90.73
ENG-00488,2025-05-01,90.06,89.63,87.05,91.04
ENG-00489,2025-04-01,62.7,71.42,63.18,70.7
ENG-00489,2025-05-01,59.29,65.77,76.95,72.54
ENG-00489,2025-06-01,69.79,56.13,64.86,63.89
ENG-00489,2025-07-01,74.88,64.32,78.35,73.19
ENG-00489,2025-08-01,68.49,70.09,73.27,69.85
ENG-00489,2025-09-01,63.92,61.06,69.33,65.65
ENG-00489,2025-10-01,62.59,58.19,49.71,63.47
ENG-00489,2025-11-01,59.63,61.68,53.1,55.06
ENG-00489,2025-12-01,58.72,56.29,51.17,49.92
ENG-00490,2024-08-01,79.11,84.7,84.67,77.27
ENG-00490,2024-09-01,78.58,59.2,82.2,76.24
ENG-00490,2024-10-01,70.85,70.81,67.29,75.36
ENG-00490,2024-11-01,74.03,72.97,84.66,74.18
ENG-00490,2024-12-01,76.47,69.8,66.54,78.9
ENG-00490,2025-01-01,77.28,83.67,77.49,84.19
ENG-00490,2025-02-01,71.8,68.58,84.26,81.07
ENG-00491,2024-07-01,72.99,75.77,68.91,77.87
ENG-00491,2024-08-01,69.12,75.59,70.97,78.03
ENG-00491,2024-09-01,74.2,67.55,85.25,71.33
ENG-00491,2024-10-01,68.68,73.03,68.96,75.22
ENG-00491,2024-11-01,67.04,66.03,76.98,72.0
ENG-00491,2024-12-01,69.93,76.93,74.41,75.63
ENG-00491,2025-01-01,73.3,66.47,77.85,74.09
ENG-00491,2025-02-01,72.49,67.67,60.95,75.43
ENG-00491,2025-03-01,73.76,75.31,84.14,74.35
ENG-00491,2025-04-01,71.59,65.74,58.4,74.35
ENG-00492,2024-12-01,78.54,64.61,79.86,81.53
ENG-00492,2025-01-01,78.48,71.17,80.57,84.64
ENG-00492,2025-02-01,74.03,79.55,77.1,85.54
ENG-00492,2025-03-01,72.21,73.85,70.85,84.07
ENG-00492,2025-04-01,79.62,76.98,84.51,82.06
ENG-00492,2025-05-01,78.72,82.38,76.87,77.61
ENG-00492,2025-06-01,79.24,88.91,89.59,86.56
ENG-00493,2024-07-01,77.23,68.72,75.56,75.35
ENG-00493,2024-08-01,86.79,85.36,91.98,85.41
ENG-00493,2024-09-01,77.82,82.25,82.87,83.85
ENG-00493,2024-10-01,65.25,69.95,76.28,77.69
ENG-00493,2024-11-01,76.66,84.41,79.89,84.73
ENG-00493,2024-12-01,80.11,70.87,80.82,83.14
ENG-00493,2025-01-01,75.54,73.87,69.82,80.9
ENG-00493,2025-02-01,89.05,85.59,90.19,84.46
ENG-00493,2025-03-01,78.87,78.61,80.25,85.95
ENG-00494,2025-12-01,73.08,66.9,82.56,81.58
ENG-00494,2026-01-01,77.33,80.74,87.25,83.05
ENG-00494,2026-02-01,81.56,82.53,81.14,83.79
ENG-00494,2026-03-01,81.28,85.76,96.37,88.28
ENG-00494,2026-04-01,84.39,87.5,85.27,86.17
ENG-00494,2026-05-01,80.46,85.81,82.7,85.41
ENG-00494,2026-06-01,87.15,89.68,88.47,86.02
ENG-00494,2026-07-01,80.07,74.99,87.06,85.68
ENG-00495,2024-08-01,94.68,92.02,97.08,89.0
ENG-00495,2024-09-01,84.82,80.97,74.71,88.85
ENG-00495,2024-10-01,91.87,90.74,89.71,81.11
ENG-00495,2024-11-01,83.53,88.8,100.0,90.84
ENG-00495,2024-12-01,85.26,76.81,82.09,88.67
ENG-00495,2025-01-01,79.51,91.57,80.82,88.83
ENG-00495,2025-02-01,82.59,78.13,90.86,87.67
ENG-00495,2025-03-01,79.74,77.58,85.83,87.09
ENG-00495,2025-04-01,80.73,90.94,87.37,89.22
ENG-00495,2025-05-01,88.3,83.4,100.0,85.91
ENG-00495,2025-06-01,83.29,77.52,85.37,86.74
ENG-00495,2025-07-01,79.84,81.74,83.34,87.49
ENG-00496,2026-02-01,93.98,88.47,83.46,86.59
ENG-00496,2026-03-01,89.09,82.7,82.35,85.28
ENG-00496,2026-04-01,75.38,71.91,75.53,77.97
ENG-00496,2026-05-01,77.66,75.25,81.13,81.23
ENG-00496,2026-06-01,77.05,65.14,68.24,86.25
ENG-00496,2026-07-01,78.81,90.99,78.74,81.25
ENG-00496,2026-08-01,80.21,81.61,79.0,86.36
ENG-00497,2026-06-01,85.56,64.5,69.53,72.66
ENG-00497,2026-07-01,91.36,87.93,82.89,81.97
ENG-00497,2026-08-01,93.3,85.75,87.28,90.65
ENG-00497,2026-09-01,87.37,86.9,81.52,88.92
ENG-00497,2026-10-01,86.92,82.54,91.23,89.55
ENG-00497,2026-11-01,85.03,84.48,80.94,85.95
ENG-00497,2026-12-01,69.54,67.53,70.7,74.47
ENG-00497,2027-01-01,70.91,71.08,73.39,74.22
ENG-00497,2027-02-01,63.77,62.98,67.18,68.19
ENG-00498,2026-06-01,77.27,73.03,85.54,76.59
ENG-00498,2026-07-01,82.61,82.81,85.48,81.08
ENG-00498,2026-08-01,85.37,73.46,81.51,86.07
ENG-00499,2025-04-01,80.34,87.56,78.77,88.12
ENG-00499,2025-05-01,74.66,80.32,92.45,82.83
ENG-00499,2025-06-01,88.29,74.8,88.77,85.07
ENG-00499,2025-07-01,89.61,84.28,86.78,86.42
ENG-00499,2025-08-01,82.17,85.77,89.44,89.4
ENG-00499,2025-09-01,83.81,83.31,89.33,87.18
ENG-00499,2025-10-01,85.13,81.45,84.86,85.58
ENG-00499,2025-11-01,79.88,84.58,88.53,83.19
ENG-00499,2025-12-01,79.54,75.33,86.23,89.34
ENG-00500,2024-10-01,74.63,78.69,82.58,77.66
ENG-00500,2024-11-01,73.92,64.57,70.93,78.73
ENG-00500,2024-12-01,80.22,73.88,74.63,77.76
ENG-00500,2025-01-01,78.96,72.88,79.11,76.62
ENG-00500,2025-02-01,70.96,65.12,79.71,75.31
ENG-00500,2025-03-01,75.08,79.5,79.49,81.89
ENG-00500,2025-04-01,77.02,70.71,86.8,80.37
ENG-00500,2025-05-01,89.29,73.17,82.8,83.0
ENG-00500,2025-06-01,72.25,75.78,69.9,82.3
ENG-00500,2025-07-01,74.5,71.58,74.14,79.18
ENG-00500,2025-08-01,79.41,86.35,85.27,81.73
ENG-00500,2025-09-01,73.53,74.81,62.7,78.34
ENG-00501,2025-10-01,78.66,76.52,75.07,79.79
ENG-00501,2025-11-01,80.01,73.63,70.72,75.69
ENG-00501,2025-12-01,71.48,72.84,72.69,77.94
ENG-00501,2026-01-01,73.32,62.72,72.23,68.55
ENG-00501,2026-02-01,77.62,67.82,71.93,72.58
ENG-00501,2026-03-01,77.77,75.71,71.77,70.88
ENG-00501,2026-04-01,65.45,54.78,60.93,59.89
ENG-00501,2026-05-01,61.62,57.52,57.45,61.48
ENG-00501,2026-06-01,62.55,56.84,60.58,49.33
ENG-00502,2024-01-01,71.58,63.81,76.02,74.79
ENG-00502,2024-02-01,73.86,68.91,64.95,72.62
ENG-00502,2024-03-01,59.65,59.35,61.64,65.06
ENG-00502,2024-04-01,57.69,50.74,51.6,55.62
ENG-00502,2024-05-01,58.78,52.44,59.48,52.81
ENG-00503,2025-12-01,79.27,81.76,76.57,86.23
ENG-00503,2026-01-01,84.16,71.58,81.93,88.35
ENG-00503,2026-02-01,78.2,83.59,90.59,92.02
ENG-00503,2026-03-01,75.54,75.03,83.95,85.45
ENG-00503,2026-04-01,84.96,73.9,90.02,85.2
ENG-00503,2026-05-01,79.9,81.01,77.4,85.9
ENG-00503,2026-06-01,89.77,89.64,89.68,92.01
ENG-00504,2026-08-01,80.4,83.19,85.34,80.29
ENG-00505,2025-02-01,80.07,84.84,81.24,87.62
ENG-00505,2025-03-01,69.07,68.41,70.87,66.39
ENG-00505,2025-04-01,60.06,48.73,52.36,60.81
ENG-00505,2025-05-01,61.68,43.11,60.12,48.81
ENG-00506,2026-03-01,93.83,77.94,86.54,90.59
ENG-00506,2026-04-01,75.63,76.9,82.42,79.63
ENG-00506,2026-05-01,75.92,79.83,79.32,73.07
ENG-00506,2026-06-01,63.0,63.76,60.25,73.45
ENG-00506,2026-07-01,68.23,68.8,66.91,64.23
ENG-00507,2024-04-01,62.59,76.6,58.86,75.98
ENG-00507,2024-05-01,74.29,80.41,79.58,74.18
ENG-00507,2024-06-01,72.69,71.04,70.03,81.99
ENG-00507,2024-07-01,65.8,76.44,83.14,73.71
ENG-00507,2024-08-01,85.85,69.71,74.85,76.52
ENG-00507,2024-09-01,69.18,62.62,72.47,71.56
ENG-00507,2024-10-01,71.35,72.41,76.88,78.43
ENG-00507,2024-11-01,71.3,71.17,71.45,79.44
ENG-00507,2024-12-01,78.12,62.61,63.75,75.2
ENG-00508,2025-03-01,73.34,75.83,92.03,87.61
ENG-00508,2025-04-01,86.31,75.19,87.14,82.15
ENG-00508,2025-05-01,67.95,62.5,73.85,76.84
ENG-00508,2025-06-01,78.77,76.48,78.34,80.62
ENG-00508,2025-07-01,61.81,74.12,75.78,81.83
ENG-00508,2025-08-01,83.52,87.35,88.17,84.83
ENG-00508,2025-09-01,76.23,79.57,74.54,80.0
ENG-00508,2025-10-01,80.36,71.16,82.13,73.97
ENG-00508,2025-11-01,75.11,78.54,81.12,82.7
ENG-00508,2025-12-01,78.39,71.61,89.35,83.16
ENG-00508,2026-01-01,75.16,63.53,74.49,76.36
ENG-00509,2025-06-01,85.51,73.66,88.05,86.31
ENG-00509,2025-07-01,80.79,78.87,73.02,85.32
ENG-00509,2025-08-01,83.08,78.3,74.18,85.0
ENG-00509,2025-09-01,78.83,77.43,80.35,85.27
ENG-00509,2025-10-01,84.41,80.52,83.99,84.37
ENG-00509,2025-11-01,75.55,76.88,84.68,80.72
ENG-00509,2025-12-01,74.19,75.79,87.73,86.2
ENG-00509,2026-01-01,81.74,83.11,93.86,83.81
ENG-00510,2025-02-01,90.16,77.16,83.85,81.21
ENG-00510,2025-03-01,80.35,75.36,77.19,77.0
ENG-00510,2025-04-01,74.21,71.95,63.69,73.69
ENG-00510,2025-05-01,65.0,62.69,73.06,65.77
ENG-00510,2025-06-01,72.5,70.68,67.4,63.33
ENG-00510,2025-07-01,56.04,55.5,46.89,55.73
ENG-00511,2026-04-01,73.1,66.83,67.32,66.42
ENG-00511,2026-05-01,74.08,89.74,74.25,78.11
ENG-00511,2026-06-01,67.84,78.25,76.09,78.53
ENG-00511,2026-07-01,77.3,66.2,73.85,74.39
ENG-00511,2026-08-01,84.87,80.43,88.89,74.03
ENG-00512,2024-12-01,70.59,69.9,77.23,78.65
ENG-00512,2025-01-01,75.41,77.09,83.81,79.45
ENG-00512,2025-02-01,88.31,75.77,90.9,80.03
ENG-00512,2025-03-01,82.2,83.89,77.5,83.05
ENG-00512,2025-04-01,82.14,75.29,77.97,80.22
ENG-00512,2025-05-01,76.5,88.65,71.6,80.32
ENG-00512,2025-06-01,73.31,70.84,89.11,77.88
ENG-00512,2025-07-01,79.55,80.37,76.18,85.6
ENG-00512,2025-08-01,79.4,81.3,81.56,80.93
ENG-00512,2025-09-01,79.93,78.93,69.72,83.08
ENG-00512,2025-10-01,70.28,65.8,78.97,74.19
ENG-00512,2025-11-01,71.02,70.18,83.63,79.17
ENG-00512,2025-12-01,81.17,75.25,71.66,84.09
ENG-00513,2025-08-01,70.75,84.37,81.76,80.93
ENG-00513,2025-09-01,58.54,67.19,72.2,70.83
ENG-00513,2025-10-01,77.08,76.37,75.59,74.0
ENG-00513,2025-11-01,66.27,69.07,64.68,70.24
ENG-00513,2025-12-01,63.38,55.06,64.32,65.32
ENG-00513,2026-01-01,59.94,50.91,56.43,59.81
ENG-00513,2026-02-01,54.5,60.68,58.79,51.82
ENG-00514,2025-08-01,82.73,73.64,75.93,81.46
ENG-00514,2025-09-01,87.02,88.66,84.27,83.8
ENG-00514,2025-10-01,80.2,89.65,84.58,86.52
ENG-00514,2025-11-01,79.99,86.24,84.68,83.02
ENG-00514,2025-12-01,78.88,78.16,84.09,84.61
ENG-00514,2026-01-01,82.0,82.46,89.31,87.64
ENG-00514,2026-02-01,79.05,84.98,84.15,89.44
ENG-00514,2026-03-01,86.67,80.56,86.07,88.49
ENG-00514,2026-04-01,87.6,88.16,95.32,87.77
ENG-00514,2026-05-01,75.92,72.77,70.41,81.87
ENG-00514,2026-06-01,81.46,74.91,79.31,82.99
ENG-00514,2026-07-01,78.89,76.53,83.77,84.04
ENG-00514,2026-08-01,90.56,84.39,81.16,86.94
ENG-00515,2025-10-01,73.51,75.41,81.0,74.72
ENG-00515,2025-11-01,64.73,61.28,64.58,62.47
ENG-00515,2025-12-01,71.35,54.16,70.77,64.82
ENG-00515,2026-01-01,67.09,55.63,51.21,51.9
ENG-00516,2025-04-01,82.47,83.51,81.8,88.48
ENG-00516,2025-05-01,84.46,67.47,85.29,89.48
ENG-00516,2025-06-01,78.29,83.69,82.17,89.92
ENG-00516,2025-07-01,81.27,72.46,91.75,88.36
ENG-00516,2025-08-01,74.49,87.97,86.85,86.97
ENG-00516,2025-09-01,92.34,86.83,95.91,92.98
ENG-00516,2025-10-01,77.13,88.75,86.05,89.29
ENG-00516,2025-11-01,89.81,83.01,88.52,89.83
ENG-00516,2025-12-01,76.18,77.19,82.2,89.21
ENG-00517,2024-08-01,80.81,87.99,92.54,88.09
ENG-00517,2024-09-01,82.25,86.26,85.78,88.03
ENG-00517,2024-10-01,79.87,86.7,82.94,85.67
ENG-00517,2024-11-01,84.15,88.9,82.85,84.41
ENG-00517,2024-12-01,80.85,78.2,77.17,86.14
ENG-00517,2025-01-01,85.02,79.86,99.59,86.33
ENG-00517,2025-02-01,77.54,68.88,88.25,85.21
ENG-00517,2025-03-01,88.0,79.94,86.0,82.01
ENG-00517,2025-04-01,84.95,72.43,77.66,80.5
ENG-00518,2024-01-01,83.3,85.75,93.41,85.72
ENG-00518,2024-02-01,87.88,75.23,81.8,85.64
ENG-00518,2024-03-01,82.04,79.41,74.11,88.01
ENG-00518,2024-04-01,85.58,75.86,79.46,80.87
ENG-00518,2024-05-01,81.14,86.62,82.35,80.78
ENG-00518,2024-06-01,90.79,86.47,89.66,87.5
ENG-00518,2024-07-01,76.75,68.24,91.37,81.16
ENG-00518,2024-08-01,74.97,91.66,83.65,84.74
ENG-00518,2024-09-01,81.03,87.59,78.64,84.54
ENG-00518,2024-10-01,78.05,84.6,75.1,85.44
ENG-00518,2024-11-01,79.58,75.49,84.4,83.07
ENG-00518,2024-12-01,83.65,85.45,92.23,85.18
ENG-00519,2024-10-01,88.77,76.99,90.1,91.19
ENG-00519,2024-11-01,92.82,85.88,90.03,83.71
ENG-00519,2024-12-01,90.98,89.17,83.78,89.23
ENG-00519,2025-01-01,85.46,78.41,99.57,86.73
ENG-00519,2025-02-01,83.18,74.8,73.77,88.11
ENG-00519,2025-03-01,83.24,76.25,81.57,86.85
ENG-00519,2025-04-01,82.14,89.9,74.42,85.81
ENG-00519,2025-05-01,82.97,81.04,90.75,85.57
ENG-00519,2025-06-01,89.4,79.14,86.02,82.71
ENG-00519,2025-07-01,89.46,88.95,95.32,90.82
ENG-00519,2025-08-01,86.23,83.09,94.7,86.71
ENG-00519,2025-09-01,78.79,80.23,76.63,85.41
ENG-00519,2025-10-01,87.62,79.2,93.51,89.17
ENG-00520,2025-03-01,79.74,71.34,92.23,83.57
ENG-00520,2025-04-01,76.62,96.56,89.93,88.48
ENG-00520,2025-05-01,88.42,95.29,96.32,88.96
ENG-00520,2025-06-01,76.99,78.82,83.16,84.84
ENG-00520,2025-07-01,76.52,75.29,85.63,85.28
ENG-00520,2025-08-01,81.32,81.06,84.7,90.54
ENG-00520,2025-09-01,83.06,80.86,80.66,84.83
ENG-00520,2025-10-01,83.98,82.86,83.45,81.13
ENG-00520,2025-11-01,90.07,84.51,82.97,89.02
ENG-00520,2025-12-01,81.56,73.05,79.92,90.05
ENG-00520,2026-01-01,76.97,92.5,91.26,87.82
ENG-00520,2026-02-01,79.64,84.73,79.44,87.0
ENG-00520,2026-03-01,75.81,70.02,80.46,85.69
ENG-00521,2024-02-01,78.83,88.02,82.39,87.94
ENG-00521,2024-03-01,70.87,75.41,73.55,82.41
ENG-00521,2024-04-01,81.71,74.66,87.64,74.66
ENG-00521,2024-05-01,83.02,79.06,86.16,81.5
ENG-00521,2024-06-01,79.51,78.7,81.71,87.0
ENG-00521,2024-07-01,78.94,71.59,79.75,73.96
ENG-00521,2024-08-01,82.65,83.5,82.22,84.9
ENG-00521,2024-09-01,70.74,77.2,76.85,84.03
ENG-00521,2024-10-01,72.29,75.35,89.1,82.69
ENG-00522,2025-06-01,65.17,71.82,70.68,75.77
ENG-00522,2025-07-01,72.24,70.59,71.52,74.46
ENG-00522,2025-08-01,61.75,64.58,62.7,66.79
ENG-00522,2025-09-01,72.11,84.77,78.83,74.5
ENG-00522,2025-10-01,72.29,70.2,68.82,74.81
ENG-00522,2025-11-01,70.26,63.39,73.07,67.24
ENG-00522,2025-12-01,70.53,76.89,66.34,72.59
ENG-00522,2026-01-01,73.37,80.63,73.84,72.3
ENG-00522,2026-02-01,68.01,71.54,71.82,70.31
ENG-00522,2026-03-01,63.62,63.8,75.02,75.36
ENG-00522,2026-04-01,72.23,75.43,76.27,76.49
ENG-00522,2026-05-01,69.86,71.44,72.46,71.83
ENG-00523,2024-01-01,67.96,64.17,71.05,75.91
ENG-00523,2024-02-01,65.89,68.96,72.03,75.11
ENG-00523,2024-03-01,71.31,71.93,67.94,69.58
ENG-00523,2024-04-01,67.8,56.13,65.7,62.41
ENG-00523,2024-05-01,70.01,67.6,64.32,63.86
ENG-00523,2024-06-01,69.14,56.53,64.76,68.49
ENG-00523,2024-07-01,65.31,66.96,57.78,76.04
ENG-00523,2024-08-01,62.4,58.83,69.35,64.7
ENG-00523,2024-09-01,61.5,52.49,66.48,61.12
ENG-00524,2025-09-01,72.58,75.97,82.27,80.06
ENG-00524,2025-10-01,69.51,68.27,86.16,81.25
ENG-00524,2025-11-01,69.88,68.31,74.59,74.65
ENG-00524,2025-12-01,82.58,70.81,71.22,83.81
ENG-00524,2026-01-01,77.85,62.6,75.28,74.63
ENG-00524,2026-02-01,75.08,77.95,77.7,76.48
ENG-00524,2026-03-01,82.4,86.53,75.27,80.92
ENG-00524,2026-04-01,74.41,68.47,74.01,80.5
ENG-00524,2026-05-01,79.69,88.15,79.37,82.83
ENG-00524,2026-06-01,78.03,67.95,75.16,76.55
ENG-00524,2026-07-01,75.71,74.31,85.26,83.85
ENG-00524,2026-08-01,69.66,71.36,74.53,79.05
ENG-00525,2025-02-01,73.16,73.42,77.05,76.72
ENG-00525,2025-03-01,82.28,82.3,82.39,78.78
ENG-00525,2025-04-01,84.48,83.22,85.98,78.49
ENG-00525,2025-05-01,72.84,63.83,81.4,75.99
ENG-00525,2025-06-01,77.5,63.19,75.36,83.8
ENG-00525,2025-07-01,81.56,75.73,86.35,85.6
ENG-00525,2025-08-01,80.24,74.39,88.69,74.96
ENG-00525,2025-09-01,70.87,72.25,79.15,80.68
ENG-00526,2026-03-01,75.1,72.53,75.38,80.07
ENG-00526,2026-04-01,80.82,75.9,67.67,80.71
ENG-00526,2026-05-01,68.61,71.58,71.03,77.28
ENG-00526,2026-06-01,78.24,78.18,77.18,80.65
ENG-00526,2026-07-01,69.52,68.0,74.58,82.46
ENG-00526,2026-08-01,81.59,81.55,80.83,80.92
ENG-00527,2025-05-01,79.84,81.05,72.28,79.23
ENG-00527,2025-06-01,68.0,70.38,68.68,76.9
ENG-00527,2025-07-01,72.62,67.95,60.02,65.16
ENG-00527,2025-08-01,62.93,68.25,68.54,63.08
ENG-00528,2025-05-01,75.47,72.84,89.14,78.28
ENG-00528,2025-06-01,73.78,72.31,83.2,78.99
ENG-00528,2025-07-01,78.34,79.82,85.95,75.66
ENG-00528,2025-08-01,80.44,76.82,82.94,78.43
ENG-00528,2025-09-01,76.95,85.75,76.21,80.91
ENG-00528,2025-10-01,67.73,74.48,73.24,76.52
ENG-00528,2025-11-01,79.54,83.8,80.05,84.33
ENG-00528,2025-12-01,80.12,65.42,75.15,71.8
ENG-00528,2026-01-01,66.31,63.24,76.38,72.21
ENG-00529,2025-10-01,79.73,89.38,78.69,88.59
ENG-00529,2025-11-01,66.65,67.89,78.92,82.08
ENG-00529,2025-12-01,77.42,73.64,85.46,81.17
ENG-00529,2026-01-01,79.29,79.01,75.56,75.52
ENG-00529,2026-02-01,70.56,70.49,72.45,80.07
ENG-00529,2026-03-01,82.95,69.7,81.81,77.77
ENG-00529,2026-04-01,82.78,76.49,79.59,83.77
ENG-00529,2026-05-01,83.25,87.09,85.64,85.48
ENG-00529,2026-06-01,70.8,81.05,81.12,82.49
ENG-00529,2026-07-01,83.74,79.97,88.29,87.53
ENG-00529,2026-08-01,71.44,76.06,75.11,82.92
ENG-00530,2024-12-01,84.63,81.92,89.88,87.03
ENG-00530,2025-01-01,89.45,94.64,93.32,85.25
ENG-00530,2025-02-01,77.26,78.49,89.41,86.77
ENG-00530,2025-03-01,86.69,91.12,92.13,91.28
ENG-00530,2025-04-01,83.57,77.8,87.78,89.93
ENG-00530,2025-05-01,82.31,88.16,93.33,91.28
ENG-00530,2025-06-01,84.81,93.33,83.33,90.76
ENG-00530,2025-07-01,76.14,78.34,81.51,83.04
ENG-00530,2025-08-01,76.36,84.01,90.57,89.78
ENG-00530,2025-09-01,79.52,89.25,82.74,92.09
ENG-00530,2025-10-01,82.13,78.77,88.82,86.6
ENG-00530,2025-11-01,90.65,95.42,82.7,91.91
ENG-00530,2025-12-01,85.02,86.48,98.22,87.35
ENG-00531,2026-04-01,70.51,65.57,75.91,77.79
ENG-00531,2026-05-01,70.47,74.86,72.78,80.56
ENG-00531,2026-06-01,69.69,73.98,87.25,71.45
ENG-00531,2026-07-01,70.57,66.13,68.66,64.02
ENG-00531,2026-08-01,75.34,70.12,76.07,71.28
ENG-00532,2024-01-01,79.89,77.13,90.32,85.42
ENG-00532,2024-02-01,70.2,73.26,75.65,74.47
ENG-00532,2024-03-01,62.77,67.25,72.62,70.98
ENG-00532,2024-04-01,79.24,67.12,66.86,69.3
ENG-00532,2024-05-01,62.46,55.65,62.27,59.87
ENG-00533,2024-03-01,85.83,77.48,87.53,93.31
ENG-00533,2024-04-01,78.57,82.46,81.15,87.51
ENG-00533,2024-05-01,78.91,79.8,78.51,76.47
ENG-00533,2024-06-01,88.79,84.35,75.38,91.4
ENG-00533,2024-07-01,82.14,82.86,87.85,90.23
ENG-00533,2024-08-01,83.1,82.44,87.6,87.92
ENG-00533,2024-09-01,89.18,90.29,80.86,89.63
ENG-00533,2024-10-01,79.1,88.94,92.48,85.55
ENG-00533,2024-11-01,74.39,69.67,88.72,88.76
ENG-00533,2024-12-01,76.24,79.6,84.97,86.14
ENG-00533,2025-01-01,85.16,81.49,95.33,90.08
ENG-00533,2025-02-01,92.57,88.44,93.33,85.35
ENG-00534,2026-07-01,78.5,80.59,92.39,75.5
ENG-00534,2026-08-01,71.94,70.42,72.91,68.39
ENG-00535,2024-05-01,83.65,73.05,86.07,87.75
ENG-00535,2024-06-01,83.4,83.11,86.85,90.12
ENG-00535,2024-07-01,81.0,78.64,79.54,87.13
ENG-00535,2024-08-01,85.29,84.95,87.41,89.43
ENG-00535,2024-09-01,78.99,86.43,88.81,90.33
ENG-00535,2024-10-01,74.91,77.08,97.48,88.25
ENG-00535,2024-11-01,88.34,89.04,99.74,89.04
ENG-00535,2024-12-01,76.75,75.33,88.04,86.26
ENG-00536,2025-01-01,76.07,76.41,77.85,86.57
ENG-00536,2025-02-01,81.65,90.65,84.07,88.25
ENG-00536,2025-03-01,85.95,91.81,83.73,90.44
ENG-00536,2025-04-01,85.96,84.01,84.4,86.22
ENG-00536,2025-05-01,80.57,77.9,86.65,88.12
ENG-00536,2025-06-01,80.0,74.29,84.66,85.59
ENG-00536,2025-07-01,77.88,86.55,86.55,89.21
ENG-00536,2025-08-01,84.69,77.07,82.02,80.34
ENG-00536,2025-09-01,86.56,86.08,87.23,86.17
ENG-00536,2025-10-01,79.93,75.69,77.83,81.77
ENG-00536,2025-11-01,75.16,69.89,78.75,84.61
ENG-00536,2025-12-01,78.91,76.94,70.24,86.03
ENG-00537,2026-04-01,65.18,73.11,60.68,70.73
ENG-00537,2026-05-01,64.95,57.49,66.92,71.54
ENG-00537,2026-06-01,71.48,62.43,59.3,72.34
ENG-00537,2026-07-01,68.3,71.4,69.19,71.07
ENG-00537,2026-08-01,73.91,83.98,61.79,73.76
ENG-00538,2025-09-01,81.69,79.97,79.39,83.23
ENG-00538,2025-10-01,84.73,75.13,78.52,84.28
ENG-00538,2025-11-01,84.17,79.97,85.84,92.41
ENG-00538,2025-12-01,85.53,96.69,93.51,89.41
ENG-00538,2026-01-01,91.87,78.11,91.32,84.58
ENG-00538,2026-02-01,82.69,70.73,77.63,84.4
ENG-00538,2026-03-01,90.05,100.0,91.03,91.02
ENG-00538,2026-04-01,88.83,78.14,82.66,79.2
ENG-00538,2026-05-01,100.0,83.89,91.81,86.67
ENG-00538,2026-06-01,80.42,78.66,72.03,94.01
ENG-00538,2026-07-01,88.21,76.71,90.09,84.45
ENG-00539,2025-03-01,75.49,66.85,90.6,87.67
ENG-00539,2025-04-01,81.29,85.77,87.66,87.47
ENG-00539,2025-05-01,86.23,77.86,91.54,86.63
ENG-00539,2025-06-01,82.5,77.73,91.96,91.59
ENG-00539,2025-07-01,90.31,94.39,98.09,87.78
ENG-00539,2025-08-01,84.94,86.69,84.23,91.86
ENG-00539,2025-09-01,85.14,92.36,93.35,90.99
ENG-00539,2025-10-01,78.05,75.44,84.6,88.66
ENG-00539,2025-11-01,84.16,77.06,81.34,87.16
ENG-00539,2025-12-01,84.11,83.33,93.89,90.42
ENG-00539,2026-01-01,86.14,82.48,92.38,91.63
ENG-00539,2026-02-01,85.23,84.13,87.28,93.78
ENG-00540,2025-11-01,70.27,74.43,66.5,76.98
ENG-00540,2025-12-01,71.36,61.92,71.55,70.16
ENG-00540,2026-01-01,65.91,58.95,68.71,65.66
ENG-00540,2026-02-01,69.56,66.73,67.5,70.47
ENG-00540,2026-03-01,62.27,52.8,46.55,56.23
ENG-00540,2026-04-01,56.96,46.01,51.9,45.14
ENG-00541,2024-12-01,76.54,76.23,74.97,77.5
ENG-00541,2025-01-01,64.92,66.75,74.13,62.41
ENG-00541,2025-02-01,66.82,57.42,55.44,60.43
ENG-00541,2025-03-01,57.85,49.35,56.68,51.6
ENG-00542,2025-11-01,79.64,76.49,78.97,72.46
ENG-00542,2025-12-01,82.03,81.71,81.06,79.19
ENG-00542,2026-01-01,71.3,64.38,67.25,82.35
ENG-00542,2026-02-01,69.07,76.69,63.23,76.33
ENG-00542,2026-03-01,77.19,76.06,70.95,76.33
ENG-00542,2026-04-01,69.77,67.82,76.84,79.66
ENG-00542,2026-05-01,77.96,71.98,82.63,73.63
ENG-00542,2026-06-01,69.67,80.96,85.11,77.69
ENG-00543,2025-05-01,81.31,84.63,81.94,82.97
ENG-00543,2025-06-01,79.86,81.78,90.1,85.68
ENG-00543,2025-07-01,88.17,88.17,87.08,89.1
ENG-00543,2025-08-01,89.1,83.07,98.98,87.65
ENG-00543,2025-09-01,77.94,78.31,86.19,85.84
ENG-00543,2025-10-01,85.33,84.95,89.68,85.28
ENG-00543,2025-11-01,80.0,73.66,88.03,85.1
ENG-00543,2025-12-01,82.84,74.0,86.09,88.37
ENG-00543,2026-01-01,93.6,93.09,87.29,91.41
ENG-00543,2026-02-01,76.13,78.07,80.8,84.68
ENG-00543,2026-03-01,85.93,85.6,87.88,87.75
ENG-00543,2026-04-01,86.96,86.97,87.95,86.96
ENG-00544,2025-04-01,77.21,70.6,76.58,71.62
ENG-00544,2025-05-01,71.99,75.11,67.21,74.85
ENG-00544,2025-06-01,67.31,57.01,60.93,69.23
ENG-00544,2025-07-01,56.44,57.59,50.52,58.19
ENG-00544,2025-08-01,47.71,41.61,41.05,42.41
ENG-00544,2025-09-01,53.2,54.65,45.5,52.67
ENG-00545,2024-06-01,85.74,79.03,85.33,77.23
ENG-00545,2024-07-01,83.11,72.31,76.39,73.48
ENG-00545,2024-08-01,70.99,73.59,82.72,83.74
ENG-00545,2024-09-01,76.63,74.49,77.66,82.08
ENG-00545,2024-10-01,78.3,75.9,82.22,75.69
ENG-00545,2024-11-01,81.87,82.03,72.5,82.91
ENG-00545,2024-12-01,75.58,80.07,75.34,81.96
ENG-00545,2025-01-01,72.4,81.53,85.95,80.12
ENG-00545,2025-02-01,75.08,83.98,83.3,79.7
ENG-00545,2025-03-01,84.53,77.61,83.74,74.45
ENG-00546,2026-07-01,83.3,84.2,90.96,83.74
ENG-00546,2026-08-01,82.64,83.5,89.24,82.11
ENG-00546,2026-09-01,88.06,81.18,91.43,84.5
ENG-00546,2026-10-01,83.97,79.91,85.25,81.09
ENG-00546,2026-11-01,77.1,76.12,79.81,77.31
ENG-00546,2026-12-01,74.19,66.34,79.31,79.69
ENG-00546,2027-01-01,74.07,75.58,75.64,71.12
ENG-00546,2027-02-01,65.41,65.57,70.67,64.15
ENG-00546,2027-03-01,59.85,57.58,59.88,59.95
ENG-00547,2026-02-01,75.4,73.61,72.59,78.88
ENG-00547,2026-03-01,84.98,81.36,78.54,82.81
ENG-00547,2026-04-01,68.23,79.38,68.76,75.11
ENG-00547,2026-05-01,75.3,79.24,81.07,83.27
ENG-00547,2026-06-01,77.2,79.81,79.15,81.09
ENG-00547,2026-07-01,79.2,70.76,82.87,77.79
ENG-00547,2026-08-01,84.4,82.17,85.5,84.6
ENG-00548,2025-12-01,73.52,66.15,78.22,70.16
ENG-00548,2026-01-01,70.83,70.08,60.99,66.85
ENG-00548,2026-02-01,65.73,67.57,72.35,70.4
ENG-00548,2026-03-01,70.52,70.04,71.0,73.59
ENG-00548,2026-04-01,76.0,77.26,76.77,77.13
ENG-00548,2026-05-01,64.68,67.06,64.65,70.39
ENG-00548,2026-06-01,69.82,63.16,68.88,68.01
ENG-00548,2026-07-01,75.33,59.75,74.32,70.99
ENG-00548,2026-08-01,69.66,69.78,69.95,75.29
ENG-00549,2025-01-01,75.86,77.36,90.6,87.6
ENG-00549,2025-02-01,81.18,89.11,87.54,90.93
ENG-00549,2025-03-01,82.18,80.84,83.6,85.32
ENG-00549,2025-04-01,80.69,81.77,90.96,80.46
ENG-00549,2025-05-01,84.26,83.42,90.44,89.87
ENG-00549,2025-06-01,83.48,69.94,83.17,80.24
ENG-00549,2025-07-01,78.63,84.57,80.79,83.76
ENG-00549,2025-08-01,87.05,86.68,84.79,82.54
ENG-00549,2025-09-01,79.87,84.05,84.43,84.87
ENG-00550,2024-10-01,83.45,86.31,87.84,90.38
ENG-00550,2024-11-01,74.03,79.36,79.6,85.91
ENG-00550,2024-12-01,76.04,85.57,82.61,87.5
ENG-00550,2025-01-01,84.73,92.37,93.56,86.69
ENG-00550,2025-02-01,77.96,79.76,86.43,86.95
ENG-00550,2025-03-01,84.03,72.51,78.85,81.54
ENG-00550,2025-04-01,85.14,78.35,78.07,90.45
ENG-00550,2025-05-01,84.03,82.12,80.6,85.86
ENG-00550,2025-06-01,84.08,92.75,86.76,80.55
ENG-00551,2025-07-01,74.59,74.2,76.03,81.75
ENG-00551,2025-08-01,70.95,74.67,70.34,71.9
ENG-00551,2025-09-01,65.07,66.47,64.79,69.29
ENG-00551,2025-10-01,57.82,54.62,62.7,63.75
ENG-00552,2024-06-01,75.72,83.96,87.83,87.06
ENG-00552,2024-07-01,81.58,70.84,79.72,80.3
ENG-00552,2024-08-01,79.18,78.57,80.49,85.62
ENG-00552,2024-09-01,76.32,74.06,80.94,81.95
ENG-00552,2024-10-01,83.47,78.09,79.69,88.36
ENG-00552,2024-11-01,77.17,80.18,77.06,83.22
ENG-00552,2024-12-01,82.15,76.2,79.32,84.59
ENG-00552,2025-01-01,71.64,70.45,68.09,76.05
ENG-00552,2025-02-01,67.44,66.14,67.12,63.7
ENG-00552,2025-03-01,59.53,58.97,50.79,59.55
ENG-00553,2024-02-01,68.41,76.15,77.39,80.87
ENG-00553,2024-03-01,81.94,83.01,80.56,82.65
ENG-00553,2024-04-01,88.89,71.7,77.51,78.9
ENG-00553,2024-05-01,75.31,87.2,83.72,79.52
ENG-00553,2024-06-01,76.15,73.95,81.26,84.23
ENG-00553,2024-07-01,83.26,84.54,77.41,85.07
ENG-00553,2024-08-01,76.98,87.06,83.16,85.04
ENG-00553,2024-09-01,75.93,77.12,63.12,76.58
ENG-00553,2024-10-01,78.13,83.78,83.96,81.71
ENG-00553,2024-11-01,84.87,69.13,75.68,81.35
ENG-00553,2024-12-01,79.76,75.84,73.25,81.48
ENG-00553,2025-01-01,80.82,75.31,81.2,73.21
ENG-00553,2025-02-01,78.2,65.41,82.58,75.26
ENG-00554,2024-08-01,91.79,84.5,89.3,85.96
ENG-00554,2024-09-01,74.45,70.24,66.05,82.78
ENG-00554,2024-10-01,70.1,75.39,73.23,79.71
ENG-00554,2024-11-01,75.3,76.33,83.34,79.12
ENG-00554,2024-12-01,77.82,78.12,78.09,87.19
ENG-00554,2025-01-01,73.92,70.5,72.79,82.18
ENG-00554,2025-02-01,84.55,71.63,81.96,79.8
ENG-00554,2025-03-01,79.26,75.01,77.24,87.44
ENG-00554,2025-04-01,68.05,72.12,76.53,83.79
ENG-00554,2025-05-01,73.15,64.94,79.08,75.93
ENG-00555,2026-08-01,82.73,81.84,93.28,88.41
ENG-00556,2026-06-01,71.44,82.91,84.58,84.78
ENG-00556,2026-07-01,87.12,87.07,81.07,89.5
ENG-00556,2026-08-01,73.24,66.6,82.59,81.12
ENG-00557,2025-09-01,82.8,82.1,84.59,88.82
ENG-00557,2025-10-01,74.67,74.94,71.18,84.35
ENG-00557,2025-11-01,75.17,71.32,78.2,76.93
ENG-00557,2025-12-01,75.11,67.98,81.44,65.13
ENG-00557,2026-01-01,75.72,65.05,65.34,69.8
ENG-00557,2026-02-01,69.16,59.98,69.15,66.75
ENG-00558,2025-01-01,74.49,85.37,87.77,87.21
ENG-00558,2025-02-01,87.81,86.35,81.6,87.86
ENG-00558,2025-03-01,80.65,72.28,71.94,77.35
ENG-00558,2025-04-01,78.98,69.63,71.03,80.57
ENG-00558,2025-05-01,74.03,78.37,79.7,72.22
ENG-00558,2025-06-01,67.63,73.86,69.88,77.3
ENG-00558,2025-07-01,77.33,86.04,81.43,84.26
ENG-00558,2025-08-01,75.97,71.93,67.65,78.5
ENG-00559,2025-05-01,70.68,84.56,80.73,80.26
ENG-00559,2025-06-01,77.24,79.08,79.36,74.77
ENG-00559,2025-07-01,81.94,70.3,88.82,77.49
ENG-00559,2025-08-01,83.14,79.31,78.26,84.11
ENG-00559,2025-09-01,72.99,70.63,73.56,81.5
ENG-00559,2025-10-01,75.78,66.85,70.33,77.35
ENG-00559,2025-11-01,84.63,80.31,83.37,76.56
ENG-00559,2025-12-01,78.5,65.84,77.84,82.46
ENG-00559,2026-01-01,83.71,77.62,87.8,77.21
ENG-00560,2026-05-01,74.73,74.33,68.18,74.73
ENG-00560,2026-06-01,61.66,61.69,62.27,65.97
ENG-00560,2026-07-01,61.06,39.71,57.23,45.77
ENG-00560,2026-08-01,46.05,47.29,49.19,44.39
ENG-00560,2026-09-01,53.55,38.36,43.9,45.74
ENG-00561,2025-11-01,70.63,62.72,79.73,82.0
ENG-00561,2025-12-01,71.35,70.46,76.23,78.54
ENG-00561,2026-01-01,77.45,69.29,86.03,78.51
ENG-00561,2026-02-01,79.24,77.09,85.8,74.91
ENG-00561,2026-03-01,79.58,73.35,78.98,80.68
ENG-00561,2026-04-01,75.89,80.87,85.0,82.35
ENG-00561,2026-05-01,85.43,89.98,88.2,82.83
ENG-00562,2024-02-01,66.98,75.39,77.42,83.62
ENG-00562,2024-03-01,84.66,74.66,86.6,75.66
ENG-00562,2024-04-01,80.64,78.25,79.35,68.49
ENG-00562,2024-05-01,75.11,71.16,74.83,83.22
ENG-00562,2024-06-01,76.18,72.48,77.04,76.77
ENG-00562,2024-07-01,85.96,84.02,88.92,86.38
ENG-00562,2024-08-01,86.98,81.78,84.08,88.2
ENG-00562,2024-09-01,80.35,74.65,80.17,82.32
ENG-00562,2024-10-01,81.86,74.22,75.19,77.32
ENG-00563,2024-07-01,76.95,72.61,78.99,79.49
ENG-00563,2024-08-01,76.24,70.81,78.04,84.36
ENG-00563,2024-09-01,83.1,77.49,81.5,87.21
ENG-00563,2024-10-01,77.59,77.27,76.43,79.68
ENG-00563,2024-11-01,81.69,80.4,87.32,77.16
ENG-00563,2024-12-01,84.47,83.4,89.4,86.51
ENG-00563,2025-01-01,80.73,86.71,94.14,86.39
ENG-00563,2025-02-01,94.94,78.34,89.67,84.38
ENG-00563,2025-03-01,81.43,80.6,81.06,85.93
ENG-00563,2025-04-01,81.54,72.47,91.03,79.28
ENG-00563,2025-05-01,75.85,75.14,81.21,80.37
ENG-00563,2025-06-01,84.74,75.23,83.52,81.07
ENG-00564,2026-06-01,81.02,89.77,74.05,84.29
ENG-00564,2026-07-01,82.62,71.6,68.23,82.44
ENG-00564,2026-08-01,78.57,79.82,82.26,83.25
ENG-00565,2025-11-01,73.19,72.3,80.27,81.72
ENG-00565,2025-12-01,75.42,81.61,77.66,84.5
ENG-00565,2026-01-01,68.24,77.93,76.55,79.46
ENG-00565,2026-02-01,84.05,73.12,84.13,78.81
ENG-00565,2026-03-01,78.82,72.63,84.06,73.47
ENG-00565,2026-04-01,71.75,74.68,79.3,83.14
ENG-00565,2026-05-01,72.07,66.58,82.51,78.94
ENG-00565,2026-06-01,75.92,69.56,72.34,76.77
ENG-00566,2026-02-01,75.55,86.83,88.92,87.8
ENG-00566,2026-03-01,75.06,61.93,83.43,82.8
ENG-00566,2026-04-01,85.01,77.01,84.08,87.75
ENG-00566,2026-05-01,81.23,74.2,95.01,82.54
ENG-00566,2026-06-01,85.07,82.28,79.94,80.39
ENG-00566,2026-07-01,77.42,81.28,79.8,84.14
ENG-00566,2026-08-01,74.28,65.78,69.6,76.5
ENG-00567,2024-02-01,87.04,91.13,91.6,85.91
ENG-00567,2024-03-01,81.2,88.49,85.91,82.17
ENG-00567,2024-04-01,86.11,80.47,78.74,87.0
ENG-00567,2024-05-01,74.23,71.69,68.95,79.7
ENG-00567,2024-06-01,82.01,83.71,80.23,85.82
ENG-00567,2024-07-01,73.58,85.5,81.32,84.17
ENG-00567,2024-08-01,79.34,78.93,82.74,86.4
ENG-00567,2024-09-01,81.63,76.78,76.66,75.78
ENG-00567,2024-10-01,84.37,73.6,82.03,85.31
ENG-00567,2024-11-01,76.85,83.98,84.99,85.45
ENG-00568,2026-07-01,71.56,65.99,82.96,79.11
ENG-00568,2026-08-01,86.18,73.44,89.19,83.94
ENG-00569,2025-09-01,83.38,94.0,87.81,88.93
ENG-00569,2025-10-01,83.17,79.9,86.96,87.34
ENG-00569,2025-11-01,88.76,85.94,77.08,90.96
ENG-00569,2025-12-01,81.75,84.1,93.7,86.07
ENG-00569,2026-01-01,89.82,81.53,84.18,89.58
ENG-00569,2026-02-01,80.26,82.56,87.31,89.88
ENG-00569,2026-03-01,82.67,77.08,85.28,85.68
ENG-00569,2026-04-01,85.23,77.14,83.89,86.59
ENG-00569,2026-05-01,83.24,79.93,83.23,92.02
ENG-00569,2026-06-01,91.57,85.6,88.38,93.03
ENG-00569,2026-07-01,78.65,80.6,89.27,83.15
ENG-00569,2026-08-01,79.54,81.28,81.81,89.6
ENG-00570,2025-07-01,79.25,78.75,81.37,76.02
ENG-00570,2025-08-01,74.92,74.77,79.87,78.77
ENG-00570,2025-09-01,75.42,75.34,78.14,78.16
ENG-00570,2025-10-01,67.78,72.16,67.72,81.09
ENG-00570,2025-11-01,70.51,82.54,76.53,83.9
ENG-00570,2025-12-01,85.92,70.03,75.48,74.52
ENG-00570,2026-01-01,88.78,89.63,93.86,87.46
ENG-00570,2026-02-01,73.31,77.14,74.06,80.11
ENG-00570,2026-03-01,85.91,77.24,90.01,73.48
ENG-00570,2026-04-01,75.4,77.8,72.0,83.36
ENG-00571,2025-03-01,85.1,76.91,91.51,78.01
ENG-00571,2025-04-01,78.92,77.86,81.04,80.26
ENG-00571,2025-05-01,77.07,68.47,76.31,76.29
ENG-00571,2025-06-01,74.73,76.13,74.8,82.55
ENG-00571,2025-07-01,82.41,83.8,76.09,82.44
ENG-00571,2025-08-01,83.5,67.56,100.0,77.03
ENG-00571,2025-09-01,84.91,90.1,84.92,83.94
ENG-00571,2025-10-01,75.71,80.78,63.58,80.14
ENG-00572,2026-01-01,69.24,62.5,62.57,57.68
ENG-00572,2026-02-01,66.62,60.53,62.54,53.3
ENG-00572,2026-03-01,63.54,49.69,56.14,60.5
ENG-00572,2026-04-01,72.2,71.22,68.46,61.27
ENG-00572,2026-05-01,66.61,54.94,61.54,60.77
ENG-00572,2026-06-01,68.64,65.25,60.1,66.42
ENG-00572,2026-07-01,56.69,53.13,56.0,61.45
ENG-00572,2026-08-01,64.31,57.43,47.6,65.87
ENG-00573,2024-04-01,74.59,77.06,86.76,85.78
ENG-00573,2024-05-01,81.34,77.39,80.71,86.74
ENG-00573,2024-06-01,83.12,83.34,89.33,85.25
ENG-00573,2024-07-01,74.68,68.97,76.88,82.46
ENG-00573,2024-08-01,72.71,80.58,82.57,83.94
ENG-00573,2024-09-01,87.78,96.08,83.65,87.93
ENG-00573,2024-10-01,85.38,68.17,75.05,78.66
ENG-00573,2024-11-01,76.28,75.44,80.78,81.66
ENG-00574,2025-01-01,75.62,74.86,74.18,75.62
ENG-00574,2025-02-01,64.79,63.07,71.14,72.86
ENG-00574,2025-03-01,72.41,71.7,72.87,74.8
ENG-00574,2025-04-01,67.69,56.32,59.41,63.31
ENG-00574,2025-05-01,57.8,48.8,45.72,48.65
ENG-00575,2026-08-01,88.34,85.48,91.11,89.05
ENG-00576,2024-11-01,81.48,83.51,83.0,85.09
ENG-00576,2024-12-01,87.1,82.52,99.59,86.35
ENG-00576,2025-01-01,83.03,82.15,89.69,81.7
ENG-00576,2025-02-01,77.81,71.23,85.35,87.71
ENG-00576,2025-03-01,80.56,91.87,89.67,88.72
ENG-00576,2025-04-01,86.6,85.27,85.85,90.98
ENG-00576,2025-05-01,84.9,83.96,77.84,84.83
ENG-00576,2025-06-01,74.41,92.82,88.38,87.31
ENG-00576,2025-07-01,83.61,76.29,88.98,88.67
ENG-00577,2024-12-01,87.15,85.27,92.05,87.4
ENG-00577,2025-01-01,78.88,79.42,80.23,85.48
ENG-00577,2025-02-01,87.87,84.19,78.02,85.86
ENG-00577,2025-03-01,86.71,84.7,85.27,83.49
ENG-00577,2025-04-01,79.76,75.1,82.42,86.5
ENG-00577,2025-05-01,76.73,76.43,83.46,76.21
ENG-00577,2025-06-01,72.06,64.17,73.18,76.46
ENG-00577,2025-07-01,69.44,58.03,72.51,68.38
ENG-00577,2025-08-01,77.63,71.07,66.64,65.51
ENG-00578,2026-01-01,82.66,82.81,88.24,89.65
ENG-00578,2026-02-01,93.27,87.14,93.89,87.92
ENG-00578,2026-03-01,75.68,74.13,82.14,85.21
ENG-00578,2026-04-01,86.08,83.26,79.32,83.22
ENG-00578,2026-05-01,83.32,83.28,83.77,86.3
ENG-00578,2026-06-01,78.67,76.33,95.66,86.44
ENG-00578,2026-07-01,83.2,82.07,83.59,87.63
ENG-00578,2026-08-01,79.33,92.35,84.76,85.52
ENG-00579,2024-12-01,87.12,86.55,72.99,80.16
ENG-00579,2025-01-01,86.09,84.69,89.05,84.79
ENG-00579,2025-02-01,88.4,81.66,92.86,83.27
ENG-00579,2025-03-01,78.71,74.96,89.77,87.2
ENG-00579,2025-04-01,97.83,86.06,80.26,87.98
ENG-00579,2025-05-01,89.9,74.18,85.14,80.12
ENG-00579,2025-06-01,85.96,84.7,83.9,85.52
ENG-00579,2025-07-01,87.49,79.65,97.6,84.25
ENG-00580,2024-10-01,84.17,77.76,77.25,80.32
ENG-00580,2024-11-01,89.5,83.88,83.07,83.93
ENG-00580,2024-12-01,84.24,74.59,89.33,80.89
ENG-00580,2025-01-01,71.93,87.83,87.91,84.71
ENG-00580,2025-02-01,78.82,88.33,90.91,85.45
ENG-00580,2025-03-01,74.3,68.58,79.28,69.48
ENG-00580,2025-04-01,72.96,72.23,64.69,74.38
ENG-00580,2025-05-01,78.16,69.81,79.08,79.45
ENG-00580,2025-06-01,69.89,72.47,69.69,69.75
ENG-00580,2025-07-01,63.26,55.49,56.59,68.06
ENG-00581,2025-10-01,68.9,59.28,66.44,64.53
ENG-00581,2025-11-01,77.25,60.58,83.07,66.64
ENG-00581,2025-12-01,64.86,66.14,68.53,75.92
ENG-00581,2026-01-01,66.26,83.3,70.8,75.62
ENG-00581,2026-02-01,71.71,71.57,68.4,71.19
ENG-00581,2026-03-01,71.41,67.75,73.06,68.04
ENG-00581,2026-04-01,76.46,70.78,75.33,67.32
ENG-00581,2026-05-01,70.38,69.58,71.48,75.44
ENG-00581,2026-06-01,72.89,78.71,68.65,72.15
ENG-00581,2026-07-01,83.26,66.53,63.94,69.07
ENG-00581,2026-08-01,67.5,55.55,58.62,65.57
ENG-00582,2024-03-01,76.09,76.71,70.48,74.27
ENG-00582,2024-04-01,82.05,70.66,75.92,78.96
ENG-00582,2024-05-01,73.03,63.97,82.73,69.92
ENG-00582,2024-06-01,80.89,72.43,78.57,73.96
ENG-00582,2024-07-01,61.22,62.36,64.8,76.33
ENG-00582,2024-08-01,67.84,59.3,68.46,75.1
ENG-00582,2024-09-01,61.79,65.12,69.58,74.81
ENG-00582,2024-10-01,68.84,79.73,69.17,79.4
ENG-00582,2024-11-01,69.7,74.76,74.6,70.56
ENG-00582,2024-12-01,73.67,64.34,67.94,72.72
ENG-00583,2025-11-01,73.77,71.34,79.96,75.79
ENG-00583,2025-12-01,73.88,78.79,67.56,79.44
ENG-00583,2026-01-01,76.07,70.88,73.0,72.18
ENG-00583,2026-02-01,84.97,72.65,80.56,77.54
ENG-00583,2026-03-01,75.7,70.88,74.29,71.92
ENG-00583,2026-04-01,60.02,60.36,69.17,68.96
ENG-00583,2026-05-01,81.78,70.67,77.53,70.26
ENG-00583,2026-06-01,75.67,74.54,69.11,71.34
ENG-00583,2026-07-01,75.85,71.92,79.28,71.12
ENG-00583,2026-08-01,68.32,68.07,74.42,76.75
ENG-00584,2024-11-01,68.37,71.7,74.68,80.83
ENG-00584,2024-12-01,70.99,65.91,70.25,71.38
ENG-00584,2025-01-01,70.78,74.89,72.73,74.97
ENG-00584,2025-02-01,79.12,75.76,80.27,72.73
ENG-00584,2025-03-01,69.38,62.79,71.27,77.69
ENG-00584,2025-04-01,76.62,62.91,74.28,75.63
ENG-00584,2025-05-01,75.12,70.83,68.64,73.14
ENG-00584,2025-06-01,79.37,76.32,82.88,81.11
ENG-00584,2025-07-01,70.53,74.5,71.96,75.65
ENG-00584,2025-08-01,79.3,70.71,69.21,78.2
ENG-00584,2025-09-01,73.5,67.49,73.34,77.01
ENG-00585,2024-10-01,70.69,80.78,70.14,77.91
ENG-00585,2024-11-01,81.57,69.72,72.48,80.71
ENG-00585,2024-12-01,74.97,64.93,80.62,75.06
ENG-00585,2025-01-01,67.22,87.52,71.75,85.27
ENG-00585,2025-02-01,74.72,67.59,71.06,78.2
ENG-00585,2025-03-01,73.79,65.42,79.44,78.67
ENG-00585,2025-04-01,83.59,68.48,76.53,71.33
ENG-00585,2025-05-01,74.23,66.73,76.53,76.75
ENG-00585,2025-06-01,72.0,75.07,68.06,76.36
ENG-00585,2025-07-01,69.47,69.08,74.71,74.94
ENG-00585,2025-08-01,74.52,82.05,81.0,75.81
ENG-00585,2025-09-01,78.72,78.43,75.59,81.26
ENG-00586,2024-10-01,85.27,82.9,81.79,83.82
ENG-00586,2024-11-01,73.92,71.68,84.64,84.61
ENG-00586,2024-12-01,81.69,72.2,90.99,87.25
ENG-00586,2025-01-01,83.69,84.78,82.04,83.16
ENG-00586,2025-02-01,82.05,82.39,76.04,85.54
ENG-00586,2025-03-01,80.79,85.93,90.53,83.41
ENG-00586,2025-04-01,69.54,82.18,80.67,79.04
ENG-00586,2025-05-01,71.38,69.31,83.24,80.2
ENG-00586,2025-06-01,76.08,80.36,73.53,81.94
ENG-00586,2025-07-01,83.23,77.82,88.57,83.33
ENG-00586,2025-08-01,73.36,72.73,78.85,80.55
ENG-00587,2024-11-01,82.16,67.92,84.62,77.22
ENG-00587,2024-12-01,77.21,69.77,74.86,73.17
ENG-00587,2025-01-01,71.75,75.3,73.08,77.28
ENG-00587,2025-02-01,76.43,77.49,75.16,82.09
ENG-00587,2025-03-01,69.5,70.47,79.83,77.04
ENG-00587,2025-04-01,83.8,91.17,83.91,82.4
ENG-00587,2025-05-01,70.95,73.02,70.45,71.31
ENG-00587,2025-06-01,76.76,74.04,77.34,78.46
ENG-00587,2025-07-01,74.14,63.98,71.03,75.31
ENG-00587,2025-08-01,72.86,76.5,71.17,78.21
ENG-00587,2025-09-01,83.23,76.2,85.57,81.02
ENG-00587,2025-10-01,70.5,72.66,71.96,76.38
ENG-00588,2025-11-01,76.17,73.46,85.2,74.1
ENG-00588,2025-12-01,79.75,74.07,84.77,76.44
ENG-00588,2026-01-01,80.23,79.06,78.02,79.99
ENG-00588,2026-02-01,80.05,87.18,72.51,79.45
ENG-00588,2026-03-01,78.04,69.78,69.09,80.45
ENG-00588,2026-04-01,77.65,79.78,77.46,81.52
ENG-00588,2026-05-01,72.79,71.43,79.28,73.27
ENG-00588,2026-06-01,81.34,81.9,81.52,76.67
ENG-00588,2026-07-01,74.0,77.99,78.93,79.92
ENG-00589,2024-04-01,83.38,85.69,89.4,89.08
ENG-00589,2024-05-01,84.38,75.94,84.17,86.44
ENG-00589,2024-06-01,89.62,79.47,83.2,87.89
ENG-00589,2024-07-01,86.32,69.93,70.22,78.46
ENG-00589,2024-08-01,82.64,79.15,82.68,86.8
ENG-00589,2024-09-01,86.27,79.22,88.24,86.93
ENG-00589,2024-10-01,81.5,83.78,84.2,91.0
ENG-00589,2024-11-01,85.75,81.95,100.0,91.39
ENG-00589,2024-12-01,93.79,86.1,87.14,86.76
ENG-00589,2025-01-01,81.18,86.73,85.45,85.58
ENG-00589,2025-02-01,79.32,85.34,85.47,89.03
ENG-00590,2025-07-01,73.71,85.72,81.82,78.49
ENG-00590,2025-08-01,70.08,76.19,77.28,79.38
ENG-00590,2025-09-01,79.43,83.69,85.36,81.61
ENG-00590,2025-10-01,75.61,90.72,72.79,82.79
ENG-00590,2025-11-01,83.55,75.76,73.8,83.0
ENG-00590,2025-12-01,80.54,89.83,78.1,85.55
ENG-00590,2026-01-01,78.69,64.74,78.49,72.43
ENG-00590,2026-02-01,80.49,78.77,77.18,82.82
ENG-00590,2026-03-01,80.96,81.75,82.98,79.82
ENG-00590,2026-04-01,76.54,70.26,82.62,81.77
ENG-00590,2026-05-01,73.86,63.41,83.79,73.08
ENG-00591,2024-01-01,89.32,82.07,79.34,83.94
ENG-00591,2024-02-01,72.45,79.61,73.8,77.48
ENG-00591,2024-03-01,70.14,73.02,70.84,83.76
ENG-00591,2024-04-01,78.87,69.06,80.88,76.89
ENG-00591,2024-05-01,71.83,65.63,73.2,75.8
ENG-00591,2024-06-01,85.07,85.51,96.43,77.02
ENG-00591,2024-07-01,71.86,74.72,69.89,72.72
ENG-00591,2024-08-01,82.52,74.65,80.3,72.8
ENG-00591,2024-09-01,79.63,81.76,84.92,82.75
ENG-00591,2024-10-01,74.46,79.46,78.34,80.55
ENG-00591,2024-11-01,86.81,84.59,84.74,84.83
ENG-00591,2024-12-01,78.81,80.7,74.7,81.9
ENG-00592,2025-06-01,85.19,78.29,71.49,80.01
ENG-00592,2025-07-01,75.51,78.07,76.19,82.44
ENG-00592,2025-08-01,78.99,82.71,82.84,77.66
ENG-00592,2025-09-01,71.42,68.25,64.8,70.35
ENG-00592,2025-10-01,81.2,67.84,72.86,73.72
ENG-00592,2025-11-01,71.86,79.18,67.41,79.72
ENG-00592,2025-12-01,72.98,77.74,81.94,84.42
ENG-00592,2026-01-01,77.8,89.36,77.4,81.32
ENG-00592,2026-02-01,72.67,70.72,83.1,71.38
ENG-00592,2026-03-01,76.25,79.3,77.98,82.3
ENG-00592,2026-04-01,79.17,67.54,79.65,73.74
ENG-00592,2026-05-01,80.64,70.79,71.26,79.44
ENG-00592,2026-06-01,77.28,67.81,74.13,79.38
ENG-00593,2026-07-01,77.43,82.09,83.52,84.75
ENG-00593,2026-08-01,72.06,73.77,76.58,82.82
ENG-00594,2024-05-01,52.93,58.09,68.86,58.23
ENG-00594,2024-06-01,63.41,62.5,53.16,62.42
ENG-00594,2024-07-01,72.91,57.94,63.63,62.72
ENG-00594,2024-08-01,67.21,61.72,62.2,64.37
ENG-00594,2024-09-01,64.37,57.18,60.04,65.7
ENG-00594,2024-10-01,64.53,66.56,68.85,64.15
ENG-00594,2024-11-01,64.68,61.66,56.23,62.08
ENG-00594,2024-12-01,66.42,67.51,60.09,66.57
ENG-00595,2024-04-01,76.01,77.01,79.96,76.88
ENG-00595,2024-05-01,71.95,82.18,70.76,73.08
ENG-00595,2024-06-01,67.68,57.46,68.36,72.03
ENG-00595,2024-07-01,72.4,78.11,67.42,78.16
ENG-00595,2024-08-01,73.67,73.57,65.91,67.53
ENG-00595,2024-09-01,60.77,62.95,62.59,69.03
ENG-00595,2024-10-01,62.46,56.92,63.0,56.48
ENG-00596,2025-07-01,72.47,67.5,74.27,81.27
ENG-00596,2025-08-01,83.24,68.57,73.23,82.47
ENG-00596,2025-09-01,78.08,78.26,77.41,80.3
ENG-00596,2025-10-01,70.19,72.34,84.65,75.98
ENG-00596,2025-11-01,68.3,71.92,78.18,84.16
ENG-00596,2025-12-01,74.16,76.77,77.94,84.85
ENG-00596,2026-01-01,75.8,82.22,88.42,80.44
ENG-00596,2026-02-01,76.2,81.0,76.97,80.53
ENG-00596,2026-03-01,81.76,84.46,76.77,84.92
ENG-00597,2024-01-01,80.44,68.14,78.0,80.89
ENG-00597,2024-02-01,70.08,77.16,76.31,84.71
ENG-00597,2024-03-01,76.61,74.32,79.55,83.44
ENG-00597,2024-04-01,69.93,68.96,77.25,76.36
ENG-00597,2024-05-01,82.15,83.88,82.19,83.73
ENG-00597,2024-06-01,77.69,77.91,80.93,81.21
ENG-00597,2024-07-01,79.25,83.82,85.01,84.58
ENG-00597,2024-08-01,85.18,80.82,79.01,84.46
ENG-00598,2024-11-01,70.84,76.48,79.01,80.66
ENG-00598,2024-12-01,81.84,78.58,78.93,83.08
ENG-00598,2025-01-01,71.01,60.53,74.31,68.3
ENG-00598,2025-02-01,57.89,62.85,55.66,62.17
ENG-00598,2025-03-01,60.15,60.27,56.78,57.11
ENG-00599,2024-06-01,61.49,59.1,73.8,70.69
ENG-00599,2024-07-01,66.77,70.04,73.81,77.1
ENG-00599,2024-08-01,69.61,63.4,74.24,73.62
ENG-00599,2024-09-01,69.13,55.37,65.78,69.49
ENG-00599,2024-10-01,70.51,70.03,74.74,70.74
ENG-00599,2024-11-01,74.39,62.87,70.87,70.97
ENG-00599,2024-12-01,75.06,52.62,72.7,65.13
ENG-00599,2025-01-01,73.37,66.13,64.43,66.75
ENG-00599,2025-02-01,79.88,75.9,86.03,75.2
ENG-00599,2025-03-01,70.13,65.84,72.71,68.65
ENG-00599,2025-04-01,69.75,70.32,72.44,73.91
ENG-00600,2024-02-01,66.05,60.62,61.63,70.99
ENG-00600,2024-03-01,69.47,73.01,75.28,73.93
ENG-00600,2024-04-01,67.05,72.12,66.31,72.32
ENG-00600,2024-05-01,66.97,67.9,64.25,61.14
ENG-00600,2024-06-01,53.26,53.33,52.17,54.61
ENG-00600,2024-07-01,52.56,42.11,55.44,49.82
ENG-00601,2026-03-01,83.14,77.25,94.52,82.82
ENG-00601,2026-04-01,77.65,65.75,73.06,76.7
ENG-00601,2026-05-01,73.33,64.73,72.64,72.81
ENG-00601,2026-06-01,68.74,61.11,71.21,69.88
ENG-00601,2026-07-01,74.74,71.77,75.25,74.92
ENG-00601,2026-08-01,74.23,67.57,73.57,65.87
ENG-00602,2025-02-01,74.51,73.24,81.51,86.64
ENG-00602,2025-03-01,82.5,63.63,85.66,79.05
ENG-00602,2025-04-01,65.34,70.77,71.26,82.57
ENG-00602,2025-05-01,68.24,71.44,81.59,77.74
ENG-00602,2025-06-01,71.59,74.04,79.54,81.54
ENG-00602,2025-07-01,74.32,69.2,67.35,80.55
ENG-00602,2025-08-01,83.82,73.52,82.29,86.91
ENG-00602,2025-09-01,82.73,84.2,74.07,84.17
ENG-00602,2025-10-01,82.66,86.12,84.94,75.99
ENG-00602,2025-11-01,79.53,83.21,98.06,85.87
ENG-00602,2025-12-01,80.49,78.22,83.4,82.69
ENG-00603,2025-12-01,82.02,88.94,81.8,89.66
ENG-00603,2026-01-01,77.49,71.99,81.48,89.19
ENG-00603,2026-02-01,73.93,85.95,80.43,79.73
ENG-00603,2026-03-01,72.71,84.62,85.48,82.51
ENG-00603,2026-04-01,74.0,68.71,78.25,71.82
ENG-00603,2026-05-01,66.47,72.7,60.24,65.7
ENG-00604,2025-03-01,85.33,65.08,78.75,65.98
ENG-00604,2025-04-01,69.21,67.42,76.9,74.06
ENG-00604,2025-05-01,73.79,82.8,77.52,82.12
ENG-00604,2025-06-01,78.85,75.1,77.71,78.32
ENG-00604,2025-07-01,79.79,79.38,76.46,78.71
ENG-00604,2025-08-01,71.33,78.01,71.22,78.73
ENG-00604,2025-09-01,73.49,80.63,75.2,77.24
ENG-00604,2025-10-01,77.79,75.08,78.52,81.38
ENG-00604,2025-11-01,69.08,74.95,74.87,81.22
ENG-00604,2025-12-01,83.38,87.31,89.27,82.08
ENG-00604,2026-01-01,72.78,63.38,81.74,72.86
ENG-00605,2025-11-01,77.92,67.48,76.63,66.82
ENG-00605,2025-12-01,63.08,68.8,69.58,70.82
ENG-00605,2026-01-01,54.52,50.42,56.49,57.28
ENG-00605,2026-02-01,59.83,47.35,49.55,56.64
ENG-00606,2024-07-01,80.08,73.78,81.92,87.25
ENG-00606,2024-08-01,80.12,81.86,67.54,86.37
ENG-00606,2024-09-01,72.69,72.03,81.75,82.69
ENG-00606,2024-10-01,70.31,62.96,78.33,77.68
ENG-00606,2024-11-01,83.11,81.22,79.56,75.55
ENG-00606,2024-12-01,76.35,85.27,80.91,79.75
ENG-00606,2025-01-01,79.11,68.39,80.27,81.55
ENG-00606,2025-02-01,81.21,75.56,88.46,81.48
ENG-00606,2025-03-01,71.76,74.99,73.97,80.92
ENG-00606,2025-04-01,79.35,80.01,78.97,78.53
ENG-00606,2025-05-01,73.8,79.4,76.05,84.13
ENG-00607,2026-04-01,87.52,82.08,92.01,84.86
ENG-00607,2026-05-01,71.34,85.72,73.82,80.65
ENG-00607,2026-06-01,77.51,65.91,74.95,70.63
ENG-00607,2026-07-01,70.81,63.94,64.07,65.11
ENG-00608,2025-05-01,80.39,79.45,94.92,83.38
ENG-00608,2025-06-01,82.7,77.1,80.1,81.66
ENG-00608,2025-07-01,82.63,89.11,98.29,86.72
ENG-00608,2025-08-01,74.62,84.99,74.72,86.65
ENG-00608,2025-09-01,71.84,73.03,71.31,75.47
ENG-00608,2025-10-01,89.59,79.85,85.78,85.8
ENG-00608,2025-11-01,79.1,77.45,83.95,77.91
ENG-00608,2025-12-01,88.51,91.4,95.26,87.9
ENG-00608,2026-01-01,88.17,90.98,86.57,82.32
ENG-00608,2026-02-01,80.33,78.48,82.6,83.32
ENG-00608,2026-03-01,82.98,85.07,85.95,85.95
ENG-00608,2026-04-01,82.35,84.89,79.62,86.62
ENG-00608,2026-05-01,69.48,73.07,82.32,77.54
ENG-00609,2024-07-01,83.86,86.69,85.97,88.97
ENG-00609,2024-08-01,82.02,79.51,73.75,80.61
ENG-00609,2024-09-01,70.81,66.74,69.66,80.44
ENG-00609,2024-10-01,69.63,66.46,79.31,66.37
ENG-00609,2024-11-01,69.24,54.55,65.87,61.68
ENG-00610,2024-05-01,89.13,80.76,86.2,90.87
ENG-00610,2024-06-01,90.7,82.51,96.41,83.86
ENG-00610,2024-07-01,84.92,91.84,89.88,91.38
ENG-00610,2024-08-01,73.21,84.17,86.82,87.48
ENG-00610,2024-09-01,90.66,89.6,96.41,93.43
ENG-00610,2024-10-01,77.9,80.5,93.68,92.59
ENG-00610,2024-11-01,83.5,84.38,87.24,88.21
ENG-00610,2024-12-01,71.3,71.8,76.14,82.49
ENG-00610,2025-01-01,72.4,69.03,68.03,79.1
ENG-00610,2025-02-01,77.38,69.15,73.9,72.99
ENG-00611,2025-08-01,58.94,62.55,64.66,58.93
ENG-00611,2025-09-01,71.89,59.1,59.83,69.87
ENG-00611,2025-10-01,67.98,63.14,62.91,69.17
ENG-00611,2025-11-01,62.34,52.18,69.66,55.8
ENG-00611,2025-12-01,61.45,52.26,53.38,56.97
ENG-00612,2024-03-01,93.2,79.07,84.68,78.68
ENG-00612,2024-04-01,76.04,73.19,85.85,86.1
ENG-00612,2024-05-01,89.24,78.92,80.66,84.25
ENG-00612,2024-06-01,79.33,82.09,84.47,85.34
ENG-00612,2024-07-01,75.24,72.17,81.05,79.23
ENG-00612,2024-08-01,78.96,76.73,83.44,85.14
ENG-00612,2024-09-01,77.16,76.65,95.29,83.82
ENG-00612,2024-10-01,72.7,62.31,70.9,79.66
ENG-00612,2024-11-01,71.62,69.95,63.5,81.94
ENG-00613,2024-07-01,74.7,72.85,68.21,81.38
ENG-00613,2024-08-01,72.38,73.38,77.93,73.11
ENG-00613,2024-09-01,73.36,72.22,78.92,77.22
ENG-00613,2024-10-01,73.67,76.52,80.98,77.1
ENG-00613,2024-11-01,78.27,65.21,73.12,81.12
ENG-00613,2024-12-01,69.37,68.81,73.57,75.12
ENG-00613,2025-01-01,73.36,90.47,82.17,77.28
ENG-00613,2025-02-01,76.14,73.57,83.8,78.65
ENG-00613,2025-03-01,72.6,73.02,75.24,77.86
ENG-00614,2024-02-01,84.58,80.12,87.85,82.52
ENG-00614,2024-03-01,78.38,72.43,87.85,82.27
ENG-00614,2024-04-01,82.84,83.55,92.27,91.2
ENG-00614,2024-05-01,94.02,84.9,87.14,91.13
ENG-00614,2024-06-01,80.38,94.92,81.2,92.66
ENG-00614,2024-07-01,73.05,74.69,76.39,82.95
ENG-00614,2024-08-01,76.39,71.15,92.91,88.83
ENG-00614,2024-09-01,78.65,84.76,88.15,93.27
ENG-00615,2026-07-01,65.19,58.46,67.49,57.9
ENG-00615,2026-08-01,48.6,40.15,58.42,50.98
ENG-00616,2024-04-01,80.46,87.91,84.09,86.32
ENG-00616,2024-05-01,80.25,80.71,73.51,87.16
ENG-00616,2024-06-01,83.82,83.89,88.87,83.5
ENG-00616,2024-07-01,81.42,84.33,84.57,86.5
ENG-00616,2024-08-01,91.18,76.21,85.75,87.59
ENG-00616,2024-09-01,75.95,77.8,87.77,84.19
ENG-00616,2024-10-01,83.98,77.44,91.45,84.77
ENG-00616,2024-11-01,71.64,70.16,71.32,84.7
ENG-00617,2024-04-01,79.8,84.75,84.83,89.55
ENG-00617,2024-05-01,84.75,76.2,85.46,87.85
ENG-00617,2024-06-01,87.29,73.14,94.34,86.71
ENG-00617,2024-07-01,78.66,82.87,87.01,88.59
ENG-00617,2024-08-01,80.34,81.76,90.54,89.08
ENG-00617,2024-09-01,93.52,90.53,90.64,87.92
ENG-00617,2024-10-01,85.13,86.01,99.82,89.6
ENG-00617,2024-11-01,83.65,87.8,86.04,85.59
ENG-00617,2024-12-01,85.02,93.29,91.32,91.26
ENG-00617,2025-01-01,89.13,79.06,86.4,90.41
ENG-00618,2024-08-01,83.48,75.83,73.66,82.09
ENG-00618,2024-09-01,84.06,87.23,93.34,85.77
ENG-00618,2024-10-01,77.2,83.72,81.6,81.15
ENG-00618,2024-11-01,86.76,68.16,91.82,87.19
ENG-00618,2024-12-01,83.21,77.75,90.64,80.29
ENG-00618,2025-01-01,71.65,70.44,76.84,83.09
ENG-00618,2025-02-01,73.32,72.88,84.99,78.25
ENG-00618,2025-03-01,72.97,76.3,80.18,78.69
ENG-00618,2025-04-01,82.39,81.41,81.18,84.14
ENG-00619,2026-05-01,77.02,75.63,79.55,77.53
ENG-00619,2026-06-01,66.92,76.29,76.21,67.27
ENG-00619,2026-07-01,68.2,58.57,70.29,56.11
ENG-00619,2026-08-01,51.81,54.99,62.9,62.34
ENG-00619,2026-09-01,57.59,36.31,46.1,45.18
ENG-00620,2024-07-01,68.19,68.65,68.04,66.13
ENG-00620,2024-08-01,71.4,57.08,66.1,57.71
ENG-00620,2024-09-01,71.32,63.39,73.95,63.58
ENG-00620,2024-10-01,70.88,60.66,67.01,61.88
ENG-00620,2024-11-01,74.38,57.14,69.15,63.85
ENG-00620,2024-12-01,75.37,72.6,66.71,70.35
ENG-00620,2025-01-01,72.73,56.02,75.29,62.3
ENG-00620,2025-02-01,61.65,65.37,73.85,73.15
ENG-00620,2025-03-01,65.13,60.05,60.6,64.61
ENG-00620,2025-04-01,70.77,64.38,69.47,67.71
ENG-00621,2025-07-01,79.78,76.94,77.08,66.08
ENG-00621,2025-08-01,75.64,66.62,66.33,74.01
ENG-00621,2025-09-01,67.99,56.63,65.89,62.73
ENG-00621,2025-10-01,76.41,65.34,74.05,61.87
ENG-00621,2025-11-01,62.5,53.76,57.45,57.29
ENG-00621,2025-12-01,65.99,85.29,57.43,72.32
ENG-00621,2026-01-01,65.76,52.79,69.34,60.35
ENG-00621,2026-02-01,67.4,70.32,68.93,62.21
ENG-00622,2026-08-01,83.41,93.4,96.28,86.79
ENG-00623,2026-03-01,79.95,85.03,91.22,82.15
ENG-00623,2026-04-01,77.48,65.06,78.89,74.75
ENG-00623,2026-05-01,74.69,76.32,81.57,80.58
ENG-00623,2026-06-01,76.39,71.63,71.89,69.91
ENG-00623,2026-07-01,65.74,62.55,61.41,70.38
ENG-00623,2026-08-01,62.19,65.57,67.21,70.18
ENG-00624,2024-07-01,82.71,82.05,81.1,85.41
ENG-00624,2024-08-01,78.16,71.77,72.97,77.74
ENG-00624,2024-09-01,72.02,73.62,70.34,75.82
ENG-00624,2024-10-01,74.82,74.15,75.6,76.53
ENG-00624,2024-11-01,58.75,75.26,75.86,75.03
ENG-00624,2024-12-01,73.36,68.1,70.85,75.61
ENG-00624,2025-01-01,77.83,75.73,73.33,79.86
ENG-00625,2024-06-01,81.38,72.53,85.69,80.93
ENG-00625,2024-07-01,83.69,86.51,93.27,83.04
ENG-00625,2024-08-01,79.46,85.76,80.82,84.78
ENG-00625,2024-09-01,86.85,78.26,78.51,87.93
ENG-00625,2024-10-01,80.68,81.9,81.43,88.54
ENG-00625,2024-11-01,86.42,79.63,83.73,84.62
ENG-00625,2024-12-01,73.15,75.26,82.23,86.39
ENG-00626,2024-09-01,86.11,77.16,80.55,82.34
ENG-00626,2024-10-01,83.02,87.07,87.58,82.05
ENG-00626,2024-11-01,84.45,75.14,81.03,69.92
ENG-00626,2024-12-01,73.95,64.18,66.11,71.47
ENG-00626,2025-01-01,75.59,76.64,72.11,66.36
ENG-00627,2026-07-01,85.86,75.45,91.57,89.79
ENG-00627,2026-08-01,73.42,69.57,80.01,84.32
ENG-00627,2026-09-01,76.74,78.99,94.13,87.14
ENG-00627,2026-10-01,81.07,77.1,77.89,87.57
ENG-00627,2026-11-01,74.47,80.1,83.85,82.04
ENG-00627,2026-12-01,62.59,78.38,73.84,78.2
ENG-00627,2027-01-01,68.01,68.55,82.09,70.91
ENG-00627,2027-02-01,66.18,62.91,72.15,62.81
ENG-00628,2024-10-01,74.49,74.43,78.48,77.31
ENG-00628,2024-11-01,71.84,70.19,68.99,77.43
ENG-00628,2024-12-01,79.93,64.77,68.12,70.04
ENG-00628,2025-01-01,75.39,67.76,64.58,74.98
ENG-00628,2025-02-01,69.77,69.91,70.09,73.48
ENG-00628,2025-03-01,72.44,61.9,67.88,71.04
ENG-00628,2025-04-01,77.96,81.11,72.04,81.79
ENG-00628,2025-05-01,72.74,62.08,74.89,71.6
ENG-00629,2025-10-01,67.32,72.28,78.02,75.05
ENG-00629,2025-11-01,79.31,72.49,81.15,78.47
ENG-00629,2025-12-01,67.94,67.17,81.46,80.08
ENG-00629,2026-01-01,74.68,73.72,78.35,79.86
ENG-00629,2026-02-01,77.82,69.07,70.93,76.02
ENG-00629,2026-03-01,79.85,70.71,76.45,70.19
ENG-00629,2026-04-01,67.24,63.27,71.34,69.41
ENG-00629,2026-05-01,86.29,75.2,71.58,73.32
ENG-00630,2024-04-01,82.43,77.62,80.75,84.03
ENG-00630,2024-05-01,91.57,79.64,86.52,80.89
ENG-00630,2024-06-01,85.2,76.12,91.27,88.87
ENG-00630,2024-07-01,76.27,69.72,78.72,78.75
ENG-00630,2024-08-01,78.97,78.03,82.61,87.46
ENG-00630,2024-09-01,82.65,86.84,88.74,86.8
ENG-00630,2024-10-01,83.77,78.23,87.31,76.37
ENG-00630,2024-11-01,81.65,77.21,88.01,84.59
ENG-00630,2024-12-01,66.11,81.39,76.76,82.39
ENG-00630,2025-01-01,84.39,78.48,92.0,82.64
ENG-00630,2025-02-01,78.62,74.25,81.12,86.22
ENG-00630,2025-03-01,76.82,84.99,86.42,85.97
ENG-00631,2024-11-01,79.4,73.22,81.67,82.2
ENG-00631,2024-12-01,72.25,71.97,82.27,80.27
ENG-00631,2025-01-01,78.56,77.82,79.1,79.25
ENG-00631,2025-02-01,73.69,67.02,77.54,75.81
ENG-00631,2025-03-01,71.81,71.97,79.53,75.74
ENG-00631,2025-04-01,79.67,84.93,80.94,89.29
ENG-00631,2025-05-01,73.11,72.73,74.64,74.55
ENG-00631,2025-06-01,80.1,67.62,84.1,69.91
ENG-00631,2025-07-01,77.29,83.66,82.65,80.13
ENG-00631,2025-08-01,76.69,71.66,72.97,74.67
ENG-00632,2026-02-01,81.01,73.34,63.74,79.91
ENG-00632,2026-03-01,72.95,55.66,73.84,70.22
ENG-00632,2026-04-01,77.22,69.49,73.16,79.52
ENG-00632,2026-05-01,77.51,81.19,77.7,77.66
ENG-00632,2026-06-01,76.01,67.14,70.53,75.38
ENG-00632,2026-07-01,62.66,67.77,63.88,70.09
ENG-00632,2026-08-01,65.69,66.68,65.33,66.4
ENG-00633,2025-05-01,77.17,81.54,76.96,82.92
ENG-00633,2025-06-01,79.89,75.31,85.84,85.54
ENG-00633,2025-07-01,74.66,65.95,76.78,81.28
ENG-00633,2025-08-01,78.81,73.85,84.41,78.73
ENG-00633,2025-09-01,83.86,80.36,93.15,85.71
ENG-00633,2025-10-01,76.05,69.71,79.19,74.14
ENG-00633,2025-11-01,81.8,82.76,81.55,78.41
ENG-00633,2025-12-01,78.57,72.32,72.05,82.82
ENG-00633,2026-01-01,71.9,80.48,73.74,82.63
ENG-00633,2026-02-01,69.84,81.74,71.67,84.8
ENG-00633,2026-03-01,79.58,73.41,78.23,86.02
ENG-00633,2026-04-01,83.1,68.9,79.63,81.15
ENG-00633,2026-05-01,77.57,79.3,83.49,78.95
ENG-00634,2026-04-01,85.26,84.7,88.59,85.96
ENG-00634,2026-05-01,88.09,78.33,85.16,90.68
ENG-00634,2026-06-01,85.44,80.3,83.62,86.51
ENG-00634,2026-07-01,77.07,67.06,82.51,86.42
ENG-00634,2026-08-01,79.07,77.01,85.07,86.69
ENG-00635,2025-11-01,81.48,87.45,89.88,84.79
ENG-00635,2025-12-01,68.24,73.47,79.33,83.19
ENG-00635,2026-01-01,78.54,76.64,78.88,79.06
ENG-00635,2026-02-01,80.38,71.29,85.72,80.95
ENG-00635,2026-03-01,80.78,78.03,68.49,83.87
ENG-00635,2026-04-01,79.08,72.9,77.74,79.24
ENG-00635,2026-05-01,75.23,81.58,73.27,83.99
ENG-00635,2026-06-01,80.5,63.98,89.57,78.8
ENG-00635,2026-07-01,68.89,63.79,82.39,75.84
ENG-00636,2025-07-01,73.24,80.07,90.56,86.07
ENG-00636,2025-08-01,79.73,82.02,83.46,92.37
ENG-00636,2025-09-01,84.23,87.16,88.3,87.06
ENG-00636,2025-10-01,81.82,62.07,87.42,80.24
ENG-00636,2025-11-01,92.19,80.61,84.91,86.68
ENG-00636,2025-12-01,73.0,91.28,86.24,88.49
ENG-00636,2026-01-01,99.03,95.34,98.74,94.29
ENG-00636,2026-02-01,88.76,78.01,90.59,88.73
ENG-00636,2026-03-01,84.07,86.26,83.76,88.16
ENG-00636,2026-04-01,85.67,86.91,84.99,92.68
ENG-00636,2026-05-01,89.63,100.0,92.88,95.71
ENG-00637,2026-01-01,83.62,73.29,79.18,77.04
ENG-00637,2026-02-01,75.12,71.99,76.53,79.0
ENG-00637,2026-03-01,84.5,75.66,75.68,81.72
ENG-00637,2026-04-01,82.16,81.3,71.05,86.43
ENG-00637,2026-05-01,75.46,67.41,68.22,79.32
ENG-00637,2026-06-01,76.33,75.62,76.46,79.36
ENG-00637,2026-07-01,94.93,84.85,90.67,79.64
ENG-00637,2026-08-01,76.72,76.55,72.65,76.34
ENG-00638,2024-12-01,80.79,72.47,74.98,83.03
ENG-00638,2025-01-01,84.26,79.96,82.74,79.15
ENG-00638,2025-02-01,77.34,71.71,76.91,83.14
ENG-00638,2025-03-01,85.41,78.25,82.22,80.74
ENG-00638,2025-04-01,77.57,66.38,75.14,84.52
ENG-00638,2025-05-01,73.82,83.27,78.94,81.31
ENG-00638,2025-06-01,72.96,80.14,78.67,75.36
ENG-00638,2025-07-01,80.69,68.78,79.46,83.38
ENG-00639,2025-12-01,73.9,62.3,85.13,72.28
ENG-00639,2026-01-01,71.42,66.46,73.44,75.6
ENG-00639,2026-02-01,77.41,78.23,75.52,79.7
ENG-00639,2026-03-01,71.48,76.12,77.85,74.95
ENG-00639,2026-04-01,69.59,73.66,69.5,72.4
ENG-00639,2026-05-01,77.29,75.45,82.23,71.13
ENG-00639,2026-06-01,80.93,67.54,74.91,80.37
ENG-00639,2026-07-01,73.23,73.63,86.87,80.66
ENG-00639,2026-08-01,69.1,69.8,68.98,72.62
ENG-00640,2026-01-01,76.79,79.13,78.79,77.05
ENG-00640,2026-02-01,71.69,60.75,72.12,71.33
ENG-00640,2026-03-01,70.23,66.47,83.61,75.73
ENG-00640,2026-04-01,70.91,68.74,59.73,79.73
ENG-00640,2026-05-01,78.71,78.99,77.7,80.03
ENG-00640,2026-06-01,70.47,68.56,70.61,68.07
ENG-00640,2026-07-01,75.18,61.14,78.56,79.2
ENG-00640,2026-08-01,81.69,76.78,81.89,74.24
ENG-00641,2025-07-01,75.11,59.3,68.59,71.37
ENG-00641,2025-08-01,67.11,70.93,71.53,66.28
ENG-00641,2025-09-01,77.84,66.77,62.46,64.17
ENG-00641,2025-10-01,76.46,69.03,73.51,70.26
ENG-00641,2025-11-01,48.55,62.23,50.55,59.69
ENG-00641,2025-12-01,66.82,56.81,57.34,63.19
ENG-00641,2026-01-01,64.14,64.05,65.02,63.32
ENG-00641,2026-02-01,64.63,57.98,66.48,65.43
ENG-00641,2026-03-01,63.74,67.01,66.81,70.87
ENG-00641,2026-04-01,68.25,70.35,52.36,65.17
ENG-00642,2024-09-01,78.38,80.87,82.97,82.87
ENG-00642,2024-10-01,69.33,67.46,74.61,73.77
ENG-00642,2024-11-01,71.19,72.25,84.41,76.73
ENG-00642,2024-12-01,77.26,79.78,66.86,82.93
ENG-00642,2025-01-01,73.97,83.5,70.52,77.93
ENG-00642,2025-02-01,73.67,73.75,79.72,74.98
ENG-00642,2025-03-01,84.28,82.64,78.6,81.84
ENG-00642,2025-04-01,66.75,71.98,75.25,74.47
ENG-00642,2025-05-01,71.08,77.6,79.53,85.33
ENG-00642,2025-06-01,70.8,74.89,76.02,74.05
ENG-00642,2025-07-01,78.83,75.95,77.13,82.79
ENG-00643,2025-05-01,70.15,82.62,84.63,84.43
ENG-00643,2025-06-01,88.21,78.2,83.16,82.1
ENG-00643,2025-07-01,71.4,65.44,64.06,76.16
ENG-00643,2025-08-01,75.75,78.38,84.55,84.47
ENG-00643,2025-09-01,87.78,87.58,81.51,86.34
ENG-00643,2025-10-01,82.16,90.83,82.48,83.76
ENG-00643,2025-11-01,82.94,79.74,86.36,85.77
ENG-00643,2025-12-01,85.3,88.19,91.47,85.37
ENG-00643,2026-01-01,81.06,77.5,73.98,78.63
ENG-00643,2026-02-01,71.55,74.8,68.53,84.08
ENG-00643,2026-03-01,71.57,73.37,80.75,83.83
ENG-00643,2026-04-01,76.97,74.35,91.02,79.78
ENG-00644,2026-07-01,75.26,59.08,70.76,74.11
ENG-00644,2026-08-01,71.64,62.55,72.5,74.05
ENG-00645,2025-01-01,70.25,49.7,64.02,64.81
ENG-00645,2025-02-01,61.47,66.91,77.08,69.24
ENG-00645,2025-03-01,72.98,69.21,69.16,64.28
ENG-00645,2025-04-01,66.06,63.67,57.4,72.37
ENG-00645,2025-05-01,66.76,66.3,73.13,70.1
ENG-00645,2025-06-01,74.54,67.56,71.44,65.5
ENG-00645,2025-07-01,60.58,69.06,66.62,69.36
ENG-00646,2025-02-01,82.97,91.7,93.28,91.02
ENG-00646,2025-03-01,82.05,68.99,70.96,78.14
ENG-00646,2025-04-01,73.29,73.59,73.29,75.85
ENG-00646,2025-05-01,76.21,77.43,71.32,76.89
ENG-00646,2025-06-01,61.76,71.27,62.72,69.04
ENG-00647,2025-06-01,89.46,80.39,93.07,87.95
ENG-00647,2025-07-01,77.64,84.03,78.08,88.99
ENG-00647,2025-08-01,87.44,83.32,84.76,90.96
ENG-00647,2025-09-01,94.75,93.82,90.61,94.65
ENG-00647,2025-10-01,86.49,89.44,80.08,90.69
ENG-00647,2025-11-01,86.21,83.56,91.22,91.19
ENG-00647,2025-12-01,83.87,89.63,95.48,91.32
ENG-00647,2026-01-01,88.68,84.69,92.49,93.53
ENG-00647,2026-02-01,80.8,75.76,89.51,87.1
ENG-00647,2026-03-01,92.61,83.85,91.22,91.76
ENG-00647,2026-04-01,85.62,85.84,86.7,93.28
ENG-00648,2026-08-01,79.57,62.95,69.93,74.0
ENG-00649,2025-06-01,86.15,78.07,92.91,84.04
ENG-00649,2025-07-01,81.46,75.36,83.54,86.82
ENG-00649,2025-08-01,87.32,75.75,90.71,86.51
ENG-00649,2025-09-01,81.72,82.62,84.06,88.44
ENG-00649,2025-10-01,84.47,88.02,82.68,85.75
ENG-00649,2025-11-01,74.36,78.35,85.08,85.51
ENG-00649,2025-12-01,93.99,77.07,90.47,87.45
ENG-00649,2026-01-01,75.08,79.44,80.53,75.41
ENG-00649,2026-02-01,79.55,81.13,83.02,85.86
ENG-00649,2026-03-01,78.05,86.42,91.43,85.95
ENG-00649,2026-04-01,80.11,86.43,91.47,87.86
ENG-00649,2026-05-01,86.84,79.62,78.48,84.32
ENG-00650,2026-06-01,78.54,80.33,84.45,82.31
ENG-00650,2026-07-01,63.82,68.63,59.23,74.73
ENG-00650,2026-08-01,75.25,69.16,71.32,72.23
ENG-00651,2024-11-01,83.45,86.35,83.07,87.93
ENG-00651,2024-12-01,81.51,81.9,80.1,85.72
ENG-00651,2025-01-01,92.85,89.8,92.4,86.65
ENG-00651,2025-02-01,87.58,86.51,87.15,85.08
ENG-00651,2025-03-01,79.74,91.89,89.82,93.21
ENG-00651,2025-04-01,78.8,79.01,84.13,87.5
ENG-00651,2025-05-01,80.06,79.33,82.28,87.2
ENG-00651,2025-06-01,67.6,71.87,81.65,79.78
ENG-00651,2025-07-01,81.0,83.69,84.15,84.1
ENG-00651,2025-08-01,79.73,87.87,88.45,86.07
ENG-00652,2025-01-01,80.12,70.86,81.79,83.5
ENG-00652,2025-02-01,75.74,67.56,75.91,74.65
ENG-00652,2025-03-01,83.68,76.56,90.22,84.31
ENG-00652,2025-04-01,79.15,79.18,69.46,79.42
ENG-00652,2025-05-01,73.04,89.61,80.55,82.6
ENG-00652,2025-06-01,79.36,82.18,81.86,84.32
ENG-00652,2025-07-01,72.37,83.8,82.79,75.32
ENG-00652,2025-08-01,81.85,85.19,86.27,82.6
ENG-00652,2025-09-01,75.69,80.96,81.55,83.72
ENG-00652,2025-10-01,79.13,82.99,75.5,83.65
ENG-00652,2025-11-01,84.28,63.37,79.15,70.81
ENG-00652,2025-12-01,79.3,82.78,85.37,90.04
ENG-00652,2026-01-01,84.41,85.33,81.4,84.77
ENG-00653,2024-06-01,67.52,64.98,63.65,66.32
ENG-00653,2024-07-01,64.54,74.66,72.41,68.39
ENG-00653,2024-08-01,71.73,61.72,82.82,75.08
ENG-00653,2024-09-01,76.55,68.32,59.15,67.85
ENG-00653,2024-10-01,72.73,68.02,72.7,68.34
ENG-00653,2024-11-01,72.27,73.81,63.8,66.13
ENG-00653,2024-12-01,68.44,60.66,68.36,67.03
ENG-00653,2025-01-01,76.52,79.63,78.7,74.58
ENG-00653,2025-02-01,63.14,62.63,65.36,60.59
ENG-00653,2025-03-01,72.47,67.26,67.84,69.28
ENG-00653,2025-04-01,70.83,62.41,66.64,67.44
ENG-00653,2025-05-01,71.36,73.01,73.55,69.82
ENG-00653,2025-06-01,66.89,58.0,67.49,67.07
ENG-00654,2024-06-01,85.11,70.47,85.24,70.0
ENG-00654,2024-07-01,69.77,68.56,67.45,76.67
ENG-00654,2024-08-01,78.62,66.57,77.1,71.2
ENG-00654,2024-09-01,75.51,79.89,81.19,81.28
ENG-00654,2024-10-01,67.11,77.53,73.8,77.69
ENG-00654,2024-11-01,72.47,83.55,76.65,76.99
ENG-00654,2024-12-01,68.28,68.61,58.9,74.36
ENG-00654,2025-01-01,73.66,67.67,71.93,68.04
ENG-00654,2025-02-01,71.11,67.11,69.09,63.57
ENG-00654,2025-03-01,52.27,54.72,61.21,64.52
ENG-00655,2025-01-01,82.36,77.34,82.96,86.95
ENG-00655,2025-02-01,87.51,88.46,90.53,90.5
ENG-00655,2025-03-01,83.68,80.41,85.09,82.7
ENG-00655,2025-04-01,78.28,82.13,79.88,85.81
ENG-00655,2025-05-01,90.58,75.6,85.64,84.17
ENG-00655,2025-06-01,80.01,78.03,80.42,86.49
ENG-00655,2025-07-01,83.29,79.03,85.67,75.72
ENG-00655,2025-08-01,81.72,78.8,81.35,81.89
ENG-00655,2025-09-01,86.21,85.44,89.65,85.12
ENG-00655,2025-10-01,80.77,90.43,81.91,85.9
ENG-00655,2025-11-01,76.18,77.13,78.54,85.42
ENG-00656,2024-08-01,70.52,69.46,78.97,71.45
ENG-00656,2024-09-01,72.0,66.11,59.23,71.34
ENG-00656,2024-10-01,70.54,74.38,76.88,71.5
ENG-00656,2024-11-01,81.78,69.46,81.51,79.07
ENG-00656,2024-12-01,74.73,75.13,82.16,79.36
ENG-00656,2025-01-01,70.7,66.13,77.31,75.3
ENG-00656,2025-02-01,71.55,76.27,72.26,78.81
ENG-00656,2025-03-01,73.98,80.54,78.76,78.93
ENG-00656,2025-04-01,71.53,67.92,68.45,77.38
ENG-00656,2025-05-01,73.66,60.6,86.6,77.18
ENG-00657,2025-04-01,68.91,64.29,75.36,73.2
ENG-00657,2025-05-01,81.86,81.59,86.64,76.42
ENG-00657,2025-06-01,83.64,76.16,74.35,74.57
ENG-00657,2025-07-01,70.11,67.84,79.04,78.21
ENG-00657,2025-08-01,85.78,63.8,79.95,79.88
ENG-00657,2025-09-01,75.85,72.4,79.16,74.09
ENG-00657,2025-10-01,73.43,81.66,85.97,84.15
ENG-00657,2025-11-01,84.32,82.62,81.41,82.03
ENG-00657,2025-12-01,77.24,80.63,77.1,80.14
ENG-00657,2026-01-01,69.75,71.93,65.7,78.53
ENG-00657,2026-02-01,70.11,65.59,78.52,78.34
ENG-00658,2026-02-01,77.27,83.29,84.04,83.4
ENG-00658,2026-03-01,70.89,63.99,62.46,73.8
ENG-00658,2026-04-01,62.53,62.05,66.85,65.37
ENG-00658,2026-05-01,65.71,50.79,59.37,56.65
ENG-00659,2024-10-01,76.96,80.57,69.02,83.37
ENG-00659,2024-11-01,79.55,76.58,72.39,81.58
ENG-00659,2024-12-01,81.38,81.13,88.62,81.4
ENG-00659,2025-01-01,74.98,74.65,78.45,77.8
ENG-00659,2025-02-01,93.83,75.9,82.93,75.57
ENG-00659,2025-03-01,84.6,88.22,90.05,89.58
ENG-00659,2025-04-01,83.56,76.26,85.79,83.06
ENG-00659,2025-05-01,84.96,81.01,87.73,83.07
ENG-00659,2025-06-01,79.35,70.48,81.24,87.15
ENG-00659,2025-07-01,72.61,65.18,80.32,83.45
ENG-00660,2025-01-01,75.25,62.85,74.8,70.48
ENG-00660,2025-02-01,71.24,68.67,71.73,70.51
ENG-00660,2025-03-01,67.6,59.36,71.01,56.82
ENG-00660,2025-04-01,52.58,53.64,54.76,52.72
ENG-00660,2025-05-01,51.91,53.67,46.78,45.79
ENG-00661,2025-05-01,77.14,80.75,84.13,78.07
ENG-00661,2025-06-01,75.3,80.21,72.03,83.46
ENG-00661,2025-07-01,78.49,79.57,75.61,82.55
ENG-00661,2025-08-01,74.48,73.35,75.03,72.46
ENG-00661,2025-09-01,84.26,84.79,79.23,84.09
ENG-00661,2025-10-01,75.76,79.59,78.67,81.61
ENG-00661,2025-11-01,70.71,79.91,81.34,78.51
ENG-00661,2025-12-01,61.67,65.07,69.87,73.93
ENG-00661,2026-01-01,73.79,79.14,75.36,82.61
ENG-00661,2026-02-01,74.6,77.95,77.99,77.28
ENG-00661,2026-03-01,73.5,73.04,86.43,80.88
ENG-00661,2026-04-01,74.97,73.24,75.11,75.97
ENG-00662,2024-03-01,74.88,58.3,70.34,71.77
ENG-00662,2024-04-01,77.37,81.2,84.52,79.72
ENG-00662,2024-05-01,83.52,79.41,77.9,84.71
ENG-00662,2024-06-01,85.35,79.74,77.33,83.85
ENG-00662,2024-07-01,76.25,77.69,79.33,82.88
ENG-00662,2024-08-01,83.64,87.07,82.68,87.02
ENG-00662,2024-09-01,75.19,75.95,86.91,82.3
ENG-00662,2024-10-01,78.14,86.75,77.28,82.62
ENG-00662,2024-11-01,76.0,79.14,88.75,80.84
ENG-00662,2024-12-01,77.18,89.21,79.66,85.34
ENG-00662,2025-01-01,90.36,82.06,84.7,83.29
ENG-00662,2025-02-01,74.98,68.53,72.76,84.2
ENG-00662,2025-03-01,65.69,71.2,66.81,76.54
ENG-00663,2025-02-01,77.84,80.25,82.35,85.24
ENG-00663,2025-03-01,71.28,65.58,86.78,78.76
ENG-00663,2025-04-01,73.45,69.83,71.04,76.02
ENG-00663,2025-05-01,73.96,62.66,72.58,73.68
ENG-00663,2025-06-01,71.19,61.34,67.33,63.42
ENG-00664,2026-06-01,77.77,77.26,73.3,79.48
ENG-00664,2026-07-01,69.2,65.45,71.27,71.11
ENG-00664,2026-08-01,87.13,54.3,86.11,69.63
ENG-00664,2026-09-01,77.13,66.02,65.28,69.07
ENG-00664,2026-10-01,81.38,81.45,79.0,72.04
ENG-00664,2026-11-01,75.84,73.94,75.59,74.67
ENG-00664,2026-12-01,63.01,58.13,53.94,64.7
ENG-00664,2027-01-01,77.0,68.82,65.08,71.37
ENG-00664,2027-02-01,65.66,69.32,68.52,67.13
ENG-00665,2024-04-01,83.58,76.89,86.76,85.36
ENG-00665,2024-05-01,81.46,93.89,83.29,89.25
ENG-00665,2024-06-01,79.76,81.8,85.22,79.42
ENG-00665,2024-07-01,79.01,78.86,81.88,84.95
ENG-00665,2024-08-01,80.66,85.91,80.08,84.06
ENG-00665,2024-09-01,83.7,82.93,86.74,88.66
ENG-00665,2024-10-01,87.89,82.25,87.59,89.07
ENG-00665,2024-11-01,84.96,84.1,88.46,87.13
ENG-00665,2024-12-01,75.87,82.46,89.13,90.3
ENG-00665,2025-01-01,85.39,79.19,89.31,93.23
ENG-00665,2025-02-01,86.22,85.81,82.85,93.24
ENG-00665,2025-03-01,91.63,91.01,99.92,91.1
ENG-00665,2025-04-01,85.46,78.79,98.28,90.57
ENG-00666,2024-06-01,81.42,87.02,81.47,86.91
ENG-00666,2024-07-01,77.68,78.82,76.12,87.56
ENG-00666,2024-08-01,87.61,88.04,95.02,91.28
ENG-00666,2024-09-01,79.27,81.43,90.81,84.39
ENG-00666,2024-10-01,80.73,83.07,82.22,90.52
ENG-00666,2024-11-01,93.46,88.79,88.69,92.21
ENG-00666,2024-12-01,80.19,92.28,88.06,90.26
ENG-00666,2025-01-01,86.04,87.7,94.34,88.95
ENG-00666,2025-02-01,81.5,69.48,84.43,88.11
ENG-00666,2025-03-01,83.94,79.5,85.2,87.63
ENG-00666,2025-04-01,90.61,85.48,96.44,92.87
ENG-00667,2025-04-01,70.96,76.32,68.31,77.88
ENG-00667,2025-05-01,89.22,73.43,84.6,86.04
ENG-00667,2025-06-01,80.35,70.49,64.55,80.22
ENG-00667,2025-07-01,81.11,78.22,81.43,79.59
ENG-00667,2025-08-01,82.94,72.1,87.82,80.94
ENG-00667,2025-09-01,85.04,87.19,96.02,80.82
ENG-00667,2025-10-01,78.14,79.87,81.9,84.13
ENG-00667,2025-11-01,86.24,77.2,76.97,84.83
ENG-00667,2025-12-01,85.31,82.0,75.74,81.48
ENG-00668,2025-12-01,77.92,70.79,69.42,75.49
ENG-00668,2026-01-01,73.85,68.78,73.58,72.98
ENG-00668,2026-02-01,78.07,78.77,78.87,79.29
ENG-00668,2026-03-01,77.95,71.09,85.94,79.49
ENG-00668,2026-04-01,85.09,89.14,89.62,86.13
ENG-00668,2026-05-01,89.12,77.26,76.71,74.5
ENG-00668,2026-06-01,85.06,80.95,76.14,80.75
ENG-00668,2026-07-01,73.41,86.78,66.23,78.89
ENG-00668,2026-08-01,79.3,75.33,82.21,82.62
ENG-00669,2025-05-01,81.96,77.07,82.11,82.63
ENG-00669,2025-06-01,75.44,70.13,72.53,61.71
ENG-00669,2025-07-01,61.81,66.16,63.19,67.91
ENG-00669,2025-08-01,50.5,54.56,48.61,40.29
ENG-00670,2025-01-01,69.77,72.33,80.31,75.33
ENG-00670,2025-02-01,78.83,67.03,68.41,74.8
ENG-00670,2025-03-01,80.19,74.26,78.54,76.0
ENG-00670,2025-04-01,78.7,80.37,79.53,82.46
ENG-00670,2025-05-01,77.72,69.42,74.8,74.39
ENG-00670,2025-06-01,69.74,71.16,60.39,75.95
ENG-00670,2025-07-01,87.46,89.9,93.13,80.55
ENG-00670,2025-08-01,70.35,72.05,60.63,77.92
ENG-00670,2025-09-01,70.12,64.36,79.07,78.58
ENG-00670,2025-10-01,74.97,72.67,66.46,78.47
ENG-00671,2024-06-01,75.77,76.13,87.49,81.23
ENG-00671,2024-07-01,77.58,71.88,83.14,80.83
ENG-00671,2024-08-01,77.25,79.77,89.31,78.52
ENG-00671,2024-09-01,77.48,74.98,71.74,81.64
ENG-00671,2024-10-01,83.02,76.26,84.9,78.07
ENG-00671,2024-11-01,81.89,89.66,85.87,83.13
ENG-00671,2024-12-01,90.96,86.38,87.65,80.59
ENG-00671,2025-01-01,87.74,67.1,78.91,74.91
ENG-00671,2025-02-01,68.09,66.71,70.49,81.89
ENG-00671,2025-03-01,81.59,78.62,89.17,77.72
ENG-00671,2025-04-01,79.1,77.88,79.47,80.61
ENG-00671,2025-05-01,76.66,69.68,65.87,80.08
ENG-00672,2025-03-01,81.43,84.62,76.39,85.35
ENG-00672,2025-04-01,79.06,79.36,88.0,84.39
ENG-00672,2025-05-01,81.96,77.88,83.89,81.64
ENG-00672,2025-06-01,81.88,70.39,80.68,75.82
ENG-00672,2025-07-01,69.93,69.92,71.97,78.59
ENG-00672,2025-08-01,72.1,80.17,75.56,80.92
ENG-00672,2025-09-01,84.81,79.19,75.23,83.17
ENG-00673,2026-03-01,69.08,68.44,76.87,81.93
ENG-00673,2026-04-01,81.87,65.3,80.65,79.68
ENG-00673,2026-05-01,71.97,77.62,72.37,76.13
ENG-00673,2026-06-01,78.76,79.26,81.76,77.76
ENG-00673,2026-07-01,72.21,65.35,71.97,73.76
ENG-00673,2026-08-01,60.79,66.16,59.84,67.79
ENG-00673,2026-09-01,72.38,66.5,62.65,72.22
ENG-00673,2026-10-01,56.0,54.51,49.01,60.1
ENG-00674,2025-09-01,71.03,70.65,77.85,78.22
ENG-00674,2025-10-01,81.14,80.66,84.83,78.93
ENG-00674,2025-11-01,83.66,70.9,76.39,74.84
ENG-00674,2025-12-01,88.86,78.87,78.15,83.72
ENG-00674,2026-01-01,73.48,86.78,80.15,81.86
ENG-00674,2026-02-01,85.61,78.27,80.05,69.0
ENG-00674,2026-03-01,69.89,70.64,77.12,71.26
ENG-00674,2026-04-01,77.45,83.43,79.56,84.24
ENG-00674,2026-05-01,76.63,77.23,63.68,73.49
ENG-00674,2026-06-01,63.93,71.82,79.16,72.3
ENG-00675,2024-10-01,78.53,85.81,79.87,83.8
ENG-00675,2024-11-01,79.36,85.87,78.17,80.46
ENG-00675,2024-12-01,85.99,75.6,84.0,76.5
ENG-00675,2025-01-01,72.09,69.88,77.9,78.46
ENG-00675,2025-02-01,86.75,74.05,85.56,83.08
ENG-00675,2025-03-01,77.66,75.66,85.97,81.09
ENG-00675,2025-04-01,71.73,78.42,83.99,83.84
ENG-00675,2025-05-01,71.75,86.05,73.82,81.67
ENG-00675,2025-06-01,69.77,71.25,80.9,80.12
ENG-00675,2025-07-01,80.89,69.38,72.6,79.4
ENG-00676,2026-06-01,72.26,72.46,80.46,75.43
ENG-00676,2026-07-01,77.09,68.7,84.22,74.51
ENG-00676,2026-08-01,68.43,81.69,82.04,76.96
ENG-00677,2024-04-01,57.06,77.74,69.37,70.06
ENG-00677,2024-05-01,73.07,70.08,67.2,69.24
ENG-00677,2024-06-01,78.69,69.27,71.4,71.3
ENG-00677,2024-07-01,68.08,64.03,68.97,67.73
ENG-00677,2024-08-01,71.67,72.87,70.78,71.95
ENG-00677,2024-09-01,70.54,68.7,66.7,75.24
ENG-00677,2024-10-01,73.74,83.62,71.9,74.04
ENG-00677,2024-11-01,76.36,71.79,70.45,73.58
ENG-00677,2024-12-01,65.83,63.31,65.47,75.85
ENG-00678,2026-01-01,80.77,79.86,86.75,88.29
ENG-00678,2026-02-01,89.95,88.53,95.6,90.46
ENG-00678,2026-03-01,82.93,76.65,85.74,75.98
ENG-00678,2026-04-01,82.92,87.33,75.1,87.73
ENG-00678,2026-05-01,81.94,81.91,72.78,87.71
ENG-00678,2026-06-01,91.43,83.99,91.61,91.32
ENG-00678,2026-07-01,77.39,73.68,84.75,87.82
ENG-00678,2026-08-01,76.87,89.0,83.0,88.04
ENG-00679,2024-04-01,66.65,70.2,75.37,78.69
ENG-00679,2024-05-01,73.7,77.78,76.25,78.01
ENG-00679,2024-06-01,82.91,78.02,85.4,81.02
ENG-00679,2024-07-01,76.09,79.35,75.62,80.46
ENG-00679,2024-08-01,74.31,75.67,77.53,82.39
ENG-00679,2024-09-01,74.77,72.02,66.4,72.18
ENG-00679,2024-10-01,78.46,74.04,78.15,68.84
ENG-00679,2024-11-01,70.74,79.78,78.76,79.74
ENG-00679,2024-12-01,71.34,73.64,72.65,70.48
ENG-00679,2025-01-01,78.64,62.42,82.6,70.48
ENG-00680,2024-03-01,72.03,66.89,75.42,72.99
ENG-00680,2024-04-01,72.28,57.35,73.96,74.44
ENG-00680,2024-05-01,75.76,77.82,77.11,83.46
ENG-00680,2024-06-01,83.16,73.26,80.11,76.33
ENG-00680,2024-07-01,82.92,86.28,78.02,83.23
ENG-00680,2024-08-01,77.37,63.71,77.0,73.97
ENG-00680,2024-09-01,71.49,59.07,76.99,65.07
ENG-00680,2024-10-01,76.74,68.87,63.46,76.45
ENG-00680,2024-11-01,76.21,74.04,85.56,74.29
ENG-00680,2024-12-01,64.96,60.7,62.3,72.76
ENG-00680,2025-01-01,80.81,83.31,92.31,78.14
ENG-00680,2025-02-01,84.24,71.45,82.69,78.15
ENG-00680,2025-03-01,72.51,71.67,75.98,74.04
ENG-00681,2026-02-01,69.78,74.74,57.96,77.43
ENG-00681,2026-03-01,71.77,67.02,67.22,70.29
ENG-00681,2026-04-01,72.94,74.53,76.67,70.22
ENG-00681,2026-05-01,65.99,59.72,64.4,73.11
ENG-00681,2026-06-01,74.62,74.94,66.67,76.95
ENG-00681,2026-07-01,74.51,73.01,75.03,76.58
ENG-00681,2026-08-01,66.28,68.11,65.19,68.33
ENG-00681,2026-09-01,63.27,52.04,62.17,63.67
ENG-00681,2026-10-01,61.52,57.08,52.08,53.85
ENG-00681,2026-11-01,57.87,43.29,46.18,49.63
ENG-00682,2024-09-01,76.62,73.56,66.76,86.16
ENG-00682,2024-10-01,79.07,77.74,81.21,87.26
ENG-00682,2024-11-01,82.42,79.28,83.54,90.28
ENG-00682,2024-12-01,90.47,83.99,89.68,86.38
ENG-00682,2025-01-01,77.24,89.14,84.65,82.81
ENG-00682,2025-02-01,77.21,74.96,83.45,84.16
ENG-00682,2025-03-01,88.48,85.19,100.0,88.66
ENG-00682,2025-04-01,83.27,78.55,83.46,87.29
ENG-00682,2025-05-01,84.0,86.31,89.4,83.8
ENG-00682,2025-06-01,88.55,86.88,87.89,90.93
ENG-00682,2025-07-01,85.71,76.22,83.0,89.61
ENG-00682,2025-08-01,83.25,75.34,89.6,86.25
ENG-00683,2025-03-01,86.89,76.22,84.01,87.17
ENG-00683,2025-04-01,78.14,77.12,72.3,83.67
ENG-00683,2025-05-01,83.56,86.94,90.32,88.31
ENG-00683,2025-06-01,79.24,70.16,77.65,75.37
ENG-00683,2025-07-01,71.72,63.08,74.0,79.12
ENG-00683,2025-08-01,70.3,58.5,65.55,73.93
ENG-00683,2025-09-01,71.97,70.25,67.25,64.04
ENG-00684,2024-05-01,67.19,65.55,71.91,72.9
ENG-00684,2024-06-01,67.05,58.32,71.46,67.03
ENG-00684,2024-07-01,65.65,65.48,64.52,58.87
ENG-00684,2024-08-01,51.45,53.28,55.48,52.14
ENG-00685,2025-06-01,78.77,78.14,84.84,84.7
ENG-00685,2025-07-01,74.75,67.5,76.24,80.29
ENG-00685,2025-08-01,75.06,83.98,80.47,85.89
ENG-00685,2025-09-01,77.41,81.01,77.42,84.88
ENG-00685,2025-10-01,78.03,84.23,88.26,87.27
ENG-00685,2025-11-01,86.44,73.62,86.19,90.52
ENG-00685,2025-12-01,73.24,82.72,74.94,83.63
ENG-00685,2026-01-01,85.37,73.13,89.38,77.12
ENG-00685,2026-02-01,72.38,71.66,81.08,86.42
ENG-00685,2026-03-01,84.86,76.57,89.39,80.64
ENG-00685,2026-04-01,79.47,71.35,73.32,86.47
ENG-00686,2025-09-01,79.76,84.73,86.63,83.95
ENG-00686,2025-10-01,86.1,89.62,88.98,90.71
ENG-00686,2025-11-01,75.44,75.79,85.41,89.72
ENG-00686,2025-12-01,82.71,79.61,74.51,82.37
ENG-00686,2026-01-01,76.61,72.63,80.79,85.5
ENG-00686,2026-02-01,72.09,75.45,79.62,85.13
ENG-00686,2026-03-01,88.67,81.06,93.18,89.96
ENG-00686,2026-04-01,79.95,88.81,75.14,77.11
ENG-00686,2026-05-01,87.82,86.95,87.77,88.19
ENG-00686,2026-06-01,86.37,74.32,89.41,86.86
ENG-00687,2024-04-01,83.65,75.89,89.24,86.55
ENG-00687,2024-05-01,75.9,79.34,90.41,85.53
ENG-00687,2024-06-01,83.12,82.32,94.34,82.84
ENG-00687,2024-07-01,87.47,80.86,92.14,90.18
ENG-00687,2024-08-01,83.18,76.49,92.28,89.98
ENG-00687,2024-09-01,80.99,88.15,90.33,92.64
ENG-00687,2024-10-01,87.77,87.83,95.85,89.6
ENG-00687,2024-11-01,83.92,87.76,86.14,90.67
ENG-00687,2024-12-01,81.02,85.47,86.91,91.66
ENG-00687,2025-01-01,88.63,83.95,88.83,87.3
ENG-00687,2025-02-01,89.55,88.01,87.43,88.88
ENG-00688,2025-12-01,80.36,70.44,84.32,82.55
ENG-00688,2026-01-01,84.84,71.04,87.79,79.46
ENG-00688,2026-02-01,83.12,84.89,94.56,80.39
ENG-00688,2026-03-01,83.28,88.58,90.96,83.7
ENG-00688,2026-04-01,80.49,79.83,84.89,81.42
ENG-00688,2026-05-01,75.72,82.83,81.13,85.47
ENG-00688,2026-06-01,84.5,83.32,94.42,81.2
ENG-00688,2026-07-01,70.11,77.61,81.53,77.84
ENG-00689,2025-08-01,86.4,89.09,90.16,81.54
ENG-00689,2025-09-01,74.99,60.78,73.76,79.01
ENG-00689,2025-10-01,71.98,65.72,59.42,69.03
ENG-00689,2025-11-01,60.47,60.21,52.43,57.51
ENG-00689,2025-12-01,60.33,60.42,52.19,55.04
ENG-00690,2024-06-01,91.72,90.66,88.65,92.09
ENG-00690,2024-07-01,88.33,86.69,92.2,87.71
ENG-00690,2024-08-01,87.47,85.64,91.15,86.86
ENG-00690,2024-09-01,89.19,93.21,85.18,89.24
ENG-00690,2024-10-01,88.92,86.14,88.25,86.83
ENG-00690,2024-11-01,86.55,75.08,79.59,85.28
ENG-00690,2024-12-01,82.35,82.53,94.85,89.22
ENG-00690,2025-01-01,80.62,69.51,72.23,86.47
ENG-00690,2025-02-01,86.28,87.16,100.0,91.54
ENG-00690,2025-03-01,82.62,79.04,85.99,88.41
ENG-00691,2024-08-01,78.45,69.32,71.28,78.43
ENG-00691,2024-09-01,73.01,63.54,70.4,71.44
ENG-00691,2024-10-01,69.31,73.73,75.81,71.39
ENG-00691,2024-11-01,75.39,69.49,60.95,67.71
ENG-00691,2024-12-01,70.87,62.77,68.5,74.4
ENG-00691,2025-01-01,75.96,66.58,71.37,66.5
ENG-00691,2025-02-01,74.61,73.01,79.46,69.3
ENG-00691,2025-03-01,65.76,60.71,63.89,68.4
ENG-00691,2025-04-01,76.16,68.74,73.67,73.68
ENG-00691,2025-05-01,70.63,67.07,72.66,72.33
ENG-00692,2025-04-01,83.74,78.23,81.22,84.63
ENG-00692,2025-05-01,84.13,70.77,73.42,73.17
ENG-00692,2025-06-01,82.72,77.97,95.51,79.97
ENG-00692,2025-07-01,81.27,81.56,80.43,85.25
ENG-00692,2025-08-01,83.94,68.79,80.82,69.87
ENG-00692,2025-09-01,72.24,66.35,81.78,77.5
ENG-00692,2025-10-01,80.73,78.87,84.35,78.8
ENG-00692,2025-11-01,79.53,82.76,80.54,73.61
ENG-00692,2025-12-01,77.71,74.83,78.11,83.15
ENG-00692,2026-01-01,80.4,75.77,86.86,83.78
ENG-00692,2026-02-01,82.38,86.92,81.0,79.29
ENG-00692,2026-03-01,79.06,75.62,84.25,78.86
ENG-00693,2024-05-01,76.4,77.28,78.56,74.45
ENG-00693,2024-06-01,65.51,71.71,65.96,72.43
ENG-00693,2024-07-01,64.97,63.11,69.07,67.7
ENG-00693,2024-08-01,62.06,56.67,80.12,65.82
ENG-00693,2024-09-01,81.68,70.0,70.4,64.45
ENG-00693,2024-10-01,70.04,70.9,68.24,71.76
ENG-00693,2024-11-01,79.66,70.23,78.86,71.6
ENG-00693,2024-12-01,77.75,76.67,81.61,71.15
ENG-00694,2026-01-01,73.45,63.18,70.65,76.01
ENG-00694,2026-02-01,70.79,69.64,60.46,78.25
ENG-00694,2026-03-01,79.1,80.75,84.88,79.97
ENG-00694,2026-04-01,78.42,67.56,71.75,76.68
ENG-00694,2026-05-01,74.1,77.2,68.01,80.2
ENG-00694,2026-06-01,79.54,75.82,81.6,79.42
ENG-00694,2026-07-01,73.75,70.05,74.38,79.08
ENG-00695,2025-05-01,85.4,81.17,91.49,89.9
ENG-00695,2025-06-01,82.31,91.17,97.91,90.47
ENG-00695,2025-07-01,75.45,85.75,80.89,86.38
ENG-00695,2025-08-01,85.45,84.15,97.28,86.6
ENG-00695,2025-09-01,86.63,93.58,87.11,92.97
ENG-00695,2025-10-01,77.0,80.64,88.19,88.42
ENG-00695,2025-11-01,82.59,83.93,90.42,88.83
ENG-00695,2025-12-01,90.68,83.43,93.27,90.76
ENG-00695,2026-01-01,80.23,85.22,89.15,91.55
ENG-00695,2026-02-01,82.46,85.0,83.04,90.93
ENG-00695,2026-03-01,82.18,81.93,76.78,85.4
ENG-00695,2026-04-01,84.21,89.96,96.3,89.66
ENG-00696,2025-11-01,78.96,68.46,78.76,75.69
ENG-00696,2025-12-01,86.12,85.0,87.17,87.21
ENG-00696,2026-01-01,80.15,79.86,80.88,86.04
ENG-00696,2026-02-01,86.05,81.03,78.36,86.45
ENG-00696,2026-03-01,80.96,76.37,80.8,85.97
ENG-00696,2026-04-01,75.65,75.9,72.21,84.62
ENG-00696,2026-05-01,79.92,84.41,93.14,81.89
ENG-00696,2026-06-01,83.08,84.41,76.65,84.79
ENG-00697,2025-12-01,77.84,72.47,80.05,73.27
ENG-00697,2026-01-01,73.21,63.09,62.89,70.81
ENG-00697,2026-02-01,73.47,72.59,69.4,75.29
ENG-00697,2026-03-01,73.83,69.9,64.63,68.27
ENG-00697,2026-04-01,69.62,62.4,56.71,69.51
ENG-00698,2024-04-01,83.54,68.6,87.02,85.26
ENG-00698,2024-05-01,84.95,87.97,88.28,80.48
ENG-00698,2024-06-01,72.58,77.41,82.57,81.93
ENG-00698,2024-07-01,66.63,76.96,69.81,79.66
ENG-00698,2024-08-01,69.63,59.96,63.84,62.58
ENG-00698,2024-09-01,74.31,61.35,69.62,68.03
ENG-00699,2025-02-01,70.04,67.51,62.2,66.9
ENG-00699,2025-03-01,67.97,71.67,65.05,75.41
ENG-00699,2025-04-01,66.01,68.96,58.27,72.98
ENG-00699,2025-05-01,86.57,73.07,80.24,78.12
ENG-00699,2025-06-01,78.9,77.48,69.23,77.87
ENG-00699,2025-07-01,68.6,68.62,64.74,66.95
ENG-00699,2025-08-01,67.29,54.65,61.63,64.5
ENG-00699,2025-09-01,68.87,61.8,68.78,67.6
ENG-00699,2025-10-01,69.1,69.9,75.85,67.82
ENG-00699,2025-11-01,69.37,72.15,66.91,71.79
ENG-00699,2025-12-01,68.61,66.44,74.93,75.09
ENG-00699,2026-01-01,67.77,57.72,76.6,66.82
ENG-00700,2025-03-01,65.11,76.81,61.06,79.56
ENG-00700,2025-04-01,69.48,66.22,60.43,77.03
ENG-00700,2025-05-01,59.94,51.71,56.94,57.6
ENG-00700,2025-06-01,60.35,45.82,55.93,53.44
ENG-00701,2024-04-01,81.18,79.78,94.37,82.21
ENG-00701,2024-05-01,76.43,83.24,78.53,70.79
ENG-00701,2024-06-01,69.05,83.86,78.17,80.96
ENG-00701,2024-07-01,75.05,70.07,77.89,72.64
ENG-00701,2024-08-01,74.49,67.11,70.54,74.71
ENG-00701,2024-09-01,71.18,76.99,73.38,79.41
ENG-00701,2024-10-01,68.18,72.88,82.62,78.72
ENG-00701,2024-11-01,76.2,74.6,76.28,81.41
ENG-00701,2024-12-01,75.36,81.63,77.83,79.35
ENG-00701,2025-01-01,73.04,66.22,75.77,74.83
ENG-00701,2025-02-01,78.69,69.87,80.07,76.08
ENG-00701,2025-03-01,73.98,74.46,67.91,75.5
ENG-00701,2025-04-01,81.21,72.27,83.32,78.91
ENG-00702,2026-05-01,74.65,67.86,83.49,74.44
ENG-00702,2026-06-01,87.32,76.77,94.49,76.98
ENG-00702,2026-07-01,78.49,84.62,75.58,86.62
ENG-00702,2026-08-01,73.0,76.81,82.16,86.68
ENG-00703,2024-08-01,75.85,84.07,80.3,87.02
ENG-00703,2024-09-01,91.17,90.97,86.54,89.12
ENG-00703,2024-10-01,72.58,73.29,80.81,79.07
ENG-00703,2024-11-01,71.8,76.88,81.1,88.39
ENG-00703,2024-12-01,77.06,74.43,79.25,83.59
ENG-00703,2025-01-01,85.2,86.1,94.01,90.38
ENG-00703,2025-02-01,79.12,86.15,85.44,88.03
ENG-00703,2025-03-01,75.54,89.75,87.26,92.77
ENG-00704,2024-11-01,87.97,89.53,88.74,88.38
ENG-00704,2024-12-01,93.39,86.53,95.61,85.24
ENG-00704,2025-01-01,80.84,75.14,94.59,86.25
ENG-00704,2025-02-01,85.45,75.56,87.98,88.27
ENG-00704,2025-03-01,77.94,69.65,88.77,86.09
ENG-00704,2025-04-01,83.24,80.59,92.55,89.69
ENG-00704,2025-05-01,91.99,97.1,89.89,94.08
ENG-00704,2025-06-01,83.33,80.17,89.21,93.19
ENG-00704,2025-07-01,77.52,67.74,93.12,80.2
ENG-00705,2026-06-01,73.73,67.14,67.71,76.38
ENG-00705,2026-07-01,73.49,66.65,71.08,72.04
ENG-00705,2026-08-01,61.62,62.12,73.5,71.59
ENG-00706,2024-06-01,76.68,68.63,73.08,78.67
ENG-00706,2024-07-01,84.27,78.72,81.67,83.05
ENG-00706,2024-08-01,70.58,76.0,74.19,74.74
ENG-00706,2024-09-01,89.61,73.2,74.76,74.43
ENG-00706,2024-10-01,70.57,66.99,74.37,71.38
ENG-00706,2024-11-01,64.3,57.57,58.46,50.07
ENG-00706,2024-12-01,58.26,45.81,56.42,48.94
ENG-00707,2025-08-01,76.1,78.94,76.3,85.18
ENG-00707,2025-09-01,70.59,71.39,81.07,82.39
ENG-00707,2025-10-01,76.94,88.57,77.85,85.38
ENG-00707,2025-11-01,78.45,66.1,75.9,79.1
ENG-00707,2025-12-01,71.83,74.01,74.75,70.93
ENG-00707,2026-01-01,62.5,56.34,64.25,58.31
ENG-00707,2026-02-01,62.67,62.09,56.68,66.35
ENG-00708,2025-04-01,78.59,72.17,82.06,82.08
ENG-00708,2025-05-01,70.08,75.36,71.82,83.76
ENG-00708,2025-06-01,90.54,78.2,89.27,88.09
ENG-00708,2025-07-01,85.75,74.98,76.83,83.25
ENG-00708,2025-08-01,78.71,79.91,80.38,81.32
ENG-00708,2025-09-01,80.27,78.72,80.94,83.42
ENG-00708,2025-10-01,84.9,73.68,84.3,84.11
ENG-00708,2025-11-01,79.46,81.51,78.92,86.49
ENG-00708,2025-12-01,81.88,70.48,76.58,82.33
ENG-00708,2026-01-01,82.93,83.77,96.68,78.76
ENG-00709,2025-05-01,66.16,55.93,75.14,73.01
ENG-00709,2025-06-01,71.83,71.65,78.21,71.68
ENG-00709,2025-07-01,78.49,78.13,77.46,80.7
ENG-00709,2025-08-01,74.42,64.38,76.41,66.05
ENG-00709,2025-09-01,61.01,66.06,60.84,72.26
ENG-00709,2025-10-01,75.38,71.08,80.36,75.82
ENG-00709,2025-11-01,73.05,66.7,71.19,70.45
ENG-00709,2025-12-01,73.6,62.95,70.86,73.53
ENG-00709,2026-01-01,75.1,65.19,83.5,73.86
ENG-00709,2026-02-01,71.07,65.77,81.26,69.51
ENG-00709,2026-03-01,67.87,73.31,74.9,79.08
ENG-00709,2026-04-01,71.79,81.46,67.19,72.78
ENG-00710,2026-03-01,85.55,80.41,82.01,87.85
ENG-00710,2026-04-01,83.24,89.5,69.98,85.33
ENG-00710,2026-05-01,92.1,76.25,91.33,85.72
ENG-00710,2026-06-01,81.21,86.11,89.02,86.41
ENG-00710,2026-07-01,77.12,85.97,86.2,83.79
ENG-00710,2026-08-01,77.26,78.34,84.68,78.69
ENG-00711,2025-03-01,82.01,78.9,90.2,91.09
ENG-00711,2025-04-01,86.29,89.16,78.67,85.39
ENG-00711,2025-05-01,74.43,77.17,81.9,85.5
ENG-00711,2025-06-01,74.7,79.21,78.65,83.12
ENG-00711,2025-07-01,74.59,77.01,87.2,85.81
ENG-00711,2025-08-01,78.32,74.75,79.84,86.77
ENG-00711,2025-09-01,80.58,87.55,87.47,85.46
ENG-00711,2025-10-01,67.82,69.66,70.9,83.66
ENG-00712,2024-10-01,81.9,69.91,75.5,73.08
ENG-00712,2024-11-01,85.4,77.22,82.22,83.79
ENG-00712,2024-12-01,76.03,73.63,81.91,76.1
ENG-00712,2025-01-01,80.94,77.14,75.48,83.03
ENG-00712,2025-02-01,76.25,80.73,96.25,81.14
ENG-00712,2025-03-01,80.68,84.54,85.21,86.07
ENG-00712,2025-04-01,80.13,76.6,87.75,78.59
ENG-00712,2025-05-01,74.66,72.83,75.87,79.54
ENG-00713,2025-12-01,89.51,86.89,80.07,91.51
ENG-00713,2026-01-01,82.37,84.07,78.15,91.06
ENG-00713,2026-02-01,84.2,84.87,87.21,90.69
ENG-00713,2026-03-01,84.68,83.96,86.3,90.51
ENG-00713,2026-04-01,87.99,82.21,87.87,91.79
ENG-00713,2026-05-01,85.15,86.66,87.87,88.05
ENG-00713,2026-06-01,83.21,75.22,80.94,85.39
ENG-00714,2025-05-01,75.7,64.47,65.31,63.97
ENG-00714,2025-06-01,79.74,67.98,63.53,71.4
ENG-00714,2025-07-01,66.64,67.47,73.87,69.28
ENG-00714,2025-08-01,59.97,58.63,66.83,72.39
ENG-00714,2025-09-01,66.78,69.9,71.86,74.02
ENG-00714,2025-10-01,78.35,65.1,65.14,67.18
ENG-00714,2025-11-01,76.94,69.58,64.27,72.92
ENG-00714,2025-12-01,74.05,80.52,80.03,73.65
ENG-00714,2026-01-01,72.29,68.33,60.11,74.52
ENG-00714,2026-02-01,75.62,67.41,80.9,75.29
ENG-00714,2026-03-01,74.19,71.32,67.58,67.15
ENG-00714,2026-04-01,68.15,73.07,71.52,78.26
ENG-00714,2026-05-01,66.64,59.23,63.81,64.73
ENG-00715,2024-08-01,88.34,81.26,94.25,93.45
ENG-00715,2024-09-01,87.52,78.09,79.87,86.23
ENG-00715,2024-10-01,75.27,76.34,86.39,86.52
ENG-00715,2024-11-01,83.45,84.19,92.37,91.99
ENG-00715,2024-12-01,86.95,83.15,93.33,81.64
ENG-00715,2025-01-01,85.95,91.76,96.3,87.03
ENG-00715,2025-02-01,90.23,76.97,90.0,87.95
ENG-00715,2025-03-01,78.06,70.76,76.06,83.65
ENG-00715,2025-04-01,85.66,92.39,88.89,92.61
ENG-00715,2025-05-01,83.73,74.74,83.33,90.08
ENG-00715,2025-06-01,81.28,88.59,78.42,87.32
ENG-00716,2026-05-01,83.24,87.68,85.18,90.63
ENG-00716,2026-06-01,85.17,83.3,91.97,88.14
ENG-00716,2026-07-01,85.68,82.55,86.3,86.17
ENG-00716,2026-08-01,79.74,68.79,73.49,74.02
ENG-00716,2026-09-01,63.08,61.16,72.22,71.41
ENG-00716,2026-10-01,60.89,66.14,61.13,62.6
ENG-00717,2025-02-01,76.34,69.32,81.84,79.4
ENG-00717,2025-03-01,73.57,80.87,80.32,73.28
ENG-00717,2025-04-01,71.92,68.1,68.67,68.44
ENG-00717,2025-05-01,77.59,78.4,73.13,78.91
ENG-00717,2025-06-01,83.98,81.33,71.37,74.92
ENG-00717,2025-07-01,73.63,71.6,70.96,68.67
ENG-00717,2025-08-01,61.11,68.05,77.21,74.56
ENG-00718,2026-08-01,77.18,70.13,74.59,78.91
ENG-00719,2024-12-01,82.77,77.14,77.29,87.13
ENG-00719,2025-01-01,89.87,84.96,87.31,85.35
ENG-00719,2025-02-01,86.36,85.38,95.29,88.36
ENG-00719,2025-03-01,82.63,92.05,77.64,88.42
ENG-00719,2025-04-01,74.85,77.63,75.39,84.78
ENG-00719,2025-05-01,80.03,92.85,87.98,88.91
ENG-00719,2025-06-01,77.73,81.99,83.95,86.12
ENG-00720,2024-04-01,72.9,69.18,69.63,64.94
ENG-00720,2024-05-01,72.51,62.42,61.72,62.98
ENG-00720,2024-06-01,70.26,73.05,78.69,70.1
ENG-00720,2024-07-01,72.18,69.19,64.3,63.07
ENG-00720,2024-08-01,73.04,67.09,74.71,70.87
ENG-00720,2024-09-01,70.04,71.98,66.01,69.55
ENG-00720,2024-10-01,65.25,69.6,74.37,66.35
ENG-00720,2024-11-01,72.07,56.38,67.77,68.15
ENG-00720,2024-12-01,67.54,61.11,62.27,64.37
ENG-00720,2025-01-01,62.89,59.13,66.64,64.41
ENG-00720,2025-02-01,78.11,73.14,69.14,73.09
ENG-00720,2025-03-01,71.52,73.61,76.04,71.61
ENG-00720,2025-04-01,73.57,70.99,62.67,75.87
ENG-00721,2025-01-01,71.24,71.94,75.98,79.4
ENG-00721,2025-02-01,73.03,73.47,73.42,77.82
ENG-00721,2025-03-01,79.51,82.04,90.63,83.13
ENG-00721,2025-04-01,81.66,82.28,84.76,82.3
ENG-00721,2025-05-01,81.94,70.23,70.64,77.97
ENG-00721,2025-06-01,72.33,69.25,70.29,76.0
ENG-00721,2025-07-01,81.84,69.9,83.36,80.45
ENG-00721,2025-08-01,80.1,66.56,81.81,79.86
ENG-00721,2025-09-01,77.77,80.7,81.84,78.87
ENG-00721,2025-10-01,77.5,70.52,72.2,74.86
ENG-00721,2025-11-01,77.22,60.71,76.71,76.74
ENG-00721,2025-12-01,72.64,59.48,66.72,66.51
ENG-00721,2026-01-01,77.73,86.68,73.5,81.18
ENG-00722,2024-01-01,75.95,79.92,81.73,80.1
ENG-00722,2024-02-01,70.3,72.41,73.98,70.28
ENG-00722,2024-03-01,63.78,63.62,63.85,72.17
ENG-00722,2024-04-01,72.47,81.33,77.01,75.21
ENG-00722,2024-05-01,71.03,63.9,64.19,72.99
ENG-00722,2024-06-01,74.97,76.6,67.95,71.12
ENG-00722,2024-07-01,75.74,66.9,76.77,69.17
ENG-00722,2024-08-01,66.38,71.22,61.44,69.52
ENG-00722,2024-09-01,68.37,72.61,82.28,76.42
ENG-00722,2024-10-01,72.65,64.1,78.88,73.22
ENG-00722,2024-11-01,77.1,81.56,71.23,74.12
ENG-00722,2024-12-01,66.16,69.92,68.51,69.71
ENG-00723,2026-03-01,87.19,91.19,94.46,92.44
ENG-00723,2026-04-01,76.31,69.16,80.6,85.71
ENG-00723,2026-05-01,95.12,81.82,85.08,85.45
ENG-00723,2026-06-01,78.34,87.31,86.18,90.42
ENG-00723,2026-07-01,78.04,81.3,77.52,80.14
ENG-00723,2026-08-01,83.24,74.68,85.03,81.88
ENG-00724,2026-07-01,77.13,83.84,89.73,85.31
ENG-00724,2026-08-01,83.61,78.82,83.06,80.86
ENG-00725,2025-08-01,76.61,75.42,85.15,83.43
ENG-00725,2025-09-01,80.75,78.64,73.14,82.21
ENG-00725,2025-10-01,86.99,66.95,76.12,79.55
ENG-00725,2025-11-01,67.7,65.8,68.95,73.38
ENG-00725,2025-12-01,87.87,76.67,93.31,85.06
ENG-00725,2026-01-01,92.37,73.87,86.0,80.8
ENG-00725,2026-02-01,82.64,82.37,83.49,88.31
ENG-00726,2025-11-01,74.31,69.63,70.57,77.65
ENG-00726,2025-12-01,79.61,76.97,77.47,74.82
ENG-00726,2026-01-01,75.65,71.21,67.49,70.78
ENG-00726,2026-02-01,79.17,67.25,70.23,65.42
ENG-00726,2026-03-01,70.94,67.96,68.17,67.86
ENG-00726,2026-04-01,69.38,63.65,69.69,75.98
ENG-00726,2026-05-01,73.2,68.3,64.54,65.32
ENG-00726,2026-06-01,73.74,66.6,75.4,76.65
ENG-00726,2026-07-01,65.84,64.56,70.92,70.41
ENG-00727,2024-03-01,79.49,77.7,77.06,76.44
ENG-00727,2024-04-01,78.66,73.68,76.04,72.4
ENG-00727,2024-05-01,62.02,67.16,67.1,71.0
ENG-00727,2024-06-01,71.25,68.14,73.53,77.37
ENG-00727,2024-07-01,70.87,70.83,66.52,74.74
ENG-00727,2024-08-01,73.69,73.1,76.55,77.66
ENG-00727,2024-09-01,68.24,64.18,77.0,74.23
ENG-00727,2024-10-01,74.72,71.16,68.76,67.81
ENG-00727,2024-11-01,79.56,72.08,74.78,72.24
ENG-00727,2024-12-01,75.43,67.79,69.85,77.79
ENG-00728,2024-05-01,80.74,72.99,79.66,81.44
ENG-00728,2024-06-01,76.08,74.32,81.19,79.45
ENG-00728,2024-07-01,80.7,77.52,89.12,82.1
ENG-00728,2024-08-01,73.73,62.93,77.92,80.15
ENG-00728,2024-09-01,75.51,87.47,92.97,82.86
ENG-00728,2024-10-01,80.76,76.7,75.16,83.56
ENG-00728,2024-11-01,77.87,79.58,83.29,81.11
ENG-00728,2024-12-01,82.25,76.26,88.99,84.14
ENG-00728,2025-01-01,72.46,64.52,74.99,82.17
ENG-00728,2025-02-01,73.23,61.76,84.76,81.72
ENG-00728,2025-03-01,82.01,83.49,80.93,85.48
ENG-00729,2025-12-01,77.09,71.2,91.4,84.36
ENG-00729,2026-01-01,74.02,76.09,94.47,90.1
ENG-00729,2026-02-01,82.72,75.55,70.24,78.12
ENG-00729,2026-03-01,86.8,94.08,92.86,89.84
ENG-00729,2026-04-01,81.68,89.47,87.98,88.7
ENG-00729,2026-05-01,81.18,73.65,80.19,87.31
ENG-00729,2026-06-01,81.07,84.54,87.11,88.19
ENG-00729,2026-07-01,84.68,83.4,90.99,88.32
ENG-00730,2025-08-01,76.72,83.39,81.86,83.91
ENG-00730,2025-09-01,76.38,80.67,91.01,85.25
ENG-00730,2025-10-01,79.81,93.84,82.65,84.97
ENG-00730,2025-11-01,78.97,83.79,81.18,82.36
ENG-00730,2025-12-01,87.15,79.96,91.35,86.57
ENG-00730,2026-01-01,80.8,77.2,84.24,83.55
ENG-00730,2026-02-01,86.38,86.5,90.5,86.23
ENG-00730,2026-03-01,78.56,82.03,88.08,84.74
ENG-00730,2026-04-01,81.86,84.15,93.38,87.4
ENG-00730,2026-05-01,79.88,84.97,77.71,90.23
ENG-00730,2026-06-01,80.28,88.75,86.94,88.22
ENG-00730,2026-07-01,83.8,87.13,91.82,89.37
ENG-00730,2026-08-01,88.58,81.84,82.61,89.53
ENG-00731,2026-03-01,79.33,74.55,88.25,84.0
ENG-00731,2026-04-01,78.61,78.35,80.2,81.56
ENG-00731,2026-05-01,86.42,82.5,90.86,90.46
ENG-00731,2026-06-01,83.07,80.5,81.63,80.89
ENG-00731,2026-07-01,75.21,75.3,81.08,89.68
ENG-00731,2026-08-01,82.61,82.87,85.22,87.46
ENG-00732,2024-02-01,73.01,67.78,75.68,79.77
ENG-00732,2024-03-01,69.87,72.22,74.56,68.49
ENG-00732,2024-04-01,62.21,65.5,68.31,62.96
ENG-00732,2024-05-01,62.62,63.37,66.26,61.93
ENG-00733,2026-08-01,76.97,78.18,88.27,87.42
ENG-00734,2025-11-01,88.8,89.99,86.6,85.38
ENG-00734,2025-12-01,81.26,70.53,82.35,84.19
ENG-00734,2026-01-01,81.78,75.28,94.74,80.02
ENG-00734,2026-02-01,66.61,75.18,88.36,85.68
ENG-00734,2026-03-01,76.32,76.62,88.24,88.66
ENG-00734,2026-04-01,82.53,79.07,91.94,87.79
ENG-00734,2026-05-01,85.58,96.04,90.82,87.45
ENG-00734,2026-06-01,80.82,77.9,89.65,84.24
ENG-00734,2026-07-01,81.56,81.53,89.95,86.84
ENG-00735,2025-07-01,76.64,92.8,84.92,87.93
ENG-00735,2025-08-01,82.15,87.77,89.73,87.11
ENG-00735,2025-09-01,88.97,88.22,81.63,94.9
ENG-00735,2025-10-01,83.85,79.5,88.19,85.92
ENG-00735,2025-11-01,84.91,79.55,89.17,87.07
ENG-00735,2025-12-01,86.63,85.32,93.14,91.53
ENG-00735,2026-01-01,92.64,81.83,80.82,88.18
ENG-00735,2026-02-01,86.25,83.64,89.25,89.91
ENG-00735,2026-03-01,82.79,89.27,79.8,89.58
ENG-00735,2026-04-01,81.42,68.76,86.32,85.74
ENG-00736,2024-10-01,75.72,70.24,66.53,71.55
ENG-00736,2024-11-01,67.39,67.9,67.34,63.09
ENG-00736,2024-12-01,68.21,65.69,66.31,73.83
ENG-00736,2025-01-01,64.78,56.88,59.66,61.46
ENG-00736,2025-02-01,73.64,73.11,64.2,68.43
ENG-00736,2025-03-01,62.52,61.12,65.85,69.19
ENG-00736,2025-04-01,64.43,66.7,74.46,65.94
ENG-00736,2025-05-01,55.47,46.11,59.87,56.49
ENG-00736,2025-06-01,53.21,65.49,63.08,59.56
ENG-00736,2025-07-01,54.86,56.48,46.0,46.17
ENG-00737,2025-12-01,82.33,82.44,86.72,79.02
ENG-00737,2026-01-01,82.16,81.81,94.73,89.45
ENG-00737,2026-02-01,86.1,80.86,93.03,88.78
ENG-00737,2026-03-01,85.94,83.49,87.48,83.94
ENG-00737,2026-04-01,78.25,80.38,78.87,86.34
ENG-00737,2026-05-01,76.42,79.06,81.51,81.36
ENG-00737,2026-06-01,76.56,72.26,81.49,82.47
ENG-00738,2026-01-01,82.88,80.34,72.95,77.15
ENG-00738,2026-02-01,75.37,70.19,81.7,77.08
ENG-00738,2026-03-01,66.51,60.1,68.81,68.87
ENG-00738,2026-04-01,67.11,73.44,73.61,77.21
ENG-00738,2026-05-01,74.57,66.8,70.41,65.07
ENG-00738,2026-06-01,65.81,68.82,73.7,70.2
ENG-00738,2026-07-01,64.8,57.72,61.6,64.63
ENG-00738,2026-08-01,67.34,68.32,65.0,66.01
ENG-00739,2025-11-01,77.02,74.55,81.1,74.81
ENG-00739,2025-12-01,76.02,69.82,73.64,70.31
ENG-00739,2026-01-01,67.43,62.72,61.37,60.28
ENG-00739,2026-02-01,63.0,55.9,63.24,55.19
ENG-00740,2026-06-01,80.98,73.62,88.57,81.19
ENG-00740,2026-07-01,69.24,74.95,71.29,80.85
ENG-00740,2026-08-01,64.82,61.65,56.58,69.07
ENG-00740,2026-09-01,68.22,67.08,62.39,61.43
ENG-00740,2026-10-01,63.75,52.69,49.54,53.53
ENG-00741,2026-07-01,72.51,69.73,71.55,71.61
ENG-00741,2026-08-01,79.84,87.37,77.3,75.39
ENG-00742,2026-08-01,70.23,60.34,78.94,72.62
ENG-00743,2025-10-01,85.32,82.68,81.38,83.23
ENG-00743,2025-11-01,83.39,83.9,93.64,88.3
ENG-00743,2025-12-01,72.93,84.77,84.97,85.89
ENG-00743,2026-01-01,93.7,69.55,89.4,76.44
ENG-00743,2026-02-01,77.95,84.35,92.26,88.79
ENG-00743,2026-03-01,88.44,88.96,75.88,89.09
ENG-00743,2026-04-01,84.0,85.55,82.19,87.9
ENG-00743,2026-05-01,70.89,79.28,78.89,84.81
ENG-00743,2026-06-01,85.14,75.84,87.28,81.54
ENG-00744,2026-02-01,84.42,86.79,83.4,89.84
ENG-00744,2026-03-01,87.26,74.11,88.51,86.21
ENG-00744,2026-04-01,92.6,78.64,88.78,84.61
ENG-00744,2026-05-01,82.48,76.38,81.93,88.63
ENG-00744,2026-06-01,78.81,82.42,90.55,89.2
ENG-00744,2026-07-01,81.18,83.89,90.45,87.83
ENG-00744,2026-08-01,78.19,80.07,84.54,87.47
ENG-00745,2025-07-01,66.93,64.79,68.71,69.18
ENG-00745,2025-08-01,76.2,66.96,61.62,68.93
ENG-00745,2025-09-01,81.43,68.16,65.11,64.88
ENG-00745,2025-10-01,61.96,59.2,46.07,53.19
ENG-00745,2025-11-01,51.93,47.17,43.92,45.27
ENG-00745,2025-12-01,49.52,34.12,48.3,42.87
ENG-00746,2026-07-01,81.89,81.13,93.61,87.94
ENG-00746,2026-08-01,79.53,65.65,90.39,77.46
ENG-00747,2025-02-01,75.36,67.4,78.26,66.72
ENG-00747,2025-03-01,76.8,63.68,76.64,68.06
ENG-00747,2025-04-01,78.62,70.76,73.46,82.08
ENG-00747,2025-05-01,78.79,65.38,73.02,66.3
ENG-00747,2025-06-01,76.2,72.6,70.73,75.17
ENG-00747,2025-07-01,71.18,62.46,67.78,70.96
ENG-00747,2025-08-01,76.77,75.08,78.95,81.74
ENG-00747,2025-09-01,77.19,70.27,66.97,66.5
ENG-00747,2025-10-01,70.1,78.45,85.11,73.19
ENG-00748,2026-08-01,81.45,74.61,79.63,88.4
ENG-00749,2026-06-01,77.37,75.37,84.73,76.05
ENG-00749,2026-07-01,77.9,88.4,83.39,83.8
ENG-00749,2026-08-01,86.62,82.43,85.8,83.4
ENG-00750,2024-11-01,83.94,75.73,74.26,86.26
ENG-00750,2024-12-01,86.81,86.28,81.86,84.63
ENG-00750,2025-01-01,88.98,77.06,88.58,83.49
ENG-00750,2025-02-01,81.49,82.6,87.91,87.04
ENG-00750,2025-03-01,77.67,73.88,80.62,83.81
ENG-00750,2025-04-01,72.41,65.38,80.8,79.61
ENG-00750,2025-05-01,82.82,86.51,80.29,85.34
ENG-00751,2024-02-01,73.88,79.5,81.03,83.63
ENG-00751,2024-03-01,84.62,85.33,78.96,85.51
ENG-00751,2024-04-01,83.83,73.4,81.38,83.37
ENG-00751,2024-05-01,81.09,72.11,80.69,77.79
ENG-00751,2024-06-01,81.31,81.98,81.01,83.57
ENG-00751,2024-07-01,83.13,82.57,87.55,81.62
ENG-00751,2024-08-01,78.29,72.38,92.45,78.49
ENG-00752,2026-02-01,76.13,70.33,85.0,86.95
ENG-00752,2026-03-01,95.62,89.57,81.14,90.24
ENG-00752,2026-04-01,79.76,82.85,82.5,86.43
ENG-00752,2026-05-01,90.32,85.06,85.82,90.29
ENG-00752,2026-06-01,79.68,75.79,86.07,86.62
ENG-00752,2026-07-01,83.93,76.79,91.91,77.4
ENG-00752,2026-08-01,90.51,80.22,83.53,89.67
ENG-00753,2025-04-01,79.04,71.73,84.18,85.73
ENG-00753,2025-05-01,92.32,84.99,100.0,94.18
ENG-00753,2025-06-01,79.15,77.16,81.77,85.88
ENG-00753,2025-07-01,86.04,87.88,91.4,88.87
ENG-00753,2025-08-01,89.88,90.84,91.12,87.9
ENG-00753,2025-09-01,81.19,86.86,92.78,89.32
ENG-00753,2025-10-01,88.29,85.95,85.39,90.65
ENG-00753,2025-11-01,88.79,88.92,98.29,89.69
ENG-00754,2024-01-01,77.8,84.24,84.75,85.32
ENG-00754,2024-02-01,84.93,86.15,96.87,85.31
ENG-00754,2024-03-01,80.13,71.61,77.85,86.57
ENG-00754,2024-04-01,75.41,78.87,76.88,84.73
ENG-00754,2024-05-01,84.36,83.87,84.29,85.64
ENG-00754,2024-06-01,84.88,76.44,83.34,86.39
ENG-00754,2024-07-01,74.49,74.05,79.65,81.25
ENG-00754,2024-08-01,76.44,68.89,77.58,78.39
ENG-00754,2024-09-01,90.57,86.86,85.39,87.79
ENG-00754,2024-10-01,87.54,91.12,89.23,89.53
ENG-00755,2024-03-01,84.7,86.08,91.04,88.36
ENG-00755,2024-04-01,84.32,91.76,84.41,91.68
ENG-00755,2024-05-01,93.97,83.12,84.43,89.75
ENG-00755,2024-06-01,82.16,69.33,87.18,90.77
ENG-00755,2024-07-01,88.47,86.01,93.44,91.5
ENG-00755,2024-08-01,84.54,79.75,80.97,85.08
ENG-00755,2024-09-01,83.33,82.29,91.89,92.14
ENG-00755,2024-10-01,99.04,85.47,91.01,88.23
ENG-00755,2024-11-01,88.18,87.64,83.31,90.86
ENG-00755,2024-12-01,83.56,79.71,100.0,90.34
ENG-00755,2025-01-01,85.35,88.67,98.97,87.06
ENG-00755,2025-02-01,84.78,93.74,97.03,91.58
ENG-00756,2026-08-01,74.11,69.81,85.94,80.56
ENG-00757,2024-04-01,76.44,76.34,74.27,87.18
ENG-00757,2024-05-01,88.62,89.28,89.5,88.99
ENG-00757,2024-06-01,82.25,85.07,82.49,91.93
ENG-00757,2024-07-01,81.21,82.97,81.84,89.16
ENG-00757,2024-08-01,85.01,79.17,100.0,91.2
ENG-00757,2024-09-01,79.98,73.45,74.57,87.63
ENG-00757,2024-10-01,82.14,81.88,86.88,86.57
ENG-00757,2024-11-01,81.94,86.8,86.12,82.38
ENG-00757,2024-12-01,77.26,83.67,80.25,85.07
ENG-00758,2025-08-01,87.2,85.82,81.61,84.06
ENG-00758,2025-09-01,78.4,82.36,85.36,87.86
ENG-00758,2025-10-01,80.82,71.96,81.83,80.16
ENG-00758,2025-11-01,84.4,76.96,73.44,86.65
ENG-00758,2025-12-01,74.52,81.6,83.33,84.75
ENG-00758,2026-01-01,78.14,75.45,80.66,80.25
ENG-00758,2026-02-01,68.87,72.98,73.01,83.62
ENG-00758,2026-03-01,86.15,82.96,90.64,76.86
ENG-00758,2026-04-01,92.68,71.54,75.06,75.3
ENG-00758,2026-05-01,67.83,70.18,83.41,78.1
ENG-00758,2026-06-01,77.05,84.57,91.65,86.44
ENG-00758,2026-07-01,79.24,86.37,86.41,87.41
ENG-00758,2026-08-01,81.66,68.35,95.19,79.53
ENG-00759,2024-12-01,72.71,67.17,67.29,73.81
ENG-00759,2025-01-01,72.18,63.2,68.13,61.38
ENG-00759,2025-02-01,61.94,56.73,50.78,60.96
ENG-00759,2025-03-01,59.5,52.36,43.56,49.39
ENG-00760,2024-10-01,83.74,83.36,78.64,84.17
ENG-00760,2024-11-01,78.93,87.86,84.31,84.87
ENG-00760,2024-12-01,79.68,94.95,93.47,91.55
ENG-00760,2025-01-01,79.3,67.78,81.18,83.41
ENG-00760,2025-02-01,83.34,84.26,96.1,86.74
ENG-00760,2025-03-01,76.84,80.58,75.6,82.09
ENG-00760,2025-04-01,80.73,77.84,81.27,84.65
ENG-00760,2025-05-01,86.09,77.62,95.79,82.76
ENG-00760,2025-06-01,85.01,82.38,83.58,84.21
ENG-00760,2025-07-01,79.67,69.34,84.43,81.55
ENG-00761,2025-01-01,80.41,77.28,77.16,76.51
ENG-00761,2025-02-01,77.77,73.89,74.75,78.56
ENG-00761,2025-03-01,61.46,69.26,68.81,70.23
ENG-00761,2025-04-01,61.3,53.96,69.15,57.74
ENG-00761,2025-05-01,58.26,58.97,55.94,56.58
ENG-00761,2025-06-01,60.69,49.48,50.37,54.68
ENG-00762,2024-10-01,73.14,62.23,67.48,72.37
ENG-00762,2024-11-01,73.52,60.53,75.1,67.46
ENG-00762,2024-12-01,70.43,64.04,63.01,73.26
ENG-00762,2025-01-01,65.95,67.35,70.37,71.48
ENG-00762,2025-02-01,77.3,70.93,77.17,70.12
ENG-00762,2025-03-01,73.35,72.03,70.64,72.76
ENG-00762,2025-04-01,76.05,63.97,70.13,72.7
ENG-00762,2025-05-01,75.83,73.07,75.57,74.57
ENG-00762,2025-06-01,59.16,59.13,72.83,73.39
ENG-00763,2025-09-01,83.16,69.59,71.31,71.94
ENG-00763,2025-10-01,68.74,66.29,62.43,73.9
ENG-00763,2025-11-01,69.41,63.0,73.16,71.0
ENG-00763,2025-12-01,61.44,58.09,64.23,60.0
ENG-00763,2026-01-01,58.53,53.99,55.23,50.47
ENG-00764,2025-04-01,82.25,77.59,82.53,81.65
ENG-00764,2025-05-01,75.35,80.37,75.32,84.09
ENG-00764,2025-06-01,76.61,76.43,81.93,80.98
ENG-00764,2025-07-01,66.07,66.84,66.29,80.87
ENG-00764,2025-08-01,72.92,77.77,72.43,76.99
ENG-00764,2025-09-01,77.7,63.34,63.17,73.45
ENG-00764,2025-10-01,60.99,57.93,65.77,57.72
ENG-00765,2024-10-01,84.99,78.53,84.99,84.67
ENG-00765,2024-11-01,79.47,74.24,75.95,84.75
ENG-00765,2024-12-01,76.31,76.38,77.33,79.62
ENG-00765,2025-01-01,74.92,67.89,81.79,74.33
ENG-00765,2025-02-01,77.66,80.84,72.75,76.6
ENG-00765,2025-03-01,73.56,72.1,79.18,79.98
ENG-00765,2025-04-01,70.25,65.56,72.01,81.43
ENG-00765,2025-05-01,76.25,75.25,78.17,80.31
ENG-00765,2025-06-01,77.61,80.01,79.22,78.72
ENG-00765,2025-07-01,70.06,67.33,72.83,74.01
ENG-00765,2025-08-01,72.36,76.26,72.04,78.86
ENG-00765,2025-09-01,80.81,69.07,80.2,82.52
ENG-00765,2025-10-01,81.45,75.75,75.77,72.23
ENG-00766,2026-04-01,78.96,69.9,67.47,70.83
ENG-00766,2026-05-01,76.18,71.76,83.33,83.71
ENG-00766,2026-06-01,77.57,67.9,87.87,71.66
ENG-00766,2026-07-01,83.77,78.99,78.23,84.54
ENG-00766,2026-08-01,74.99,73.58,78.21,76.28
ENG-00767,2025-05-01,99.21,90.54,89.59,87.99
ENG-00767,2025-06-01,80.2,73.07,79.47,82.5
ENG-00767,2025-07-01,77.93,73.18,82.42,76.35
ENG-00767,2025-08-01,70.39,69.39,80.03,67.12
ENG-00767,2025-09-01,76.67,83.76,74.72,71.02
ENG-00767,2025-10-01,71.06,64.15,56.7,63.3
ENG-00768,2025-04-01,77.6,75.6,85.77,80.41
ENG-00768,2025-05-01,73.36,60.88,69.24,63.66
ENG-00768,2025-06-01,59.74,55.47,57.52,59.67
ENG-00768,2025-07-01,53.75,39.3,54.44,48.69
ENG-00769,2024-01-01,76.69,59.47,73.0,67.31
ENG-00769,2024-02-01,75.82,66.52,67.56,71.95
ENG-00769,2024-03-01,66.93,75.01,75.69,68.69
ENG-00769,2024-04-01,70.33,76.71,73.54,78.74
ENG-00769,2024-05-01,76.02,63.73,82.53,70.67
ENG-00769,2024-06-01,61.0,61.67,71.35,66.57
ENG-00769,2024-07-01,70.35,66.85,69.26,67.24
ENG-00769,2024-08-01,80.9,67.66,72.48,75.61
ENG-00769,2024-09-01,74.37,62.08,74.92,72.61
ENG-00769,2024-10-01,66.4,67.16,76.55,66.09
ENG-00769,2024-11-01,79.11,71.66,74.94,74.15
ENG-00769,2024-12-01,68.43,72.1,61.83,71.2
ENG-00770,2025-08-01,86.36,80.42,84.83,81.5
ENG-00770,2025-09-01,67.86,74.16,73.3,73.6
ENG-00770,2025-10-01,64.39,62.42,64.13,68.71
ENG-00770,2025-11-01,66.73,63.36,60.33,60.39
ENG-00770,2025-12-01,58.77,57.65,65.19,53.57
ENG-00771,2025-01-01,77.87,72.44,77.31,76.44
ENG-00771,2025-02-01,73.86,76.62,68.48,79.0
ENG-00771,2025-03-01,68.47,73.32,69.23,77.25
ENG-00771,2025-04-01,68.68,75.59,77.56,81.68
ENG-00771,2025-05-01,81.22,75.05,79.53,82.58
ENG-00771,2025-06-01,74.74,76.9,66.89,75.21
ENG-00771,2025-07-01,76.41,71.01,75.38,81.38
ENG-00771,2025-08-01,79.08,78.33,89.43,79.18
ENG-00771,2025-09-01,76.4,69.67,75.46,76.42
ENG-00771,2025-10-01,76.05,67.94,88.71,72.03
ENG-00772,2024-11-01,76.13,76.87,64.95,82.66
ENG-00772,2024-12-01,74.64,67.16,78.41,79.76
ENG-00772,2025-01-01,79.75,86.79,81.84,78.99
ENG-00772,2025-02-01,72.02,69.76,66.12,75.06
ENG-00772,2025-03-01,74.87,78.88,82.4,74.57
ENG-00772,2025-04-01,73.16,63.33,69.77,74.22
ENG-00772,2025-05-01,72.69,68.84,79.58,79.69
ENG-00772,2025-06-01,78.5,75.44,79.88,74.05
ENG-00772,2025-07-01,75.17,68.63,74.18,76.22
ENG-00772,2025-08-01,71.05,64.92,73.95,78.75
ENG-00772,2025-09-01,70.3,69.09,73.09,77.03
ENG-00773,2025-01-01,94.31,87.66,79.72,89.37
ENG-00773,2025-02-01,81.89,90.13,85.37,94.61
ENG-00773,2025-03-01,86.11,87.62,88.25,90.63
ENG-00773,2025-04-01,91.41,92.23,100.0,94.15
ENG-00773,2025-05-01,82.27,89.02,100.0,92.2
ENG-00773,2025-06-01,86.72,80.78,87.34,89.81
ENG-00773,2025-07-01,89.17,81.79,84.98,90.3
ENG-00773,2025-08-01,87.49,83.2,75.22,88.31
ENG-00773,2025-09-01,88.91,85.94,83.59,87.31
ENG-00774,2025-11-01,82.8,87.02,97.15,86.52
ENG-00774,2025-12-01,78.35,82.98,82.69,73.67
ENG-00774,2026-01-01,79.89,75.57,89.96,86.72
ENG-00774,2026-02-01,74.75,81.46,84.1,86.45
ENG-00774,2026-03-01,75.49,83.21,80.32,85.34
ENG-00774,2026-04-01,82.82,77.37,87.54,84.59
ENG-00774,2026-05-01,84.99,73.42,98.03,82.07
ENG-00774,2026-06-01,83.73,86.91,87.89,87.74
ENG-00774,2026-07-01,76.89,76.39,76.53,87.16
ENG-00775,2026-08-01,77.56,76.4,82.88,76.72
ENG-00776,2026-04-01,74.81,67.62,61.51,84.85
ENG-00776,2026-05-01,80.36,76.54,71.71,85.79
ENG-00776,2026-06-01,73.14,76.35,82.72,79.04
ENG-00776,2026-07-01,85.55,86.74,81.11,83.06
ENG-00776,2026-08-01,84.45,82.47,88.87,87.34
ENG-00777,2026-04-01,75.99,60.13,75.97,73.93
ENG-00777,2026-05-01,74.08,75.62,84.43,74.66
ENG-00777,2026-06-01,67.33,83.27,76.03,76.11
ENG-00777,2026-07-01,74.07,66.57,69.93,79.62
ENG-00777,2026-08-01,73.28,77.11,78.06,77.94
ENG-00778,2024-09-01,71.24,64.7,82.42,81.39
ENG-00778,2024-10-01,80.11,77.82,83.24,77.79
ENG-00778,2024-11-01,74.82,80.24,84.53,83.11
ENG-00778,2024-12-01,81.12,77.4,86.37,87.22
ENG-00778,2025-01-01,77.13,83.12,89.86,84.89
ENG-00778,2025-02-01,77.37,71.82,85.57,83.9
ENG-00778,2025-03-01,74.01,79.69,81.27,83.53
ENG-00778,2025-04-01,74.84,77.09,80.81,82.41
ENG-00779,2026-02-01,70.29,66.31,80.46,78.31
ENG-00779,2026-03-01,66.56,63.26,62.6,72.72
ENG-00779,2026-04-01,67.67,62.87,66.71,63.56
ENG-00779,2026-05-01,65.27,65.18,70.16,72.77
ENG-00779,2026-06-01,68.55,62.34,77.08,74.79
ENG-00779,2026-07-01,80.91,81.59,84.28,76.26
ENG-00779,2026-08-01,61.53,70.73,69.38,75.89
ENG-00780,2024-01-01,68.12,78.34,72.33,78.12
ENG-00780,2024-02-01,73.44,74.67,69.98,76.24
ENG-00780,2024-03-01,78.57,74.22,80.23,83.26
ENG-00780,2024-04-01,75.76,71.47,75.22,74.54
ENG-00780,2024-05-01,78.75,69.19,76.48,79.95
ENG-00780,2024-06-01,77.48,74.09,72.01,79.01
ENG-00780,2024-07-01,72.56,73.74,74.16,81.54
ENG-00780,2024-08-01,81.73,80.41,81.98,81.08
ENG-00781,2024-05-01,77.63,80.77,80.11,83.69
ENG-00781,2024-06-01,71.86,73.15,88.37,76.93
ENG-00781,2024-07-01,78.21,65.34,77.53,84.91
ENG-00781,2024-08-01,80.28,78.15,81.33,79.07
ENG-00781,2024-09-01,79.14,81.72,85.16,83.88
ENG-00781,2024-10-01,77.36,71.66,80.87,81.94
ENG-00781,2024-11-01,74.54,73.87,83.42,83.47
ENG-00781,2024-12-01,72.72,82.6,85.35,85.35
ENG-00781,2025-01-01,76.52,74.87,89.05,86.02
ENG-00782,2026-03-01,74.62,86.12,82.79,85.26
ENG-00782,2026-04-01,75.63,71.97,79.0,81.78
ENG-00782,2026-05-01,72.01,77.9,86.61,84.67
ENG-00782,2026-06-01,82.19,70.3,69.17,81.59
ENG-00782,2026-07-01,81.29,81.07,99.29,82.61
ENG-00782,2026-08-01,77.66,68.65,84.72,78.96
ENG-00783,2025-07-01,84.62,78.68,93.77,83.74
ENG-00783,2025-08-01,84.78,81.38,79.5,84.16
ENG-00783,2025-09-01,88.03,87.47,77.85,83.9
ENG-00783,2025-10-01,78.88,73.17,86.33,78.57
ENG-00783,2025-11-01,81.67,76.68,80.61,83.75
ENG-00783,2025-12-01,74.15,70.42,84.37,81.32
ENG-00783,2026-01-01,78.49,70.0,77.71,84.89
ENG-00783,2026-02-01,73.23,71.29,75.74,77.63
ENG-00784,2025-09-01,87.95,88.09,91.47,89.42
ENG-00784,2025-10-01,85.44,90.96,91.62,93.45
ENG-00784,2025-11-01,71.0,75.41,76.55,86.2
ENG-00784,2025-12-01,76.33,74.38,80.63,81.28
ENG-00784,2026-01-01,76.97,64.58,84.21,71.32
ENG-00784,2026-02-01,58.22,65.74,71.49,74.28
ENG-00785,2024-07-01,73.66,72.81,82.27,86.85
ENG-00785,2024-08-01,80.92,86.03,83.66,88.22
ENG-00785,2024-09-01,84.36,87.34,80.95,86.83
ENG-00785,2024-10-01,86.8,80.89,92.87,85.64
ENG-00785,2024-11-01,78.3,85.82,95.2,82.4
ENG-00785,2024-12-01,72.24,70.81,69.93,85.41
ENG-00785,2025-01-01,82.25,77.05,78.42,86.54
ENG-00786,2025-06-01,87.92,77.21,88.46,88.65
ENG-00786,2025-07-01,76.44,78.16,79.9,84.68
ENG-00786,2025-08-01,81.32,83.71,88.23,88.22
ENG-00786,2025-09-01,76.59,77.97,79.65,86.81
ENG-00786,2025-10-01,75.4,79.44,76.94,83.81
ENG-00786,2025-11-01,83.95,71.78,81.91,79.39
ENG-00786,2025-12-01,83.1,80.1,79.61,85.59
ENG-00786,2026-01-01,75.81,73.61,86.44,86.37
ENG-00787,2026-05-01,84.17,85.08,93.3,89.55
ENG-00787,2026-06-01,77.37,73.96,98.47,87.74
ENG-00787,2026-07-01,83.35,92.52,85.83,90.31
ENG-00787,2026-08-01,85.14,75.76,77.64,83.36
ENG-00788,2024-06-01,87.13,71.29,82.3,85.41
ENG-00788,2024-07-01,69.62,62.31,77.53,76.76
ENG-00788,2024-08-01,72.43,76.88,70.84,73.98
ENG-00788,2024-09-01,74.02,67.04,71.88,70.52
ENG-00788,2024-10-01,67.77,57.9,61.94,70.36
ENG-00788,2024-11-01,60.09,53.65,57.1,61.26
ENG-00789,2026-01-01,80.35,83.95,92.08,82.93
ENG-00789,2026-02-01,83.84,92.26,83.54,85.31
ENG-00789,2026-03-01,82.91,81.06,81.68,85.75
ENG-00789,2026-04-01,63.43,73.34,74.46,84.86
ENG-00789,2026-05-01,86.98,81.08,82.22,78.78
ENG-00789,2026-06-01,75.45,79.12,77.54,80.66
ENG-00789,2026-07-01,85.59,90.76,83.09,88.68
ENG-00789,2026-08-01,85.94,79.02,75.6,83.68
ENG-00790,2024-03-01,75.28,83.04,77.76,70.92
ENG-00790,2024-04-01,68.06,79.38,86.87,82.48
ENG-00790,2024-05-01,77.0,85.68,82.05,83.08
ENG-00790,2024-06-01,73.34,79.68,74.11,73.98
ENG-00790,2024-07-01,69.44,77.35,72.83,77.99
ENG-00790,2024-08-01,75.09,68.84,75.07,80.61
ENG-00790,2024-09-01,70.02,60.16,72.37,80.89
ENG-00790,2024-10-01,84.97,75.8,79.24,78.73
ENG-00790,2024-11-01,68.61,66.19,79.55,78.0
ENG-00790,2024-12-01,77.55,75.51,76.68,82.68
ENG-00790,2025-01-01,87.26,70.16,88.45,72.55
ENG-00790,2025-02-01,74.59,73.82,75.51,80.08
ENG-00791,2024-10-01,70.71,71.05,75.46,68.64
ENG-00791,2024-11-01,60.34,56.59,71.99,64.08
ENG-00791,2024-12-01,66.44,60.11,66.86,59.26
ENG-00791,2025-01-01,58.84,56.78,58.72,59.1
ENG-00791,2025-02-01,60.99,49.16,50.15,50.19
ENG-00792,2026-08-01,67.33,60.62,69.36,72.85
ENG-00792,2026-09-01,55.65,55.16,73.92,55.69
ENG-00792,2026-10-01,57.7,58.88,52.99,62.12
ENG-00792,2026-11-01,59.64,63.09,54.74,57.79
ENG-00792,2026-12-01,50.37,54.14,47.65,49.57
ENG-00792,2027-01-01,56.18,46.14,43.27,46.88
ENG-00793,2025-09-01,82.43,76.2,70.2,85.82
ENG-00793,2025-10-01,84.28,84.92,91.31,84.15
ENG-00793,2025-11-01,88.63,83.14,88.74,89.71
ENG-00793,2025-12-01,78.78,81.71,82.31,87.95
ENG-00793,2026-01-01,80.32,89.83,93.02,87.04
ENG-00793,2026-02-01,76.65,80.43,82.65,86.49
ENG-00793,2026-03-01,73.65,73.41,91.82,84.47
ENG-00793,2026-04-01,78.83,79.62,96.22,89.27
ENG-00793,2026-05-01,79.15,80.32,82.44,86.04
ENG-00793,2026-06-01,78.48,80.11,84.98,89.81
ENG-00793,2026-07-01,82.59,80.46,89.69,92.46
ENG-00793,2026-08-01,91.34,93.8,95.38,87.82
ENG-00794,2024-05-01,70.09,65.25,76.9,78.06
ENG-00794,2024-06-01,72.63,73.36,85.01,87.74
ENG-00794,2024-07-01,85.02,81.29,84.16,89.45
ENG-00794,2024-08-01,83.62,82.58,81.66,87.7
ENG-00794,2024-09-01,87.93,79.97,89.83,86.11
ENG-00794,2024-10-01,79.75,77.98,88.45,85.81
ENG-00794,2024-11-01,94.05,82.62,86.38,85.11
ENG-00794,2024-12-01,78.37,88.74,92.01,86.69
ENG-00794,2025-01-01,83.22,80.23,89.16,85.46
ENG-00794,2025-02-01,87.33,87.85,78.33,82.49
ENG-00794,2025-03-01,87.41,80.3,81.25,85.49
ENG-00794,2025-04-01,81.68,75.44,89.15,87.61
ENG-00794,2025-05-01,79.31,89.99,86.62,83.69
ENG-00795,2025-10-01,72.55,62.23,62.98,76.88
ENG-00795,2025-11-01,67.18,62.35,65.41,73.56
ENG-00795,2025-12-01,74.06,69.2,73.94,75.41
ENG-00795,2026-01-01,62.44,68.08,72.68,67.47
ENG-00795,2026-02-01,61.04,57.5,57.97,65.63
ENG-00795,2026-03-01,57.83,69.97,44.73,60.57
ENG-00795,2026-04-01,51.45,43.65,52.86,53.87
ENG-00795,2026-05-01,49.17,33.7,54.08,42.12
ENG-00796,2025-07-01,87.77,81.05,86.69,86.14
ENG-00796,2025-08-01,84.95,85.79,84.32,82.07
ENG-00796,2025-09-01,77.74,74.61,76.27,81.6
ENG-00796,2025-10-01,66.64,70.31,69.38,66.66
ENG-00797,2024-08-01,79.05,67.28,85.9,75.49
ENG-00797,2024-09-01,81.53,75.09,80.07,73.77
ENG-00797,2024-10-01,81.35,76.65,82.9,76.65
ENG-00797,2024-11-01,78.31,79.08,81.9,79.84
ENG-00797,2024-12-01,82.82,79.21,84.92,78.14
ENG-00797,2025-01-01,69.76,76.67,76.84,78.48
ENG-00797,2025-02-01,80.12,75.85,78.26,83.28
ENG-00797,2025-03-01,80.5,72.49,83.05,80.33
ENG-00797,2025-04-01,76.79,74.74,78.06,81.13
ENG-00797,2025-05-01,75.48,68.35,85.4,73.88
ENG-00797,2025-06-01,77.04,70.91,71.64,78.75
ENG-00797,2025-07-01,74.9,72.8,74.66,78.64
ENG-00797,2025-08-01,70.93,74.58,75.21,74.34
ENG-00798,2025-01-01,76.91,70.48,80.99,79.63
ENG-00798,2025-02-01,70.88,69.62,73.32,75.32
ENG-00798,2025-03-01,73.25,76.12,87.15,78.46
ENG-00798,2025-04-01,70.05,73.36,79.2,81.39
ENG-00798,2025-05-01,72.42,70.4,73.5,78.14
ENG-00798,2025-06-01,70.57,78.93,71.52,80.68
ENG-00798,2025-07-01,79.56,64.96,71.87,72.9
ENG-00799,2025-10-01,79.98,86.51,93.33,84.11
ENG-00799,2025-11-01,77.39,79.49,83.58,83.74
ENG-00799,2025-12-01,84.47,78.73,86.8,88.38
ENG-00799,2026-01-01,85.34,82.51,90.25,86.72
ENG-00799,2026-02-01,75.0,77.58,79.63,84.65
ENG-00799,2026-03-01,90.42,83.85,89.73,83.09
ENG-00799,2026-04-01,86.02,88.74,99.72,91.29
ENG-00800,2025-09-01,72.22,76.39,73.57,74.26
ENG-00800,2025-10-01,80.75,63.57,77.36,70.47
ENG-00800,2025-11-01,80.53,82.78,81.49,78.22
ENG-00800,2025-12-01,68.37,78.38,77.47,76.13
ENG-00800,2026-01-01,71.02,77.47,77.42,78.6
ENG-00800,2026-02-01,80.36,82.02,80.86,77.18
ENG-00800,2026-03-01,75.11,73.12,68.56,75.79
ENG-00801,2024-03-01,72.11,67.52,72.9,76.98
ENG-00801,2024-04-01,71.38,78.2,79.85,73.18
ENG-00801,2024-05-01,70.71,75.71,81.71,73.42
ENG-00801,2024-06-01,63.79,59.12,75.9,69.18
ENG-00801,2024-07-01,74.94,73.14,80.95,83.68
ENG-00801,2024-08-01,87.77,81.92,76.29,74.54
ENG-00801,2024-09-01,71.36,69.44,71.28,73.61
ENG-00801,2024-10-01,79.3,78.44,78.61,74.07
ENG-00801,2024-11-01,76.84,71.66,68.55,75.8
ENG-00801,2024-12-01,69.44,84.14,88.55,81.07
ENG-00801,2025-01-01,72.34,78.25,70.62,82.43
ENG-00801,2025-02-01,75.48,73.35,82.74,81.1
ENG-00802,2026-04-01,91.19,96.66,80.25,87.89
ENG-00802,2026-05-01,91.69,92.61,92.97,90.41
ENG-00802,2026-06-01,84.14,94.74,90.47,88.94
ENG-00802,2026-07-01,91.42,72.32,99.57,87.97
ENG-00802,2026-08-01,86.27,86.04,88.13,92.08
ENG-00803,2024-11-01,78.39,78.04,83.24,84.58
ENG-00803,2024-12-01,82.41,86.23,81.57,84.07
ENG-00803,2025-01-01,74.3,68.04,71.59,75.72
ENG-00803,2025-02-01,62.21,60.54,69.6,65.53
ENG-00803,2025-03-01,72.11,61.21,71.37,64.81
ENG-00803,2025-04-01,57.28,61.49,52.91,59.66
ENG-00804,2024-10-01,86.37,83.39,75.85,85.19
ENG-00804,2024-11-01,84.84,75.61,90.53,80.67
ENG-00804,2024-12-01,82.17,78.35,65.64,80.31
ENG-00804,2025-01-01,70.85,73.1,69.89,75.53
ENG-00804,2025-02-01,69.86,50.2,55.81,57.2
ENG-00805,2026-08-01,86.12,78.19,86.33,88.02
ENG-00806,2025-06-01,79.72,63.6,75.54,74.57
ENG-00806,2025-07-01,77.28,78.16,82.87,81.38
ENG-00806,2025-08-01,74.41,65.46,76.19,71.11
ENG-00806,2025-09-01,71.71,65.07,75.1,69.63
ENG-00806,2025-10-01,65.81,66.27,73.5,68.05
ENG-00806,2025-11-01,64.8,70.93,73.95,63.98
ENG-00806,2025-12-01,55.59,44.94,59.53,54.83
ENG-00806,2026-01-01,49.42,42.14,53.14,47.67
ENG-00807,2024-02-01,69.86,83.48,79.73,81.8
ENG-00807,2024-03-01,82.06,81.77,86.62,83.68
ENG-00807,2024-04-01,79.38,79.41,84.83,82.07
ENG-00807,2024-05-01,76.19,79.1,78.81,82.03
ENG-00807,2024-06-01,72.82,74.06,81.67,73.78
ENG-00807,2024-07-01,69.84,64.3,74.83,77.47
ENG-00807,2024-08-01,73.04,60.52,65.96,69.15
ENG-00807,2024-09-01,81.02,79.6,79.33,73.26
ENG-00808,2026-05-01,79.93,86.09,85.22,90.85
ENG-00808,2026-06-01,82.38,87.88,97.54,88.16
ENG-00808,2026-07-01,83.06,83.2,82.88,87.77
ENG-00808,2026-08-01,82.12,94.25,90.04,88.98
ENG-00809,2025-10-01,76.54,60.78,69.55,67.78
ENG-00809,2025-11-01,69.24,72.92,73.61,69.1
ENG-00809,2025-12-01,67.58,58.61,63.68,68.7
ENG-00809,2026-01-01,56.61,58.74,48.82,51.36
ENG-00810,2026-07-01,85.4,80.99,76.57,83.53
ENG-00810,2026-08-01,78.9,75.59,76.13,79.39
ENG-00811,2026-02-01,68.04,62.55,54.62,68.07
ENG-00811,2026-03-01,63.16,79.85,75.54,76.8
ENG-00811,2026-04-01,67.58,70.08,70.93,76.08
ENG-00811,2026-05-01,78.94,69.16,81.6,74.2
ENG-00811,2026-06-01,77.15,70.72,76.66,70.53
ENG-00811,2026-07-01,66.91,60.24,61.9,66.47
ENG-00811,2026-08-01,69.67,63.39,78.41,72.28
ENG-00812,2024-06-01,73.23,69.87,74.91,87.05
ENG-00812,2024-07-01,84.83,68.92,73.11,80.24
ENG-00812,2024-08-01,75.73,78.27,91.99,82.67
ENG-00812,2024-09-01,79.34,89.82,76.3,85.55
ENG-00812,2024-10-01,82.15,81.54,82.48,86.2
ENG-00812,2024-11-01,68.4,83.4,94.09,87.69
ENG-00812,2024-12-01,81.47,71.94,87.93,86.83
ENG-00812,2025-01-01,78.47,72.93,86.29,82.16
ENG-00812,2025-02-01,85.95,81.4,83.51,87.33
ENG-00812,2025-03-01,89.72,86.92,89.27,91.24
ENG-00812,2025-04-01,88.83,79.46,100.0,91.27
ENG-00812,2025-05-01,84.87,90.53,82.84,89.57
ENG-00813,2025-01-01,76.08,65.55,82.4,77.69
ENG-00813,2025-02-01,78.75,77.0,78.18,71.83
ENG-00813,2025-03-01,70.63,69.53,66.19,72.09
ENG-00813,2025-04-01,78.88,73.3,71.0,76.1
ENG-00813,2025-05-01,68.86,71.73,72.44,76.9
ENG-00813,2025-06-01,76.8,79.51,78.82,78.36
ENG-00813,2025-07-01,66.46,76.9,80.66,74.17
ENG-00813,2025-08-01,82.43,66.57,78.7,74.28
ENG-00813,2025-09-01,61.72,61.02,71.41,71.61
ENG-00814,2024-08-01,78.48,74.74,69.93,76.39
ENG-00814,2024-09-01,74.07,61.43,72.24,73.41
ENG-00814,2024-10-01,82.54,72.77,80.05,74.32
ENG-00814,2024-11-01,68.0,62.32,81.01,76.89
ENG-00814,2024-12-01,69.86,68.45,66.0,78.58
ENG-00814,2025-01-01,72.78,80.96,80.87,78.8
ENG-00814,2025-02-01,66.87,57.28,72.74,69.21
ENG-00814,2025-03-01,71.21,66.57,78.57,77.63
ENG-00814,2025-04-01,79.71,84.31,86.31,81.11
ENG-00814,2025-05-01,68.49,65.78,72.93,69.13
ENG-00814,2025-06-01,63.16,66.77,74.13,80.44
ENG-00814,2025-07-01,74.33,70.51,73.29,77.15
ENG-00814,2025-08-01,64.63,66.04,71.36,70.47
ENG-00815,2025-07-01,77.75,81.28,90.95,85.28
ENG-00815,2025-08-01,73.85,73.56,84.24,80.76
ENG-00815,2025-09-01,85.95,76.9,90.25,87.07
ENG-00815,2025-10-01,74.52,87.2,85.56,89.84
ENG-00815,2025-11-01,81.55,83.5,76.67,84.03
ENG-00815,2025-12-01,84.91,81.72,95.15,86.22
ENG-00815,2026-01-01,78.16,72.45,91.35,88.9
ENG-00815,2026-02-01,85.38,84.58,73.46,87.96
ENG-00815,2026-03-01,84.89,86.15,86.63,86.76
ENG-00815,2026-04-01,83.24,92.41,88.62,85.92
ENG-00815,2026-05-01,84.27,73.49,84.51,86.49
ENG-00815,2026-06-01,96.99,79.76,95.89,87.66
ENG-00816,2024-06-01,68.51,64.96,64.13,79.9
ENG-00816,2024-07-01,67.5,76.02,60.36,76.64
ENG-00816,2024-08-01,67.55,59.75,66.47,64.53
ENG-00816,2024-09-01,64.61,51.99,56.06,60.66
ENG-00816,2024-10-01,53.65,45.06,48.55,49.45
ENG-00817,2026-05-01,91.79,88.26,86.42,88.19
ENG-00817,2026-06-01,88.89,85.76,90.57,89.3
ENG-00817,2026-07-01,72.33,78.83,89.08,83.58
ENG-00817,2026-08-01,72.6,77.06,69.18,69.54
ENG-00818,2025-06-01,80.05,81.7,87.96,83.59
ENG-00818,2025-07-01,78.55,67.46,84.91,79.89
ENG-00818,2025-08-01,80.6,79.28,77.88,81.53
ENG-00818,2025-09-01,82.15,76.63,81.44,82.98
ENG-00818,2025-10-01,82.91,74.15,82.31,84.14
ENG-00818,2025-11-01,84.93,65.07,75.29,83.48
ENG-00818,2025-12-01,83.13,84.37,75.58,78.26
ENG-00818,2026-01-01,73.79,72.43,76.84,81.37
ENG-00818,2026-02-01,86.93,77.9,80.12,85.97
ENG-00818,2026-03-01,77.7,73.88,70.64,78.8
ENG-00819,2024-11-01,78.39,73.19,70.91,82.02
ENG-00819,2024-12-01,73.3,72.66,80.1,76.93
ENG-00819,2025-01-01,79.67,85.35,76.21,81.84
ENG-00819,2025-02-01,69.69,59.77,77.97,71.77
ENG-00819,2025-03-01,82.55,85.84,83.76,81.83
ENG-00819,2025-04-01,79.34,77.57,78.26,83.31
ENG-00819,2025-05-01,74.27,72.31,75.85,72.85
ENG-00819,2025-06-01,79.22,74.35,83.52,73.14
ENG-00819,2025-07-01,71.75,70.28,73.02,79.34
ENG-00819,2025-08-01,72.71,68.66,84.61,82.55
ENG-00819,2025-09-01,78.49,70.38,67.43,79.84
ENG-00819,2025-10-01,77.82,71.06,75.85,75.18
ENG-00819,2025-11-01,77.92,78.12,82.43,81.45
ENG-00820,2025-03-01,84.69,74.86,69.68,81.96
ENG-00820,2025-04-01,76.51,71.18,73.34,76.56
ENG-00820,2025-05-01,68.57,73.74,65.95,78.2
ENG-00820,2025-06-01,83.15,76.9,83.44,80.18
ENG-00820,2025-07-01,74.32,75.09,79.68,78.2
ENG-00820,2025-08-01,80.81,80.88,87.71,85.96
ENG-00820,2025-09-01,77.46,73.07,93.33,84.91
ENG-00821,2024-05-01,76.93,76.89,83.83,79.31
ENG-00821,2024-06-01,79.3,80.22,80.83,80.27
ENG-00821,2024-07-01,86.56,76.34,76.39,83.55
ENG-00821,2024-08-01,75.45,72.02,68.97,83.67
ENG-00821,2024-09-01,76.64,83.31,80.08,87.8
ENG-00821,2024-10-01,80.9,83.45,79.15,86.25
ENG-00821,2024-11-01,77.01,75.63,78.06,82.68
ENG-00821,2024-12-01,70.3,76.07,79.91,82.66
ENG-00821,2025-01-01,62.2,73.06,70.32,82.24
ENG-00822,2024-04-01,84.91,84.27,85.4,88.26
ENG-00822,2024-05-01,73.99,83.28,72.99,85.91
ENG-00822,2024-06-01,89.5,79.82,90.05,87.41
ENG-00822,2024-07-01,82.62,87.69,92.46,82.22
ENG-00822,2024-08-01,91.77,84.5,100.0,87.55
ENG-00822,2024-09-01,76.5,80.28,77.24,81.94
ENG-00822,2024-10-01,72.03,60.59,68.19,63.83
ENG-00822,2024-11-01,70.59,63.17,68.72,74.66
ENG-00822,2024-12-01,61.15,61.7,65.11,66.89
ENG-00823,2025-03-01,82.81,83.25,86.74,84.84
ENG-00823,2025-04-01,86.14,86.33,81.52,81.12
ENG-00823,2025-05-01,82.49,74.25,81.29,83.65
ENG-00823,2025-06-01,84.53,80.34,84.51,81.92
ENG-00823,2025-07-01,82.09,84.52,84.88,82.62
ENG-00823,2025-08-01,77.6,79.36,84.51,86.52
ENG-00823,2025-09-01,73.82,83.54,66.45,81.32
ENG-00823,2025-10-01,77.54,85.64,92.9,84.3
ENG-00823,2025-11-01,86.14,73.64,78.4,86.43
ENG-00824,2025-09-01,74.26,79.86,79.42,80.97
ENG-00824,2025-10-01,86.64,76.17,76.17,83.25
ENG-00824,2025-11-01,75.43,58.92,77.42,73.48
ENG-00824,2025-12-01,79.44,79.88,88.12,80.72
ENG-00824,2026-01-01,84.4,79.24,75.66,85.12
ENG-00824,2026-02-01,75.78,81.53,77.45,85.38
ENG-00824,2026-03-01,79.24,77.58,75.39,88.51
ENG-00824,2026-04-01,79.08,70.22,78.59,79.63
ENG-00824,2026-05-01,74.7,71.91,81.34,79.83
ENG-00824,2026-06-01,80.24,79.05,80.39,84.29
ENG-00824,2026-07-01,68.46,84.7,74.2,73.49
ENG-00824,2026-08-01,76.79,74.18,85.07,82.66
ENG-00825,2024-12-01,75.07,73.92,74.62,84.06
ENG-00825,2025-01-01,76.64,78.34,77.02,83.82
ENG-00825,2025-02-01,75.01,71.25,78.31,81.77
ENG-00825,2025-03-01,78.01,76.39,84.88,82.49
ENG-00825,2025-04-01,83.35,78.0,76.94,86.98
ENG-00825,2025-05-01,76.96,83.29,79.35,81.8
ENG-00825,2025-06-01,79.51,81.03,87.45,86.77
ENG-00825,2025-07-01,77.28,75.29,87.97,80.4
ENG-00825,2025-08-01,83.02,78.18,85.99,80.53
ENG-00825,2025-09-01,74.79,74.1,77.91,81.1
ENG-00825,2025-10-01,79.74,81.36,86.03,81.57
ENG-00826,2026-07-01,72.53,66.81,63.21,73.51
ENG-00826,2026-08-01,90.51,73.87,78.81,83.81
ENG-00827,2025-10-01,70.78,76.4,75.06,77.86
ENG-00827,2025-11-01,85.64,68.63,80.61,77.44
ENG-00827,2025-12-01,84.82,92.26,79.99,86.35
ENG-00827,2026-01-01,87.63,79.19,85.2,88.12
ENG-00827,2026-02-01,78.41,86.25,80.03,86.62
ENG-00827,2026-03-01,76.43,82.62,75.21,85.0
ENG-00827,2026-04-01,75.15,73.51,81.03,76.68
ENG-00827,2026-05-01,71.12,74.71,73.8,79.16
ENG-00827,2026-06-01,69.57,70.45,70.67,72.46
ENG-00827,2026-07-01,67.7,59.31,58.56,58.42
ENG-00828,2025-05-01,79.14,78.37,89.99,77.83
ENG-00828,2025-06-01,80.71,72.14,73.04,79.69
ENG-00828,2025-07-01,74.74,64.51,76.63,69.0
ENG-00828,2025-08-01,73.08,65.37,69.43,79.27
ENG-00828,2025-09-01,81.21,75.37,74.3,73.01
ENG-00828,2025-10-01,82.97,79.04,80.19,79.67
ENG-00828,2025-11-01,80.94,74.41,70.69,74.8
ENG-00828,2025-12-01,70.05,76.09,71.43,82.46
ENG-00828,2026-01-01,73.96,61.67,77.71,70.86
ENG-00828,2026-02-01,76.53,78.06,70.86,78.47
ENG-00829,2024-06-01,73.33,69.22,65.9,83.39
ENG-00829,2024-07-01,66.72,69.69,81.41,72.55
ENG-00829,2024-08-01,75.39,77.63,73.7,80.77
ENG-00829,2024-09-01,74.63,74.36,76.58,76.97
ENG-00829,2024-10-01,72.85,76.85,80.68,77.36
ENG-00829,2024-11-01,73.1,68.0,71.62,77.72
ENG-00829,2024-12-01,75.65,74.3,83.34,81.06
ENG-00830,2025-01-01,70.35,76.13,79.53,80.44
ENG-00830,2025-02-01,80.54,71.19,73.99,76.18
ENG-00830,2025-03-01,71.31,72.01,58.93,70.12
ENG-00830,2025-04-01,70.21,67.03,69.31,74.72
ENG-00830,2025-05-01,64.92,57.37,66.78,59.75
ENG-00831,2025-07-01,80.3,72.57,80.44,75.96
ENG-00831,2025-08-01,75.43,63.03,74.69,83.64
ENG-00831,2025-09-01,86.26,78.4,88.55,82.66
ENG-00831,2025-10-01,77.87,80.33,86.03,85.81
ENG-00831,2025-11-01,85.23,82.98,87.61,87.53
ENG-00831,2025-12-01,87.57,78.56,84.2,84.68
ENG-00831,2026-01-01,76.58,74.06,89.36,80.26
ENG-00831,2026-02-01,79.05,72.7,79.96,82.26
ENG-00831,2026-03-01,81.96,74.53,72.25,80.64
ENG-00831,2026-04-01,77.87,74.68,83.26,83.16
ENG-00832,2026-06-01,78.35,81.54,76.94,81.29
ENG-00832,2026-07-01,84.56,77.61,82.72,78.75
ENG-00832,2026-08-01,76.18,76.1,72.15,83.58
ENG-00833,2025-10-01,80.13,76.81,76.45,79.42
ENG-00833,2025-11-01,75.87,75.72,71.53,76.34
ENG-00833,2025-12-01,72.4,69.31,73.04,71.85
ENG-00833,2026-01-01,72.95,76.78,78.37,75.32
ENG-00833,2026-02-01,75.86,77.81,68.58,81.21
ENG-00833,2026-03-01,82.45,90.45,72.24,79.74
ENG-00833,2026-04-01,74.68,73.05,79.67,80.26
ENG-00833,2026-05-01,76.14,69.3,67.58,77.22
ENG-00834,2026-01-01,75.77,65.4,73.51,70.22
ENG-00834,2026-02-01,62.0,63.6,67.97,76.9
ENG-00834,2026-03-01,72.62,72.34,76.53,67.61
ENG-00834,2026-04-01,83.4,66.36,74.9,76.92
ENG-00834,2026-05-01,68.82,71.32,73.62,72.64
ENG-00834,2026-06-01,74.55,66.02,71.26,75.62
ENG-00834,2026-07-01,75.95,64.25,69.99,71.23
ENG-00834,2026-08-01,84.58,74.02,73.4,69.91
ENG-00835,2026-06-01,88.32,85.24,88.71,90.94
ENG-00835,2026-07-01,74.66,83.16,80.75,86.14
ENG-00835,2026-08-01,75.81,77.29,73.67,81.18
ENG-00835,2026-09-01,70.56,63.52,67.98,66.79
ENG-00835,2026-10-01,70.51,77.23,68.9,71.28
ENG-00835,2026-11-01,83.38,77.52,75.2,70.6
ENG-00836,2025-07-01,85.36,82.56,91.21,86.52
ENG-00836,2025-08-01,79.68,81.06,81.17,84.37
ENG-00836,2025-09-01,86.52,82.12,61.5,81.84
ENG-00836,2025-10-01,75.93,74.68,79.61,72.26
ENG-00836,2025-11-01,73.19,74.83,72.86,77.18
ENG-00836,2025-12-01,74.65,70.51,79.24,73.9
ENG-00836,2026-01-01,78.34,73.69,87.45,79.13
ENG-00836,2026-02-01,77.46,74.68,84.36,83.37
ENG-00836,2026-03-01,79.79,84.7,82.68,82.39
ENG-00836,2026-04-01,78.72,62.72,87.39,83.7
ENG-00836,2026-05-01,76.99,67.44,67.26,78.23
ENG-00837,2024-09-01,72.53,76.45,71.38,65.99
ENG-00837,2024-10-01,72.39,75.46,66.45,71.84
ENG-00837,2024-11-01,67.47,54.25,66.79,64.41
ENG-00837,2024-12-01,66.0,61.87,70.57,66.01
ENG-00837,2025-01-01,57.9,73.54,62.32,70.77
ENG-00837,2025-02-01,74.06,50.05,66.41,61.0
ENG-00837,2025-03-01,64.46,66.6,62.66,62.17
ENG-00838,2026-05-01,89.0,80.24,89.02,88.13
ENG-00838,2026-06-01,77.1,85.16,84.31,86.09
ENG-00838,2026-07-01,69.26,71.11,84.46,84.89
ENG-00838,2026-08-01,81.9,73.24,83.57,77.09
ENG-00839,2026-07-01,64.13,65.79,58.62,68.26
ENG-00839,2026-08-01,59.49,67.15,52.74,63.24
ENG-00840,2026-03-01,77.09,66.68,69.15,74.32
ENG-00840,2026-04-01,69.57,69.86,71.29,71.94
ENG-00840,2026-05-01,78.67,68.07,69.04,73.41
ENG-00840,2026-06-01,66.2,72.36,73.62,75.49
ENG-00840,2026-07-01,70.71,59.15,70.4,71.69
ENG-00840,2026-08-01,74.49,65.61,78.73,78.38
ENG-00841,2024-06-01,76.23,69.52,76.54,81.48
ENG-00841,2024-07-01,74.49,71.28,82.28,79.3
ENG-00841,2024-08-01,70.92,70.52,75.67,76.69
ENG-00841,2024-09-01,89.92,78.76,94.39,78.52
ENG-00841,2024-10-01,86.85,74.34,86.36,79.44
ENG-00841,2024-11-01,89.54,73.41,84.21,85.17
ENG-00841,2024-12-01,77.76,66.23,81.14,83.01
ENG-00841,2025-01-01,70.4,71.54,83.58,82.38
ENG-00841,2025-02-01,85.91,82.07,87.3,87.42
ENG-00842,2024-01-01,74.24,81.07,86.69,81.56
ENG-00842,2024-02-01,79.77,71.86,70.83,76.4
ENG-00842,2024-03-01,65.61,63.79,70.99,77.05
ENG-00842,2024-04-01,78.21,68.25,81.62,74.39
ENG-00842,2024-05-01,68.84,73.94,67.31,70.09
ENG-00842,2024-06-01,72.55,75.01,78.38,79.04
ENG-00842,2024-07-01,70.79,71.39,67.67,76.6
ENG-00842,2024-08-01,61.6,67.33,72.66,81.12
ENG-00842,2024-09-01,72.16,68.66,71.38,74.45
ENG-00842,2024-10-01,72.37,69.55,69.66,67.09
ENG-00842,2024-11-01,78.71,83.08,71.59,72.01
ENG-00843,2025-12-01,71.91,71.31,81.49,75.81
ENG-00843,2026-01-01,71.52,59.68,70.9,72.16
ENG-00843,2026-02-01,69.64,58.87,56.98,75.77
ENG-00843,2026-03-01,69.94,69.74,68.84,74.45
ENG-00843,2026-04-01,72.58,63.94,71.42,75.98
ENG-00843,2026-05-01,82.22,78.46,82.23,78.95
ENG-00843,2026-06-01,73.04,64.23,76.08,68.72
ENG-00844,2025-08-01,73.69,78.07,69.46,76.64
ENG-00844,2025-09-01,75.91,57.33,67.75,69.59
ENG-00844,2025-10-01,72.95,72.39,76.16,75.91
ENG-00844,2025-11-01,74.38,81.07,73.36,78.08
ENG-00844,2025-12-01,69.2,73.23,81.64,78.04
ENG-00844,2026-01-01,66.5,70.74,61.06,71.24
ENG-00844,2026-02-01,72.91,64.04,75.21,68.05
ENG-00844,2026-03-01,79.76,70.01,75.5,77.37
ENG-00844,2026-04-01,73.69,76.85,90.68,76.13
ENG-00844,2026-05-01,72.91,80.11,76.41,79.57
ENG-00844,2026-06-01,68.76,68.07,74.0,77.64
ENG-00844,2026-07-01,64.67,71.51,66.81,77.73
ENG-00844,2026-08-01,77.39,71.64,71.93,73.83
ENG-00845,2024-12-01,82.64,69.86,69.74,76.55
ENG-00845,2025-01-01,72.19,74.74,80.42,72.05
ENG-00845,2025-02-01,70.11,62.25,72.56,69.03
ENG-00845,2025-03-01,75.16,75.88,75.27,79.13
ENG-00845,2025-04-01,77.46,64.2,80.86,76.82
ENG-00845,2025-05-01,73.2,78.69,71.23,70.39
ENG-00845,2025-06-01,76.54,80.8,80.33,78.89
ENG-00845,2025-07-01,77.17,62.92,84.63,79.88
ENG-00845,2025-08-01,72.55,78.63,78.15,77.93
ENG-00845,2025-09-01,83.18,73.24,80.95,77.93
ENG-00845,2025-10-01,73.69,75.14,78.57,75.97
ENG-00845,2025-11-01,73.61,67.98,65.19,80.0
ENG-00846,2024-10-01,82.1,75.92,85.65,81.19
ENG-00846,2024-11-01,78.47,76.5,75.48,83.09
ENG-00846,2024-12-01,77.36,83.61,87.03,82.43
ENG-00846,2025-01-01,91.1,87.48,86.58,86.45
ENG-00846,2025-02-01,79.07,92.29,78.79,88.85
ENG-00846,2025-03-01,70.42,74.11,83.78,85.33
ENG-00846,2025-04-01,88.33,77.74,88.83,88.22
ENG-00847,2026-03-01,87.41,86.06,91.61,85.95
ENG-00847,2026-04-01,79.28,80.11,88.56,90.65
ENG-00847,2026-05-01,84.24,85.25,82.79,90.37
ENG-00847,2026-06-01,88.0,86.34,82.65,87.82
ENG-00847,2026-07-01,75.94,82.93,87.24,90.95
ENG-00847,2026-08-01,81.14,85.86,94.03,88.94
ENG-00848,2025-11-01,84.18,83.23,94.35,85.53
ENG-00848,2025-12-01,74.08,81.9,80.74,86.63
ENG-00848,2026-01-01,93.68,93.74,92.31,89.07
ENG-00848,2026-02-01,88.36,86.44,89.45,91.44
ENG-00848,2026-03-01,80.98,83.82,85.62,84.32
ENG-00848,2026-04-01,67.97,83.3,85.22,84.42
ENG-00848,2026-05-01,79.42,87.11,92.7,89.92
ENG-00848,2026-06-01,77.21,77.69,88.51,87.79
ENG-00848,2026-07-01,70.63,81.1,94.41,86.8
ENG-00848,2026-08-01,84.31,76.96,87.84,87.48
ENG-00849,2025-01-01,71.32,57.48,68.49,64.21
ENG-00849,2025-02-01,61.65,58.78,67.5,60.56
ENG-00849,2025-03-01,52.88,49.69,50.08,54.43
ENG-00849,2025-04-01,61.55,51.89,51.29,50.06
ENG-00850,2026-01-01,76.58,74.18,71.59,83.13
ENG-00850,2026-02-01,83.45,74.64,87.13,81.52
ENG-00850,2026-03-01,70.63,72.4,78.84,80.82
ENG-00850,2026-04-01,78.08,70.47,69.12,83.42
ENG-00850,2026-05-01,80.87,76.0,83.19,83.28
ENG-00850,2026-06-01,84.19,78.9,82.6,85.64
ENG-00850,2026-07-01,89.88,80.72,73.36,85.12
ENG-00850,2026-08-01,80.83,80.78,86.22,85.33
ENG-00851,2024-03-01,89.22,86.62,91.16,87.88
ENG-00851,2024-04-01,78.24,66.66,75.0,75.97
ENG-00851,2024-05-01,70.8,64.69,69.93,72.01
ENG-00851,2024-06-01,63.31,52.35,64.43,62.33
ENG-00851,2024-07-01,61.56,50.57,56.5,56.54
ENG-00852,2025-08-01,76.77,83.78,83.05,84.48
ENG-00852,2025-09-01,79.77,76.23,81.12,80.86
ENG-00852,2025-10-01,82.85,84.8,81.65,83.47
ENG-00852,2025-11-01,81.29,76.59,89.57,84.86
ENG-00852,2025-12-01,90.84,98.2,91.53,88.79
ENG-00852,2026-01-01,75.31,84.12,77.92,85.0
ENG-00852,2026-02-01,86.23,84.43,86.78,86.17
ENG-00852,2026-03-01,86.2,70.41,76.85,87.69
ENG-00852,2026-04-01,75.45,73.83,88.22,84.36
ENG-00852,2026-05-01,88.44,93.83,92.44,89.82
ENG-00853,2025-10-01,80.34,78.29,90.39,84.58
ENG-00853,2025-11-01,75.01,69.45,81.9,83.27
ENG-00853,2025-12-01,76.73,75.4,74.42,79.22
ENG-00853,2026-01-01,73.39,56.9,72.67,66.98
ENG-00853,2026-02-01,74.6,48.69,45.9,57.49
ENG-00853,2026-03-01,60.18,55.36,56.75,61.43
ENG-00854,2024-09-01,72.91,65.74,69.61,72.22
ENG-00854,2024-10-01,82.66,75.3,69.67,78.2
ENG-00854,2024-11-01,69.21,75.29,80.93,84.37
ENG-00854,2024-12-01,81.68,75.95,74.78,80.54
ENG-00854,2025-01-01,80.48,69.59,77.53,82.54
ENG-00854,2025-02-01,74.74,76.27,86.27,79.49
ENG-00854,2025-03-01,74.25,61.1,80.81,78.9
ENG-00854,2025-04-01,79.39,76.35,82.05,83.56
ENG-00854,2025-05-01,76.22,69.35,71.25,71.41
ENG-00854,2025-06-01,80.37,77.99,81.24,79.38
ENG-00855,2026-07-01,89.23,82.85,86.76,90.2
ENG-00855,2026-08-01,83.12,88.93,87.96,85.91
ENG-00855,2026-09-01,85.33,88.6,92.57,88.96
ENG-00855,2026-10-01,85.25,79.81,78.03,89.87
ENG-00855,2026-11-01,83.5,88.8,81.83,89.36
ENG-00855,2026-12-01,83.31,83.2,88.06,90.19
ENG-00855,2027-01-01,82.7,81.33,81.15,82.75
ENG-00855,2027-02-01,75.38,75.49,74.79,80.59
ENG-00855,2027-03-01,74.72,74.03,81.66,73.54
ENG-00855,2027-04-01,70.25,71.69,71.81,68.14
ENG-00856,2025-06-01,84.95,80.41,86.53,83.75
ENG-00856,2025-07-01,80.92,85.46,95.66,88.12
ENG-00856,2025-08-01,68.4,69.85,79.98,72.48
ENG-00856,2025-09-01,75.9,69.6,67.53,72.13
ENG-00856,2025-10-01,59.76,59.85,59.62,66.57
ENG-00856,2025-11-01,70.42,67.38,57.84,60.31
ENG-00857,2025-12-01,72.94,75.27,81.2,75.5
ENG-00857,2026-01-01,65.71,65.8,79.92,75.82
ENG-00857,2026-02-01,75.98,64.48,77.13,77.29
ENG-00857,2026-03-01,70.07,62.7,75.92,77.52
ENG-00857,2026-04-01,71.46,72.31,76.84,76.91
ENG-00857,2026-05-01,77.71,75.22,69.19,79.39
ENG-00857,2026-06-01,77.88,77.15,73.38,80.07
ENG-00857,2026-07-01,79.02,74.16,74.2,77.94
ENG-00857,2026-08-01,80.34,71.2,76.11,85.76
ENG-00858,2025-10-01,77.1,68.93,79.22,79.54
ENG-00858,2025-11-01,70.03,68.0,66.75,68.3
ENG-00858,2025-12-01,72.62,61.81,68.92,71.82
ENG-00858,2026-01-01,74.57,69.63,75.85,79.08
ENG-00858,2026-02-01,72.54,75.2,76.35,75.76
ENG-00858,2026-03-01,73.29,72.67,75.39,77.08
ENG-00858,2026-04-01,82.94,83.76,83.26,83.89
ENG-00858,2026-05-01,80.2,76.7,74.81,83.54
ENG-00858,2026-06-01,73.21,63.98,74.23,79.83
ENG-00858,2026-07-01,77.16,79.06,65.45,78.58
ENG-00858,2026-08-01,70.55,76.59,77.02,82.0
ENG-00859,2024-08-01,57.72,64.43,53.36,71.97
ENG-00859,2024-09-01,71.89,69.73,61.66,76.99
ENG-00859,2024-10-01,78.13,72.27,72.03,70.77
ENG-00859,2024-11-01,64.09,63.92,62.18,54.58
ENG-00859,2024-12-01,54.8,66.29,51.71,58.86
ENG-00859,2025-01-01,56.32,53.43,51.32,53.86
ENG-00859,2025-02-01,58.68,42.45,41.99,43.36
ENG-00860,2026-08-01,79.48,66.36,80.68,69.65
ENG-00860,2026-09-01,58.0,50.27,60.34,63.88
ENG-00860,2026-10-01,63.85,64.59,62.29,66.7
ENG-00860,2026-11-01,74.52,73.39,66.95,75.49
ENG-00860,2026-12-01,59.25,66.51,67.19,69.52
ENG-00860,2027-01-01,57.77,53.14,57.54,51.92
ENG-00860,2027-02-01,53.12,42.26,52.36,51.49
ENG-00860,2027-03-01,45.29,38.41,55.26,41.09
ENG-00861,2025-10-01,82.12,72.93,74.87,80.82
ENG-00861,2025-11-01,70.95,60.37,73.12,69.57
ENG-00861,2025-12-01,67.49,70.8,74.21,67.82
ENG-00861,2026-01-01,56.4,54.9,61.82,57.23
ENG-00862,2026-05-01,76.9,74.02,86.45,78.3
ENG-00862,2026-06-01,84.43,79.41,81.66,80.94
ENG-00862,2026-07-01,74.92,62.86,70.67,74.59
ENG-00862,2026-08-01,80.87,72.29,76.47,82.31
ENG-00862,2026-09-01,80.35,77.24,72.29,79.02
ENG-00862,2026-10-01,80.32,72.54,76.99,76.68
ENG-00862,2026-11-01,75.8,70.12,70.33,65.23
ENG-00862,2026-12-01,70.14,68.98,73.02,69.0
ENG-00862,2027-01-01,56.77,40.93,57.6,54.45
ENG-00863,2025-09-01,82.86,73.89,84.69,85.38
ENG-00863,2025-10-01,89.14,83.01,89.85,88.01
ENG-00863,2025-11-01,82.09,84.13,80.17,86.78
ENG-00863,2025-12-01,73.96,89.8,96.17,88.39
ENG-00863,2026-01-01,84.95,95.22,86.85,86.54
ENG-00863,2026-02-01,75.4,76.43,72.12,85.09
ENG-00863,2026-03-01,83.43,84.46,93.83,87.67
ENG-00863,2026-04-01,82.06,85.4,90.34,88.75
ENG-00863,2026-05-01,74.72,80.1,81.74,82.82
ENG-00863,2026-06-01,87.77,75.02,92.4,84.79
ENG-00863,2026-07-01,86.96,80.23,81.87,79.93
ENG-00863,2026-08-01,80.62,79.57,75.81,82.76
ENG-00864,2025-05-01,80.0,72.67,84.04,75.66
ENG-00864,2025-06-01,74.07,58.17,81.68,68.82
ENG-00864,2025-07-01,74.57,71.58,79.99,77.44
ENG-00864,2025-08-01,71.79,83.85,62.68,78.55
ENG-00864,2025-09-01,81.36,73.68,70.47,77.38
ENG-00864,2025-10-01,67.64,70.18,77.11,76.54
ENG-00864,2025-11-01,76.97,60.73,71.7,74.02
ENG-00864,2025-12-01,72.62,78.08,77.59,75.59
ENG-00865,2025-05-01,75.48,68.3,76.22,72.63
ENG-00865,2025-06-01,67.03,64.43,70.85,65.7
ENG-00865,2025-07-01,76.83,61.75,64.36,71.72
ENG-00865,2025-08-01,66.13,67.15,71.87,72.24
ENG-00865,2025-09-01,71.17,68.2,73.52,75.49
ENG-00865,2025-10-01,74.25,66.63,80.98,72.08
ENG-00865,2025-11-01,81.84,62.56,70.87,71.85
ENG-00866,2024-03-01,78.8,74.06,78.93,81.44
ENG-00866,2024-04-01,84.64,86.23,89.72,86.8
ENG-00866,2024-05-01,85.6,80.52,89.12,88.66
ENG-00866,2024-06-01,75.3,74.75,79.9,85.52
ENG-00866,2024-07-01,81.29,89.88,82.48,89.96
ENG-00866,2024-08-01,89.0,98.04,82.33,89.42
ENG-00866,2024-09-01,89.36,88.6,85.35,89.25
ENG-00867,2026-05-01,81.1,83.39,84.47,86.94
ENG-00867,2026-06-01,72.95,68.83,81.05,77.52
ENG-00867,2026-07-01,71.69,69.15,61.59,79.3
ENG-00867,2026-08-01,70.07,54.83,70.54,67.38
ENG-00867,2026-09-01,61.8,53.81,64.21,69.06
ENG-00868,2025-06-01,81.15,70.63,75.39,83.53
ENG-00868,2025-07-01,65.15,80.3,83.61,80.91
ENG-00868,2025-08-01,62.43,71.06,72.45,75.48
ENG-00868,2025-09-01,82.35,76.71,78.44,76.69
ENG-00868,2025-10-01,84.15,77.41,96.51,85.41
ENG-00868,2025-11-01,80.12,63.64,81.43,81.54
ENG-00868,2025-12-01,79.94,81.16,78.15,80.13
ENG-00868,2026-01-01,84.22,71.75,77.31,72.48
ENG-00868,2026-02-01,73.27,74.79,72.01,79.9
ENG-00868,2026-03-01,80.15,91.5,77.16,82.88
ENG-00868,2026-04-01,70.76,83.95,78.86,80.42
ENG-00869,2024-10-01,70.08,59.16,75.33,78.84
ENG-00869,2024-11-01,80.18,84.67,84.97,85.89
ENG-00869,2024-12-01,74.61,68.19,81.48,78.04
ENG-00869,2025-01-01,70.02,69.85,72.75,77.76
ENG-00869,2025-02-01,84.63,77.01,81.56,78.95
ENG-00869,2025-03-01,80.29,90.53,79.54,84.67
ENG-00869,2025-04-01,81.24,76.85,90.87,85.36
ENG-00869,2025-05-01,76.44,80.53,82.72,76.85
ENG-00869,2025-06-01,82.74,81.35,81.77,78.13
ENG-00869,2025-07-01,77.77,77.72,80.02,80.83
ENG-00869,2025-08-01,83.73,79.22,81.04,85.67
ENG-00869,2025-09-01,79.05,66.78,82.44,76.17
ENG-00870,2026-07-01,76.04,77.36,82.7,85.27
ENG-00870,2026-08-01,76.49,75.18,87.64,81.81
ENG-00871,2026-02-01,62.67,66.26,71.71,68.71
ENG-00871,2026-03-01,75.86,66.49,71.26,65.05
ENG-00871,2026-04-01,73.83,60.61,67.22,64.33
ENG-00871,2026-05-01,70.41,64.75,63.59,70.72
ENG-00871,2026-06-01,72.97,68.98,72.1,66.66
ENG-00871,2026-07-01,65.01,57.8,68.11,65.0
ENG-00871,2026-08-01,58.93,68.76,54.99,67.63
ENG-00872,2026-08-01,76.82,77.71,85.44,83.53
ENG-00873,2026-02-01,83.55,77.06,70.24,82.6
ENG-00873,2026-03-01,77.28,74.7,79.18,76.29
ENG-00873,2026-04-01,78.06,82.69,84.09,81.06
ENG-00873,2026-05-01,80.81,76.65,74.74,84.85
ENG-00873,2026-06-01,76.85,74.15,77.79,81.99
ENG-00873,2026-07-01,83.95,74.58,84.72,78.63
ENG-00873,2026-08-01,77.42,75.99,85.94,77.86
ENG-00874,2025-05-01,78.69,78.91,86.75,85.39
ENG-00874,2025-06-01,80.69,73.85,80.56,81.75
ENG-00874,2025-07-01,84.28,79.65,88.13,89.61
ENG-00874,2025-08-01,82.17,79.17,80.55,83.87
ENG-00874,2025-09-01,85.63,80.72,81.23,82.77
ENG-00874,2025-10-01,81.34,79.59,77.77,78.32
ENG-00874,2025-11-01,84.47,78.95,78.51,85.73
ENG-00874,2025-12-01,81.11,85.4,91.5,84.24
ENG-00874,2026-01-01,81.6,73.1,77.29,77.09
ENG-00874,2026-02-01,85.58,74.29,86.99,80.58
ENG-00874,2026-03-01,82.03,79.16,85.85,87.38
ENG-00874,2026-04-01,77.59,74.64,92.64,80.83
ENG-00874,2026-05-01,89.84,88.54,98.77,84.93
ENG-00875,2025-01-01,78.81,68.52,90.49,78.83
ENG-00875,2025-02-01,81.33,83.44,81.17,80.16
ENG-00875,2025-03-01,82.57,81.26,93.84,88.96
ENG-00875,2025-04-01,78.44,81.34,77.7,83.66
ENG-00875,2025-05-01,71.93,79.0,85.5,83.04
ENG-00875,2025-06-01,80.98,73.07,87.81,80.11
ENG-00875,2025-07-01,78.67,80.19,79.97,85.31
ENG-00875,2025-08-01,90.58,80.71,88.01,88.96
ENG-00875,2025-09-01,86.3,77.09,83.38,80.72
ENG-00875,2025-10-01,82.75,84.16,89.31,87.42
ENG-00875,2025-11-01,80.41,81.13,82.19,84.44
ENG-00876,2026-04-01,80.46,68.12,87.76,77.79
ENG-00876,2026-05-01,86.14,73.74,73.94,83.49
ENG-00876,2026-06-01,69.94,77.85,78.97,82.54
ENG-00876,2026-07-01,70.54,77.23,87.4,79.33
ENG-00876,2026-08-01,80.42,63.35,87.1,73.17
ENG-00877,2025-12-01,91.22,86.64,88.41,88.46
ENG-00877,2026-01-01,98.05,79.82,97.58,91.7
ENG-00877,2026-02-01,73.61,84.28,81.89,88.05
ENG-00877,2026-03-01,80.32,80.49,85.85,90.7
ENG-00877,2026-04-01,84.41,81.92,88.37,85.99
ENG-00877,2026-05-01,86.92,76.33,78.6,89.2
ENG-00877,2026-06-01,79.52,71.88,84.02,82.36
ENG-00877,2026-07-01,73.27,80.65,77.68,83.59
ENG-00877,2026-08-01,74.12,73.8,90.31,69.06
ENG-00877,2026-09-01,62.16,65.17,63.01,67.85
ENG-00878,2026-07-01,73.18,76.21,75.17,82.23
ENG-00878,2026-08-01,77.4,72.33,79.58,79.52
ENG-00879,2024-01-01,71.17,67.72,78.66,73.45
ENG-00879,2024-02-01,61.63,68.64,72.49,65.12
ENG-00879,2024-03-01,67.08,67.21,67.42,61.96
ENG-00879,2024-04-01,58.29,71.26,48.65,59.71
ENG-00880,2024-05-01,82.78,78.35,79.04,86.21
ENG-00880,2024-06-01,71.9,92.19,95.49,84.46
ENG-00880,2024-07-01,78.71,76.5,81.22,78.65
ENG-00880,2024-08-01,75.83,72.14,82.69,83.25
ENG-00880,2024-09-01,84.57,69.35,94.1,85.12
ENG-00880,2024-10-01,75.11,70.97,71.53,75.28
ENG-00880,2024-11-01,84.54,82.2,89.07,85.75
ENG-00880,2024-12-01,70.09,67.83,71.4,76.16
ENG-00880,2025-01-01,85.13,79.7,87.32,83.58
ENG-00880,2025-02-01,73.16,69.86,73.61,80.21
ENG-00881,2026-07-01,72.75,73.04,80.9,83.57
ENG-00881,2026-08-01,79.61,88.3,73.73,81.44
ENG-00881,2026-09-01,72.29,66.93,72.44,67.62
ENG-00881,2026-10-01,61.49,66.43,67.61,67.81
ENG-00881,2026-11-01,64.32,56.06,67.03,58.36
ENG-00882,2026-01-01,76.68,75.02,74.61,77.82
ENG-00882,2026-02-01,78.4,74.06,87.82,74.4
ENG-00882,2026-03-01,85.19,69.63,81.38,76.79
ENG-00882,2026-04-01,89.69,76.87,79.08,79.66
ENG-00882,2026-05-01,68.89,75.28,69.44,81.53
ENG-00882,2026-06-01,73.24,72.52,66.11,78.13
ENG-00882,2026-07-01,72.39,82.68,79.26,81.15
ENG-00882,2026-08-01,64.75,64.94,70.0,77.77
ENG-00883,2026-01-01,75.58,60.27,85.03,73.76
ENG-00883,2026-02-01,75.32,71.51,82.05,77.65
ENG-00883,2026-03-01,85.14,86.66,82.32,76.79
ENG-00883,2026-04-01,71.26,76.05,85.56,82.95
ENG-00883,2026-05-01,82.39,88.62,87.01,84.46
ENG-00883,2026-06-01,75.7,71.83,77.0,77.94
ENG-00883,2026-07-01,83.5,76.72,91.46,83.2
ENG-00883,2026-08-01,76.13,75.2,76.21,82.35
ENG-00884,2026-04-01,68.12,62.62,75.32,72.13
ENG-00884,2026-05-01,59.25,50.25,63.97,54.64
ENG-00884,2026-06-01,59.42,47.83,58.56,44.81
ENG-00884,2026-07-01,54.43,54.57,42.62,57.19
ENG-00885,2024-12-01,83.52,78.95,87.68,83.38
ENG-00885,2025-01-01,99.79,86.92,93.84,91.09
ENG-00885,2025-02-01,78.1,68.66,67.71,86.07
ENG-00885,2025-03-01,88.44,81.79,100.0,90.88
ENG-00885,2025-04-01,78.65,82.71,76.56,88.53
ENG-00885,2025-05-01,78.52,70.84,79.77,88.24
ENG-00885,2025-06-01,83.15,81.22,89.31,88.21
ENG-00885,2025-07-01,76.36,80.48,77.9,85.44
ENG-00886,2026-03-01,76.12,70.45,76.8,80.05
ENG-00886,2026-04-01,73.46,62.13,78.21,82.45
ENG-00886,2026-05-01,72.11,71.95,79.96,77.28
ENG-00886,2026-06-01,81.61,84.7,72.63,83.66
ENG-00886,2026-07-01,73.95,69.17,76.96,79.25
ENG-00886,2026-08-01,72.76,61.15,69.74,69.78
ENG-00887,2024-06-01,82.88,86.86,89.11,86.86
ENG-00887,2024-07-01,76.83,76.31,76.44,84.08
ENG-00887,2024-08-01,69.21,77.01,78.6,81.76
ENG-00887,2024-09-01,73.14,77.68,77.33,78.95
ENG-00887,2024-10-01,73.49,83.88,84.61,83.62
ENG-00887,2024-11-01,73.8,81.48,77.49,83.19
ENG-00887,2024-12-01,79.38,69.4,86.8,85.62
ENG-00888,2024-05-01,73.65,74.85,76.42,88.84
ENG-00888,2024-06-01,77.93,77.64,80.05,85.24
ENG-00888,2024-07-01,76.32,72.14,78.0,82.21
ENG-00888,2024-08-01,80.07,71.66,84.14,77.54
ENG-00888,2024-09-01,79.51,85.42,83.46,85.12
ENG-00888,2024-10-01,78.64,72.86,82.76,86.23
ENG-00888,2024-11-01,80.16,72.17,77.79,87.14
ENG-00888,2024-12-01,89.19,86.94,87.4,89.51
ENG-00888,2025-01-01,76.15,80.67,92.84,81.05
ENG-00889,2026-05-01,78.36,82.89,88.31,86.51
ENG-00889,2026-06-01,81.51,80.38,80.05,89.0
ENG-00889,2026-07-01,74.38,87.5,89.88,85.87
ENG-00889,2026-08-01,88.37,92.74,91.56,91.14
ENG-00890,2026-07-01,90.47,87.43,95.79,92.49
ENG-00890,2026-08-01,70.87,74.47,76.63,80.93
ENG-00891,2025-07-01,69.35,73.84,78.25,79.54
ENG-00891,2025-08-01,80.16,80.22,85.82,80.93
ENG-00891,2025-09-01,76.02,73.61,79.32,79.83
ENG-00891,2025-10-01,79.41,74.49,75.77,75.24
ENG-00891,2025-11-01,75.91,73.68,69.08,73.7
ENG-00891,2025-12-01,74.22,70.47,70.1,76.47
ENG-00891,2026-01-01,77.8,79.35,85.24,80.84
ENG-00892,2025-06-01,56.29,64.42,60.04,68.57
ENG-00892,2025-07-01,69.91,46.7,63.28,59.63
ENG-00892,2025-08-01,50.61,69.87,67.33,55.49
ENG-00892,2025-09-01,56.22,47.54,60.42,48.61
ENG-00892,2025-10-01,53.14,42.55,52.44,46.76
ENG-00893,2025-02-01,82.68,69.88,83.96,78.38
ENG-00893,2025-03-01,72.79,76.38,79.97,79.47
ENG-00893,2025-04-01,80.64,83.17,92.41,88.22
ENG-00893,2025-05-01,92.91,80.31,88.01,85.73
ENG-00893,2025-06-01,85.05,85.99,91.51,87.51
ENG-00893,2025-07-01,83.22,78.14,88.03,87.24
ENG-00893,2025-08-01,91.0,84.5,87.22,83.51
ENG-00893,2025-09-01,89.26,80.0,88.9,90.94
ENG-00893,2025-10-01,83.39,76.07,68.63,81.86
ENG-00893,2025-11-01,92.35,72.31,90.81,80.3
ENG-00894,2025-06-01,82.88,72.95,88.63,78.79
ENG-00894,2025-07-01,77.59,78.94,77.83,85.04
ENG-00894,2025-08-01,86.44,78.17,80.9,90.09
ENG-00894,2025-09-01,81.18,67.78,80.34,88.59
ENG-00894,2025-10-01,81.05,75.31,88.75,88.53
ENG-00894,2025-11-01,80.52,87.73,83.49,91.75
ENG-00894,2025-12-01,82.9,78.4,80.02,79.68
ENG-00894,2026-01-01,70.35,84.31,88.24,85.69
ENG-00894,2026-02-01,77.64,77.26,82.95,83.91
ENG-00895,2024-11-01,83.82,69.89,86.4,75.21
ENG-00895,2024-12-01,75.32,77.08,85.67,83.76
ENG-00895,2025-01-01,75.68,70.69,75.88,83.4
ENG-00895,2025-02-01,72.5,75.03,73.13,73.19
ENG-00895,2025-03-01,82.51,73.15,87.57,77.54
ENG-00895,2025-04-01,79.35,76.23,82.81,85.08
ENG-00895,2025-05-01,79.5,81.73,73.75,82.88
ENG-00895,2025-06-01,76.63,61.63,77.2,74.99
ENG-00895,2025-07-01,79.13,83.12,81.31,82.54
ENG-00895,2025-08-01,81.92,85.06,79.19,89.23
ENG-00895,2025-09-01,79.53,85.79,77.34,81.06
ENG-00896,2024-03-01,85.69,84.27,80.47,84.01
ENG-00896,2024-04-01,79.52,78.53,86.16,85.98
ENG-00896,2024-05-01,87.08,78.16,82.69,81.34
ENG-00896,2024-06-01,83.21,85.03,84.47,84.09
ENG-00896,2024-07-01,80.51,71.63,77.13,80.53
ENG-00896,2024-08-01,81.24,78.73,68.71,79.86
ENG-00896,2024-09-01,62.48,67.34,52.31,73.37
ENG-00896,2024-10-01,71.7,67.76,65.51,66.36
ENG-00896,2024-11-01,67.68,59.43,62.05,57.86
ENG-00897,2025-08-01,88.96,83.89,96.09,89.62
ENG-00897,2025-09-01,85.22,78.55,90.17,81.25
ENG-00897,2025-10-01,76.68,84.64,94.1,90.5
ENG-00897,2025-11-01,85.67,82.62,82.57,89.76
ENG-00897,2025-12-01,79.54,78.65,82.63,85.95
ENG-00897,2026-01-01,86.5,83.51,77.87,89.76
ENG-00897,2026-02-01,92.87,95.87,97.87,92.28
ENG-00897,2026-03-01,81.77,82.37,86.43,87.86
ENG-00897,2026-04-01,91.59,93.2,84.14,93.12
ENG-00897,2026-05-01,81.11,82.28,87.58,88.33
ENG-00897,2026-06-01,89.01,92.81,87.23,93.14
ENG-00898,2026-05-01,88.24,81.05,87.38,82.2
ENG-00898,2026-06-01,77.35,69.56,89.58,88.45
ENG-00898,2026-07-01,82.08,81.27,79.7,86.39
ENG-00898,2026-08-01,81.72,78.42,87.66,84.0
ENG-00899,2024-06-01,75.44,80.75,80.49,84.59
ENG-00899,2024-07-01,84.45,80.4,73.94,78.24
ENG-00899,2024-08-01,75.31,70.98,78.25,79.97
ENG-00899,2024-09-01,84.29,85.01,79.47,83.68
ENG-00899,2024-10-01,76.42,83.69,88.42,87.53
ENG-00899,2024-11-01,86.97,91.15,88.99,87.26
ENG-00899,2024-12-01,79.4,79.35,80.61,82.89
ENG-00899,2025-01-01,84.5,78.09,77.9,86.04
ENG-00900,2024-03-01,77.24,81.96,75.35,77.1
ENG-00900,2024-04-01,70.75,72.53,76.18,81.04
ENG-00900,2024-05-01,65.52,65.43,72.83,76.32
ENG-00900,2024-06-01,71.96,71.19,74.55,68.22
ENG-00900,2024-07-01,77.55,80.76,75.0,80.99
ENG-00900,2024-08-01,76.92,68.42,75.25,78.15
ENG-00900,2024-09-01,73.28,82.35,84.37,80.63
ENG-00900,2024-10-01,88.48,80.45,75.74,79.24
ENG-00900,2024-11-01,74.14,73.52,84.64,78.28
ENG-00900,2024-12-01,79.26,67.44,82.95,81.72
ENG-00900,2025-01-01,71.32,73.88,81.9,78.82
ENG-00901,2025-10-01,74.39,79.08,77.88,83.41
ENG-00901,2025-11-01,82.38,74.51,69.52,81.86
ENG-00901,2025-12-01,63.44,66.0,74.69,68.86
ENG-00901,2026-01-01,64.35,54.39,63.5,61.68
ENG-00901,2026-02-01,59.75,54.41,64.22,64.56
ENG-00901,2026-03-01,54.95,47.44,42.33,50.35
ENG-00902,2026-01-01,85.33,80.18,90.42,83.84
ENG-00902,2026-02-01,82.08,82.56,88.65,87.44
ENG-00902,2026-03-01,85.7,80.16,83.79,87.8
ENG-00902,2026-04-01,83.58,84.67,87.9,88.41
ENG-00902,2026-05-01,84.96,75.96,89.04,83.62
ENG-00902,2026-06-01,87.97,87.74,94.18,91.95
ENG-00902,2026-07-01,88.77,92.36,87.84,89.73
ENG-00902,2026-08-01,82.3,81.67,96.32,85.64
ENG-00903,2024-09-01,82.43,83.42,87.73,90.06
ENG-00903,2024-10-01,88.41,84.54,85.49,90.86
ENG-00903,2024-11-01,86.05,83.38,87.63,89.53
ENG-00903,2024-12-01,90.07,83.13,77.88,82.51
ENG-00903,2025-01-01,67.25,77.15,79.96,82.74
ENG-00903,2025-02-01,78.0,85.13,84.11,88.12
ENG-00903,2025-03-01,73.07,76.97,80.12,84.6
ENG-00904,2024-07-01,76.59,68.65,75.5,80.85
ENG-00904,2024-08-01,75.85,73.25,81.46,79.99
ENG-00904,2024-09-01,78.11,78.51,81.71,81.52
ENG-00904,2024-10-01,68.66,71.44,68.11,76.01
ENG-00904,2024-11-01,77.01,79.53,65.35,77.68
ENG-00904,2024-12-01,65.96,73.14,71.91,73.9
ENG-00904,2025-01-01,78.87,63.99,71.43,73.82
ENG-00905,2026-04-01,76.0,69.26,74.97,82.21
ENG-00905,2026-05-01,81.51,77.75,80.99,82.01
ENG-00905,2026-06-01,68.8,63.01,69.07,78.02
ENG-00905,2026-07-01,79.42,64.77,75.75,77.84
ENG-00905,2026-08-01,85.91,75.31,78.82,80.96
ENG-00905,2026-09-01,79.75,79.74,88.1,83.22
ENG-00905,2026-10-01,82.65,80.73,76.91,83.92
ENG-00905,2026-11-01,77.37,86.89,71.49,72.62
ENG-00905,2026-12-01,76.97,63.28,53.94,69.43
ENG-00905,2027-01-01,80.67,76.17,76.95,66.24
ENG-00905,2027-02-01,67.9,62.14,68.4,65.93
ENG-00906,2024-05-01,79.82,75.37,85.14,78.11
ENG-00906,2024-06-01,83.21,80.86,75.78,85.09
ENG-00906,2024-07-01,76.71,72.1,75.14,81.13
ENG-00906,2024-08-01,79.96,79.42,78.47,86.27
ENG-00906,2024-09-01,77.66,73.92,75.88,71.3
ENG-00906,2024-10-01,79.45,75.93,74.12,75.48
ENG-00906,2024-11-01,76.69,72.24,81.16,77.09
ENG-00906,2024-12-01,82.66,74.07,90.07,81.49
ENG-00906,2025-01-01,73.59,70.8,76.39,81.72
ENG-00906,2025-02-01,82.08,75.18,80.85,81.2
ENG-00906,2025-03-01,76.94,73.88,86.19,82.34
ENG-00906,2025-04-01,82.99,78.24,80.06,83.09
ENG-00907,2025-09-01,81.26,75.14,86.16,71.55
ENG-00907,2025-10-01,76.12,62.1,83.23,72.62
ENG-00907,2025-11-01,72.21,69.64,71.08,82.12
ENG-00907,2025-12-01,70.74,71.79,71.17,78.14
ENG-00907,2026-01-01,85.06,79.85,74.53,76.92
ENG-00907,2026-02-01,72.33,74.36,71.05,78.52
ENG-00907,2026-03-01,80.47,80.1,83.77,79.44
ENG-00907,2026-04-01,79.55,75.97,80.35,85.17
ENG-00907,2026-05-01,72.63,72.9,84.85,80.58
ENG-00907,2026-06-01,74.16,76.9,74.1,73.51
ENG-00907,2026-07-01,75.74,64.48,75.64,70.25
ENG-00908,2025-11-01,65.16,64.47,70.67,78.26
ENG-00908,2025-12-01,72.43,60.67,66.26,70.39
ENG-00908,2026-01-01,72.37,56.97,57.24,61.57
ENG-00908,2026-02-01,54.13,51.61,57.36,57.09
ENG-00909,2025-04-01,74.27,79.1,80.14,72.7
ENG-00909,2025-05-01,68.34,62.13,65.92,64.06
ENG-00909,2025-06-01,68.98,60.64,61.34,66.72
ENG-00909,2025-07-01,45.23,48.59,60.19,53.15
ENG-00909,2025-08-01,55.04,57.11,51.2,52.98
ENG-00910,2026-08-01,68.88,73.3,78.52,74.38
ENG-00911,2025-03-01,80.86,85.42,97.47,87.75
ENG-00911,2025-04-01,88.58,84.0,84.94,86.41
ENG-00911,2025-05-01,85.5,88.0,85.76,85.28
ENG-00911,2025-06-01,79.63,76.07,81.49,77.19
ENG-00911,2025-07-01,74.68,71.36,80.78,71.78
ENG-00911,2025-08-01,69.18,69.74,66.61,72.99
ENG-00911,2025-09-01,68.44,64.17,70.66,64.64
ENG-00912,2025-12-01,80.47,76.29,86.78,90.07
ENG-00912,2026-01-01,89.48,87.06,98.07,90.71
ENG-00912,2026-02-01,83.44,85.39,93.61,84.63
ENG-00912,2026-03-01,78.81,80.29,86.43,80.86
ENG-00912,2026-04-01,79.39,82.95,83.9,78.44
ENG-00912,2026-05-01,78.12,65.56,74.88,81.79
ENG-00912,2026-06-01,88.28,84.01,83.22,87.79
ENG-00912,2026-07-01,75.85,75.78,87.89,88.72
ENG-00912,2026-08-01,79.17,85.99,84.28,88.44
ENG-00913,2024-11-01,75.32,73.12,81.16,83.77
ENG-00913,2024-12-01,73.83,77.03,77.97,74.75
ENG-00913,2025-01-01,79.26,74.2,80.42,82.37
ENG-00913,2025-02-01,70.88,70.9,68.31,75.17
ENG-00913,2025-03-01,83.79,83.97,85.15,83.55
ENG-00913,2025-04-01,77.72,72.77,77.19,72.23
ENG-00913,2025-05-01,67.51,85.13,79.78,78.62
ENG-00913,2025-06-01,69.7,71.41,73.94,82.02
ENG-00913,2025-07-01,78.43,72.17,69.52,79.48
ENG-00913,2025-08-01,76.79,80.01,82.77,83.11
ENG-00913,2025-09-01,77.88,86.82,72.31,84.58
ENG-00914,2026-05-01,67.4,71.08,79.84,73.09
ENG-00914,2026-06-01,68.89,64.78,60.79,73.45
ENG-00914,2026-07-01,71.39,56.88,67.35,68.1
ENG-00914,2026-08-01,64.38,56.53,62.43,60.66
ENG-00915,2024-10-01,89.02,93.29,86.12,91.22
ENG-00915,2024-11-01,77.37,84.74,89.31,89.02
ENG-00915,2024-12-01,88.06,94.52,100.0,95.25
ENG-00915,2025-01-01,89.44,78.48,91.31,87.02
ENG-00915,2025-02-01,86.77,78.07,100.0,89.19
ENG-00915,2025-03-01,84.11,83.99,96.68,89.63
ENG-00915,2025-04-01,86.33,91.1,98.52,88.91
ENG-00915,2025-05-01,85.49,78.55,86.4,90.02
ENG-00916,2025-07-01,77.8,77.04,78.71,87.52
ENG-00916,2025-08-01,80.76,88.98,87.02,90.23
ENG-00916,2025-09-01,85.68,85.36,94.55,86.03
ENG-00916,2025-10-01,77.5,76.09,90.21,89.44
ENG-00916,2025-11-01,94.05,87.19,89.72,95.09
ENG-00916,2025-12-01,78.05,83.94,83.39,89.41
ENG-00916,2026-01-01,81.62,78.43,84.21,90.28
ENG-00916,2026-02-01,81.86,77.3,93.72,90.33
ENG-00916,2026-03-01,84.1,92.07,93.25,91.79
ENG-00916,2026-04-01,82.43,91.9,100.0,89.3
ENG-00917,2025-08-01,87.04,87.54,90.21,84.74
ENG-00917,2025-09-01,77.6,77.15,82.87,84.92
ENG-00917,2025-10-01,92.0,69.75,83.36,88.14
ENG-00917,2025-11-01,77.55,71.61,80.62,85.21
ENG-00917,2025-12-01,75.99,74.79,90.57,83.39
ENG-00917,2026-01-01,75.25,70.35,80.89,82.46
ENG-00917,2026-02-01,67.15,68.28,76.99,75.78
ENG-00917,2026-03-01,78.46,64.01,73.18,64.87
ENG-00917,2026-04-01,62.42,60.9,65.43,65.57
ENG-00918,2025-11-01,79.67,82.05,79.17,80.63
ENG-00918,2025-12-01,64.04,79.76,83.42,74.83
ENG-00918,2026-01-01,80.26,85.46,78.84,82.6
ENG-00918,2026-02-01,84.42,78.23,80.95,80.47
ENG-00918,2026-03-01,68.71,64.1,70.09,67.46
ENG-00918,2026-04-01,72.27,80.08,83.39,81.49
ENG-00918,2026-05-01,88.82,76.36,71.03,70.16
ENG-00918,2026-06-01,71.13,61.81,67.08,74.83
ENG-00918,2026-07-01,71.88,55.72,71.73,64.46
ENG-00918,2026-08-01,64.73,57.57,67.64,59.03
ENG-00919,2026-06-01,74.62,85.58,82.12,85.24
ENG-00919,2026-07-01,66.77,62.6,71.24,77.12
ENG-00919,2026-08-01,72.54,69.37,74.34,74.29
ENG-00920,2024-07-01,74.47,75.2,75.91,82.77
ENG-00920,2024-08-01,66.79,70.06,72.76,79.85
ENG-00920,2024-09-01,75.73,76.06,76.91,79.31
ENG-00920,2024-10-01,78.13,75.5,85.83,81.63
ENG-00920,2024-11-01,81.16,71.27,77.44,81.05
ENG-00920,2024-12-01,74.51,66.26,66.26,78.18
ENG-00920,2025-01-01,66.71,74.87,72.29,79.59
ENG-00920,2025-02-01,73.15,70.86,80.65,81.47
ENG-00920,2025-03-01,70.55,66.3,77.13,75.34
ENG-00920,2025-04-01,78.71,67.23,76.24,73.85
ENG-00920,2025-05-01,75.35,73.67,68.91,77.61
ENG-00921,2025-12-01,70.56,69.71,74.33,70.83
ENG-00921,2026-01-01,75.35,71.98,69.13,74.36
ENG-00921,2026-02-01,80.65,80.65,71.61,74.15
ENG-00921,2026-03-01,64.0,67.49,68.11,78.06
ENG-00921,2026-04-01,75.16,71.69,72.83,78.25
ENG-00921,2026-05-01,63.77,48.62,57.04,76.12
ENG-00921,2026-06-01,74.4,65.08,72.95,67.54
ENG-00921,2026-07-01,72.39,77.06,76.66,78.75
ENG-00921,2026-08-01,65.63,71.87,76.24,72.69
ENG-00922,2026-02-01,60.62,64.95,62.05,70.64
ENG-00922,2026-03-01,76.49,66.76,80.41,71.48
ENG-00922,2026-04-01,73.11,69.75,69.68,78.99
ENG-00922,2026-05-01,76.06,67.3,72.43,73.59
ENG-00922,2026-06-01,80.93,77.81,79.39,82.5
ENG-00922,2026-07-01,77.12,66.81,72.62,80.73
ENG-00922,2026-08-01,80.68,73.98,86.43,80.62
ENG-00923,2025-07-01,73.07,74.94,76.76,83.18
ENG-00923,2025-08-01,66.74,71.95,63.1,79.13
ENG-00923,2025-09-01,76.12,77.86,68.44,77.41
ENG-00923,2025-10-01,69.56,86.37,70.6,79.6
ENG-00923,2025-11-01,84.26,68.34,75.51,75.89
ENG-00923,2025-12-01,74.52,68.05,65.66,75.35
ENG-00923,2026-01-01,77.39,76.52,82.74,79.66
ENG-00923,2026-02-01,60.13,63.48,68.93,72.33
ENG-00924,2026-08-01,67.17,80.13,70.87,81.34
ENG-00925,2024-02-01,65.05,70.79,75.03,77.84
ENG-00925,2024-03-01,59.17,62.62,55.64,65.56
ENG-00925,2024-04-01,66.44,68.11,68.18,67.69
ENG-00925,2024-05-01,60.72,47.65,53.19,61.98
ENG-00925,2024-06-01,57.56,42.12,47.01,42.61
ENG-00926,2024-05-01,88.51,82.76,80.64,81.5
ENG-00926,2024-06-01,72.15,75.5,79.51,71.71
ENG-00926,2024-07-01,71.25,63.88,73.4,70.29
ENG-00926,2024-08-01,70.37,68.86,70.73,75.6
ENG-00927,2024-11-01,68.42,65.5,69.86,72.01
ENG-00927,2024-12-01,75.43,77.64,72.6,76.59
ENG-00927,2025-01-01,82.42,74.76,85.54,83.05
ENG-00927,2025-02-01,66.69,60.47,63.12,75.93
ENG-00927,2025-03-01,64.74,58.8,67.91,74.12
ENG-00927,2025-04-01,61.69,67.95,63.9,69.57
ENG-00927,2025-05-01,69.94,45.86,54.89,48.58
ENG-00928,2025-06-01,73.92,69.52,73.84,64.85
ENG-00928,2025-07-01,60.8,58.3,53.08,61.88
ENG-00928,2025-08-01,53.59,45.65,59.07,58.66
ENG-00928,2025-09-01,50.62,45.46,51.65,47.48
ENG-00929,2026-02-01,79.74,61.85,71.25,67.44
ENG-00929,2026-03-01,67.76,62.62,73.32,72.2
ENG-00929,2026-04-01,71.3,67.76,66.19,68.7
ENG-00929,2026-05-01,73.41,73.63,74.09,73.92
ENG-00929,2026-06-01,73.36,80.34,74.15,73.29
ENG-00929,2026-07-01,77.9,68.98,70.11,73.4
ENG-00929,2026-08-01,83.7,71.38,74.89,69.87
ENG-00930,2025-08-01,69.86,62.4,72.11,75.42
ENG-00930,2025-09-01,74.56,78.2,77.75,79.49
ENG-00930,2025-10-01,74.81,72.49,75.97,78.33
ENG-00930,2025-11-01,80.04,71.23,72.61,72.93
ENG-00930,2025-12-01,79.61,70.21,71.67,75.64
ENG-00930,2026-01-01,72.11,67.71,76.69,77.66
ENG-00930,2026-02-01,72.5,70.23,76.55,76.86
ENG-00930,2026-03-01,66.73,82.0,67.52,82.51
ENG-00930,2026-04-01,71.68,72.2,75.85,77.35
ENG-00931,2025-11-01,87.74,75.54,92.88,87.19
ENG-00931,2025-12-01,82.71,82.54,90.05,87.72
ENG-00931,2026-01-01,77.68,78.11,79.84,83.05
ENG-00931,2026-02-01,81.13,65.4,84.67,73.79
ENG-00931,2026-03-01,73.82,72.09,76.59,74.23
ENG-00931,2026-04-01,71.04,61.33,81.36,71.1
ENG-00932,2024-04-01,76.6,77.3,84.04,83.26
ENG-00932,2024-05-01,63.4,76.9,65.53,81.08
ENG-00932,2024-06-01,79.94,80.9,75.31,84.21
ENG-00932,2024-07-01,75.42,67.92,75.1,79.17
ENG-00932,2024-08-01,71.49,65.12,64.46,75.22
ENG-00932,2024-09-01,57.4,54.36,60.17,61.43
ENG-00932,2024-10-01,70.87,58.18,56.19,66.31
ENG-00933,2025-07-01,86.55,79.97,82.28,85.75
ENG-00933,2025-08-01,80.08,74.81,77.68,85.19
ENG-00933,2025-09-01,74.9,69.51,77.4,86.46
ENG-00933,2025-10-01,76.88,67.6,80.72,81.43
ENG-00933,2025-11-01,77.2,78.03,70.26,82.41
ENG-00933,2025-12-01,75.9,81.12,78.16,85.43
ENG-00933,2026-01-01,82.47,76.45,87.29,88.86
ENG-00933,2026-02-01,88.58,83.52,90.57,89.35
ENG-00933,2026-03-01,72.95,71.46,83.01,84.64
ENG-00933,2026-04-01,74.17,78.29,78.96,84.69
ENG-00933,2026-05-01,77.2,72.85,88.21,85.93
ENG-00933,2026-06-01,78.58,74.36,81.9,80.48
ENG-00934,2025-03-01,84.38,73.99,85.73,80.52
ENG-00934,2025-04-01,67.11,79.79,79.69,80.28
ENG-00934,2025-05-01,82.54,71.32,74.33,75.53
ENG-00934,2025-06-01,70.75,70.45,81.1,84.09
ENG-00934,2025-07-01,75.69,74.01,70.72,82.45
ENG-00934,2025-08-01,80.89,65.23,71.47,76.53
ENG-00934,2025-09-01,75.01,77.86,71.56,84.56
ENG-00934,2025-10-01,72.16,64.02,67.78,73.73
ENG-00934,2025-11-01,76.15,73.66,80.84,77.07
ENG-00934,2025-12-01,72.71,76.17,73.58,77.32
ENG-00935,2025-08-01,89.42,88.74,91.19,92.2
ENG-00935,2025-09-01,84.7,76.33,80.01,87.35
ENG-00935,2025-10-01,85.38,77.2,86.67,87.72
ENG-00935,2025-11-01,79.13,81.9,98.54,88.57
ENG-00935,2025-12-01,80.41,77.12,81.98,86.41
ENG-00935,2026-01-01,89.43,88.29,92.63,84.93
ENG-00935,2026-02-01,81.41,84.98,86.85,86.97
ENG-00936,2024-04-01,78.85,79.17,83.16,83.79
ENG-00936,2024-05-01,73.8,64.39,76.73,76.03
ENG-00936,2024-06-01,73.04,69.18,74.8,70.37
ENG-00936,2024-07-01,69.29,75.15,63.69,70.83
ENG-00936,2024-08-01,64.49,61.89,63.66,66.28
ENG-00936,2024-09-01,61.13,54.82,57.66,53.76
ENG-00937,2024-01-01,80.29,76.29,89.81,85.53
ENG-00937,2024-02-01,72.2,64.06,70.2,76.57
ENG-00937,2024-03-01,74.69,71.41,74.34,59.95
ENG-00937,2024-04-01,77.52,63.37,72.97,68.26
ENG-00937,2024-05-01,69.02,45.21,64.94,52.54
ENG-00938,2025-11-01,82.17,81.42,90.8,87.35
ENG-00938,2025-12-01,77.45,72.69,84.89,79.85
ENG-00938,2026-01-01,86.81,85.94,76.89,87.1
ENG-00938,2026-02-01,76.97,81.77,85.35,77.39
ENG-00938,2026-03-01,75.13,73.09,73.43,80.83
ENG-00938,2026-04-01,78.82,68.2,71.11,77.64
ENG-00938,2026-05-01,69.15,62.63,72.41,71.72
ENG-00939,2025-10-01,66.8,64.38,65.92,63.36
ENG-00939,2025-11-01,70.35,60.01,65.36,66.42
ENG-00939,2025-12-01,63.26,60.34,61.11,61.63
ENG-00939,2026-01-01,70.98,60.72,62.57,64.54
ENG-00939,2026-02-01,71.91,67.43,72.02,69.07
ENG-00939,2026-03-01,58.05,56.98,63.96,59.73
ENG-00939,2026-04-01,53.35,52.03,55.67,57.72
ENG-00939,2026-05-01,52.64,41.88,46.78,50.34
ENG-00939,2026-06-01,53.48,43.09,56.27,46.96
ENG-00940,2026-06-01,71.98,64.09,65.98,70.32
ENG-00940,2026-07-01,71.57,62.61,66.12,73.64
ENG-00940,2026-08-01,76.24,80.58,67.55,76.7
ENG-00941,2025-04-01,81.15,85.99,91.4,88.39
ENG-00941,2025-05-01,75.82,80.54,82.4,81.68
ENG-00941,2025-06-01,79.75,74.56,98.62,87.38
ENG-00941,2025-07-01,74.15,81.72,82.82,85.27
ENG-00941,2025-08-01,81.63,90.2,96.42,83.71
ENG-00941,2025-09-01,73.65,88.79,85.81,83.01
ENG-00941,2025-10-01,81.39,84.3,82.14,87.65
ENG-00941,2025-11-01,77.65,83.75,86.36,84.74
ENG-00941,2025-12-01,82.45,79.53,89.28,85.42
ENG-00941,2026-01-01,75.35,75.9,84.36,78.85
ENG-00941,2026-02-01,86.61,83.51,82.83,89.02
ENG-00941,2026-03-01,85.2,88.97,94.76,79.66
ENG-00942,2024-03-01,72.28,78.74,73.57,75.32
ENG-00942,2024-04-01,67.6,70.58,76.8,79.87
ENG-00942,2024-05-01,76.11,69.96,82.77,80.84
ENG-00942,2024-06-01,70.97,84.83,86.78,84.44
ENG-00942,2024-07-01,67.46,58.5,85.38,71.34
ENG-00942,2024-08-01,78.7,74.9,67.21,77.08
ENG-00942,2024-09-01,78.71,73.49,66.29,78.76
ENG-00943,2024-09-01,72.45,72.71,75.18,83.52
ENG-00943,2024-10-01,75.53,72.25,72.11,72.19
ENG-00943,2024-11-01,74.66,64.25,67.2,67.51
ENG-00943,2024-12-01,64.35,48.59,62.65,53.14
ENG-00944,2024-01-01,81.77,89.21,87.19,86.64
ENG-00944,2024-02-01,80.5,82.09,83.68,84.78
ENG-00944,2024-03-01,80.9,84.98,81.02,85.5
ENG-00944,2024-04-01,79.7,80.59,83.87,84.09
ENG-00944,2024-05-01,77.03,76.68,83.11,79.35
ENG-00944,2024-06-01,84.28,78.27,81.14,84.11
ENG-00944,2024-07-01,83.16,76.45,76.66,81.92
ENG-00944,2024-08-01,86.08,77.46,86.34,87.98
ENG-00944,2024-09-01,81.01,80.63,88.78,79.41
ENG-00944,2024-10-01,78.77,80.93,78.57,82.84
ENG-00944,2024-11-01,81.36,78.7,85.92,77.25
ENG-00944,2024-12-01,76.21,77.08,79.33,83.45
ENG-00945,2025-08-01,81.56,85.55,82.12,89.84
ENG-00945,2025-09-01,85.8,83.22,89.07,85.87
ENG-00945,2025-10-01,83.49,78.41,86.66,89.89
ENG-00945,2025-11-01,89.7,75.71,84.97,86.64
ENG-00945,2025-12-01,86.63,83.19,86.2,89.01
ENG-00945,2026-01-01,82.35,84.99,90.34,87.47
ENG-00945,2026-02-01,81.33,88.39,89.63,91.21
ENG-00945,2026-03-01,91.27,84.89,92.95,86.15
ENG-00945,2026-04-01,82.83,81.89,90.45,85.27
ENG-00945,2026-05-01,87.56,86.49,90.91,93.18
ENG-00946,2024-03-01,75.34,93.66,91.44,83.64
ENG-00946,2024-04-01,77.26,84.72,78.36,83.46
ENG-00946,2024-05-01,83.17,72.36,78.37,74.11
ENG-00946,2024-06-01,78.03,74.2,84.45,81.79
ENG-00946,2024-07-01,77.54,81.46,78.31,86.74
ENG-00946,2024-08-01,81.59,82.59,83.74,75.55
ENG-00946,2024-09-01,79.19,71.53,73.26,86.32
ENG-00947,2025-04-01,79.24,77.35,75.59,82.93
ENG-00947,2025-05-01,91.99,84.23,95.59,89.97
ENG-00947,2025-06-01,83.79,76.01,88.06,83.04
ENG-00947,2025-07-01,79.02,69.83,85.12,80.98
ENG-00947,2025-08-01,82.88,73.61,84.7,78.77
ENG-00947,2025-09-01,67.16,68.33,69.61,75.1
ENG-00947,2025-10-01,72.69,70.22,70.8,68.45
ENG-00947,2025-11-01,68.05,68.62,79.68,61.35
ENG-00948,2024-01-01,56.02,57.4,68.24,65.28
ENG-00948,2024-02-01,67.99,60.95,60.36,60.59
ENG-00948,2024-03-01,74.59,57.94,77.53,63.41
ENG-00948,2024-04-01,71.41,61.95,63.86,68.64
ENG-00948,2024-05-01,72.9,60.21,64.23,74.85
ENG-00948,2024-06-01,66.73,71.57,67.99,72.53
ENG-00948,2024-07-01,73.01,69.37,66.8,70.13
ENG-00948,2024-08-01,73.51,65.65,71.67,71.21
ENG-00948,2024-09-01,74.52,65.76,73.9,71.06
ENG-00948,2024-10-01,68.84,63.17,71.18,68.55
ENG-00948,2024-11-01,69.58,75.73,70.46,69.62
ENG-00948,2024-12-01,75.6,61.68,68.21,75.19
ENG-00949,2025-03-01,88.09,89.69,87.91,88.18
ENG-00949,2025-04-01,93.64,81.74,78.22,89.14
ENG-00949,2025-05-01,84.25,82.64,95.5,86.43
ENG-00949,2025-06-01,77.05,76.07,83.45,86.25
ENG-00949,2025-07-01,92.86,93.36,75.97,86.75
ENG-00949,2025-08-01,89.48,81.59,79.5,87.92
ENG-00949,2025-09-01,81.24,85.95,78.89,89.31
ENG-00950,2026-04-01,71.53,73.97,83.12,79.31
ENG-00950,2026-05-01,71.92,63.73,74.71,81.42
ENG-00950,2026-06-01,82.98,77.34,87.69,86.13
ENG-00950,2026-07-01,94.96,88.89,82.69,89.61
ENG-00950,2026-08-01,76.81,82.81,84.35,85.02
ENG-00951,2024-10-01,74.21,67.36,74.29,75.36
ENG-00951,2024-11-01,82.6,71.4,76.88,77.87
ENG-00951,2024-12-01,71.54,73.52,73.66,74.84
ENG-00951,2025-01-01,72.51,66.07,70.61,69.66
ENG-00951,2025-02-01,75.2,83.05,76.01,75.29
ENG-00951,2025-03-01,76.65,70.26,69.48,77.69
ENG-00951,2025-04-01,70.3,64.94,76.31,69.13
ENG-00951,2025-05-01,72.21,75.63,74.69,77.28
ENG-00951,2025-06-01,74.89,78.52,82.2,78.4
ENG-00951,2025-07-01,71.49,82.95,75.49,75.21
ENG-00951,2025-08-01,76.91,67.09,81.84,68.03
ENG-00952,2024-02-01,75.32,83.14,92.14,91.41
ENG-00952,2024-03-01,77.51,83.67,91.06,87.38
ENG-00952,2024-04-01,83.48,83.62,77.66,89.04
ENG-00952,2024-05-01,74.66,77.91,86.84,88.96
ENG-00952,2024-06-01,87.01,86.4,93.34,92.95
ENG-00952,2024-07-01,94.4,100.0,99.06,94.39
ENG-00952,2024-08-01,93.49,76.73,83.84,88.85
ENG-00952,2024-09-01,89.92,81.76,94.15,93.24
ENG-00953,2026-07-01,80.16,76.49,76.25,78.83
ENG-00953,2026-08-01,75.08,84.46,75.54,80.72
ENG-00954,2024-01-01,71.21,75.43,72.26,85.37
ENG-00954,2024-02-01,87.58,89.73,100.0,89.38
ENG-00954,2024-03-01,80.52,78.12,84.24,85.9
ENG-00954,2024-04-01,74.91,78.01,65.19,90.22
ENG-00954,2024-05-01,80.7,68.24,88.16,79.2
ENG-00954,2024-06-01,80.38,74.93,85.67,82.62
ENG-00954,2024-07-01,78.42,78.48,74.08,80.55
ENG-00954,2024-08-01,80.29,81.61,77.9,80.26
ENG-00954,2024-09-01,84.74,85.93,93.23,82.58
ENG-00954,2024-10-01,74.76,73.32,87.11,84.69
ENG-00955,2024-12-01,84.24,73.95,79.94,74.67
ENG-00955,2025-01-01,71.52,70.46,78.08,76.9
ENG-00955,2025-02-01,80.33,73.24,73.45,78.31
ENG-00955,2025-03-01,74.61,75.04,73.14,78.12
ENG-00955,2025-04-01,73.85,76.17,81.53,83.5
ENG-00955,2025-05-01,72.49,70.65,72.11,79.72
ENG-00955,2025-06-01,77.36,76.64,88.59,82.59
ENG-00955,2025-07-01,74.65,71.21,76.59,82.96
ENG-00955,2025-08-01,76.5,75.68,87.77,80.12
ENG-00955,2025-09-01,85.83,73.18,72.55,83.14
ENG-00955,2025-10-01,72.04,73.48,83.14,80.0
ENG-00955,2025-11-01,78.16,61.67,73.64,78.99
ENG-00955,2025-12-01,79.71,76.41,71.64,81.88
ENG-00956,2024-12-01,73.55,73.45,81.11,73.97
ENG-00956,2025-01-01,80.26,61.18,82.61,74.39
ENG-00956,2025-02-01,71.19,63.32,72.04,74.9
ENG-00956,2025-03-01,76.69,73.61,71.49,79.56
ENG-00956,2025-04-01,85.75,80.76,92.79,83.75
ENG-00956,2025-05-01,79.31,78.7,69.95,79.87
ENG-00956,2025-06-01,72.17,86.02,69.34,78.6
ENG-00956,2025-07-01,78.21,65.4,75.58,83.81
ENG-00956,2025-08-01,78.48,83.65,82.77,78.61
ENG-00956,2025-09-01,72.72,70.32,74.3,72.78
ENG-00956,2025-10-01,78.61,78.1,87.82,75.85
ENG-00956,2025-11-01,76.12,79.88,71.3,72.63
ENG-00957,2025-05-01,81.66,81.86,81.01,84.01
ENG-00957,2025-06-01,73.41,81.35,73.42,79.26
ENG-00957,2025-07-01,68.45,65.54,62.53,69.37
ENG-00957,2025-08-01,58.28,53.6,42.56,63.97
ENG-00957,2025-09-01,59.43,51.46,60.41,54.91
ENG-00958,2024-12-01,72.36,75.43,67.49,85.77
ENG-00958,2025-01-01,77.13,73.29,80.16,82.94
ENG-00958,2025-02-01,77.85,74.66,69.58,84.52
ENG-00958,2025-03-01,76.59,64.16,83.17,82.84
ENG-00958,2025-04-01,81.8,75.38,84.03,79.47
ENG-00958,2025-05-01,78.73,66.39,78.67,73.93
ENG-00958,2025-06-01,59.82,63.29,67.46,70.55
ENG-00958,2025-07-01,65.09,57.08,60.83,65.39
ENG-00959,2025-09-01,78.95,69.91,68.49,73.61
ENG-00959,2025-10-01,66.51,58.55,70.82,71.9
ENG-00959,2025-11-01,77.62,75.04,75.82,78.15
ENG-00959,2025-12-01,75.0,67.29,71.12,67.41
ENG-00959,2026-01-01,66.57,64.03,67.4,69.13
ENG-00959,2026-02-01,73.13,75.59,66.65,72.76
ENG-00959,2026-03-01,72.65,63.84,71.13,66.14
ENG-00959,2026-04-01,71.07,59.85,69.32,68.96
ENG-00959,2026-05-01,74.38,74.12,73.82,76.15
ENG-00959,2026-06-01,65.28,72.07,73.2,72.81
ENG-00959,2026-07-01,72.29,61.7,75.77,67.07
ENG-00959,2026-08-01,81.58,73.12,76.68,73.83
ENG-00960,2025-01-01,75.39,78.23,77.9,81.04
ENG-00960,2025-02-01,76.87,79.42,84.75,87.28
ENG-00960,2025-03-01,90.55,85.89,87.41,80.03
ENG-00960,2025-04-01,85.47,89.58,87.95,89.14
ENG-00960,2025-05-01,83.04,89.6,86.95,82.76
ENG-00960,2025-06-01,84.75,81.99,83.76,85.99
ENG-00960,2025-07-01,91.14,79.05,76.2,88.81
ENG-00960,2025-08-01,85.24,80.41,92.25,83.27
ENG-00960,2025-09-01,81.56,77.12,75.08,82.23
ENG-00960,2025-10-01,88.45,75.85,79.17,83.84
ENG-00961,2024-01-01,71.19,80.55,84.78,86.1
ENG-00961,2024-02-01,83.64,79.9,92.35,86.62
ENG-00961,2024-03-01,81.89,79.54,93.45,82.85
ENG-00961,2024-04-01,85.0,90.29,95.65,89.95
ENG-00961,2024-05-01,79.25,79.44,89.52,91.4
ENG-00961,2024-06-01,82.03,80.79,90.54,84.51
ENG-00961,2024-07-01,89.56,79.7,88.26,89.38
ENG-00961,2024-08-01,71.76,88.83,88.79,88.02
ENG-00962,2025-07-01,62.15,53.73,61.03,64.95
ENG-00962,2025-08-01,62.85,62.84,51.39,63.25
ENG-00962,2025-09-01,59.69,69.48,75.41,64.43
ENG-00962,2025-10-01,76.17,66.34,71.89,69.14
ENG-00962,2025-11-01,58.77,56.57,66.05,67.23
ENG-00962,2025-12-01,65.97,68.64,61.83,64.63
ENG-00962,2026-01-01,63.8,58.69,53.25,68.42
ENG-00962,2026-02-01,75.27,64.48,64.99,61.87
ENG-00962,2026-03-01,65.84,65.63,60.4,73.81
ENG-00962,2026-04-01,71.96,49.75,55.82,50.46
ENG-00962,2026-05-01,76.14,66.62,65.05,61.0
ENG-00962,2026-06-01,71.43,60.22,61.82,65.74
ENG-00963,2026-07-01,76.02,77.73,62.53,69.63
ENG-00963,2026-08-01,66.53,67.53,71.87,76.76
ENG-00964,2025-03-01,75.62,85.45,73.19,84.87
ENG-00964,2025-04-01,82.52,84.38,69.24,89.33
ENG-00964,2025-05-01,81.44,78.19,80.9,77.73
ENG-00964,2025-06-01,74.02,73.46,64.23,76.17
ENG-00964,2025-07-01,65.79,64.17,66.02,64.61
ENG-00964,2025-08-01,68.75,68.92,68.7,67.93
ENG-00965,2024-04-01,71.57,69.94,74.85,80.93
ENG-00965,2024-05-01,79.74,80.74,87.86,87.11
ENG-00965,2024-06-01,84.39,73.45,84.93,75.59
ENG-00965,2024-07-01,79.21,76.35,81.89,79.62
ENG-00965,2024-08-01,78.71,83.98,84.27,85.28
ENG-00965,2024-09-01,83.16,77.98,87.21,85.27
ENG-00965,2024-10-01,86.83,80.52,78.64,87.08
ENG-00965,2024-11-01,85.47,82.97,78.2,85.44
ENG-00965,2024-12-01,80.6,82.52,87.8,90.57
ENG-00965,2025-01-01,79.29,86.38,90.67,85.38
ENG-00965,2025-02-01,86.0,81.67,85.32,81.62
ENG-00965,2025-03-01,81.79,92.27,83.96,84.68
ENG-00966,2024-05-01,72.71,79.69,81.84,82.61
ENG-00966,2024-06-01,80.66,75.58,77.06,75.64
ENG-00966,2024-07-01,75.82,74.19,81.66,81.89
ENG-00966,2024-08-01,72.52,73.1,67.91,73.14
ENG-00966,2024-09-01,70.0,66.03,79.94,77.23
ENG-00966,2024-10-01,78.26,68.88,79.19,64.41
ENG-00966,2024-11-01,65.22,55.22,59.82,60.71
ENG-00967,2024-10-01,80.23,88.88,98.28,89.64
ENG-00967,2024-11-01,76.67,80.84,82.6,83.58
ENG-00967,2024-12-01,81.08,85.12,90.88,85.16
ENG-00967,2025-01-01,87.59,79.71,88.91,85.89
ENG-00967,2025-02-01,74.92,77.69,88.79,85.02
ENG-00967,2025-03-01,81.56,77.96,80.69,86.65
ENG-00967,2025-04-01,87.11,88.34,90.92,87.7
ENG-00967,2025-05-01,83.25,73.6,77.42,87.46
ENG-00968,2024-04-01,74.69,69.17,80.53,82.32
ENG-00968,2024-05-01,81.35,71.05,83.85,84.02
ENG-00968,2024-06-01,78.57,82.96,84.35,82.8
ENG-00968,2024-07-01,73.99,72.4,81.86,80.25
ENG-00968,2024-08-01,75.78,75.45,86.36,80.58
ENG-00968,2024-09-01,77.96,82.56,74.52,84.26
ENG-00968,2024-10-01,75.65,74.21,88.89,79.4
ENG-00968,2024-11-01,73.85,74.14,81.06,82.98
ENG-00968,2024-12-01,78.29,76.96,91.55,77.68
ENG-00968,2025-01-01,72.87,64.5,79.93,71.49
ENG-00968,2025-02-01,80.98,79.65,88.89,81.94
ENG-00969,2025-08-01,84.71,75.85,75.05,73.2
ENG-00969,2025-09-01,76.15,77.75,71.13,73.29
ENG-00969,2025-10-01,77.48,78.34,82.32,76.15
ENG-00969,2025-11-01,77.26,84.36,82.33,83.37
ENG-00969,2025-12-01,79.06,77.68,78.11,76.68
ENG-00969,2026-01-01,62.46,60.33,77.73,78.38
ENG-00969,2026-02-01,80.25,82.96,85.51,83.84
ENG-00969,2026-03-01,72.6,75.07,79.07,76.23
ENG-00969,2026-04-01,74.66,84.74,78.46,80.08
ENG-00969,2026-05-01,76.97,80.3,67.56,82.97
ENG-00969,2026-06-01,72.79,62.06,75.26,66.98
ENG-00969,2026-07-01,70.06,70.65,67.15,75.48
ENG-00970,2025-05-01,74.46,79.72,64.82,89.55
ENG-00970,2025-06-01,87.53,73.98,77.59,82.03
ENG-00970,2025-07-01,82.22,80.87,77.72,78.66
ENG-00970,2025-08-01,65.19,75.89,65.69,70.22
ENG-00970,2025-09-01,61.01,61.12,64.92,65.14
ENG-00971,2024-07-01,91.04,91.33,93.85,88.93
ENG-00971,2024-08-01,78.01,78.39,86.41,88.81
ENG-00971,2024-09-01,73.33,77.65,82.14,85.37
ENG-00971,2024-10-01,82.17,84.98,85.33,83.09
ENG-00971,2024-11-01,76.89,80.78,92.37,88.78
ENG-00971,2024-12-01,76.03,88.75,92.31,88.22
ENG-00971,2025-01-01,91.66,84.74,95.64,87.72
ENG-00971,2025-02-01,91.48,77.92,85.46,87.88
ENG-00971,2025-03-01,86.02,89.02,83.82,85.21
ENG-00971,2025-04-01,89.83,89.96,92.04,81.91
ENG-00971,2025-05-01,82.88,88.62,90.49,89.53
ENG-00972,2024-03-01,82.27,72.31,80.86,76.85
ENG-00972,2024-04-01,81.05,78.68,71.06,84.22
ENG-00972,2024-05-01,92.25,94.21,86.06,84.51
ENG-00972,2024-06-01,92.69,84.71,85.96,89.39
ENG-00972,2024-07-01,80.53,77.84,78.54,80.3
ENG-00972,2024-08-01,77.5,72.93,77.41,83.92
ENG-00972,2024-09-01,73.06,85.14,81.06,81.66
ENG-00972,2024-10-01,76.59,85.89,84.99,82.83
ENG-00972,2024-11-01,81.39,77.48,94.98,87.98
ENG-00973,2026-06-01,79.78,73.75,91.72,82.61
ENG-00973,2026-07-01,80.38,78.89,81.76,80.42
ENG-00973,2026-08-01,90.11,83.22,86.4,82.15
ENG-00974,2026-05-01,73.02,81.17,81.03,83.19
ENG-00974,2026-06-01,85.7,80.61,86.76,83.94
ENG-00974,2026-07-01,89.13,87.92,90.3,88.86
ENG-00974,2026-08-01,76.34,79.81,79.48,87.1
ENG-00975,2025-07-01,82.39,79.74,88.79,86.12
ENG-00975,2025-08-01,87.83,80.83,88.23,94.25
ENG-00975,2025-09-01,86.93,79.71,79.12,83.8
ENG-00975,2025-10-01,85.22,75.61,92.15,87.92
ENG-00975,2025-11-01,82.65,89.3,88.9,89.07
ENG-00975,2025-12-01,79.11,83.0,88.82,92.98
ENG-00975,2026-01-01,87.54,83.29,81.22,91.19
ENG-00975,2026-02-01,81.59,80.29,100.0,93.45
ENG-00975,2026-03-01,82.15,78.63,90.95,93.98
ENG-00975,2026-04-01,87.85,86.34,93.85,95.03
ENG-00975,2026-05-01,82.35,79.19,90.9,87.5
ENG-00975,2026-06-01,82.34,79.37,86.18,88.86
ENG-00976,2024-03-01,82.11,81.35,87.48,88.92
ENG-00976,2024-04-01,91.5,74.47,90.33,90.41
ENG-00976,2024-05-01,83.46,81.36,88.57,86.0
ENG-00976,2024-06-01,80.94,72.1,80.04,89.03
ENG-00976,2024-07-01,75.15,82.58,82.58,87.54
ENG-00976,2024-08-01,85.59,82.46,72.27,88.83
ENG-00976,2024-09-01,83.31,84.9,87.24,89.22
ENG-00976,2024-10-01,84.71,78.8,96.0,84.98
ENG-00976,2024-11-01,81.73,82.88,78.24,87.01
ENG-00977,2024-10-01,76.85,74.73,70.69,79.14
ENG-00977,2024-11-01,82.35,66.55,71.78,77.13
ENG-00977,2024-12-01,70.22,74.83,75.73,78.06
ENG-00977,2025-01-01,66.42,70.2,74.84,74.59
ENG-00977,2025-02-01,78.4,61.33,79.47,76.71
ENG-00977,2025-03-01,80.22,77.46,80.31,69.39
ENG-00977,2025-04-01,67.29,69.98,67.26,71.3
ENG-00977,2025-05-01,72.08,80.94,81.83,81.95
ENG-00977,2025-06-01,69.44,76.02,81.69,75.16
ENG-00978,2024-03-01,85.5,71.16,87.95,84.29
ENG-00978,2024-04-01,77.26,75.87,87.17,81.57
ENG-00978,2024-05-01,65.78,57.58,79.7,80.06
ENG-00978,2024-06-01,85.88,79.7,76.35,82.28
ENG-00978,2024-07-01,79.29,78.54,78.0,83.12
ENG-00978,2024-08-01,73.09,69.51,82.4,81.58
ENG-00978,2024-09-01,77.44,73.34,71.61,74.81
ENG-00978,2024-10-01,79.79,80.0,75.11,85.6
ENG-00978,2024-11-01,79.72,66.37,76.3,78.53
ENG-00978,2024-12-01,82.17,86.66,85.71,79.43
ENG-00979,2025-08-01,74.55,77.54,79.53,79.29
ENG-00979,2025-09-01,76.22,72.93,84.13,88.13
ENG-00979,2025-10-01,78.2,76.41,76.91,80.81
ENG-00979,2025-11-01,85.02,82.85,79.42,84.95
ENG-00979,2025-12-01,89.05,81.54,83.65,82.94
ENG-00979,2026-01-01,79.91,78.9,76.35,81.98
ENG-00979,2026-02-01,75.74,73.34,68.58,79.41
ENG-00979,2026-03-01,73.73,76.04,81.89,77.62
ENG-00979,2026-04-01,76.59,74.11,80.29,80.2
ENG-00979,2026-05-01,76.78,77.21,61.39,74.44
ENG-00980,2024-09-01,78.0,72.74,62.25,72.76
ENG-00980,2024-10-01,77.5,77.24,77.72,76.86
ENG-00980,2024-11-01,71.74,58.76,74.33,75.17
ENG-00980,2024-12-01,68.76,73.56,72.72,77.16
ENG-00980,2025-01-01,65.78,65.06,70.15,75.76
ENG-00980,2025-02-01,79.39,77.08,75.02,77.32
ENG-00980,2025-03-01,74.81,82.44,72.29,76.76
ENG-00980,2025-04-01,80.82,85.01,84.5,81.86
ENG-00980,2025-05-01,64.42,66.96,72.86,77.35
ENG-00980,2025-06-01,71.81,69.78,84.13,72.01
ENG-00981,2025-08-01,82.55,59.59,82.22,79.59
ENG-00981,2025-09-01,83.29,88.51,90.18,89.82
ENG-00981,2025-10-01,85.54,85.39,85.06,82.24
ENG-00981,2025-11-01,83.93,71.68,85.36,82.76
ENG-00981,2025-12-01,72.67,80.84,73.42,78.55
ENG-00981,2026-01-01,77.5,76.81,88.12,82.57
ENG-00981,2026-02-01,76.57,84.47,82.9,83.36
ENG-00982,2026-01-01,75.86,73.68,70.92,72.34
ENG-00982,2026-02-01,81.26,74.19,65.99,71.89
ENG-00982,2026-03-01,68.22,54.85,57.63,56.49
ENG-00982,2026-04-01,62.2,48.84,60.31,57.19
ENG-00982,2026-05-01,53.74,56.78,50.61,43.85
ENG-00982,2026-06-01,54.24,37.13,42.62,43.78
ENG-00983,2024-04-01,71.68,57.44,63.28,66.08
ENG-00983,2024-05-01,69.07,73.81,70.34,79.43
ENG-00983,2024-06-01,83.92,77.63,75.58,77.82
ENG-00983,2024-07-01,72.67,68.48,77.47,70.64
ENG-00983,2024-08-01,70.92,61.79,73.88,74.73
ENG-00983,2024-09-01,70.33,74.62,65.62,75.01
ENG-00983,2024-10-01,78.09,83.66,79.11,79.52
ENG-00983,2024-11-01,72.78,69.28,72.47,74.19
ENG-00983,2024-12-01,73.07,66.76,73.8,73.19
ENG-00983,2025-01-01,77.14,79.38,65.23,80.17
ENG-00984,2024-12-01,84.26,83.39,80.9,86.69
ENG-00984,2025-01-01,94.16,82.86,92.14,87.84
ENG-00984,2025-02-01,86.83,77.96,90.07,82.02
ENG-00984,2025-03-01,82.02,91.18,83.68,93.13
ENG-00984,2025-04-01,74.77,77.94,77.76,83.72
ENG-00984,2025-05-01,81.39,71.12,82.12,86.26
ENG-00984,2025-06-01,86.14,88.56,91.16,87.71
ENG-00984,2025-07-01,87.31,91.39,87.84,89.16
ENG-00985,2025-01-01,87.02,82.2,83.42,83.41
ENG-00985,2025-02-01,88.37,94.57,85.38,87.47
ENG-00985,2025-03-01,70.13,68.1,73.63,83.25
ENG-00985,2025-04-01,74.99,75.91,74.23,82.75
ENG-00985,2025-05-01,55.46,60.8,56.13,63.85
ENG-00985,2025-06-01,64.26,49.07,68.04,64.46
ENG-00986,2026-05-01,73.35,70.11,80.89,79.47
ENG-00986,2026-06-01,78.95,74.4,74.71,75.61
ENG-00986,2026-07-01,81.01,71.36,86.52,75.03
ENG-00986,2026-08-01,67.06,72.97,70.4,71.94
ENG-00987,2026-02-01,80.36,72.98,84.51,80.62
ENG-00987,2026-03-01,76.98,63.94,78.03,82.34
ENG-00987,2026-04-01,92.97,83.11,79.5,79.53
ENG-00987,2026-05-01,78.71,70.96,86.45,79.06
ENG-00987,2026-06-01,80.43,77.26,83.52,83.29
ENG-00987,2026-07-01,90.29,74.68,83.11,81.71
ENG-00987,2026-08-01,77.89,71.63,79.66,84.84
ENG-00988,2024-08-01,83.27,71.16,84.06,82.15
ENG-00988,2024-09-01,77.07,70.91,78.73,80.0
ENG-00988,2024-10-01,68.02,66.52,62.35,68.96
ENG-00988,2024-11-01,54.66,52.97,57.43,59.12
ENG-00988,2024-12-01,62.5,47.84,57.15,53.6
ENG-00988,2025-01-01,53.02,31.82,33.91,38.11
ENG-00989,2025-07-01,81.39,76.82,85.35,81.68
ENG-00989,2025-08-01,78.94,68.51,71.64,73.17
ENG-00989,2025-09-01,69.25,70.24,71.88,72.16
ENG-00989,2025-10-01,67.18,64.56,65.26,75.08
ENG-00989,2025-11-01,74.96,74.52,78.04,74.46
ENG-00989,2025-12-01,77.89,64.78,78.05,77.43
ENG-00989,2026-01-01,71.58,70.06,82.78,75.42
ENG-00989,2026-02-01,69.44,70.33,80.23,72.55
ENG-00989,2026-03-01,86.16,74.69,77.39,82.38
ENG-00989,2026-04-01,79.91,73.43,76.8,79.21
ENG-00989,2026-05-01,76.29,75.2,73.29,76.59
ENG-00989,2026-06-01,81.14,74.46,72.17,73.26
ENG-00990,2025-09-01,86.68,74.75,82.42,86.66
ENG-00990,2025-10-01,78.26,80.49,87.54,87.89
ENG-00990,2025-11-01,79.4,78.37,76.23,81.96
ENG-00990,2025-12-01,82.77,73.37,76.75,88.24
ENG-00990,2026-01-01,81.57,75.04,84.26,82.49
ENG-00990,2026-02-01,75.55,80.27,81.95,84.52
ENG-00990,2026-03-01,83.4,83.9,91.41,87.45
ENG-00990,2026-04-01,76.47,80.94,71.29,83.49
ENG-00990,2026-05-01,81.27,84.2,93.94,85.97
ENG-00990,2026-06-01,84.95,84.2,90.57,90.73
ENG-00991,2026-01-01,81.83,81.24,83.63,82.24
ENG-00991,2026-02-01,79.82,87.61,75.77,81.11
ENG-00991,2026-03-01,73.41,68.82,83.58,71.33
ENG-00991,2026-04-01,65.79,66.05,62.05,66.81
ENG-00991,2026-05-01,60.85,60.55,58.5,60.21
ENG-00992,2025-11-01,78.9,67.18,85.84,80.48
ENG-00992,2025-12-01,77.23,78.76,76.47,78.56
ENG-00992,2026-01-01,82.35,80.71,75.71,82.47
ENG-00992,2026-02-01,81.49,70.27,83.59,80.93
ENG-00992,2026-03-01,84.38,84.55,80.42,82.61
ENG-00992,2026-04-01,82.53,71.95,71.81,76.19
ENG-00992,2026-05-01,85.69,82.18,82.63,74.75
ENG-00992,2026-06-01,78.54,85.84,79.77,84.67
ENG-00992,2026-07-01,80.25,88.48,82.32,80.86
ENG-00992,2026-08-01,78.08,71.5,76.42,80.78
ENG-00993,2024-11-01,81.11,80.14,85.31,91.29
ENG-00993,2024-12-01,83.63,83.2,90.47,84.32
ENG-00993,2025-01-01,79.13,79.45,83.36,85.72
ENG-00993,2025-02-01,80.33,81.49,85.82,84.94
ENG-00993,2025-03-01,78.1,81.57,74.1,86.0
ENG-00993,2025-04-01,73.77,79.22,80.19,84.82
ENG-00993,2025-05-01,81.86,83.55,93.69,90.33
ENG-00993,2025-06-01,80.2,85.5,96.94,87.34
ENG-00993,2025-07-01,70.81,87.08,87.94,85.68
ENG-00993,2025-08-01,83.63,71.22,89.2,88.77
ENG-00993,2025-09-01,81.28,70.35,92.96,83.62
ENG-00993,2025-10-01,82.07,86.08,79.68,85.05
ENG-00994,2026-04-01,89.51,84.64,100.0,91.72
ENG-00994,2026-05-01,84.54,74.35,87.99,88.77
ENG-00994,2026-06-01,81.42,93.45,86.76,91.94
ENG-00994,2026-07-01,81.27,88.27,100.0,87.33
ENG-00994,2026-08-01,79.5,77.42,93.14,80.63
ENG-00995,2026-08-01,81.39,82.66,79.89,81.6
ENG-00996,2025-03-01,77.66,78.99,85.09,73.17
ENG-00996,2025-04-01,80.8,84.58,86.6,78.77
ENG-00996,2025-05-01,79.86,76.26,72.68,80.39
ENG-00996,2025-06-01,86.03,75.2,89.59,85.97
ENG-00996,2025-07-01,80.05,72.12,79.23,83.09
ENG-00996,2025-08-01,72.23,80.94,79.56,78.57
ENG-00996,2025-09-01,69.85,78.5,80.45,81.39
ENG-00996,2025-10-01,73.23,76.95,83.05,81.66
ENG-00996,2025-11-01,89.01,77.13,92.11,75.62
ENG-00996,2025-12-01,70.42,74.02,64.99,76.9
ENG-00997,2025-04-01,82.84,88.46,90.95,90.18
ENG-00997,2025-05-01,82.2,85.18,84.83,89.65
ENG-00997,2025-06-01,84.09,78.3,87.36,87.16
ENG-00997,2025-07-01,85.48,74.82,90.49,76.6
ENG-00997,2025-08-01,88.95,87.84,90.3,93.65
ENG-00997,2025-09-01,89.03,81.38,93.75,91.27
ENG-00997,2025-10-01,82.62,80.15,88.32,90.16
ENG-00997,2025-11-01,89.8,88.82,85.56,91.01
ENG-00997,2025-12-01,91.57,76.63,86.07,89.95
ENG-00997,2026-01-01,96.01,94.09,91.6,94.62
ENG-00997,2026-02-01,85.31,86.52,89.95,86.91
ENG-00997,2026-03-01,95.03,86.55,89.16,94.07
ENG-00998,2024-06-01,75.97,82.15,75.44,86.41
ENG-00998,2024-07-01,77.77,85.25,73.76,83.0
ENG-00998,2024-08-01,91.09,94.59,84.73,85.96
ENG-00998,2024-09-01,85.35,78.56,84.26,80.52
ENG-00998,2024-10-01,69.91,73.3,68.5,80.27
ENG-00998,2024-11-01,77.22,74.75,79.78,82.04
ENG-00998,2024-12-01,70.17,72.7,78.58,83.7
ENG-00998,2025-01-01,75.24,87.64,77.85,82.22
ENG-00998,2025-02-01,73.17,74.86,72.83,84.21
ENG-00999,2026-04-01,69.99,76.81,61.51,78.19
ENG-00999,2026-05-01,63.37,59.14,78.69,63.91
ENG-00999,2026-06-01,66.52,59.3,70.19,67.9
ENG-00999,2026-07-01,65.5,63.46,63.17,69.11
ENG-00999,2026-08-01,68.61,73.46,69.98,70.83
ENG-01000,2025-12-01,67.1,69.09,64.86,74.28
ENG-01000,2026-01-01,76.8,70.34,72.75,79.05
ENG-01000,2026-02-01,83.58,63.13,68.89,69.37
ENG-01000,2026-03-01,70.45,74.27,72.06,73.3
ENG-01000,2026-04-01,68.58,66.74,70.24,67.8
ENG-01000,2026-05-01,71.9,65.55,70.88,70.09
ENG-01000,2026-06-01,72.17,73.18,64.83,72.59
ENG-01000,2026-07-01,65.23,62.57,71.97,70.39
ENG-01001,2024-12-01,88.6,81.84,91.1,91.49
ENG-01001,2025-01-01,79.23,68.99,84.91,91.56
ENG-01001,2025-02-01,80.86,79.68,87.97,86.12
ENG-01001,2025-03-01,79.02,88.47,100.0,93.39
ENG-01001,2025-04-01,85.77,87.63,87.2,87.69
ENG-01001,2025-05-01,88.68,78.97,88.2,90.01
ENG-01001,2025-06-01,87.19,90.22,96.43,86.14
ENG-01001,2025-07-01,83.41,82.75,91.01,91.88
ENG-01001,2025-08-01,70.07,77.49,79.66,87.05
ENG-01001,2025-09-01,89.91,87.86,94.0,92.19
ENG-01001,2025-10-01,92.03,82.58,88.63,94.46
ENG-01001,2025-11-01,81.32,86.98,90.83,89.09
ENG-01002,2024-09-01,75.44,65.08,78.63,71.68
ENG-01002,2024-10-01,72.35,63.38,73.34,68.52
ENG-01002,2024-11-01,64.05,56.46,67.94,65.48
ENG-01002,2024-12-01,70.58,60.3,75.67,69.23
ENG-01002,2025-01-01,63.81,62.9,69.01,68.83
ENG-01002,2025-02-01,81.15,77.02,78.73,73.57
ENG-01002,2025-03-01,72.97,65.24,75.85,77.31
ENG-01002,2025-04-01,67.01,73.68,72.19,74.04
ENG-01002,2025-05-01,83.92,75.03,73.24,78.86
ENG-01002,2025-06-01,73.52,68.5,85.05,76.29
ENG-01002,2025-07-01,69.38,63.76,75.29,66.11
ENG-01003,2025-06-01,79.16,69.68,78.78,76.98
ENG-01003,2025-07-01,72.73,75.46,69.73,81.66
ENG-01003,2025-08-01,72.82,77.06,74.43,78.01
ENG-01003,2025-09-01,74.53,78.98,68.4,78.39
ENG-01003,2025-10-01,89.64,69.01,77.54,79.02
ENG-01003,2025-11-01,78.04,72.12,79.49,76.61
ENG-01003,2025-12-01,77.86,76.03,71.43,82.6
ENG-01003,2026-01-01,76.47,77.19,73.19,80.0
ENG-01003,2026-02-01,80.36,79.93,88.74,85.75
ENG-01003,2026-03-01,81.39,72.55,78.31,78.82
ENG-01003,2026-04-01,76.47,67.14,81.48,77.47
ENG-01004,2026-03-01,63.61,58.5,67.21,71.64
ENG-01004,2026-04-01,63.6,55.04,68.13,61.22
ENG-01004,2026-05-01,53.45,52.72,51.41,52.7
ENG-01004,2026-06-01,58.14,56.37,45.7,57.38
ENG-01004,2026-07-01,56.04,47.17,50.86,41.81
ENG-01005,2026-02-01,74.75,66.71,67.32,66.25
ENG-01005,2026-03-01,60.82,67.28,57.61,71.56
ENG-01005,2026-04-01,60.39,52.54,62.29,65.25
ENG-01005,2026-05-01,62.16,55.57,57.21,61.19
ENG-01005,2026-06-01,69.38,52.34,54.88,62.58
ENG-01005,2026-07-01,67.2,66.95,69.67,53.95
ENG-01005,2026-08-01,62.75,51.98,60.18,53.32
ENG-01006,2026-02-01,73.67,82.98,77.34,81.87
ENG-01006,2026-03-01,77.96,73.08,83.02,85.92
ENG-01006,2026-04-01,90.51,75.51,82.67,82.38
ENG-01006,2026-05-01,82.2,83.61,85.03,85.72
ENG-01006,2026-06-01,83.7,81.33,76.34,80.64
ENG-01006,2026-07-01,84.0,83.1,83.73,81.03
ENG-01006,2026-08-01,85.32,83.53,87.31,89.54
ENG-01007,2026-06-01,65.14,65.46,78.37,77.49
ENG-01007,2026-07-01,76.37,77.59,65.2,78.77
ENG-01007,2026-08-01,61.89,61.28,56.11,58.82
ENG-01007,2026-09-01,58.65,48.89,56.58,56.41
ENG-01008,2024-08-01,77.73,79.88,77.82,86.21
ENG-01008,2024-09-01,79.04,76.6,77.08,88.15
ENG-01008,2024-10-01,83.51,75.76,87.03,86.68
ENG-01008,2024-11-01,79.49,87.1,93.44,89.38
ENG-01008,2024-12-01,81.03,93.13,81.93,84.14
ENG-01008,2025-01-01,88.81,80.85,84.15,80.71
ENG-01008,2025-02-01,80.74,86.69,93.86,84.74
ENG-01008,2025-03-01,88.34,82.04,85.28,85.1
ENG-01008,2025-04-01,83.02,76.03,77.71,85.05
ENG-01008,2025-05-01,87.87,82.88,80.88,91.47
ENG-01008,2025-06-01,81.71,85.28,86.56,84.84
ENG-01008,2025-07-01,87.17,85.61,91.09,88.39
ENG-01009,2026-05-01,82.45,83.86,87.25,83.1
ENG-01009,2026-06-01,77.49,66.4,83.77,77.41
ENG-01009,2026-07-01,84.56,88.49,74.68,81.62
ENG-01009,2026-08-01,73.67,69.46,72.33,77.48
ENG-01009,2026-09-01,88.74,86.3,78.09,85.17
ENG-01009,2026-10-01,89.2,86.24,84.58,84.09
ENG-01009,2026-11-01,79.69,73.99,72.53,71.35
ENG-01009,2026-12-01,77.57,70.56,75.44,79.46
ENG-01009,2027-01-01,69.05,78.42,64.23,72.98
ENG-01009,2027-02-01,66.6,74.59,62.65,65.1
ENG-01010,2024-01-01,88.34,78.51,90.18,85.71
ENG-01010,2024-02-01,87.0,84.44,80.41,85.09
ENG-01010,2024-03-01,74.67,80.24,83.0,81.13
ENG-01010,2024-04-01,79.34,74.56,87.46,80.34
ENG-01010,2024-05-01,81.07,78.72,95.7,79.56
ENG-01010,2024-06-01,91.43,85.25,73.16,87.63
ENG-01010,2024-07-01,80.34,74.62,84.68,79.58
ENG-01010,2024-08-01,73.44,72.12,77.58,76.77
ENG-01011,2024-07-01,72.48,67.52,80.02,87.07
ENG-01011,2024-08-01,97.5,89.3,89.82,93.29
ENG-01011,2024-09-01,82.3,71.89,77.43,87.38
ENG-01011,2024-10-01,80.66,83.82,81.7,87.49
ENG-01011,2024-11-01,77.79,82.54,74.73,87.19
ENG-01011,2024-12-01,88.99,93.2,89.12,87.54
ENG-01011,2025-01-01,82.99,79.03,74.05,85.64
ENG-01011,2025-02-01,85.24,77.33,87.52,87.87
ENG-01011,2025-03-01,77.28,70.96,81.09,81.22
ENG-01011,2025-04-01,80.5,80.27,85.37,81.72
ENG-01011,2025-05-01,84.87,73.56,83.97,84.96
ENG-01012,2025-02-01,88.33,83.36,85.03,78.46
ENG-01012,2025-03-01,79.32,80.21,71.36,80.58
ENG-01012,2025-04-01,71.27,78.61,86.17,81.51
ENG-01012,2025-05-01,82.38,79.29,77.29,80.75
ENG-01012,2025-06-01,86.97,80.75,83.15,84.61
ENG-01012,2025-07-01,75.0,77.58,74.95,81.28
ENG-01012,2025-08-01,71.97,69.07,74.47,72.87
ENG-01012,2025-09-01,67.06,73.76,73.17,77.12
ENG-01012,2025-10-01,81.2,69.04,71.36,82.7
ENG-01012,2025-11-01,73.44,64.26,71.08,71.59
ENG-01012,2025-12-01,71.69,60.47,82.63,71.29
ENG-01012,2026-01-01,72.12,74.55,85.33,75.25
ENG-01013,2025-03-01,86.05,75.75,90.33,87.67
ENG-01013,2025-04-01,85.79,74.72,88.58,81.01
ENG-01013,2025-05-01,75.25,77.55,81.34,81.08
ENG-01013,2025-06-01,81.84,74.86,75.3,79.63
ENG-01013,2025-07-01,82.79,86.38,82.45,87.77
ENG-01013,2025-08-01,84.58,85.58,77.7,88.36
ENG-01013,2025-09-01,83.49,78.28,92.24,90.03
ENG-01013,2025-10-01,81.6,81.28,85.26,89.61
ENG-01013,2025-11-01,91.79,96.07,96.12,90.26
ENG-01014,2026-01-01,79.99,79.15,75.43,81.48
ENG-01014,2026-02-01,67.78,69.32,70.3,77.0
ENG-01014,2026-03-01,74.93,62.97,83.12,73.16
ENG-01014,2026-04-01,69.82,56.37,79.04,72.83
ENG-01014,2026-05-01,70.34,67.44,66.16,75.7
ENG-01014,2026-06-01,75.47,77.69,72.88,79.17
ENG-01014,2026-07-01,68.61,68.97,71.45,69.32
ENG-01014,2026-08-01,76.59,79.46,74.62,78.79
ENG-01015,2026-05-01,77.84,82.06,69.72,83.28
ENG-01015,2026-06-01,78.62,85.54,85.99,85.31
ENG-01015,2026-07-01,77.42,75.56,76.66,81.64
ENG-01015,2026-08-01,80.11,82.52,88.6,83.56
ENG-01016,2024-01-01,76.62,76.57,68.68,78.07
ENG-01016,2024-02-01,81.33,75.38,78.38,79.16
ENG-01016,2024-03-01,76.05,72.56,79.31,77.14
ENG-01016,2024-04-01,71.93,67.63,79.82,73.84
ENG-01016,2024-05-01,72.42,75.2,79.14,78.77
ENG-01016,2024-06-01,74.18,71.13,71.58,75.28
ENG-01016,2024-07-01,77.28,77.04,80.41,73.98
ENG-01016,2024-08-01,66.77,71.74,65.46,77.91
ENG-01016,2024-09-01,70.08,81.39,66.14,77.61
ENG-01017,2025-12-01,83.12,76.3,93.18,83.04
ENG-01017,2026-01-01,83.19,80.71,83.13,87.27
ENG-01017,2026-02-01,74.36,72.68,77.46,84.68
ENG-01017,2026-03-01,77.81,70.14,73.44,80.8
ENG-01017,2026-04-01,76.07,72.56,81.31,78.04
ENG-01017,2026-05-01,78.41,72.01,71.32,79.84
ENG-01017,2026-06-01,74.03,85.51,81.72,81.9
ENG-01017,2026-07-01,69.18,69.33,79.63,75.77
ENG-01017,2026-08-01,81.14,76.65,87.78,86.82
ENG-01018,2025-09-01,70.57,64.62,73.71,73.15
ENG-01018,2025-10-01,77.79,78.97,88.12,82.93
ENG-01018,2025-11-01,76.86,73.85,72.84,78.77
ENG-01018,2025-12-01,78.6,70.29,73.23,75.12
ENG-01018,2026-01-01,76.89,74.07,81.81,73.67
ENG-01018,2026-02-01,71.29,72.85,73.56,77.06
ENG-01018,2026-03-01,77.4,66.33,79.42,77.56
ENG-01018,2026-04-01,77.67,65.26,85.18,78.16
ENG-01018,2026-05-01,68.91,82.26,73.19,78.63
ENG-01018,2026-06-01,74.31,72.55,77.94,77.05
ENG-01018,2026-07-01,73.45,69.38,69.56,68.47
ENG-01018,2026-08-01,74.4,71.36,69.48,75.79
ENG-01019,2026-03-01,87.18,73.62,85.93,81.57
ENG-01019,2026-04-01,82.29,81.19,89.34,82.91
ENG-01019,2026-05-01,78.11,71.85,77.77,91.85
ENG-01019,2026-06-01,88.46,88.45,93.79,81.42
ENG-01019,2026-07-01,77.82,77.41,81.82,84.85
ENG-01019,2026-08-01,80.72,79.56,86.13,85.04
ENG-01020,2024-02-01,71.8,80.38,75.5,80.69
ENG-01020,2024-03-01,78.81,80.01,77.93,80.58
ENG-01020,2024-04-01,73.48,64.12,71.6,73.96
ENG-01020,2024-05-01,70.5,76.94,67.29,77.52
ENG-01020,2024-06-01,79.67,79.14,80.44,82.63
ENG-01020,2024-07-01,74.13,65.6,72.06,76.72
ENG-01020,2024-08-01,81.08,85.99,84.47,79.05
ENG-01021,2024-06-01,77.57,71.64,73.83,78.88
ENG-01021,2024-07-01,85.54,78.37,89.64,83.04
ENG-01021,2024-08-01,72.47,77.18,69.07,79.47
ENG-01021,2024-09-01,82.93,77.58,75.27,84.31
ENG-01021,2024-10-01,77.29,61.6,62.45,70.91
ENG-01021,2024-11-01,67.93,74.0,82.27,78.45
ENG-01021,2024-12-01,75.16,76.97,70.63,77.87
ENG-01021,2025-01-01,78.67,69.72,80.52,67.81
ENG-01022,2025-10-01,80.59,67.45,74.54,78.6
ENG-01022,2025-11-01,77.75,66.33,68.76,77.97
ENG-01022,2025-12-01,71.81,72.71,76.15,79.45
ENG-01022,2026-01-01,78.57,67.59,78.77,77.22
ENG-01022,2026-02-01,80.48,72.51,77.34,75.75
ENG-01022,2026-03-01,70.18,70.41,75.23,76.91
ENG-01022,2026-04-01,72.84,79.01,83.25,79.17
ENG-01022,2026-05-01,66.34,72.01,70.57,80.21
ENG-01022,2026-06-01,75.75,73.17,84.89,81.81
ENG-01023,2026-01-01,78.6,80.78,70.71,87.26
ENG-01023,2026-02-01,88.4,86.23,95.53,90.44
ENG-01023,2026-03-01,78.87,81.88,79.56,87.15
ENG-01023,2026-04-01,85.01,84.06,90.71,88.4
ENG-01023,2026-05-01,81.28,74.54,84.38,84.78
ENG-01023,2026-06-01,86.98,83.17,89.7,83.86
ENG-01023,2026-07-01,78.92,84.96,94.85,89.4
ENG-01023,2026-08-01,84.03,88.04,75.0,88.26
ENG-01024,2025-08-01,89.77,85.86,91.15,85.66
ENG-01024,2025-09-01,77.1,74.51,81.19,83.74
ENG-01024,2025-10-01,90.43,92.33,81.62,87.3
ENG-01024,2025-11-01,81.78,83.44,88.17,85.03
ENG-01024,2025-12-01,84.5,78.51,78.7,82.88
ENG-01024,2026-01-01,74.08,79.76,72.98,84.15
ENG-01024,2026-02-01,76.49,70.35,79.6,78.42
ENG-01024,2026-03-01,70.31,73.42,79.26,79.66
ENG-01024,2026-04-01,79.27,84.37,85.01,88.3
ENG-01025,2026-05-01,81.97,81.49,86.96,89.32
ENG-01025,2026-06-01,76.79,79.45,84.62,87.76
ENG-01025,2026-07-01,85.27,83.24,95.65,87.69
ENG-01025,2026-08-01,76.58,69.83,72.09,86.23
ENG-01026,2025-10-01,77.46,74.94,88.08,87.39
ENG-01026,2025-11-01,82.16,86.09,88.13,83.0
ENG-01026,2025-12-01,70.98,71.35,77.07,75.46
ENG-01026,2026-01-01,66.62,67.77,66.22,77.56
ENG-01026,2026-02-01,58.89,47.91,56.86,64.48
ENG-01027,2026-03-01,71.53,60.46,68.69,75.22
ENG-01027,2026-04-01,69.29,77.15,69.96,67.76
ENG-01027,2026-05-01,63.95,67.7,65.44,67.92
ENG-01027,2026-06-01,72.07,61.41,71.93,58.92
ENG-01027,2026-07-01,58.19,39.43,46.27,47.87
ENG-01028,2024-03-01,85.14,77.35,88.72,91.78
ENG-01028,2024-04-01,84.63,76.44,86.46,76.9
ENG-01028,2024-05-01,83.3,71.84,77.89,79.5
ENG-01028,2024-06-01,79.91,89.69,80.43,84.59
ENG-01028,2024-07-01,78.91,70.67,75.85,79.49
ENG-01028,2024-08-01,81.57,86.47,94.9,85.86
ENG-01028,2024-09-01,77.77,88.1,78.97,79.89
ENG-01029,2026-06-01,80.68,83.59,82.06,87.43
ENG-01029,2026-07-01,76.29,74.95,79.4,82.97
ENG-01029,2026-08-01,76.88,84.38,85.82,82.58
ENG-01029,2026-09-01,74.9,74.65,65.28,75.64
ENG-01029,2026-10-01,71.79,64.37,64.61,66.92
ENG-01030,2025-04-01,72.61,76.44,86.59,84.11
ENG-01030,2025-05-01,68.22,71.87,79.77,77.86
ENG-01030,2025-06-01,74.89,82.14,71.83,80.43
ENG-01030,2025-07-01,72.23,63.95,74.15,67.28
ENG-01030,2025-08-01,63.2,60.29,65.74,63.99
ENG-01031,2026-08-01,77.44,79.75,89.35,86.77
ENG-01032,2025-03-01,72.45,74.56,80.4,77.76
ENG-01032,2025-04-01,79.87,75.52,81.88,80.55
ENG-01032,2025-05-01,73.82,63.19,65.08,74.18
ENG-01032,2025-06-01,80.13,72.31,76.35,78.9
ENG-01032,2025-07-01,74.43,74.86,69.9,81.39
ENG-01032,2025-08-01,81.38,74.71,73.17,76.11
ENG-01032,2025-09-01,75.85,69.69,69.26,80.45
ENG-01032,2025-10-01,86.59,81.9,79.93,84.68
ENG-01032,2025-11-01,70.77,64.04,73.19,71.26
ENG-01032,2025-12-01,74.22,75.5,80.6,82.58
ENG-01032,2026-01-01,83.04,79.92,86.31,77.75
ENG-01033,2025-05-01,85.27,80.39,76.17,82.21
ENG-01033,2025-06-01,65.61,75.05,61.41,72.51
ENG-01033,2025-07-01,75.85,72.37,69.98,71.04
ENG-01033,2025-08-01,63.49,57.68,58.03,64.24
ENG-01034,2026-07-01,62.46,62.25,64.92,65.55
ENG-01034,2026-08-01,55.18,54.53,54.99,54.98
ENG-01034,2026-09-01,54.22,43.95,59.89,54.46
ENG-01034,2026-10-01,56.82,57.94,48.71,47.64
ENG-01035,2025-05-01,72.34,70.73,74.2,77.9
ENG-01035,2025-06-01,79.72,78.77,75.91,86.07
ENG-01035,2025-07-01,72.17,74.2,77.6,77.1
ENG-01035,2025-08-01,73.94,69.34,77.11,82.51
ENG-01035,2025-09-01,78.93,70.15,72.12,73.61
ENG-01035,2025-10-01,67.04,71.28,79.25,76.95
ENG-01035,2025-11-01,81.11,81.24,80.77,79.28
ENG-01035,2025-12-01,77.25,72.46,84.52,83.22
ENG-01035,2026-01-01,82.4,76.07,81.14,82.96
ENG-01035,2026-02-01,74.58,79.73,84.16,79.38
ENG-01035,2026-03-01,77.87,78.27,81.39,86.15
ENG-01036,2024-01-01,79.02,84.91,83.08,82.76
ENG-01036,2024-02-01,66.84,62.49,80.86,76.82
ENG-01036,2024-03-01,62.97,64.86,66.8,67.95
ENG-01036,2024-04-01,66.08,50.1,61.26,58.98
ENG-01037,2025-04-01,78.04,81.66,76.77,84.47
ENG-01037,2025-05-01,76.86,81.05,69.69,77.94
ENG-01037,2025-06-01,73.34,70.59,79.23,77.79
ENG-01037,2025-07-01,74.05,62.32,77.98,67.53
ENG-01037,2025-08-01,67.73,75.57,81.57,80.86
ENG-01037,2025-09-01,81.9,70.17,83.58,71.27
ENG-01037,2025-10-01,79.09,67.54,77.08,67.14
ENG-01038,2024-09-01,80.86,71.9,81.47,84.21
ENG-01038,2024-10-01,84.75,73.38,86.2,86.67
ENG-01038,2024-11-01,76.3,77.27,89.44,85.68
ENG-01038,2024-12-01,77.26,85.62,73.7,87.36
ENG-01038,2025-01-01,73.47,66.67,76.25,79.76
ENG-01038,2025-02-01,93.31,84.16,90.83,87.29
ENG-01038,2025-03-01,80.44,73.4,85.68,83.73
ENG-01038,2025-04-01,81.03,86.55,77.31,89.19
ENG-01038,2025-05-01,83.88,76.43,84.46,81.93
ENG-01038,2025-06-01,79.24,80.49,86.48,83.74
ENG-01038,2025-07-01,78.74,82.87,80.8,86.35
ENG-01039,2025-11-01,78.95,89.62,86.18,88.32
ENG-01039,2025-12-01,84.23,81.6,96.9,88.79
ENG-01039,2026-01-01,87.35,80.57,79.74,80.98
ENG-01039,2026-02-01,89.56,86.15,82.88,86.53
ENG-01039,2026-03-01,87.98,79.84,92.75,85.85
ENG-01039,2026-04-01,77.77,76.14,78.89,82.82
ENG-01039,2026-05-01,85.87,81.54,74.96,79.42
ENG-01039,2026-06-01,81.31,91.9,89.92,89.97
ENG-01039,2026-07-01,75.01,79.49,78.22,83.35
ENG-01039,2026-08-01,77.2,89.19,83.54,85.55
ENG-01040,2024-03-01,73.59,67.14,82.53,79.48
ENG-01040,2024-04-01,86.69,83.72,91.82,82.42
ENG-01040,2024-05-01,81.5,78.33,80.24,84.11
ENG-01040,2024-06-01,82.19,70.97,82.14,86.56
ENG-01040,2024-07-01,83.96,84.12,86.42,79.8
ENG-01040,2024-08-01,83.65,74.14,83.27,80.48
ENG-01040,2024-09-01,81.55,80.09,76.29,82.31
ENG-01040,2024-10-01,83.22,68.12,78.42,79.02
ENG-01040,2024-11-01,80.21,81.91,79.21,78.38
ENG-01040,2024-12-01,85.31,88.15,92.46,87.21
ENG-01040,2025-01-01,78.7,84.67,83.12,84.48
ENG-01041,2024-02-01,75.05,80.72,100.0,94.95
ENG-01041,2024-03-01,80.85,88.58,74.98,90.54
ENG-01041,2024-04-01,87.93,95.54,90.2,86.28
ENG-01041,2024-05-01,91.38,89.1,94.6,91.23
ENG-01041,2024-06-01,79.78,81.31,79.72,90.07
ENG-01041,2024-07-01,86.73,82.45,93.03,87.67
ENG-01041,2024-08-01,93.68,83.0,95.3,86.82
ENG-01042,2024-05-01,81.67,80.2,84.13,79.36
ENG-01042,2024-06-01,74.03,82.11,85.24,84.28
ENG-01042,2024-07-01,83.63,83.47,84.92,85.4
ENG-01042,2024-08-01,75.95,73.68,79.47,78.97
ENG-01042,2024-09-01,74.66,78.51,79.64,86.07
ENG-01042,2024-10-01,88.98,81.1,93.32,83.64
ENG-01042,2024-11-01,93.7,76.2,89.45,84.66
ENG-01042,2024-12-01,82.53,81.61,85.95,79.29
ENG-01042,2025-01-01,76.26,71.0,86.18,81.82
ENG-01043,2024-10-01,66.17,73.21,63.3,76.41
ENG-01043,2024-11-01,68.99,71.21,67.65,71.37
ENG-01043,2024-12-01,67.77,67.4,73.49,70.52
ENG-01043,2025-01-01,69.36,81.45,69.06,75.56
ENG-01043,2025-02-01,61.86,71.25,74.44,72.21
ENG-01043,2025-03-01,68.99,71.24,68.76,71.12
ENG-01043,2025-04-01,76.89,74.67,71.22,73.4
ENG-01043,2025-05-01,69.12,55.66,67.71,72.14
ENG-01043,2025-06-01,66.17,68.16,75.68,75.46
ENG-01043,2025-07-01,70.77,62.42,68.25,68.19
ENG-01043,2025-08-01,74.36,62.78,63.51,70.19
ENG-01043,2025-09-01,71.29,68.44,66.36,66.82
ENG-01043,2025-10-01,62.94,59.23,60.99,64.6
ENG-01044,2024-02-01,76.75,79.06,82.51,83.19
ENG-01044,2024-03-01,84.14,73.24,79.23,77.13
ENG-01044,2024-04-01,75.64,71.34,74.79,71.05
ENG-01044,2024-05-01,79.21,78.58,80.19,82.65
ENG-01044,2024-06-01,65.7,61.0,66.05,77.35
ENG-01044,2024-07-01,71.1,74.08,69.73,70.8
ENG-01044,2024-08-01,72.4,73.03,73.65,72.19
ENG-01044,2024-09-01,71.18,65.06,71.59,70.99
ENG-01044,2024-10-01,81.95,81.81,82.73,77.61
ENG-01045,2024-06-01,74.52,78.68,72.47,77.91
ENG-01045,2024-07-01,73.72,66.64,68.33,77.48
ENG-01045,2024-08-01,70.38,82.33,77.28,81.03
ENG-01045,2024-09-01,66.89,73.48,75.7,81.34
ENG-01045,2024-10-01,71.41,73.75,83.98,80.64
ENG-01045,2024-11-01,71.13,76.05,76.03,79.69
ENG-01045,2024-12-01,67.06,68.31,69.15,77.79
ENG-01045,2025-01-01,77.62,67.38,74.6,71.72
ENG-01045,2025-02-01,71.97,79.97,71.45,82.31
ENG-01046,2026-02-01,75.44,65.94,67.23,68.4
ENG-01046,2026-03-01,70.05,69.54,67.5,71.17
ENG-01046,2026-04-01,70.24,71.89,65.46,71.81
ENG-01046,2026-05-01,72.93,64.81,64.18,65.59
ENG-01046,2026-06-01,67.77,77.07,64.33,70.91
ENG-01046,2026-07-01,66.0,63.83,75.19,62.99
ENG-01046,2026-08-01,62.89,56.59,55.77,59.67
ENG-01047,2024-01-01,92.08,85.53,92.8,79.4
ENG-01047,2024-02-01,86.74,76.34,88.95,80.88
ENG-01047,2024-03-01,79.6,74.88,81.9,85.3
ENG-01047,2024-04-01,93.45,96.1,95.79,90.87
ENG-01047,2024-05-01,87.32,83.69,86.28,87.54
ENG-01047,2024-06-01,77.13,78.72,78.18,81.63
ENG-01047,2024-07-01,75.24,80.52,78.87,83.97
ENG-01048,2024-09-01,75.31,73.42,71.8,79.91
ENG-01048,2024-10-01,76.32,76.6,74.76,84.12
ENG-01048,2024-11-01,80.09,71.39,81.67,73.06
ENG-01048,2024-12-01,81.63,65.11,77.23,75.48
ENG-01048,2025-01-01,81.49,78.55,73.21,81.93
ENG-01048,2025-02-01,75.87,81.3,89.35,84.27
ENG-01048,2025-03-01,81.52,71.15,82.37,81.76
ENG-01048,2025-04-01,78.76,72.38,74.6,76.28
ENG-01048,2025-05-01,69.34,79.79,88.85,81.9
ENG-01048,2025-06-01,78.99,85.66,82.29,79.15
ENG-01048,2025-07-01,74.99,70.97,80.06,80.95
ENG-01049,2026-07-01,81.66,78.23,83.04,78.2
ENG-01049,2026-08-01,82.24,81.09,82.41,79.47
ENG-01049,2026-09-01,73.54,75.52,81.82,77.01
ENG-01049,2026-10-01,66.98,68.99,52.96,68.19
ENG-01049,2026-11-01,58.74,46.56,60.98,55.4
ENG-01050,2024-02-01,87.32,86.94,83.58,85.08
ENG-01050,2024-03-01,90.62,80.57,95.4,84.48
ENG-01050,2024-04-01,77.89,78.16,83.49,87.46
ENG-01050,2024-05-01,81.43,85.38,84.04,87.85
ENG-01050,2024-06-01,84.19,83.79,87.4,80.39
ENG-01050,2024-07-01,87.8,82.9,93.39,87.56
ENG-01050,2024-08-01,78.32,78.45,75.14,80.2
ENG-01050,2024-09-01,69.08,74.35,69.91,80.08
ENG-01050,2024-10-01,74.69,72.64,78.4,83.08
ENG-01050,2024-11-01,87.36,78.75,86.52,82.81
ENG-01050,2024-12-01,81.25,97.67,86.85,83.62
ENG-01050,2025-01-01,77.89,80.17,90.7,87.07
ENG-01051,2026-02-01,85.0,79.0,80.59,86.23
ENG-01051,2026-03-01,78.35,73.81,79.45,80.4
ENG-01051,2026-04-01,86.81,83.29,98.34,84.63
ENG-01051,2026-05-01,82.53,76.05,85.08,75.5
ENG-01051,2026-06-01,77.82,90.15,77.67,84.31
ENG-01051,2026-07-01,69.77,81.87,64.78,78.93
ENG-01051,2026-08-01,63.63,72.45,57.61,70.62
ENG-01051,2026-09-01,67.47,62.37,69.95,62.28
ENG-01052,2025-01-01,81.78,73.18,75.79,81.47
ENG-01052,2025-02-01,71.33,75.82,74.34,82.21
ENG-01052,2025-03-01,78.58,78.42,69.92,77.35
ENG-01052,2025-04-01,73.3,71.9,70.62,78.28
ENG-01052,2025-05-01,69.53,64.05,72.67,60.54
ENG-01052,2025-06-01,62.91,53.87,57.77,55.41
ENG-01052,2025-07-01,71.22,58.83,65.07,57.34
ENG-01053,2024-12-01,76.7,72.32,72.51,77.26
ENG-01053,2025-01-01,60.38,61.1,66.83,63.08
ENG-01053,2025-02-01,57.11,62.46,58.28,64.88
ENG-01053,2025-03-01,53.25,68.86,56.05,63.2
ENG-01053,2025-04-01,57.07,49.52,56.62,45.93
ENG-01054,2025-12-01,78.42,69.65,79.09,83.42
ENG-01054,2026-01-01,82.5,85.28,82.92,86.71
ENG-01054,2026-02-01,76.31,72.68,82.15,78.02
ENG-01054,2026-03-01,77.26,76.98,81.79,73.73
ENG-01054,2026-04-01,76.75,84.87,84.98,86.1
ENG-01054,2026-05-01,80.31,76.96,79.48,83.35
ENG-01054,2026-06-01,83.35,74.99,84.74,83.16
ENG-01054,2026-07-01,88.4,74.22,86.23,81.82
ENG-01054,2026-08-01,77.13,84.73,100.0,88.29
ENG-01055,2025-08-01,82.08,68.58,79.9,76.14
ENG-01055,2025-09-01,67.38,61.78,65.18,65.55
ENG-01055,2025-10-01,60.48,60.76,56.41,66.07
ENG-01055,2025-11-01,51.22,47.29,55.64,53.1
ENG-01056,2024-10-01,70.53,69.68,68.45,68.28
ENG-01056,2024-11-01,72.71,72.98,72.84,75.08
ENG-01056,2024-12-01,72.34,77.09,73.61,75.36
ENG-01056,2025-01-01,67.91,71.27,72.73,75.9
ENG-01056,2025-02-01,70.7,59.89,78.43,70.59
ENG-01056,2025-03-01,65.17,67.19,64.27,77.46
ENG-01056,2025-04-01,71.19,79.52,65.98,78.88
ENG-01056,2025-05-01,78.81,72.08,74.95,76.02
ENG-01056,2025-06-01,74.35,63.87,82.61,78.3
ENG-01056,2025-07-01,67.89,69.19,74.52,74.9
ENG-01056,2025-08-01,83.05,73.39,68.17,72.49
ENG-01056,2025-09-01,69.05,67.55,67.49,73.08
ENG-01056,2025-10-01,68.69,58.94,69.23,70.79
ENG-01057,2024-08-01,69.68,82.9,87.77,81.58
ENG-01057,2024-09-01,67.64,75.56,88.04,82.33
ENG-01057,2024-10-01,73.09,66.12,69.03,73.84
ENG-01057,2024-11-01,78.04,76.09,88.39,74.09
ENG-01057,2024-12-01,75.69,74.76,69.24,78.56
ENG-01057,2025-01-01,70.14,62.36,85.29,72.66
ENG-01057,2025-02-01,68.09,79.14,74.35,68.44
ENG-01057,2025-03-01,78.74,60.08,69.07,69.92
ENG-01058,2025-10-01,83.74,75.17,80.93,84.04
ENG-01058,2025-11-01,77.88,75.95,87.49,82.84
ENG-01058,2025-12-01,83.16,71.03,73.91,83.73
ENG-01058,2026-01-01,89.36,79.89,87.38,85.21
ENG-01058,2026-02-01,82.18,67.82,70.7,81.87
ENG-01058,2026-03-01,69.53,79.96,78.12,81.97
ENG-01058,2026-04-01,83.11,84.95,88.92,83.81
ENG-01058,2026-05-01,89.43,76.69,94.3,81.47
ENG-01058,2026-06-01,83.96,76.94,84.31,84.69
ENG-01058,2026-07-01,87.65,85.84,87.11,85.69
ENG-01058,2026-08-01,75.76,69.41,79.95,82.74
ENG-01059,2026-04-01,69.18,69.94,73.89,76.31
ENG-01059,2026-05-01,70.7,80.23,69.9,74.41
ENG-01059,2026-06-01,73.13,77.95,77.13,76.79
ENG-01059,2026-07-01,66.62,63.27,68.96,67.72
ENG-01059,2026-08-01,67.95,71.4,66.44,75.64
ENG-01060,2024-11-01,82.25,89.25,84.37,89.38
ENG-01060,2024-12-01,86.11,88.06,89.83,90.64
ENG-01060,2025-01-01,93.09,89.94,97.25,92.42
ENG-01060,2025-02-01,80.5,84.69,85.64,90.7
ENG-01060,2025-03-01,84.72,82.78,90.73,88.61
ENG-01060,2025-04-01,84.4,97.86,86.12,90.08
ENG-01060,2025-05-01,88.03,80.17,88.04,90.17
ENG-01060,2025-06-01,88.3,90.15,95.41,90.55
ENG-01061,2025-05-01,76.08,80.96,71.63,79.99
ENG-01061,2025-06-01,75.57,72.46,77.86,75.16
ENG-01061,2025-07-01,76.17,70.51,80.98,72.94
ENG-01061,2025-08-01,66.57,67.02,67.92,72.36
ENG-01061,2025-09-01,75.54,64.81,61.78,64.49
ENG-01061,2025-10-01,70.4,62.46,55.45,62.85
ENG-01061,2025-11-01,74.28,57.98,67.0,62.73
ENG-01061,2025-12-01,65.38,57.75,47.09,53.72
ENG-01062,2024-06-01,83.32,77.3,84.52,85.26
ENG-01062,2024-07-01,86.69,89.82,85.33,88.38
ENG-01062,2024-08-01,85.7,82.93,97.48,82.17
ENG-01062,2024-09-01,91.75,90.53,83.23,90.96
ENG-01062,2024-10-01,86.31,85.37,88.47,87.46
ENG-01062,2024-11-01,85.89,80.95,78.54,84.63
ENG-01062,2024-12-01,85.12,81.44,85.95,86.0
ENG-01062,2025-01-01,82.98,82.01,80.89,89.43
ENG-01062,2025-02-01,87.44,87.16,91.92,89.84
ENG-01063,2024-04-01,69.46,76.15,80.73,77.2
ENG-01063,2024-05-01,84.94,74.87,85.83,77.64
ENG-01063,2024-06-01,71.61,75.19,71.92,78.29
ENG-01063,2024-07-01,72.58,71.6,78.74,78.38
ENG-01063,2024-08-01,70.2,68.26,65.33,81.78
ENG-01063,2024-09-01,72.21,72.85,76.74,82.57
ENG-01063,2024-10-01,72.64,70.16,70.68,81.19
ENG-01063,2024-11-01,76.64,73.36,73.78,73.39
ENG-01064,2026-07-01,85.38,71.23,76.37,76.71
ENG-01064,2026-08-01,79.1,76.85,83.21,82.56
ENG-01065,2024-11-01,87.65,84.86,91.27,92.91
ENG-01065,2024-12-01,86.45,78.4,76.53,84.38
ENG-01065,2025-01-01,79.06,86.51,84.55,86.64
ENG-01065,2025-02-01,78.57,73.74,82.77,82.64
ENG-01065,2025-03-01,88.99,82.2,96.56,91.0
ENG-01065,2025-04-01,92.48,88.47,88.08,93.98
ENG-01065,2025-05-01,83.38,76.85,81.64,87.39
ENG-01065,2025-06-01,86.19,85.51,87.04,88.89
ENG-01065,2025-07-01,83.24,77.21,86.77,88.43
ENG-01066,2025-05-01,90.66,83.23,89.47,89.54
ENG-01066,2025-06-01,93.63,98.76,97.92,92.18
ENG-01066,2025-07-01,77.03,83.05,81.36,84.13
ENG-01066,2025-08-01,80.82,86.5,96.99,90.65
ENG-01066,2025-09-01,80.09,78.48,85.32,87.28
ENG-01066,2025-10-01,82.95,81.18,83.94,85.71
ENG-01066,2025-11-01,82.38,81.16,89.64,83.07
ENG-01066,2025-12-01,78.41,83.38,83.74,89.54
ENG-01067,2026-07-01,78.03,67.33,84.86,82.96
ENG-01067,2026-08-01,70.7,76.62,81.27,84.58
ENG-01068,2024-09-01,90.27,79.44,83.47,87.24
ENG-01068,2024-10-01,81.58,86.89,89.15,87.99
ENG-01068,2024-11-01,88.53,80.02,87.37,87.79
ENG-01068,2024-12-01,87.67,86.67,80.49,89.62
ENG-01068,2025-01-01,79.04,82.9,80.43,85.46
ENG-01068,2025-02-01,83.55,72.82,94.27,90.05
ENG-01068,2025-03-01,72.87,79.72,78.74,86.52
ENG-01068,2025-04-01,79.6,82.83,79.14,89.72
ENG-01068,2025-05-01,87.5,79.15,90.83,83.64
ENG-01068,2025-06-01,86.91,83.62,83.59,89.18
ENG-01069,2026-07-01,87.36,70.29,85.58,72.99
ENG-01069,2026-08-01,67.23,67.74,72.72,76.56
ENG-01069,2026-09-01,69.97,56.63,74.31,65.77
ENG-01069,2026-10-01,52.5,58.65,59.55,58.83
ENG-01069,2026-11-01,61.84,55.28,58.79,55.95
ENG-01070,2025-12-01,86.09,66.71,68.93,73.25
ENG-01070,2026-01-01,70.21,83.87,75.68,75.15
ENG-01070,2026-02-01,73.54,74.28,71.57,75.28
ENG-01070,2026-03-01,71.56,72.49,73.04,72.99
ENG-01070,2026-04-01,79.74,79.62,74.49,75.72
ENG-01070,2026-05-01,73.4,68.76,75.2,73.95
ENG-01070,2026-06-01,79.74,73.25,80.41,76.67
ENG-01071,2024-02-01,88.26,80.29,95.69,86.85
ENG-01071,2024-03-01,87.6,92.51,82.06,89.9
ENG-01071,2024-04-01,75.88,77.1,84.81,76.39
ENG-01071,2024-05-01,83.57,78.42,85.64,80.37
ENG-01071,2024-06-01,77.7,74.05,88.17,66.21
ENG-01071,2024-07-01,66.04,65.13,85.75,65.14
ENG-01072,2025-12-01,84.45,78.16,85.18,85.68
ENG-01072,2026-01-01,74.08,81.25,90.1,86.3
ENG-01072,2026-02-01,90.29,86.75,87.66,88.63
ENG-01072,2026-03-01,87.12,82.19,90.42,91.83
ENG-01072,2026-04-01,82.36,86.72,85.46,90.56
ENG-01072,2026-05-01,87.77,76.53,86.01,89.98
ENG-01072,2026-06-01,87.76,78.4,96.81,89.53
ENG-01072,2026-07-01,90.08,87.46,92.46,88.75
ENG-01072,2026-08-01,79.05,83.79,92.36,86.88
ENG-01073,2025-11-01,79.43,69.77,85.07,81.12
ENG-01073,2025-12-01,84.09,81.3,88.89,84.48
ENG-01073,2026-01-01,83.05,86.04,89.45,87.49
ENG-01073,2026-02-01,88.17,82.04,85.83,85.39
ENG-01073,2026-03-01,76.13,82.51,79.88,88.99
ENG-01073,2026-04-01,86.31,85.65,78.93,84.71
ENG-01073,2026-05-01,77.32,80.13,67.92,79.1
ENG-01073,2026-06-01,87.05,89.05,80.21,88.39
ENG-01073,2026-07-01,82.46,86.61,82.63,85.21
ENG-01073,2026-08-01,71.76,71.11,84.77,84.94
ENG-01074,2025-05-01,80.03,76.45,75.17,81.67
ENG-01074,2025-06-01,73.32,76.83,79.56,76.91
ENG-01074,2025-07-01,77.74,65.67,78.4,66.62
ENG-01074,2025-08-01,70.65,67.33,66.66,79.34
ENG-01074,2025-09-01,75.87,74.92,82.48,74.03
ENG-01074,2025-10-01,77.04,70.17,68.82,77.97
ENG-01074,2025-11-01,72.72,64.34,71.48,74.34
ENG-01074,2025-12-01,67.78,64.93,62.81,73.22
ENG-01074,2026-01-01,76.45,79.61,76.22,75.5
ENG-01074,2026-02-01,72.76,57.19,82.94,76.0
ENG-01074,2026-03-01,70.9,65.24,68.88,71.98
ENG-01074,2026-04-01,79.99,84.88,80.1,83.93
ENG-01074,2026-05-01,82.4,69.31,74.18,79.44
ENG-01075,2025-06-01,95.21,94.24,97.13,86.1
ENG-01075,2025-07-01,82.65,74.67,82.41,80.4
ENG-01075,2025-08-01,75.43,78.53,87.59,90.68
ENG-01075,2025-09-01,85.41,86.29,89.17,89.45
ENG-01075,2025-10-01,76.09,86.5,88.14,87.94
ENG-01075,2025-11-01,77.47,96.99,87.59,88.29
ENG-01075,2025-12-01,76.48,80.34,90.04,82.54
ENG-01075,2026-01-01,75.66,76.78,84.09,80.62
ENG-01075,2026-02-01,88.78,80.29,80.0,85.32
ENG-01076,2025-09-01,77.32,72.02,83.01,74.87
ENG-01076,2025-10-01,76.33,66.84,71.9,73.81
ENG-01076,2025-11-01,73.55,68.23,65.78,79.19
ENG-01076,2025-12-01,70.61,58.11,66.7,70.5
ENG-01076,2026-01-01,74.27,73.92,72.9,76.14
ENG-01076,2026-02-01,74.11,78.93,67.85,82.45
ENG-01076,2026-03-01,75.91,71.03,68.02,78.58
ENG-01077,2025-03-01,79.17,73.51,79.91,83.63
ENG-01077,2025-04-01,79.36,71.67,79.77,80.85
ENG-01077,2025-05-01,79.85,83.34,88.51,87.95
ENG-01077,2025-06-01,76.81,76.93,86.5,84.65
ENG-01077,2025-07-01,80.74,82.14,86.06,80.65
ENG-01077,2025-08-01,80.77,80.88,77.91,79.34
ENG-01077,2025-09-01,82.64,67.53,80.02,79.54
ENG-01077,2025-10-01,77.79,85.3,80.31,75.13
ENG-01077,2025-11-01,78.53,68.23,78.12,71.81
ENG-01077,2025-12-01,59.33,64.91,57.32,60.08
ENG-01078,2025-03-01,67.58,67.84,73.64,66.48
ENG-01078,2025-04-01,70.77,71.93,70.01,64.98
ENG-01078,2025-05-01,67.54,57.43,67.88,66.84
ENG-01078,2025-06-01,68.63,53.5,72.49,61.23
ENG-01078,2025-07-01,69.13,69.0,68.43,74.67
ENG-01078,2025-08-01,70.22,64.31,58.96,65.24
ENG-01078,2025-09-01,65.27,65.47,56.24,67.78
ENG-01078,2025-10-01,56.47,60.27,52.58,59.8
ENG-01078,2025-11-01,52.6,55.13,49.47,56.21
ENG-01078,2025-12-01,62.56,35.1,44.96,51.7
ENG-01078,2026-01-01,45.32,37.76,44.3,41.87
ENG-01079,2026-08-01,85.43,81.11,90.65,87.54
ENG-01079,2026-09-01,79.05,83.22,84.06,84.19
ENG-01079,2026-10-01,72.96,78.57,78.42,79.29
ENG-01079,2026-11-01,67.87,67.98,69.17,75.6
ENG-01079,2026-12-01,65.13,65.42,74.36,67.03
ENG-01079,2027-01-01,77.18,67.36,69.15,61.98
ENG-01080,2026-07-01,76.41,84.66,87.24,85.81
ENG-01080,2026-08-01,64.23,61.92,70.25,66.69
ENG-01081,2025-01-01,72.77,75.68,67.05,80.7
ENG-01081,2025-02-01,69.41,65.92,71.94,74.69
ENG-01081,2025-03-01,75.97,71.51,84.67,77.18
ENG-01081,2025-04-01,84.47,76.13,79.53,80.19
ENG-01081,2025-05-01,72.59,80.69,87.86,70.08
ENG-01081,2025-06-01,80.15,76.79,82.25,79.24
ENG-01081,2025-07-01,74.61,68.97,81.94,81.26
ENG-01081,2025-08-01,74.16,74.59,74.07,74.94
ENG-01081,2025-09-01,79.31,76.62,87.55,74.52
ENG-01082,2024-05-01,80.74,83.41,81.73,78.53
ENG-01082,2024-06-01,79.16,72.39,78.23,80.2
ENG-01082,2024-07-01,90.81,81.59,84.33,84.47
ENG-01082,2024-08-01,83.01,77.23,84.94,86.05
ENG-01082,2024-09-01,76.84,73.4,80.96,74.81
ENG-01082,2024-10-01,76.72,72.2,73.47,81.96
ENG-01082,2024-11-01,75.48,69.64,88.87,77.56
ENG-01082,2024-12-01,81.35,74.5,67.37,79.54
ENG-01082,2025-01-01,76.63,66.45,80.25,81.17
ENG-01082,2025-02-01,69.9,71.11,69.37,76.16
ENG-01083,2024-06-01,89.36,75.69,81.63,82.69
ENG-01083,2024-07-01,87.59,84.01,95.14,89.45
ENG-01083,2024-08-01,79.67,84.06,81.69,87.83
ENG-01083,2024-09-01,82.6,75.81,79.57,86.41
ENG-01083,2024-10-01,71.46,79.83,80.94,86.01
ENG-01083,2024-11-01,84.84,83.14,79.16,84.24
ENG-01083,2024-12-01,86.99,78.89,79.58,78.84
ENG-01084,2026-06-01,76.67,78.39,81.9,81.56
ENG-01084,2026-07-01,77.0,60.36,76.24,75.31
ENG-01084,2026-08-01,79.37,73.82,84.15,81.22
ENG-01085,2024-05-01,85.6,95.9,86.03,84.62
ENG-01085,2024-06-01,74.11,72.75,80.62,81.56
ENG-01085,2024-07-01,87.86,70.93,92.02,83.51
ENG-01085,2024-08-01,82.46,87.11,78.95,80.3
ENG-01085,2024-09-01,77.92,76.12,84.33,82.57
ENG-01085,2024-10-01,80.64,96.39,80.25,85.98
ENG-01085,2024-11-01,73.81,76.21,82.13,80.06
ENG-01085,2024-12-01,77.07,79.87,75.75,82.28
ENG-01085,2025-01-01,89.97,87.59,82.28,84.65
ENG-01085,2025-02-01,80.41,77.78,85.25,83.81
ENG-01085,2025-03-01,86.8,77.54,82.48,85.94
ENG-01085,2025-04-01,72.35,78.61,81.98,84.8
ENG-01086,2025-03-01,75.12,84.32,82.37,84.93
ENG-01086,2025-04-01,79.75,70.34,88.28,80.64
ENG-01086,2025-05-01,79.89,71.85,94.05,73.01
ENG-01086,2025-06-01,87.45,79.95,85.73,82.62
ENG-01086,2025-07-01,74.74,79.03,86.49,80.68
ENG-01086,2025-08-01,75.93,73.91,75.27,78.4
ENG-01086,2025-09-01,79.16,83.65,77.81,85.2
ENG-01086,2025-10-01,76.21,79.55,87.08,81.24
ENG-01086,2025-11-01,80.16,77.63,84.78,82.9
ENG-01086,2025-12-01,78.36,79.21,80.34,84.85
ENG-01086,2026-01-01,85.16,85.01,86.91,86.34
ENG-01086,2026-02-01,75.89,71.48,85.06,87.52
ENG-01086,2026-03-01,89.64,89.11,91.93,86.82
ENG-01087,2025-08-01,87.21,92.4,100.0,93.87
ENG-01087,2025-09-01,92.0,87.19,88.63,85.49
ENG-01087,2025-10-01,80.25,86.6,88.31,91.15
ENG-01087,2025-11-01,72.03,72.75,74.55,80.61
ENG-01087,2025-12-01,73.14,71.43,68.49,71.99
ENG-01087,2026-01-01,74.78,77.44,77.47,81.56
ENG-01087,2026-02-01,66.53,71.32,68.27,74.11
ENG-01088,2026-06-01,87.0,88.92,87.02,88.33
ENG-01088,2026-07-01,78.82,84.69,92.43,86.23
ENG-01088,2026-08-01,80.17,79.88,77.59,87.67
ENG-01089,2024-09-01,75.69,62.98,67.53,80.33
ENG-01089,2024-10-01,74.19,63.66,77.58,75.93
ENG-01089,2024-11-01,72.15,53.42,69.28,72.47
ENG-01089,2024-12-01,73.43,78.84,68.67,72.21
ENG-01089,2025-01-01,70.72,80.53,66.71,78.17
ENG-01089,2025-02-01,73.53,79.03,75.42,82.62
ENG-01089,2025-03-01,77.39,82.3,74.07,82.99
ENG-01089,2025-04-01,75.16,71.83,75.48,75.36
ENG-01089,2025-05-01,82.96,76.62,75.46,73.05
ENG-01089,2025-06-01,78.96,76.43,83.51,82.08
ENG-01089,2025-07-01,70.78,67.96,71.77,78.65
ENG-01090,2026-03-01,73.36,70.98,77.77,72.49
ENG-01090,2026-04-01,75.64,83.71,69.94,79.98
ENG-01090,2026-05-01,79.59,69.44,80.69,69.58
ENG-01090,2026-06-01,77.53,70.03,75.89,77.88
ENG-01090,2026-07-01,79.86,72.04,81.85,76.8
ENG-01090,2026-08-01,80.6,71.59,76.51,81.84
ENG-01091,2024-08-01,68.28,69.24,64.75,69.76
ENG-01091,2024-09-01,73.59,68.11,79.46,72.39
ENG-01091,2024-10-01,74.48,75.71,74.72,77.18
ENG-01091,2024-11-01,79.23,84.16,76.46,83.08
ENG-01091,2024-12-01,73.87,73.43,70.56,73.59
ENG-01091,2025-01-01,58.61,66.22,74.11,69.85
ENG-01091,2025-02-01,55.76,60.76,66.75,64.54
ENG-01091,2025-03-01,61.07,53.49,46.57,61.67
ENG-01092,2024-11-01,82.46,80.62,74.73,76.87
ENG-01092,2024-12-01,81.94,77.03,80.21,82.68
ENG-01092,2025-01-01,80.62,70.24,70.59,77.16
ENG-01092,2025-02-01,75.42,69.92,69.16,80.37
ENG-01092,2025-03-01,67.97,67.01,72.86,79.7
ENG-01092,2025-04-01,74.53,79.95,78.22,82.98
ENG-01092,2025-05-01,67.75,79.32,82.65,82.03
ENG-01093,2025-05-01,86.45,93.95,80.82,88.62
ENG-01093,2025-06-01,75.02,71.0,89.73,84.58
ENG-01093,2025-07-01,87.06,78.03,88.79,84.33
ENG-01093,2025-08-01,78.72,82.56,87.32,82.77
ENG-01093,2025-09-01,77.34,73.42,84.39,89.1
ENG-01093,2025-10-01,89.21,88.13,80.06,87.87
ENG-01093,2025-11-01,87.63,91.3,89.91,92.44
ENG-01093,2025-12-01,80.83,79.16,84.13,86.53
ENG-01093,2026-01-01,75.42,79.82,75.84,87.81
ENG-01093,2026-02-01,84.06,78.91,98.09,90.84
ENG-01093,2026-03-01,90.22,78.89,87.37,89.55
ENG-01093,2026-04-01,83.85,81.28,89.16,84.66
ENG-01094,2024-03-01,86.91,85.92,77.0,86.32
ENG-01094,2024-04-01,74.2,79.77,89.01,84.35
ENG-01094,2024-05-01,74.22,75.93,88.51,78.94
ENG-01094,2024-06-01,76.03,82.06,82.21,83.94
ENG-01094,2024-07-01,78.91,71.27,74.65,82.01
ENG-01094,2024-08-01,79.29,67.79,86.23,77.53
ENG-01094,2024-09-01,84.42,79.31,81.13,85.46
ENG-01094,2024-10-01,74.45,71.5,62.89,78.57
ENG-01094,2024-11-01,66.53,70.02,63.61,67.79
ENG-01094,2024-12-01,71.55,68.75,65.97,65.46
ENG-01095,2025-09-01,85.19,82.65,87.39,80.22
ENG-01095,2025-10-01,79.76,81.33,90.21,86.48
ENG-01095,2025-11-01,75.94,74.63,76.35,85.92
ENG-01095,2025-12-01,82.4,79.78,89.21,89.71
ENG-01095,2026-01-01,76.07,81.83,83.97,87.83
ENG-01095,2026-02-01,82.7,89.39,86.29,86.2
ENG-01095,2026-03-01,75.31,75.12,78.59,75.06
ENG-01096,2024-10-01,77.69,81.79,82.78,80.64
ENG-01096,2024-11-01,73.82,73.2,66.82,81.66
ENG-01096,2024-12-01,78.23,75.09,77.08,82.48
ENG-01096,2025-01-01,77.72,77.96,82.81,82.8
ENG-01096,2025-02-01,69.04,74.75,77.02,75.64
ENG-01096,2025-03-01,76.99,78.36,81.33,79.36
ENG-01096,2025-04-01,79.87,78.25,88.58,81.95
ENG-01097,2025-03-01,74.62,81.14,74.02,75.57
ENG-01097,2025-04-01,66.18,69.42,70.79,74.68
ENG-01097,2025-05-01,73.12,70.91,81.26,76.52
ENG-01097,2025-06-01,73.9,73.78,78.51,80.24
ENG-01097,2025-07-01,82.51,85.14,77.17,84.76
ENG-01097,2025-08-01,83.91,70.97,77.36,80.72
ENG-01097,2025-09-01,71.24,73.19,80.52,74.23
ENG-01097,2025-10-01,76.13,73.43,62.51,81.3
ENG-01097,2025-11-01,69.03,70.95,80.97,76.66
ENG-01097,2025-12-01,70.38,67.53,75.71,80.7
ENG-01097,2026-01-01,72.52,73.68,77.16,80.59
ENG-01097,2026-02-01,78.54,78.32,76.98,80.72
ENG-01097,2026-03-01,69.52,75.98,77.61,76.06
ENG-01098,2024-06-01,77.56,63.72,81.02,70.48
ENG-01098,2024-07-01,70.03,62.03,81.22,69.19
ENG-01098,2024-08-01,71.28,60.78,63.15,74.93
ENG-01098,2024-09-01,67.62,61.6,70.91,71.86
ENG-01098,2024-10-01,70.0,58.37,67.75,76.36
ENG-01098,2024-11-01,62.87,65.72,66.48,70.22
ENG-01098,2024-12-01,60.89,69.56,60.71,64.49
ENG-01098,2025-01-01,57.59,60.81,63.23,60.98
ENG-01098,2025-02-01,56.43,44.72,51.26,48.3
ENG-01099,2024-04-01,74.84,71.83,61.58,75.21
ENG-01099,2024-05-01,75.39,80.85,81.44,79.59
ENG-01099,2024-06-01,79.24,72.21,75.91,76.15
ENG-01099,2024-07-01,73.51,75.95,63.6,76.56
ENG-01099,2024-08-01,66.85,70.14,60.89,62.45
ENG-01099,2024-09-01,66.39,59.74,66.34,63.03
ENG-01099,2024-10-01,65.71,63.0,59.24,65.19
ENG-01100,2025-10-01,75.94,76.33,76.84,76.14
ENG-01100,2025-11-01,74.26,69.4,67.61,69.58
ENG-01100,2025-12-01,77.42,75.34,80.1,73.08
ENG-01100,2026-01-01,67.47,53.32,70.89,64.78
ENG-01100,2026-02-01,69.5,62.56,66.36,63.8
ENG-01100,2026-03-01,62.94,51.7,56.35,47.46
ENG-01100,2026-04-01,66.07,54.6,57.79,51.79
ENG-01101,2025-05-01,74.55,67.08,76.8,72.62
ENG-01101,2025-06-01,78.17,73.66,80.95,72.83
ENG-01101,2025-07-01,77.18,80.16,75.24,79.85
ENG-01101,2025-08-01,73.16,67.41,78.26,69.01
ENG-01101,2025-09-01,71.0,70.15,72.75,74.91
ENG-01101,2025-10-01,81.68,72.75,79.29,70.26
ENG-01101,2025-11-01,70.4,73.88,62.33,80.57
ENG-01102,2025-12-01,83.71,82.58,74.96,85.97
ENG-01102,2026-01-01,87.71,82.77,91.91,86.79
ENG-01102,2026-02-01,78.51,80.49,87.32,83.63
ENG-01102,2026-03-01,83.45,76.2,88.85,86.41
ENG-01102,2026-04-01,86.15,76.91,88.85,87.36
ENG-01102,2026-05-01,84.29,89.91,87.9,86.0
ENG-01102,2026-06-01,81.47,70.44,78.64,77.2
ENG-01102,2026-07-01,88.21,90.55,83.34,88.01
ENG-01102,2026-08-01,86.82,80.32,89.2,88.2
ENG-01103,2026-07-01,84.36,85.92,79.39,87.84
ENG-01103,2026-08-01,79.79,78.4,80.58,83.91
ENG-01104,2024-04-01,74.15,63.86,73.88,72.43
ENG-01104,2024-05-01,76.93,69.67,72.71,75.58
ENG-01104,2024-06-01,70.95,77.52,86.72,84.44
ENG-01104,2024-07-01,70.42,79.53,76.35,79.34
ENG-01104,2024-08-01,77.34,69.1,87.14,75.42
ENG-01104,2024-09-01,74.68,67.34,81.47,72.63
ENG-01104,2024-10-01,79.82,72.88,87.38,77.34
ENG-01105,2026-01-01,79.48,80.04,74.16,78.98
ENG-01105,2026-02-01,79.99,68.12,79.08,78.04
ENG-01105,2026-03-01,68.68,59.54,70.11,69.77
ENG-01105,2026-04-01,72.72,66.9,65.56,81.94
ENG-01105,2026-05-01,66.61,65.63,64.13,75.04
ENG-01105,2026-06-01,83.57,71.83,76.7,76.98
ENG-01105,2026-07-01,73.46,79.03,70.89,77.03
ENG-01105,2026-08-01,69.88,78.1,71.06,70.73
ENG-01106,2025-03-01,77.15,71.23,63.29,84.06
ENG-01106,2025-04-01,74.48,76.53,74.09,81.37
ENG-01106,2025-05-01,90.61,71.52,92.39,75.9
ENG-01106,2025-06-01,78.34,74.59,89.96,80.82
ENG-01106,2025-07-01,82.67,85.37,76.81,85.96
ENG-01106,2025-08-01,66.59,66.78,69.27,76.28
ENG-01106,2025-09-01,77.29,74.2,79.18,85.53
ENG-01106,2025-10-01,73.23,75.91,75.23,84.41
ENG-01106,2025-11-01,80.42,62.27,83.13,83.99
ENG-01107,2025-05-01,71.18,79.39,70.82,82.75
ENG-01107,2025-06-01,93.05,73.69,81.06,83.63
ENG-01107,2025-07-01,73.49,76.83,73.97,79.99
ENG-01107,2025-08-01,78.17,77.48,88.01,86.45
ENG-01107,2025-09-01,75.71,73.38,80.63,82.68
ENG-01107,2025-10-01,75.35,71.03,82.77,82.96
ENG-01107,2025-11-01,79.81,79.0,79.62,80.88
ENG-01107,2025-12-01,86.54,76.41,77.71,76.84
ENG-01107,2026-01-01,80.59,83.63,95.58,84.66
ENG-01107,2026-02-01,74.62,80.24,86.2,83.31
ENG-01107,2026-03-01,80.14,73.13,78.14,77.64
ENG-01108,2024-07-01,75.55,83.28,87.41,82.5
ENG-01108,2024-08-01,82.75,80.78,91.05,87.09
ENG-01108,2024-09-01,88.68,92.85,90.7,86.03
ENG-01108,2024-10-01,79.03,83.87,72.54,86.66
ENG-01108,2024-11-01,77.38,81.99,85.52,87.67
ENG-01108,2024-12-01,85.17,78.13,87.17,87.65
ENG-01108,2025-01-01,82.61,94.18,89.99,90.86
ENG-01108,2025-02-01,90.51,90.7,82.4,93.12
ENG-01109,2024-01-01,84.93,75.73,82.53,84.06
ENG-01109,2024-02-01,78.49,81.71,85.52,87.83
ENG-01109,2024-03-01,81.8,77.52,82.23,83.69
ENG-01109,2024-04-01,80.61,74.93,72.66,77.02
ENG-01109,2024-05-01,83.06,93.17,81.42,85.52
ENG-01109,2024-06-01,90.81,79.17,83.83,87.13
ENG-01109,2024-07-01,83.37,79.46,86.79,80.93
ENG-01109,2024-08-01,87.45,88.71,88.35,89.76
ENG-01109,2024-09-01,97.54,88.45,83.42,85.86
ENG-01109,2024-10-01,81.55,76.78,83.9,87.51
ENG-01109,2024-11-01,80.18,79.57,76.94,87.0
ENG-01109,2024-12-01,82.84,88.33,87.83,78.39
ENG-01110,2025-01-01,69.34,68.3,70.25,74.19
ENG-01110,2025-02-01,65.45,64.38,69.09,71.0
ENG-01110,2025-03-01,68.41,69.62,70.57,68.83
ENG-01110,2025-04-01,73.2,68.57,69.0,74.65
ENG-01110,2025-05-01,76.75,63.08,72.81,68.7
ENG-01110,2025-06-01,76.47,61.72,58.13,66.01
ENG-01110,2025-07-01,61.67,45.97,59.67,55.9
ENG-01110,2025-08-01,60.94,62.05,54.25,55.12
ENG-01111,2024-01-01,67.26,70.89,72.5,80.89
ENG-01111,2024-02-01,67.26,85.89,74.62,83.94
ENG-01111,2024-03-01,78.31,75.74,77.87,85.45
ENG-01111,2024-04-01,74.23,73.63,83.62,85.31
ENG-01111,2024-05-01,88.53,86.51,90.05,81.58
ENG-01111,2024-06-01,75.8,77.74,73.24,84.12
ENG-01111,2024-07-01,75.68,75.58,68.53,83.59
ENG-01111,2024-08-01,79.84,60.75,82.68,79.9
ENG-01111,2024-09-01,80.3,74.45,81.72,78.69
ENG-01112,2025-02-01,74.03,64.08,78.9,73.06
ENG-01112,2025-03-01,78.01,73.14,78.53,73.46
ENG-01112,2025-04-01,73.72,71.94,73.83,75.32
ENG-01112,2025-05-01,68.58,70.93,74.43,78.16
ENG-01112,2025-06-01,83.5,75.29,78.65,79.41
ENG-01112,2025-07-01,71.35,73.09,78.12,81.58
ENG-01112,2025-08-01,82.81,76.94,83.94,71.47
ENG-01112,2025-09-01,76.07,72.54,83.8,76.51
ENG-01112,2025-10-01,73.07,74.51,84.11,75.41
ENG-01112,2025-11-01,83.54,80.61,79.68,81.7
ENG-01112,2025-12-01,73.15,63.8,73.18,77.27
ENG-01112,2026-01-01,68.57,69.37,81.57,76.79
ENG-01113,2025-09-01,74.68,66.45,72.04,79.13
ENG-01113,2025-10-01,77.49,82.79,81.42,83.44
ENG-01113,2025-11-01,81.09,83.4,83.28,82.25
ENG-01113,2025-12-01,77.44,77.74,73.95,74.46
ENG-01113,2026-01-01,73.51,84.78,82.76,85.32
ENG-01113,2026-02-01,72.05,70.88,86.95,80.01
ENG-01113,2026-03-01,86.61,79.6,86.03,84.95
ENG-01113,2026-04-01,69.56,72.14,78.13,84.41
ENG-01113,2026-05-01,84.07,74.39,86.14,86.26
ENG-01114,2026-02-01,72.08,62.1,69.21,69.94
ENG-01114,2026-03-01,73.19,78.43,87.89,77.79
ENG-01114,2026-04-01,72.53,76.51,72.52,77.62
ENG-01114,2026-05-01,75.01,75.5,66.45,70.29
ENG-01114,2026-06-01,72.52,79.36,76.8,74.66
ENG-01114,2026-07-01,80.95,60.97,70.28,72.18
ENG-01114,2026-08-01,64.27,63.45,62.48,62.26
ENG-01115,2024-09-01,79.75,76.85,82.12,87.62
ENG-01115,2024-10-01,86.69,92.21,69.32,89.0
ENG-01115,2024-11-01,83.64,78.96,89.0,81.85
ENG-01115,2024-12-01,90.46,82.33,91.18,78.43
ENG-01115,2025-01-01,80.09,67.89,83.26,87.87
ENG-01115,2025-02-01,86.9,78.4,84.79,85.92
ENG-01115,2025-03-01,74.39,81.85,78.43,86.04
ENG-01115,2025-04-01,86.3,82.37,83.95,83.36
ENG-01115,2025-05-01,80.84,72.98,75.99,75.89
ENG-01115,2025-06-01,88.26,84.17,78.63,86.52
ENG-01116,2025-04-01,75.53,67.58,89.88,77.97
ENG-01116,2025-05-01,86.3,77.17,79.38,82.14
ENG-01116,2025-06-01,85.34,77.78,78.59,81.0
ENG-01116,2025-07-01,78.26,87.42,85.47,84.04
ENG-01116,2025-08-01,73.15,79.75,72.27,74.35
ENG-01116,2025-09-01,70.73,71.31,77.08,77.15
ENG-01116,2025-10-01,86.78,84.02,83.55,83.16
ENG-01116,2025-11-01,82.21,80.7,81.72,80.79
ENG-01116,2025-12-01,82.09,83.06,81.64,84.26
ENG-01116,2026-01-01,85.05,73.26,75.78,78.52
ENG-01117,2026-01-01,77.59,82.15,84.41,76.72
ENG-01117,2026-02-01,70.7,61.76,66.99,74.59
ENG-01117,2026-03-01,74.79,69.66,73.37,69.63
ENG-01117,2026-04-01,63.61,61.43,61.14,69.6
ENG-01117,2026-05-01,51.48,61.73,50.95,59.55
ENG-01118,2024-03-01,82.06,73.63,80.07,79.49
ENG-01118,2024-04-01,80.6,83.12,75.21,81.65
ENG-01118,2024-05-01,73.86,85.18,74.76,78.21
ENG-01118,2024-06-01,84.13,77.6,89.14,80.29
ENG-01118,2024-07-01,63.28,67.46,71.29,76.34
ENG-01118,2024-08-01,70.38,69.22,72.06,81.23
ENG-01118,2024-09-01,71.19,69.87,67.85,76.14
ENG-01118,2024-10-01,68.61,63.37,58.42,73.67
ENG-01118,2024-11-01,75.7,67.51,73.12,72.72
ENG-01118,2024-12-01,73.08,59.99,66.51,60.81
ENG-01119,2024-11-01,74.48,73.44,85.85,85.63
ENG-01119,2024-12-01,81.14,88.43,83.36,82.12
ENG-01119,2025-01-01,83.61,77.53,89.14,87.53
ENG-01119,2025-02-01,72.48,77.21,81.26,84.24
ENG-01119,2025-03-01,82.71,72.44,89.75,84.98
ENG-01119,2025-04-01,78.17,71.9,75.36,80.18
ENG-01119,2025-05-01,69.58,63.01,74.61,74.71
ENG-01120,2025-04-01,67.56,67.0,69.33,76.63
ENG-01120,2025-05-01,73.79,77.56,68.23,79.2
ENG-01120,2025-06-01,79.07,72.57,77.38,85.04
ENG-01120,2025-07-01,76.17,82.49,76.38,80.0
ENG-01120,2025-08-01,76.61,73.73,87.04,82.17
ENG-01120,2025-09-01,70.58,68.18,65.39,80.66
ENG-01120,2025-10-01,77.17,71.54,74.67,76.61
ENG-01120,2025-11-01,71.77,69.94,75.01,80.34
ENG-01120,2025-12-01,70.56,69.76,79.16,73.06
ENG-01120,2026-01-01,77.63,88.08,79.84,82.48
ENG-01120,2026-02-01,73.57,60.75,65.99,69.74
ENG-01120,2026-03-01,78.0,81.24,79.45,76.81
ENG-01121,2024-02-01,69.26,66.11,78.9,70.48
ENG-01121,2024-03-01,78.73,78.21,75.49,73.87
ENG-01121,2024-04-01,66.29,72.64,64.2,75.52
ENG-01121,2024-05-01,63.1,66.52,69.01,68.3
ENG-01121,2024-06-01,62.51,64.71,70.4,74.88
ENG-01121,2024-07-01,73.06,71.35,74.14,72.62
ENG-01121,2024-08-01,60.01,58.94,68.27,72.55
ENG-01121,2024-09-01,69.51,62.65,77.43,71.08
ENG-01121,2024-10-01,64.44,73.78,72.04,75.72
ENG-01121,2024-11-01,77.82,71.48,58.48,70.04
ENG-01121,2024-12-01,69.83,66.69,70.27,71.89
ENG-01121,2025-01-01,79.83,69.71,76.41,80.6
ENG-01122,2024-01-01,86.19,84.21,87.19,83.99
ENG-01122,2024-02-01,81.88,83.94,84.83,86.56
ENG-01122,2024-03-01,83.61,71.12,86.71,83.84
ENG-01122,2024-04-01,85.81,86.08,84.4,89.33
ENG-01122,2024-05-01,74.43,73.99,76.1,86.49
ENG-01122,2024-06-01,89.33,86.41,85.55,87.32
ENG-01122,2024-07-01,91.05,92.76,84.18,88.12
ENG-01122,2024-08-01,81.8,74.22,81.28,82.41
ENG-01122,2024-09-01,79.26,78.72,81.75,81.25
ENG-01122,2024-10-01,74.84,67.48,79.53,86.58
ENG-01123,2026-05-01,79.13,84.21,88.34,85.6
ENG-01123,2026-06-01,70.2,70.37,70.28,79.42
ENG-01123,2026-07-01,73.24,76.19,77.26,83.19
ENG-01123,2026-08-01,89.07,80.4,80.76,83.38
ENG-01124,2024-03-01,80.43,91.3,92.62,89.79
ENG-01124,2024-04-01,78.15,82.97,80.73,86.51
ENG-01124,2024-05-01,89.34,79.55,90.81,86.39
ENG-01124,2024-06-01,80.44,84.98,89.97,82.69
ENG-01124,2024-07-01,68.23,73.42,82.82,77.82
ENG-01124,2024-08-01,69.87,63.06,69.99,69.64
ENG-01124,2024-09-01,80.23,73.09,73.64,71.49
ENG-01124,2024-10-01,62.19,62.0,65.3,61.78
ENG-01125,2026-03-01,68.86,82.79,68.69,79.58
ENG-01125,2026-04-01,79.49,77.83,76.34,81.39
ENG-01125,2026-05-01,72.42,61.5,70.44,74.47
ENG-01125,2026-06-01,76.89,84.31,89.33,86.21
ENG-01125,2026-07-01,71.53,79.8,76.94,82.72
ENG-01125,2026-08-01,73.67,70.97,80.74,82.53
ENG-01126,2026-06-01,81.7,95.18,78.25,90.54
ENG-01126,2026-07-01,82.3,74.54,86.18,79.63
ENG-01126,2026-08-01,85.68,81.74,95.47,83.86
ENG-01127,2025-10-01,75.31,59.23,77.67,64.88
ENG-01127,2025-11-01,68.72,63.45,72.92,78.48
ENG-01127,2025-12-01,71.99,66.28,70.96,67.82
ENG-01127,2026-01-01,81.84,77.04,79.98,71.34
ENG-01127,2026-02-01,75.66,69.37,64.51,80.0
ENG-01127,2026-03-01,77.64,76.97,76.0,78.83
ENG-01127,2026-04-01,74.29,65.19,74.71,71.87
ENG-01127,2026-05-01,72.75,68.35,72.48,73.29
ENG-01128,2025-02-01,87.81,87.79,82.17,87.64
ENG-01128,2025-03-01,79.98,79.65,73.78,83.69
ENG-01128,2025-04-01,82.36,77.19,78.16,80.01
ENG-01128,2025-05-01,86.18,85.75,90.88,81.55
ENG-01128,2025-06-01,81.98,78.03,84.05,84.33
ENG-01128,2025-07-01,78.12,82.1,82.05,83.99
ENG-01128,2025-08-01,76.79,80.81,85.25,81.5
ENG-01128,2025-09-01,81.36,76.75,86.46,85.98
ENG-01128,2025-10-01,74.34,78.03,81.08,77.68
ENG-01128,2025-11-01,79.44,79.79,79.7,85.33
ENG-01128,2025-12-01,81.12,81.23,85.01,77.54
ENG-01128,2026-01-01,77.33,77.65,85.08,86.69
ENG-01128,2026-02-01,75.18,79.98,88.69,79.53
ENG-01129,2024-09-01,79.1,77.3,84.67,84.88
ENG-01129,2024-10-01,71.01,72.93,84.47,85.44
ENG-01129,2024-11-01,81.33,74.48,82.89,83.19
ENG-01129,2024-12-01,79.45,83.53,67.58,70.34
ENG-01129,2025-01-01,65.36,60.78,67.67,69.55
ENG-01129,2025-02-01,69.4,58.95,59.62,64.24
ENG-01130,2025-05-01,72.71,62.94,66.0,76.68
ENG-01130,2025-06-01,68.09,71.79,60.38,70.62
ENG-01130,2025-07-01,57.14,45.68,63.23,55.99
ENG-01130,2025-08-01,56.23,39.73,42.44,43.74
ENG-01131,2025-09-01,90.43,85.78,87.57,85.26
ENG-01131,2025-10-01,87.67,83.43,87.93,85.14
ENG-01131,2025-11-01,79.34,85.61,88.28,92.3
ENG-01131,2025-12-01,79.45,88.77,91.25,90.09
ENG-01131,2026-01-01,98.18,87.38,88.74,92.3
ENG-01131,2026-02-01,78.92,75.13,82.81,89.41
ENG-01131,2026-03-01,86.33,75.84,93.5,83.74
ENG-01131,2026-04-01,88.96,92.68,92.83,93.54
ENG-01131,2026-05-01,83.62,80.78,80.52,84.72
ENG-01132,2025-05-01,75.47,68.22,81.11,82.0
ENG-01132,2025-06-01,90.59,78.14,93.21,83.53
ENG-01132,2025-07-01,79.91,71.31,80.24,82.95
ENG-01132,2025-08-01,76.17,78.92,76.82,79.1
ENG-01132,2025-09-01,78.64,79.9,81.63,87.82
ENG-01132,2025-10-01,79.32,74.34,85.13,85.0
ENG-01132,2025-11-01,77.39,72.3,82.15,77.73
ENG-01132,2025-12-01,78.11,78.61,85.82,81.95
ENG-01132,2026-01-01,95.37,92.36,90.68,85.0
ENG-01133,2025-08-01,86.98,78.32,70.32,87.5
ENG-01133,2025-09-01,81.51,91.16,81.53,87.04
ENG-01133,2025-10-01,85.5,73.61,78.21,86.9
ENG-01133,2025-11-01,78.7,75.28,86.42,80.45
ENG-01133,2025-12-01,85.62,85.46,86.88,88.93
ENG-01133,2026-01-01,81.6,83.99,89.61,86.22
ENG-01133,2026-02-01,74.22,79.04,88.46,83.44
ENG-01134,2024-02-01,80.42,67.39,76.78,80.71
ENG-01134,2024-03-01,61.26,60.01,61.91,70.72
ENG-01134,2024-04-01,66.23,52.39,56.94,59.36
ENG-01134,2024-05-01,54.89,47.58,48.63,48.34
ENG-01135,2024-05-01,76.01,81.22,74.76,80.5
ENG-01135,2024-06-01,79.5,63.48,79.92,67.79
ENG-01135,2024-07-01,79.88,75.02,75.68,81.8
ENG-01135,2024-08-01,74.55,74.87,90.29,77.59
ENG-01135,2024-09-01,84.89,90.28,78.49,84.5
ENG-01135,2024-10-01,69.24,71.94,75.97,82.36
ENG-01135,2024-11-01,79.5,81.68,73.32,81.47
ENG-01135,2024-12-01,78.77,68.37,78.81,77.48
ENG-01136,2024-05-01,83.09,77.45,79.54,80.72
ENG-01136,2024-06-01,80.84,77.11,76.53,83.91
ENG-01136,2024-07-01,77.52,72.51,86.23,84.94
ENG-01136,2024-08-01,74.56,71.56,82.73,83.38
ENG-01136,2024-09-01,85.81,80.3,83.76,82.51
ENG-01136,2024-10-01,74.83,69.7,76.99,83.38
ENG-01136,2024-11-01,78.42,79.13,99.99,88.0
ENG-01136,2024-12-01,79.22,79.68,88.38,80.57
ENG-01136,2025-01-01,83.97,76.95,81.02,83.93
ENG-01136,2025-02-01,81.82,76.32,82.64,87.0
ENG-01137,2025-10-01,74.24,78.88,66.88,81.0
ENG-01137,2025-11-01,82.46,93.11,93.08,87.85
ENG-01137,2025-12-01,83.41,82.34,85.12,83.57
ENG-01137,2026-01-01,80.08,87.3,89.92,80.95
ENG-01137,2026-02-01,79.92,72.1,83.31,87.64
ENG-01137,2026-03-01,85.19,73.46,86.12,76.22
ENG-01137,2026-04-01,79.57,79.39,83.78,84.51
ENG-01137,2026-05-01,81.65,80.37,85.28,82.51
ENG-01137,2026-06-01,77.0,76.61,83.8,88.13
ENG-01138,2026-05-01,90.42,83.13,84.17,81.81
ENG-01138,2026-06-01,80.76,78.1,86.02,80.69
ENG-01138,2026-07-01,78.01,85.43,88.26,83.55
ENG-01138,2026-08-01,68.37,74.85,76.23,81.03
ENG-01139,2026-04-01,74.52,73.51,73.84,75.39
ENG-01139,2026-05-01,71.63,86.61,84.48,84.52
ENG-01139,2026-06-01,75.65,76.83,83.22,85.24
ENG-01139,2026-07-01,79.56,83.48,83.93,84.88
ENG-01139,2026-08-01,82.45,82.61,81.1,85.87
ENG-01140,2024-09-01,68.7,65.54,73.76,66.74
ENG-01140,2024-10-01,70.93,63.89,61.53,68.19
ENG-01140,2024-11-01,66.59,64.74,63.43,71.31
ENG-01140,2024-12-01,61.57,72.78,68.58,67.58
ENG-01140,2025-01-01,77.61,62.24,59.0,71.17
ENG-01140,2025-02-01,74.81,67.01,65.41,74.56
ENG-01140,2025-03-01,70.65,68.89,66.02,68.29
ENG-01140,2025-04-01,64.58,62.6,61.86,63.95
ENG-01140,2025-05-01,71.03,74.21,70.12,69.32
ENG-01141,2025-09-01,81.75,71.59,75.2,87.12
ENG-01141,2025-10-01,79.78,89.73,86.52,80.61
ENG-01141,2025-11-01,84.3,82.21,81.79,87.87
ENG-01141,2025-12-01,77.06,76.46,79.55,79.07
ENG-01141,2026-01-01,76.32,62.96,80.07,71.42
ENG-01141,2026-02-01,84.92,66.02,88.57,71.99
ENG-01141,2026-03-01,69.19,62.0,66.96,73.42
ENG-01141,2026-04-01,63.37,58.27,55.06,55.93
ENG-01142,2026-08-01,81.9,82.9,84.99,87.79
ENG-01143,2024-09-01,77.2,80.38,80.47,88.75
ENG-01143,2024-10-01,83.08,91.14,89.94,83.69
ENG-01143,2024-11-01,74.43,72.44,87.12,84.37
ENG-01143,2024-12-01,78.44,72.18,72.73,80.2
ENG-01143,2025-01-01,81.42,76.17,63.02,74.52
ENG-01143,2025-02-01,65.88,66.5,68.35,66.71
ENG-01143,2025-03-01,60.43,52.95,58.6,60.86
ENG-01144,2025-05-01,72.91,69.43,77.8,80.49
ENG-01144,2025-06-01,72.07,80.36,79.25,76.75
ENG-01144,2025-07-01,63.78,65.43,67.44,74.17
ENG-01144,2025-08-01,65.99,67.44,73.9,68.3
ENG-01144,2025-09-01,65.92,53.14,63.76,58.97
ENG-01144,2025-10-01,58.59,61.72,49.42,58.52
ENG-01145,2024-04-01,76.42,74.68,71.27,80.96
ENG-01145,2024-05-01,79.94,88.53,78.75,85.77
ENG-01145,2024-06-01,74.78,75.24,80.88,84.02
ENG-01145,2024-07-01,86.97,73.44,82.65,89.16
ENG-01145,2024-08-01,83.8,87.25,88.02,89.27
ENG-01145,2024-09-01,86.81,85.37,92.84,85.47
ENG-01145,2024-10-01,84.2,90.25,92.79,87.17
ENG-01145,2024-11-01,84.26,78.92,91.65,86.41
ENG-01145,2024-12-01,83.35,80.31,80.83,84.88
ENG-01145,2025-01-01,77.49,84.96,82.07,85.56
ENG-01146,2025-06-01,79.84,65.67,74.32,75.12
ENG-01146,2025-07-01,92.43,74.63,82.15,82.35
ENG-01146,2025-08-01,81.75,75.02,72.12,77.78
ENG-01146,2025-09-01,78.68,76.33,81.47,79.4
ENG-01146,2025-10-01,74.1,74.89,64.0,78.34
ENG-01146,2025-11-01,69.79,77.43,68.78,74.08
ENG-01146,2025-12-01,65.36,67.21,77.84,72.39
ENG-01147,2024-01-01,78.07,71.75,84.4,85.37
ENG-01147,2024-02-01,80.35,80.26,84.16,81.62
ENG-01147,2024-03-01,79.45,79.26,83.33,82.69
ENG-01147,2024-04-01,89.64,83.24,90.79,87.6
ENG-01147,2024-05-01,82.12,82.68,85.4,85.66
ENG-01147,2024-06-01,76.76,80.87,80.37,85.15
ENG-01147,2024-07-01,81.62,83.17,86.5,87.67
ENG-01147,2024-08-01,75.45,72.82,75.65,83.09
ENG-01147,2024-09-01,79.14,86.12,83.43,88.19
ENG-01147,2024-10-01,94.27,81.32,87.23,87.65
ENG-01147,2024-11-01,77.13,69.33,88.0,82.4
ENG-01148,2024-10-01,81.34,83.5,82.91,78.88
ENG-01148,2024-11-01,84.78,70.29,72.09,85.42
ENG-01148,2024-12-01,80.09,87.15,80.19,81.47
ENG-01148,2025-01-01,78.71,74.62,80.4,75.53
ENG-01148,2025-02-01,82.38,88.8,89.64,85.06
ENG-01148,2025-03-01,73.79,78.2,86.87,84.83
ENG-01148,2025-04-01,85.27,85.01,83.92,84.13
ENG-01148,2025-05-01,74.43,69.63,78.98,82.19
ENG-01149,2024-07-01,76.6,84.31,79.05,86.82
ENG-01149,2024-08-01,78.38,74.37,90.51,80.92
ENG-01149,2024-09-01,73.9,81.44,82.54,85.19
ENG-01149,2024-10-01,75.96,78.41,77.75,81.07
ENG-01149,2024-11-01,85.32,78.25,80.06,82.56
ENG-01149,2024-12-01,73.25,88.7,79.42,82.71
ENG-01149,2025-01-01,78.5,74.45,81.39,83.02
ENG-01149,2025-02-01,83.76,78.61,86.96,77.74
ENG-01150,2025-12-01,83.13,76.6,80.07,85.71
ENG-01150,2026-01-01,81.5,78.31,88.28,83.65
ENG-01150,2026-02-01,83.47,78.74,80.3,88.38
ENG-01150,2026-03-01,76.38,79.37,89.45,85.66
ENG-01150,2026-04-01,77.43,70.4,86.82,80.65
ENG-01150,2026-05-01,79.66,79.02,77.24,84.8
ENG-01150,2026-06-01,83.21,84.52,94.18,82.69
ENG-01150,2026-07-01,75.18,68.3,73.84,81.91
ENG-01150,2026-08-01,82.89,86.59,90.91,88.33
ENG-01151,2025-01-01,60.58,54.85,54.74,60.67
ENG-01151,2025-02-01,54.35,50.09,49.54,54.3
ENG-01151,2025-03-01,56.23,55.53,49.08,43.76
ENG-01151,2025-04-01,53.26,48.33,47.81,47.88
ENG-01152,2024-04-01,65.41,60.91,71.89,71.42
ENG-01152,2024-05-01,78.59,78.19,69.56,78.16
ENG-01152,2024-06-01,72.32,66.35,66.12,70.47
ENG-01152,2024-07-01,71.52,62.78,69.52,68.7
ENG-01152,2024-08-01,74.76,69.46,72.92,70.58
ENG-01152,2024-09-01,82.79,67.41,76.88,73.77
ENG-01152,2024-10-01,77.24,64.04,76.29,67.39
ENG-01152,2024-11-01,68.89,69.55,71.8,69.62
ENG-01152,2024-12-01,72.52,73.46,79.37,73.59
ENG-01152,2025-01-01,63.88,57.39,57.29,67.71
ENG-01152,2025-02-01,72.12,64.94,78.72,73.31
ENG-01153,2024-08-01,67.13,75.06,75.17,76.08
ENG-01153,2024-09-01,63.75,60.46,66.19,70.99
ENG-01153,2024-10-01,67.57,73.79,84.17,70.6
ENG-01153,2024-11-01,72.89,75.3,67.67,70.78
ENG-01153,2024-12-01,68.9,64.02,60.62,77.42
ENG-01153,2025-01-01,64.66,65.57,78.52,65.51
ENG-01153,2025-02-01,66.45,54.56,64.69,65.59
ENG-01153,2025-03-01,73.53,71.02,67.73,72.5
ENG-01153,2025-04-01,69.89,67.91,68.33,75.3
ENG-01153,2025-05-01,81.79,61.32,62.03,64.41
ENG-01154,2025-08-01,72.37,69.53,73.57,71.43
ENG-01154,2025-09-01,72.05,61.13,74.4,65.57
ENG-01154,2025-10-01,75.96,61.5,59.34,70.63
ENG-01154,2025-11-01,80.37,69.56,70.79,72.55
ENG-01154,2025-12-01,66.29,66.78,62.06,61.27
ENG-01154,2026-01-01,71.04,69.23,68.93,68.08
ENG-01154,2026-02-01,84.99,75.46,75.81,70.62
ENG-01154,2026-03-01,71.29,63.29,62.44,75.23
ENG-01154,2026-04-01,60.18,61.1,57.51,67.47
ENG-01154,2026-05-01,61.56,63.39,66.82,69.15
ENG-01154,2026-06-01,71.26,50.08,63.53,59.3
ENG-01154,2026-07-01,73.51,73.33,73.09,73.82
ENG-01154,2026-08-01,71.27,73.16,66.37,76.86
ENG-01155,2026-06-01,71.66,75.72,68.81,68.78
ENG-01155,2026-07-01,64.85,67.86,60.78,69.89
ENG-01155,2026-08-01,74.03,61.68,69.45,68.2
ENG-01156,2024-04-01,80.53,80.66,87.46,89.34
ENG-01156,2024-05-01,67.91,78.17,76.82,84.29
ENG-01156,2024-06-01,74.12,76.22,73.45,82.05
ENG-01156,2024-07-01,87.44,80.67,97.81,90.51
ENG-01156,2024-08-01,77.34,79.96,82.83,87.67
ENG-01156,2024-09-01,73.71,80.91,75.0,76.41
ENG-01156,2024-10-01,82.6,84.47,80.58,71.57
ENG-01156,2024-11-01,66.74,53.35,65.55,62.9
ENG-01157,2024-03-01,71.43,70.5,86.71,82.23
ENG-01157,2024-04-01,77.86,78.13,78.49,83.18
ENG-01157,2024-05-01,72.21,77.16,77.08,84.91
ENG-01157,2024-06-01,75.9,79.08,85.22,82.15
ENG-01157,2024-07-01,76.99,86.57,87.05,85.13
ENG-01157,2024-08-01,78.38,82.99,83.34,79.62
ENG-01157,2024-09-01,75.24,78.18,82.85,84.54
ENG-01157,2024-10-01,68.74,73.07,83.85,82.85
ENG-01157,2024-11-01,70.66,80.65,80.41,85.01
ENG-01157,2024-12-01,78.02,66.22,80.61,79.46
ENG-01158,2024-07-01,69.88,70.52,76.08,80.27
ENG-01158,2024-08-01,80.48,85.74,90.98,82.37
ENG-01158,2024-09-01,84.88,74.81,84.51,74.76
ENG-01158,2024-10-01,82.66,82.3,91.14,82.57
ENG-01158,2024-11-01,85.4,82.78,79.22,79.27
ENG-01158,2024-12-01,73.17,77.53,82.94,83.54
ENG-01158,2025-01-01,81.12,77.58,80.73,78.58
ENG-01158,2025-02-01,81.18,83.96,74.39,86.15
ENG-01158,2025-03-01,76.65,80.5,78.26,82.97
ENG-01158,2025-04-01,80.41,83.74,90.09,85.51
ENG-01159,2024-12-01,82.26,79.69,83.05,81.24
ENG-01159,2025-01-01,81.69,82.49,88.73,75.56
ENG-01159,2025-02-01,80.54,82.02,82.47,87.41
ENG-01159,2025-03-01,85.44,88.57,86.57,84.84
ENG-01159,2025-04-01,93.05,79.33,88.02,90.18
ENG-01159,2025-05-01,82.39,81.6,96.28,87.88
ENG-01159,2025-06-01,84.43,90.03,89.22,87.29
ENG-01159,2025-07-01,93.73,82.26,98.45,82.84
ENG-01159,2025-08-01,76.58,78.79,82.56,87.99
ENG-01159,2025-09-01,82.8,87.17,85.39,87.19
ENG-01159,2025-10-01,88.26,91.67,87.01,93.79
ENG-01159,2025-11-01,81.49,80.96,74.82,87.5
ENG-01159,2025-12-01,83.16,82.5,86.09,88.57
ENG-01160,2026-02-01,73.16,71.68,80.89,78.57
ENG-01160,2026-03-01,71.84,74.95,74.18,79.28
ENG-01160,2026-04-01,77.2,72.31,66.39,79.59
ENG-01160,2026-05-01,77.48,84.74,75.4,88.72
ENG-01160,2026-06-01,74.58,89.44,77.39,83.22
ENG-01160,2026-07-01,78.98,71.51,73.26,79.83
ENG-01160,2026-08-01,88.04,82.82,83.5,81.95
ENG-01161,2026-04-01,69.54,64.74,63.23,69.18
ENG-01161,2026-05-01,84.05,75.0,77.94,76.63
ENG-01161,2026-06-01,74.73,76.83,84.27,72.55
ENG-01161,2026-07-01,73.49,76.23,65.6,78.7
ENG-01161,2026-08-01,71.94,73.67,84.35,72.99
ENG-01162,2025-06-01,78.88,78.29,72.15,74.59
ENG-01162,2025-07-01,67.73,70.2,59.42,69.56
ENG-01162,2025-08-01,68.51,68.46,67.44,65.87
ENG-01162,2025-09-01,72.04,65.0,72.44,66.98
ENG-01162,2025-10-01,70.26,68.37,71.62,73.27
ENG-01162,2025-11-01,78.96,72.96,66.85,73.55
ENG-01162,2025-12-01,68.06,68.44,66.26,73.41
ENG-01162,2026-01-01,71.56,54.44,77.32,68.09
ENG-01162,2026-02-01,75.05,63.43,82.31,78.19
ENG-01163,2024-07-01,73.36,86.48,86.81,84.09
ENG-01163,2024-08-01,64.65,70.33,79.76,84.92
ENG-01163,2024-09-01,73.37,62.78,80.89,74.37
ENG-01163,2024-10-01,73.82,89.45,75.03,85.4
ENG-01163,2024-11-01,83.61,72.85,84.3,78.62
ENG-01163,2024-12-01,76.87,74.1,85.27,83.01
ENG-01163,2025-01-01,79.92,82.7,86.17,87.36
ENG-01163,2025-02-01,84.6,83.84,89.84,87.48
ENG-01163,2025-03-01,74.39,70.74,80.24,85.95
ENG-01163,2025-04-01,81.89,78.55,83.0,81.24
ENG-01164,2026-08-01,66.86,78.11,87.59,74.43
ENG-01165,2024-02-01,76.85,90.79,79.32,82.89
ENG-01165,2024-03-01,87.73,79.31,88.0,85.44
ENG-01165,2024-04-01,79.4,84.74,86.38,89.83
ENG-01165,2024-05-01,82.61,85.63,85.1,88.78
ENG-01165,2024-06-01,89.27,87.76,92.6,88.41
ENG-01165,2024-07-01,75.79,78.97,85.09,87.14
ENG-01165,2024-08-01,81.72,81.95,87.72,89.01
ENG-01165,2024-09-01,80.23,83.67,83.35,84.75
ENG-01165,2024-10-01,92.35,78.07,94.22,83.91
ENG-01165,2024-11-01,82.46,85.21,91.51,85.25
ENG-01165,2024-12-01,83.2,75.96,86.05,85.9
ENG-01165,2025-01-01,83.37,82.6,92.41,90.09
ENG-01166,2024-01-01,84.64,75.47,79.33,70.44
ENG-01166,2024-02-01,77.94,79.73,73.16,77.16
ENG-01166,2024-03-01,74.08,80.66,84.38,79.35
ENG-01166,2024-04-01,68.16,73.86,60.9,72.89
ENG-01166,2024-05-01,69.35,73.1,65.58,80.03
ENG-01166,2024-06-01,71.53,72.92,72.06,72.36
ENG-01166,2024-07-01,78.91,83.5,80.03,78.75
ENG-01167,2024-04-01,79.21,78.0,82.24,71.89
ENG-01167,2024-05-01,86.34,73.34,83.35,80.34
ENG-01167,2024-06-01,75.64,69.1,79.07,74.22
ENG-01167,2024-07-01,80.11,72.83,84.41,79.62
ENG-01167,2024-08-01,77.14,81.52,86.27,82.08
ENG-01167,2024-09-01,77.12,75.51,91.05,83.79
ENG-01167,2024-10-01,71.86,82.57,74.91,83.63
ENG-01167,2024-11-01,72.82,76.47,82.91,81.19
ENG-01167,2024-12-01,79.42,79.24,79.63,84.03
ENG-01167,2025-01-01,80.48,81.24,84.66,84.6
ENG-01167,2025-02-01,86.61,79.33,90.09,83.38
ENG-01168,2026-04-01,92.47,76.95,80.83,81.14
ENG-01168,2026-05-01,76.17,88.67,75.41,82.24
ENG-01168,2026-06-01,79.13,76.57,90.11,86.82
ENG-01168,2026-07-01,79.64,77.85,82.47,84.63
ENG-01168,2026-08-01,88.91,81.22,93.58,89.39
ENG-01169,2025-06-01,77.57,82.96,81.07,88.73
ENG-01169,2025-07-01,95.56,84.29,85.35,91.34
ENG-01169,2025-08-01,86.36,86.27,83.96,82.28
ENG-01169,2025-09-01,85.18,75.48,86.26,87.08
ENG-01169,2025-10-01,81.73,83.15,77.91,89.65
ENG-01169,2025-11-01,77.15,84.26,81.68,91.49
ENG-01169,2025-12-01,86.96,93.22,84.32,94.63
ENG-01169,2026-01-01,89.2,81.83,97.58,89.46
ENG-01169,2026-02-01,90.46,90.01,91.75,89.99
ENG-01169,2026-03-01,80.09,91.97,88.21,91.96
ENG-01170,2026-02-01,72.67,74.87,81.46,84.86
ENG-01170,2026-03-01,81.36,88.44,84.07,84.94
ENG-01170,2026-04-01,84.3,78.18,88.86,84.62
ENG-01170,2026-05-01,81.56,84.65,96.04,87.63
ENG-01170,2026-06-01,70.89,80.16,81.52,80.03
ENG-01170,2026-07-01,78.59,78.73,93.54,85.85
ENG-01170,2026-08-01,83.81,84.39,86.94,87.37
ENG-01171,2025-01-01,69.68,58.7,63.25,62.86
ENG-01171,2025-02-01,75.37,62.2,63.79,76.83
ENG-01171,2025-03-01,69.71,72.81,68.07,74.54
ENG-01171,2025-04-01,62.07,52.23,78.45,59.75
ENG-01171,2025-05-01,68.4,61.05,60.87,65.17
ENG-01171,2025-06-01,63.0,64.71,64.05,71.81
ENG-01171,2025-07-01,71.94,64.37,69.46,69.79
ENG-01171,2025-08-01,69.56,65.34,75.8,63.73
ENG-01172,2024-04-01,74.68,79.08,77.49,81.87
ENG-01172,2024-05-01,74.11,76.24,75.33,80.8
ENG-01172,2024-06-01,75.15,75.34,76.82,79.68
ENG-01172,2024-07-01,69.37,69.84,67.49,70.98
ENG-01172,2024-08-01,78.21,81.36,77.35,80.34
ENG-01172,2024-09-01,73.64,72.17,75.64,74.65
ENG-01172,2024-10-01,75.88,70.32,72.1,73.42
ENG-01172,2024-11-01,70.15,69.04,72.21,78.79
ENG-01172,2024-12-01,76.69,69.31,84.41,73.37
ENG-01172,2025-01-01,74.58,74.43,83.04,81.17
ENG-01172,2025-02-01,66.3,69.29,72.73,79.15
ENG-01173,2026-01-01,90.09,88.02,80.53,86.62
ENG-01173,2026-02-01,86.54,77.41,83.97,89.44
ENG-01173,2026-03-01,79.7,81.44,81.91,81.58
ENG-01173,2026-04-01,88.74,84.69,88.09,89.23
ENG-01173,2026-05-01,87.52,84.31,81.69,80.55
ENG-01173,2026-06-01,83.45,80.54,85.43,87.91
ENG-01173,2026-07-01,79.63,83.87,89.25,83.56
ENG-01173,2026-08-01,89.12,87.14,90.86,88.46
ENG-01174,2025-05-01,83.03,80.97,85.99,83.24
ENG-01174,2025-06-01,70.91,63.17,82.56,82.49
ENG-01174,2025-07-01,78.52,93.71,87.35,89.1
ENG-01174,2025-08-01,86.96,75.25,82.53,87.75
ENG-01174,2025-09-01,73.29,76.62,75.37,84.97
ENG-01174,2025-10-01,87.19,90.65,91.3,87.23
ENG-01174,2025-11-01,79.68,76.95,77.32,83.7
ENG-01174,2025-12-01,78.2,79.99,73.46,86.16
ENG-01174,2026-01-01,87.9,85.4,94.75,89.28
ENG-01174,2026-02-01,78.33,77.67,92.4,86.72
ENG-01175,2025-01-01,77.92,73.6,79.76,80.08
ENG-01175,2025-02-01,71.99,67.23,70.85,73.85
ENG-01175,2025-03-01,73.6,68.66,63.65,63.5
ENG-01175,2025-04-01,70.37,58.52,60.22,62.97
ENG-01176,2025-04-01,75.65,65.29,80.45,72.41
ENG-01176,2025-05-01,73.14,65.06,63.34,72.62
ENG-01176,2025-06-01,78.82,76.9,76.82,73.7
ENG-01176,2025-07-01,75.12,63.35,69.04,73.37
ENG-01176,2025-08-01,69.52,58.69,67.49,64.51
ENG-01176,2025-09-01,63.63,55.07,59.34,48.95
ENG-01177,2026-02-01,67.15,63.67,66.69,72.23
ENG-01177,2026-03-01,78.48,78.81,75.06,78.24
ENG-01177,2026-04-01,71.15,84.64,71.67,79.58
ENG-01177,2026-05-01,67.21,61.46,67.0,73.2
ENG-01177,2026-06-01,77.02,73.18,72.7,71.64
ENG-01177,2026-07-01,68.19,65.48,73.23,76.88
ENG-01177,2026-08-01,80.98,74.5,74.67,72.61
ENG-01178,2025-08-01,72.94,67.64,78.72,76.01
ENG-01178,2025-09-01,69.93,73.6,72.67,74.87
ENG-01178,2025-10-01,77.57,78.82,67.67,78.01
ENG-01178,2025-11-01,83.11,70.85,68.96,78.44
ENG-01178,2025-12-01,79.35,68.42,76.58,74.35
ENG-01178,2026-01-01,78.96,79.75,71.91,83.54
ENG-01178,2026-02-01,72.98,76.44,66.9,82.58
ENG-01178,2026-03-01,83.19,79.68,82.24,78.49
ENG-01178,2026-04-01,74.4,79.3,64.01,76.1
ENG-01178,2026-05-01,72.36,76.7,72.54,74.86
ENG-01178,2026-06-01,69.13,68.32,67.78,75.02
ENG-01179,2026-05-01,74.3,71.36,66.63,69.41
ENG-01179,2026-06-01,70.67,65.48,74.96,75.94
ENG-01179,2026-07-01,67.52,65.38,69.96,73.63
ENG-01179,2026-08-01,60.81,64.08,66.64,67.5
ENG-01180,2026-05-01,75.53,90.12,90.35,88.54
ENG-01180,2026-06-01,81.0,71.12,85.78,90.86
ENG-01180,2026-07-01,86.45,86.66,88.11,90.45
ENG-01180,2026-08-01,79.3,84.14,80.66,89.56
ENG-01181,2026-08-01,67.08,65.93,70.66,73.47
ENG-01182,2024-10-01,77.15,68.9,81.33,78.78
ENG-01182,2024-11-01,74.01,72.5,76.71,80.42
ENG-01182,2024-12-01,75.95,70.02,81.17,84.52
ENG-01182,2025-01-01,83.19,69.0,77.28,75.23
ENG-01182,2025-02-01,73.22,75.49,82.14,73.88
ENG-01182,2025-03-01,81.63,73.26,85.76,80.76
ENG-01182,2025-04-01,78.96,79.03,72.05,80.45
ENG-01182,2025-05-01,77.52,73.25,80.52,79.54
ENG-01182,2025-06-01,79.55,89.66,94.85,86.73
ENG-01182,2025-07-01,76.72,79.09,74.39,80.71
ENG-01182,2025-08-01,77.95,81.93,80.49,85.9
ENG-01183,2024-02-01,77.07,72.46,79.41,81.02
ENG-01183,2024-03-01,84.3,82.38,77.06,75.52
ENG-01183,2024-04-01,66.88,60.17,74.65,79.13
ENG-01183,2024-05-01,71.94,64.27,72.48,73.45
ENG-01183,2024-06-01,73.32,73.8,66.19,77.62
ENG-01183,2024-07-01,78.75,70.01,79.97,79.71
ENG-01183,2024-08-01,72.24,64.22,67.62,67.43
ENG-01183,2024-09-01,83.03,66.39,75.59,73.44
ENG-01183,2024-10-01,74.02,67.12,76.29,76.42
ENG-01183,2024-11-01,68.41,81.97,67.61,77.76
ENG-01183,2024-12-01,77.11,81.95,72.01,83.74
ENG-01183,2025-01-01,72.0,74.76,83.11,76.19
ENG-01183,2025-02-01,76.14,68.46,74.95,76.51
ENG-01184,2024-12-01,81.33,71.0,76.0,79.48
ENG-01184,2025-01-01,79.88,77.66,84.37,81.49
ENG-01184,2025-02-01,83.6,91.31,100.0,87.49
ENG-01184,2025-03-01,79.23,81.94,87.97,85.75
ENG-01184,2025-04-01,92.18,84.34,98.12,90.65
ENG-01184,2025-05-01,81.73,73.68,94.85,86.25
ENG-01184,2025-06-01,86.43,82.24,78.89,87.75
ENG-01184,2025-07-01,75.07,73.37,76.33,83.49
ENG-01184,2025-08-01,80.69,72.78,93.16,83.5
ENG-01184,2025-09-01,74.24,72.27,80.74,79.86
ENG-01185,2025-03-01,88.69,86.8,94.35,88.42
ENG-01185,2025-04-01,84.35,80.59,83.52,87.95
ENG-01185,2025-05-01,74.78,72.45,82.24,74.8
ENG-01185,2025-06-01,70.25,65.43,63.41,73.17
ENG-01185,2025-07-01,61.43,59.11,52.89,58.58
ENG-01186,2024-11-01,79.71,78.81,89.72,86.75
ENG-01186,2024-12-01,79.92,88.25,85.75,89.24
ENG-01186,2025-01-01,82.15,76.31,73.8,82.49
ENG-01186,2025-02-01,83.08,86.66,96.82,92.84
ENG-01186,2025-03-01,92.12,89.6,89.97,91.85
ENG-01186,2025-04-01,88.95,85.71,86.61,89.1
ENG-01186,2025-05-01,87.25,78.3,89.27,87.2
ENG-01186,2025-06-01,82.63,89.39,86.44,90.21
ENG-01186,2025-07-01,88.16,80.85,95.98,87.76
ENG-01186,2025-08-01,75.18,82.13,86.39,90.09
ENG-01186,2025-09-01,82.5,85.13,93.55,91.5
ENG-01187,2025-06-01,72.94,64.22,72.71,74.8
ENG-01187,2025-07-01,79.91,63.81,64.81,73.49
ENG-01187,2025-08-01,78.42,64.08,70.78,74.63
ENG-01187,2025-09-01,74.37,93.38,84.17,81.36
ENG-01187,2025-10-01,78.48,78.32,77.76,78.66
ENG-01187,2025-11-01,77.64,77.31,71.1,79.23
ENG-01187,2025-12-01,69.83,79.19,76.55,77.79
ENG-01187,2026-01-01,78.52,72.41,79.29,76.88
ENG-01187,2026-02-01,64.76,56.1,71.16,65.13
ENG-01188,2025-07-01,80.71,74.16,78.66,83.53
ENG-01188,2025-08-01,73.51,74.5,77.26,74.17
ENG-01188,2025-09-01,74.29,87.94,71.44,81.82
ENG-01188,2025-10-01,79.02,73.81,71.81,77.79
ENG-01188,2025-11-01,82.44,76.1,77.54,78.87
ENG-01188,2025-12-01,78.96,74.39,77.6,74.58
ENG-01188,2026-01-01,70.76,68.31,72.08,73.55
ENG-01188,2026-02-01,56.63,50.63,62.03,63.39
ENG-01188,2026-03-01,61.96,58.01,70.65,62.48
ENG-01188,2026-04-01,63.78,55.66,53.89,64.16
ENG-01189,2024-09-01,74.33,78.9,81.63,70.73
ENG-01189,2024-10-01,71.8,65.84,73.51,71.17
ENG-01189,2024-11-01,61.76,56.79,58.92,72.33
ENG-01189,2024-12-01,65.9,61.23,69.14,61.27
ENG-01190,2024-12-01,74.34,78.08,82.68,83.43
ENG-01190,2025-01-01,74.08,75.7,94.1,81.06
ENG-01190,2025-02-01,79.88,82.99,79.38,82.31
ENG-01190,2025-03-01,82.13,80.2,78.37,82.96
ENG-01190,2025-04-01,78.53,74.39,79.84,82.64
ENG-01190,2025-05-01,75.98,76.06,78.48,81.55
ENG-01190,2025-06-01,79.05,77.39,76.05,80.44
ENG-01191,2025-03-01,86.48,80.13,87.89,89.53
ENG-01191,2025-04-01,85.94,75.51,90.52,84.36
ENG-01191,2025-05-01,79.29,80.64,70.87,85.28
ENG-01191,2025-06-01,72.84,79.19,77.26,75.59
ENG-01191,2025-07-01,86.84,79.62,73.63,81.31
ENG-01191,2025-08-01,78.32,89.77,83.73,85.94
ENG-01191,2025-09-01,74.06,84.0,75.49,80.72
ENG-01192,2024-03-01,79.33,77.98,80.48,87.02
ENG-01192,2024-04-01,79.38,82.26,67.88,77.62
ENG-01192,2024-05-01,66.08,63.4,65.78,67.53
ENG-01192,2024-06-01,73.02,71.09,58.0,63.02
ENG-01193,2026-01-01,71.39,60.79,70.11,73.27
ENG-01193,2026-02-01,68.68,66.25,80.7,72.73
ENG-01193,2026-03-01,71.89,73.21,77.8,79.1
ENG-01193,2026-04-01,71.58,56.12,67.52,76.58
ENG-01193,2026-05-01,84.3,79.98,75.42,80.27
ENG-01193,2026-06-01,74.25,72.52,77.12,78.09
ENG-01193,2026-07-01,73.35,79.69,73.68,80.12
ENG-01193,2026-08-01,78.05,67.84,71.87,84.22
ENG-01194,2024-02-01,77.42,79.81,82.05,92.84
ENG-01194,2024-03-01,79.24,86.0,86.04,90.65
ENG-01194,2024-04-01,82.04,87.79,89.97,88.3
ENG-01194,2024-05-01,78.99,70.37,91.7,79.95
ENG-01194,2024-06-01,93.97,89.7,88.13,89.47
ENG-01194,2024-07-01,77.38,79.73,88.38,85.14
ENG-01194,2024-08-01,89.28,94.47,90.25,89.78
ENG-01194,2024-09-01,83.01,92.93,85.35,89.18
ENG-01194,2024-10-01,85.34,95.18,93.47,94.62
ENG-01194,2024-11-01,78.32,79.37,99.2,89.63
ENG-01194,2024-12-01,88.56,75.85,86.5,89.3
ENG-01195,2026-05-01,82.61,73.86,91.18,85.45
ENG-01195,2026-06-01,74.6,76.45,89.15,86.66
ENG-01195,2026-07-01,82.01,85.37,81.9,88.65
ENG-01195,2026-08-01,85.09,83.48,83.41,77.43
ENG-01195,2026-09-01,82.58,75.4,88.57,82.35
ENG-01195,2026-10-01,78.34,75.13,69.26,78.45
ENG-01195,2026-11-01,71.57,77.09,76.25,77.49
ENG-01195,2026-12-01,67.05,66.47,61.08,71.52
ENG-01196,2025-07-01,75.29,77.15,75.37,79.47
ENG-01196,2025-08-01,88.77,82.8,87.53,88.02
ENG-01196,2025-09-01,78.52,72.54,91.16,87.63
ENG-01196,2025-10-01,82.4,71.99,73.68,85.17
ENG-01196,2025-11-01,80.42,81.99,88.68,86.17
ENG-01196,2025-12-01,81.59,75.07,83.58,85.06
ENG-01196,2026-01-01,77.89,74.24,77.28,82.03
ENG-01196,2026-02-01,75.04,62.56,79.81,81.97
ENG-01197,2025-08-01,86.84,70.11,80.23,83.01
ENG-01197,2025-09-01,76.89,77.66,70.68,84.5
ENG-01197,2025-10-01,82.53,77.35,77.61,82.61
ENG-01197,2025-11-01,81.23,72.51,69.81,81.9
ENG-01197,2025-12-01,82.06,81.76,81.88,83.14
ENG-01197,2026-01-01,77.93,69.34,75.6,78.63
ENG-01197,2026-02-01,73.3,75.33,80.46,79.3
ENG-01198,2024-08-01,81.68,84.48,81.87,86.27
ENG-01198,2024-09-01,81.76,77.82,87.25,86.12
ENG-01198,2024-10-01,76.67,75.64,79.76,83.97
ENG-01198,2024-11-01,64.16,76.32,87.8,80.61
ENG-01198,2024-12-01,79.57,70.13,88.29,77.21
ENG-01198,2025-01-01,80.22,71.05,78.7,73.4
ENG-01198,2025-02-01,82.25,83.61,84.67,84.83
ENG-01198,2025-03-01,85.42,95.54,80.81,88.26
ENG-01199,2024-04-01,72.98,56.89,69.63,68.82
ENG-01199,2024-05-01,71.84,61.28,69.7,63.09
ENG-01199,2024-06-01,60.4,48.44,54.77,54.11
ENG-01199,2024-07-01,54.75,53.94,46.25,54.88
ENG-01200,2025-09-01,76.0,83.83,83.15,89.04
ENG-01200,2025-10-01,93.07,80.94,82.28,90.18
ENG-01200,2025-11-01,75.9,76.06,85.85,85.3
ENG-01200,2025-12-01,90.11,79.71,92.49,90.05
ENG-01200,2026-01-01,92.32,89.09,100.0,95.1
ENG-01200,2026-02-01,89.09,80.91,93.41,90.06
ENG-01200,2026-03-01,84.57,88.75,85.41,92.31
ENG-01200,2026-04-01,83.88,85.13,85.63,89.19
ENG-01200,2026-05-01,79.69,86.07,85.11,93.26
