engagement_id,milestone_name,due_date,completion_date,status,delay_days
ENG-00001,Sprint 1,2024-01-21,2024-01-28,Delayed,7
ENG-00001,Sprint 2,2024-02-21,2024-02-25,Delayed,4
ENG-00001,Sprint 3,2024-03-21,2024-03-21,Completed,0
ENG-00001,Sprint 4,2024-04-21,2024-04-21,Completed,0
ENG-00001,Sprint 5,2024-05-21,2024-05-24,Completed,3
ENG-00001,Sprint 6,2024-06-21,2024-06-26,Delayed,5
ENG-00001,Sprint 7,2024-07-21,2024-07-22,Completed,1
ENG-00001,Sprint 8,2024-08-21,2024-08-29,Delayed,8
ENG-00001,Sprint 9,2024-09-21,2024-09-24,Completed,3
ENG-00001,Sprint 10,2024-10-21,2024-10-26,Delayed,5
ENG-00001,Sprint 11,2024-11-21,2024-11-23,Completed,2
ENG-00002,Sprint 1,2024-07-21,2024-07-23,Completed,2
ENG-00002,Sprint 2,2024-08-21,2024-08-21,Completed,0
ENG-00002,Sprint 3,2024-09-21,2024-09-23,Completed,2
ENG-00002,Sprint 4,2024-10-21,2024-10-29,Delayed,8
ENG-00003,Sprint 1,2024-10-21,2024-10-21,Completed,0
ENG-00003,Sprint 2,2024-11-21,2024-11-23,Completed,2
ENG-00003,Sprint 3,2024-12-21,2024-12-21,Completed,0
ENG-00003,Sprint 4,2025-01-21,2025-01-24,Completed,3
ENG-00003,Sprint 5,2025-02-21,2025-02-23,Completed,2
ENG-00003,Sprint 6,2025-03-21,2025-03-21,Completed,0
ENG-00003,Sprint 7,2025-04-21,2025-04-22,Completed,1
ENG-00004,Sprint 1,2026-05-21,2026-05-23,Completed,2
ENG-00004,Sprint 2,2026-06-21,2026-06-23,Completed,2
ENG-00004,Sprint 3,2026-07-21,2026-07-23,Completed,2
ENG-00004,Sprint 4,2026-08-21,2026-08-27,Delayed,6
ENG-00005,Sprint 1,2024-03-21,2024-03-29,Delayed,8
ENG-00005,Sprint 2,2024-04-21,2024-04-22,Completed,1
ENG-00005,Sprint 3,2024-05-21,2024-05-21,Completed,0
ENG-00005,Sprint 4,2024-06-21,2024-06-24,Completed,3
ENG-00005,Sprint 5,2024-07-21,2024-07-24,Completed,3
ENG-00005,Sprint 6,2024-08-21,2024-08-26,Delayed,5
ENG-00005,Sprint 7,2024-09-21,2024-09-21,Completed,0
ENG-00005,Sprint 8,2024-10-21,2024-10-21,Completed,0
ENG-00005,Sprint 9,2024-11-21,2024-12-03,Delayed,12
ENG-00005,Sprint 10,2024-12-21,2024-12-26,Delayed,5
ENG-00005,Sprint 11,2025-01-21,2025-01-23,Completed,2
ENG-00005,Sprint 12,2025-02-21,2025-02-25,Delayed,4
ENG-00006,Sprint 1,2025-02-21,2025-02-21,Completed,0
ENG-00006,Sprint 2,2025-03-21,2025-03-21,Completed,0
ENG-00006,Sprint 3,2025-04-21,2025-04-21,Completed,0
ENG-00006,Sprint 4,2025-05-21,2025-05-22,Completed,1
ENG-00006,Sprint 5,2025-06-21,2025-06-23,Completed,2
ENG-00006,Sprint 6,2025-07-21,2025-07-21,Completed,0
ENG-00006,Sprint 7,2025-08-21,2025-08-21,Completed,0
ENG-00006,Sprint 8,2025-09-21,2025-09-21,Completed,0
ENG-00006,Sprint 9,2025-10-21,2025-10-21,Completed,0
ENG-00006,Sprint 10,2025-11-21,2025-11-23,Completed,2
ENG-00007,Sprint 1,2024-07-21,2024-07-21,Completed,0
ENG-00007,Sprint 2,2024-08-21,2024-08-25,Delayed,4
ENG-00007,Sprint 3,2024-09-21,2024-09-25,Delayed,4
ENG-00007,Sprint 4,2024-10-21,2024-10-23,Completed,2
ENG-00007,Sprint 5,2024-11-21,2024-11-22,Completed,1
ENG-00007,Sprint 6,2024-12-21,2024-12-22,Completed,1
ENG-00007,Sprint 7,2025-01-21,2025-01-29,Delayed,8
ENG-00007,Sprint 8,2025-02-21,2025-02-21,Completed,0
ENG-00008,Sprint 1,2024-11-21,2024-11-22,Completed,1
ENG-00008,Sprint 2,2024-12-21,2024-12-21,Completed,0
ENG-00008,Sprint 3,2025-01-21,2025-01-22,Completed,1
ENG-00008,Sprint 4,2025-02-21,2025-02-25,Delayed,4
ENG-00008,Sprint 5,2025-03-21,2025-03-21,Completed,0
ENG-00008,Sprint 6,2025-04-21,2025-04-24,Completed,3
ENG-00008,Sprint 7,2025-05-21,2025-05-22,Completed,1
ENG-00008,Sprint 8,2025-06-21,2025-06-22,Completed,1
ENG-00009,Sprint 1,2025-03-21,2025-03-22,Completed,1
ENG-00009,Sprint 2,2025-04-21,2025-04-21,Completed,0
ENG-00009,Sprint 3,2025-05-21,2025-05-21,Completed,0
ENG-00009,Sprint 4,2025-06-21,2025-06-26,Delayed,5
ENG-00009,Sprint 5,2025-07-21,2025-07-21,Completed,0
ENG-00009,Sprint 6,2025-08-21,2025-08-21,Completed,0
ENG-00009,Sprint 7,2025-09-21,2025-09-24,Completed,3
ENG-00009,Sprint 8,2025-10-21,2025-10-21,Completed,0
ENG-00009,Sprint 9,2025-11-21,2025-11-21,Completed,0
ENG-00009,Sprint 10,2025-12-21,2025-12-29,Delayed,8
ENG-00010,Sprint 1,2024-05-21,2024-05-21,Completed,0
ENG-00010,Sprint 2,2024-06-21,2024-06-21,Completed,0
ENG-00010,Sprint 3,2024-07-21,2024-07-26,Delayed,5
ENG-00010,Sprint 4,2024-08-21,2024-08-26,Delayed,5
ENG-00010,Sprint 5,2024-09-21,2024-09-30,Delayed,9
ENG-00011,Sprint 1,2024-11-21,2024-11-21,Completed,0
ENG-00011,Sprint 2,2024-12-21,2024-12-24,Completed,3
ENG-00011,Sprint 3,2025-01-21,2025-01-21,Completed,0
ENG-00011,Sprint 4,2025-02-21,2025-02-21,Completed,0
ENG-00011,Sprint 5,2025-03-21,2025-03-24,Completed,3
ENG-00011,Sprint 6,2025-04-21,2025-04-23,Completed,2
ENG-00011,Sprint 7,2025-05-21,2025-05-21,Completed,0
ENG-00011,Sprint 8,2025-06-21,2025-06-22,Completed,1
ENG-00012,Sprint 1,2026-02-21,2026-02-21,Completed,0
ENG-00012,Sprint 2,2026-03-21,2026-03-27,Delayed,6
ENG-00012,Sprint 3,2026-04-21,2026-04-21,Completed,0
ENG-00012,Sprint 4,2026-05-21,2026-05-24,Completed,3
ENG-00012,Sprint 5,2026-06-21,2026-06-21,Completed,0
ENG-00012,Sprint 6,2026-07-21,2026-07-21,Completed,0
ENG-00012,Sprint 7,2026-08-21,2026-08-22,Completed,1
ENG-00013,Sprint 1,2026-04-21,2026-04-25,Delayed,4
ENG-00013,Sprint 2,2026-05-21,2026-05-27,Delayed,6
ENG-00013,Sprint 3,2026-06-21,2026-06-27,Delayed,6
ENG-00013,Sprint 4,2026-07-21,2026-07-21,Completed,0
ENG-00013,Sprint 5,2026-08-21,2026-08-23,Completed,2
ENG-00014,Sprint 1,2024-03-21,2024-03-27,Delayed,6
ENG-00014,Sprint 2,2024-04-21,2024-04-29,Delayed,8
ENG-00014,Sprint 3,2024-05-21,2024-05-26,Delayed,5
ENG-00014,Sprint 4,2024-06-21,2024-06-26,Delayed,5
ENG-00015,Sprint 1,2025-05-21,2025-05-24,Completed,3
ENG-00015,Sprint 2,2025-06-21,2025-06-22,Completed,1
ENG-00015,Sprint 3,2025-07-21,2025-07-23,Completed,2
ENG-00015,Sprint 4,2025-08-21,2025-08-22,Completed,1
ENG-00015,Sprint 5,2025-09-21,2025-09-21,Completed,0
ENG-00015,Sprint 6,2025-10-21,2025-10-21,Completed,0
ENG-00015,Sprint 7,2025-11-21,2025-11-28,Delayed,7
ENG-00015,Sprint 8,2025-12-21,2025-12-26,Delayed,5
ENG-00015,Sprint 9,2026-01-21,2026-01-21,Completed,0
ENG-00015,Sprint 10,2026-02-21,2026-02-22,Completed,1
ENG-00015,Sprint 11,2026-03-21,2026-03-21,Completed,0
ENG-00016,Sprint 1,2025-03-21,2025-03-23,Completed,2
ENG-00016,Sprint 2,2025-04-21,2025-04-26,Delayed,5
ENG-00016,Sprint 3,2025-05-21,2025-05-26,Delayed,5
ENG-00016,Sprint 4,2025-06-21,2025-06-23,Completed,2
ENG-00016,Sprint 5,2025-07-21,2025-07-25,Delayed,4
ENG-00016,Sprint 6,2025-08-21,2025-08-23,Completed,2
ENG-00016,Sprint 7,2025-09-21,2025-09-23,Completed,2
ENG-00016,Sprint 8,2025-10-21,2025-11-02,Delayed,12
ENG-00016,Sprint 9,2025-11-21,2025-11-27,Delayed,6
ENG-00017,Sprint 1,2026-08-21,2026-08-21,Completed,0
ENG-00018,Sprint 1,2025-06-21,2025-06-25,Delayed,4
ENG-00018,Sprint 2,2025-07-21,2025-07-25,Delayed,4
ENG-00018,Sprint 3,2025-08-21,2025-08-25,Delayed,4
ENG-00018,Sprint 4,2025-09-21,2025-09-27,Delayed,6
ENG-00019,Sprint 1,2024-02-21,2024-02-25,Delayed,4
ENG-00019,Sprint 2,2024-03-21,2024-03-21,Completed,0
ENG-00019,Sprint 3,2024-04-21,2024-04-25,Delayed,4
ENG-00019,Sprint 4,2024-05-21,2024-05-23,Completed,2
ENG-00019,Sprint 5,2024-06-21,2024-06-22,Completed,1
ENG-00019,Sprint 6,2024-07-21,2024-07-21,Completed,0
ENG-00019,Sprint 7,2024-08-21,2024-08-25,Delayed,4
ENG-00019,Sprint 8,2024-09-21,2024-09-24,Completed,3
ENG-00019,Sprint 9,2024-10-21,2024-10-21,Completed,0
ENG-00019,Sprint 10,2024-11-21,2024-11-23,Completed,2
ENG-00019,Sprint 11,2024-12-21,2024-12-21,Completed,0
ENG-00020,Sprint 1,2024-06-21,2024-06-22,Completed,1
ENG-00020,Sprint 2,2024-07-21,2024-07-22,Completed,1
ENG-00020,Sprint 3,2024-08-21,2024-08-24,Completed,3
ENG-00020,Sprint 4,2024-09-21,2024-09-25,Delayed,4
ENG-00020,Sprint 5,2024-10-21,2024-10-21,Completed,0
ENG-00020,Sprint 6,2024-11-21,2024-11-21,Completed,0
ENG-00020,Sprint 7,2024-12-21,2024-12-24,Completed,3
ENG-00020,Sprint 8,2025-01-21,2025-01-22,Completed,1
ENG-00020,Sprint 9,2025-02-21,2025-02-21,Completed,0
ENG-00020,Sprint 10,2025-03-21,2025-03-25,Delayed,4
ENG-00021,Sprint 1,2024-07-21,2024-07-25,Delayed,4
ENG-00021,Sprint 2,2024-08-21,2024-08-21,Completed,0
ENG-00021,Sprint 3,2024-09-21,2024-09-26,Delayed,5
ENG-00021,Sprint 4,2024-10-21,2024-10-29,Delayed,8
ENG-00021,Sprint 5,2024-11-21,2024-11-23,Completed,2
ENG-00021,Sprint 6,2024-12-21,2024-12-30,Delayed,9
ENG-00022,Sprint 1,2025-10-21,2025-10-22,Completed,1
ENG-00022,Sprint 2,2025-11-21,2025-11-21,Completed,0
ENG-00022,Sprint 3,2025-12-21,2025-12-22,Completed,1
ENG-00022,Sprint 4,2026-01-21,2026-01-21,Completed,0
ENG-00022,Sprint 5,2026-02-21,2026-02-22,Completed,1
ENG-00022,Sprint 6,2026-03-21,2026-03-23,Completed,2
ENG-00022,Sprint 7,2026-04-21,2026-04-24,Completed,3
ENG-00022,Sprint 8,2026-05-21,2026-05-21,Completed,0
ENG-00022,Sprint 9,2026-06-21,2026-06-29,Delayed,8
ENG-00022,Sprint 10,2026-07-21,2026-07-25,Delayed,4
ENG-00022,Sprint 11,2026-08-21,2026-08-24,Completed,3
ENG-00023,Sprint 1,2026-08-21,2026-08-23,Completed,2
ENG-00023,Sprint 2,2026-09-21,2026-09-27,Delayed,6
ENG-00023,Sprint 3,2026-10-21,2026-10-23,Completed,2
ENG-00023,Sprint 4,2026-11-21,2026-11-26,Delayed,5
ENG-00023,Sprint 5,2026-12-21,2026-12-26,Delayed,5
ENG-00024,Sprint 1,2024-07-21,2024-07-24,Completed,3
ENG-00024,Sprint 2,2024-08-21,2024-08-27,Delayed,6
ENG-00024,Sprint 3,2024-09-21,2024-09-22,Completed,1
ENG-00024,Sprint 4,2024-10-21,2024-10-21,Completed,0
ENG-00024,Sprint 5,2024-11-21,2024-11-21,Completed,0
ENG-00024,Sprint 6,2024-12-21,2024-12-25,Delayed,4
ENG-00024,Sprint 7,2025-01-21,2025-01-24,Completed,3
ENG-00024,Sprint 8,2025-02-21,2025-02-21,Completed,0
ENG-00024,Sprint 9,2025-03-21,2025-03-22,Completed,1
ENG-00024,Sprint 10,2025-04-21,2025-04-23,Completed,2
ENG-00025,Sprint 1,2024-12-21,2024-12-22,Completed,1
ENG-00025,Sprint 2,2025-01-21,2025-01-25,Delayed,4
ENG-00025,Sprint 3,2025-02-21,2025-02-22,Completed,1
ENG-00025,Sprint 4,2025-03-21,2025-03-26,Delayed,5
ENG-00025,Sprint 5,2025-04-21,2025-04-23,Completed,2
ENG-00025,Sprint 6,2025-05-21,2025-05-26,Delayed,5
ENG-00025,Sprint 7,2025-06-21,2025-06-26,Delayed,5
ENG-00025,Sprint 8,2025-07-21,2025-07-21,Completed,0
ENG-00025,Sprint 9,2025-08-21,2025-08-24,Completed,3
ENG-00025,Sprint 10,2025-09-21,2025-09-26,Delayed,5
ENG-00025,Sprint 11,2025-10-21,2025-10-22,Completed,1
ENG-00025,Sprint 12,2025-11-21,2025-11-23,Completed,2
ENG-00026,Sprint 1,2025-02-21,2025-02-21,Completed,0
ENG-00026,Sprint 2,2025-03-21,2025-03-23,Completed,2
ENG-00026,Sprint 3,2025-04-21,2025-04-30,Delayed,9
ENG-00026,Sprint 4,2025-05-21,2025-05-26,Delayed,5
ENG-00027,Sprint 1,2024-07-21,2024-07-21,Completed,0
ENG-00027,Sprint 2,2024-08-21,2024-08-21,Completed,0
ENG-00027,Sprint 3,2024-09-21,2024-09-21,Completed,0
ENG-00027,Sprint 4,2024-10-21,2024-10-30,Delayed,9
ENG-00027,Sprint 5,2024-11-21,2024-11-23,Completed,2
ENG-00027,Sprint 6,2024-12-21,2024-12-23,Completed,2
ENG-00027,Sprint 7,2025-01-21,2025-01-23,Completed,2
ENG-00027,Sprint 8,2025-02-21,2025-02-22,Completed,1
ENG-00027,Sprint 9,2025-03-21,2025-03-23,Completed,2
ENG-00027,Sprint 10,2025-04-21,2025-04-22,Completed,1
ENG-00027,Sprint 11,2025-05-21,2025-05-21,Completed,0
ENG-00027,Sprint 12,2025-06-21,2025-06-21,Completed,0
ENG-00027,Sprint 13,2025-07-21,2025-07-23,Completed,2
ENG-00028,Sprint 1,2026-07-21,2026-07-26,Delayed,5
ENG-00028,Sprint 2,2026-08-21,2026-08-24,Completed,3
ENG-00029,Sprint 1,2024-04-21,2024-04-23,Completed,2
ENG-00029,Sprint 2,2024-05-21,2024-05-23,Completed,2
ENG-00029,Sprint 3,2024-06-21,2024-06-26,Delayed,5
ENG-00029,Sprint 4,2024-07-21,2024-07-21,Completed,0
ENG-00029,Sprint 5,2024-08-21,2024-08-25,Delayed,4
ENG-00029,Sprint 6,2024-09-21,2024-09-26,Delayed,5
ENG-00029,Sprint 7,2024-10-21,2024-10-28,Delayed,7
ENG-00030,Sprint 1,2024-08-21,2024-08-24,Completed,3
ENG-00030,Sprint 2,2024-09-21,2024-09-24,Completed,3
ENG-00030,Sprint 3,2024-10-21,2024-10-27,Delayed,6
ENG-00030,Sprint 4,2024-11-21,2024-11-21,Completed,0
ENG-00030,Sprint 5,2024-12-21,2024-12-24,Completed,3
ENG-00030,Sprint 6,2025-01-21,2025-01-25,Delayed,4
ENG-00030,Sprint 7,2025-02-21,2025-02-21,Completed,0
ENG-00030,Sprint 8,2025-03-21,2025-03-26,Delayed,5
ENG-00030,Sprint 9,2025-04-21,2025-04-24,Completed,3
ENG-00030,Sprint 10,2025-05-21,2025-05-25,Delayed,4
ENG-00030,Sprint 11,2025-06-21,2025-06-25,Delayed,4
ENG-00030,Sprint 12,2025-07-21,2025-07-21,Completed,0
ENG-00030,Sprint 13,2025-08-21,2025-08-22,Completed,1
ENG-00031,Sprint 1,2024-08-21,2024-08-26,Delayed,5
ENG-00031,Sprint 2,2024-09-21,2024-09-25,Delayed,4
ENG-00031,Sprint 3,2024-10-21,2024-10-21,Completed,0
ENG-00031,Sprint 4,2024-11-21,2024-11-26,Delayed,5
ENG-00031,Sprint 5,2024-12-21,2024-12-26,Delayed,5
ENG-00031,Sprint 6,2025-01-21,2025-01-28,Delayed,7
ENG-00031,Sprint 7,2025-02-21,2025-02-22,Completed,1
ENG-00031,Sprint 8,2025-03-21,2025-03-26,Delayed,5
ENG-00031,Sprint 9,2025-04-21,2025-04-25,Delayed,4
ENG-00031,Sprint 10,2025-05-21,2025-05-21,Completed,0
ENG-00031,Sprint 11,2025-06-21,2025-06-24,Completed,3
ENG-00032,Sprint 1,2024-11-21,2024-11-21,Completed,0
ENG-00032,Sprint 2,2024-12-21,2024-12-25,Delayed,4
ENG-00032,Sprint 3,2025-01-21,2025-01-21,Completed,0
ENG-00032,Sprint 4,2025-02-21,2025-02-22,Completed,1
ENG-00032,Sprint 5,2025-03-21,2025-03-22,Completed,1
ENG-00032,Sprint 6,2025-04-21,2025-04-22,Completed,1
ENG-00032,Sprint 7,2025-05-21,2025-05-25,Delayed,4
ENG-00032,Sprint 8,2025-06-21,2025-06-21,Completed,0
ENG-00032,Sprint 9,2025-07-21,2025-07-21,Completed,0
ENG-00032,Sprint 10,2025-08-21,2025-08-21,Completed,0
ENG-00032,Sprint 11,2025-09-21,2025-09-23,Completed,2
ENG-00033,Sprint 1,2025-02-21,2025-03-02,Delayed,9
ENG-00033,Sprint 2,2025-03-21,2025-03-26,Delayed,5
ENG-00033,Sprint 3,2025-04-21,2025-04-22,Completed,1
ENG-00033,Sprint 4,2025-05-21,2025-05-30,Delayed,9
ENG-00034,Sprint 1,2025-01-21,2025-01-21,Completed,0
ENG-00034,Sprint 2,2025-02-21,2025-02-27,Delayed,6
ENG-00034,Sprint 3,2025-03-21,2025-03-29,Delayed,8
ENG-00034,Sprint 4,2025-04-21,2025-04-30,Delayed,9
ENG-00034,Sprint 5,2025-05-21,2025-05-28,Delayed,7
ENG-00035,Sprint 1,2024-08-21,2024-08-21,Completed,0
ENG-00035,Sprint 2,2024-09-21,2024-09-21,Completed,0
ENG-00035,Sprint 3,2024-10-21,2024-10-21,Completed,0
ENG-00035,Sprint 4,2024-11-21,2024-11-23,Completed,2
ENG-00035,Sprint 5,2024-12-21,2024-12-21,Completed,0
ENG-00035,Sprint 6,2025-01-21,2025-01-21,Completed,0
ENG-00035,Sprint 7,2025-02-21,2025-02-21,Completed,0
ENG-00035,Sprint 8,2025-03-21,2025-03-21,Completed,0
ENG-00035,Sprint 9,2025-04-21,2025-04-24,Completed,3
ENG-00036,Sprint 1,2024-04-21,2024-04-22,Completed,1
ENG-00036,Sprint 2,2024-05-21,2024-05-28,Delayed,7
ENG-00036,Sprint 3,2024-06-21,2024-06-27,Delayed,6
ENG-00036,Sprint 4,2024-07-21,2024-07-23,Completed,2
ENG-00036,Sprint 5,2024-08-21,2024-08-23,Completed,2
ENG-00036,Sprint 6,2024-09-21,2024-09-25,Delayed,4
ENG-00036,Sprint 7,2024-10-21,2024-10-22,Completed,1
ENG-00036,Sprint 8,2024-11-21,2024-11-24,Completed,3
ENG-00036,Sprint 9,2024-12-21,2024-12-22,Completed,1
ENG-00036,Sprint 10,2025-01-21,2025-01-25,Delayed,4
ENG-00037,Sprint 1,2024-03-21,2024-03-22,Completed,1
ENG-00037,Sprint 2,2024-04-21,2024-04-29,Delayed,8
ENG-00037,Sprint 3,2024-05-21,2024-05-27,Delayed,6
ENG-00037,Sprint 4,2024-06-21,2024-06-27,Delayed,6
ENG-00037,Sprint 5,2024-07-21,2024-07-28,Delayed,7
ENG-00037,Sprint 6,2024-08-21,2024-08-27,Delayed,6
ENG-00037,Sprint 7,2024-09-21,2024-09-25,Delayed,4
ENG-00037,Sprint 8,2024-10-21,2024-10-21,Completed,0
ENG-00037,Sprint 9,2024-11-21,2024-11-22,Completed,1
ENG-00037,Sprint 10,2024-12-21,2025-01-01,Delayed,11
ENG-00037,Sprint 11,2025-01-21,2025-01-24,Completed,3
ENG-00038,Sprint 1,2024-08-21,2024-08-27,Delayed,6
ENG-00038,Sprint 2,2024-09-21,2024-09-22,Completed,1
ENG-00038,Sprint 3,2024-10-21,2024-10-24,Completed,3
ENG-00038,Sprint 4,2024-11-21,2024-11-21,Completed,0
ENG-00038,Sprint 5,2024-12-21,2024-12-21,Completed,0
ENG-00038,Sprint 6,2025-01-21,2025-01-21,Completed,0
ENG-00038,Sprint 7,2025-02-21,2025-02-21,Completed,0
ENG-00038,Sprint 8,2025-03-21,2025-03-21,Completed,0
ENG-00038,Sprint 9,2025-04-21,2025-04-21,Completed,0
ENG-00038,Sprint 10,2025-05-21,2025-05-24,Completed,3
ENG-00039,Sprint 1,2024-03-21,2024-03-21,Completed,0
ENG-00039,Sprint 2,2024-04-21,2024-04-23,Completed,2
ENG-00039,Sprint 3,2024-05-21,2024-05-29,Delayed,8
ENG-00039,Sprint 4,2024-06-21,2024-06-22,Completed,1
ENG-00039,Sprint 5,2024-07-21,2024-07-21,Completed,0
ENG-00039,Sprint 6,2024-08-21,2024-08-23,Completed,2
ENG-00039,Sprint 7,2024-09-21,2024-09-22,Completed,1
ENG-00039,Sprint 8,2024-10-21,2024-10-26,Delayed,5
ENG-00039,Sprint 9,2024-11-21,2024-11-26,Delayed,5
ENG-00039,Sprint 10,2024-12-21,2024-12-25,Delayed,4
ENG-00039,Sprint 11,2025-01-21,2025-01-28,Delayed,7
ENG-00039,Sprint 12,2025-02-21,2025-02-28,Delayed,7
ENG-00039,Sprint 13,2025-03-21,2025-03-27,Delayed,6
ENG-00040,Sprint 1,2024-08-21,2024-08-26,Delayed,5
ENG-00040,Sprint 2,2024-09-21,2024-09-22,Completed,1
ENG-00040,Sprint 3,2024-10-21,2024-10-30,Delayed,9
ENG-00040,Sprint 4,2024-11-21,2024-11-26,Delayed,5
ENG-00040,Sprint 5,2024-12-21,2024-12-23,Completed,2
ENG-00040,Sprint 6,2025-01-21,2025-01-21,Completed,0
ENG-00040,Sprint 7,2025-02-21,2025-02-22,Completed,1
ENG-00040,Sprint 8,2025-03-21,2025-03-21,Completed,0
ENG-00040,Sprint 9,2025-04-21,2025-04-24,Completed,3
ENG-00040,Sprint 10,2025-05-21,2025-05-21,Completed,0
ENG-00040,Sprint 11,2025-06-21,2025-06-21,Completed,0
ENG-00040,Sprint 12,2025-07-21,2025-07-22,Completed,1
ENG-00040,Sprint 13,2025-08-21,2025-08-22,Completed,1
ENG-00041,Sprint 1,2025-11-21,2025-11-28,Delayed,7
ENG-00041,Sprint 2,2025-12-21,2025-12-21,Completed,0
ENG-00041,Sprint 3,2026-01-21,2026-01-27,Delayed,6
ENG-00041,Sprint 4,2026-02-21,2026-02-21,Completed,0
ENG-00041,Sprint 5,2026-03-21,2026-03-22,Completed,1
ENG-00041,Sprint 6,2026-04-21,2026-04-21,Completed,0
ENG-00041,Sprint 7,2026-05-21,2026-05-22,Completed,1
ENG-00041,Sprint 8,2026-06-21,2026-06-25,Delayed,4
ENG-00041,Sprint 9,2026-07-21,2026-07-22,Completed,1
ENG-00041,Sprint 10,2026-08-21,2026-08-22,Completed,1
ENG-00042,Sprint 1,2024-01-21,2024-01-21,Completed,0
ENG-00042,Sprint 2,2024-02-21,2024-02-22,Completed,1
ENG-00042,Sprint 3,2024-03-21,2024-03-27,Delayed,6
ENG-00042,Sprint 4,2024-04-21,2024-04-25,Delayed,4
ENG-00043,Sprint 1,2025-11-21,2025-11-23,Completed,2
ENG-00043,Sprint 2,2025-12-21,2025-12-22,Completed,1
ENG-00043,Sprint 3,2026-01-21,2026-01-21,Completed,0
ENG-00043,Sprint 4,2026-02-21,2026-02-23,Completed,2
ENG-00043,Sprint 5,2026-03-21,2026-03-23,Completed,2
ENG-00043,Sprint 6,2026-04-21,2026-04-27,Delayed,6
ENG-00043,Sprint 7,2026-05-21,2026-05-23,Completed,2
ENG-00043,Sprint 8,2026-06-21,2026-06-26,Delayed,5
ENG-00044,Sprint 1,2025-08-21,2025-08-24,Completed,3
ENG-00044,Sprint 2,2025-09-21,2025-09-22,Completed,1
ENG-00044,Sprint 3,2025-10-21,2025-10-24,Completed,3
ENG-00044,Sprint 4,2025-11-21,2025-11-23,Completed,2
ENG-00044,Sprint 5,2025-12-21,2025-12-25,Delayed,4
ENG-00044,Sprint 6,2026-01-21,2026-01-26,Delayed,5
ENG-00044,Sprint 7,2026-02-21,2026-02-23,Completed,2
ENG-00044,Sprint 8,2026-03-21,2026-03-22,Completed,1
ENG-00044,Sprint 9,2026-04-21,2026-04-23,Completed,2
ENG-00045,Sprint 1,2025-10-21,2025-10-27,Delayed,6
ENG-00045,Sprint 2,2025-11-21,2025-11-27,Delayed,6
ENG-00045,Sprint 3,2025-12-21,2025-12-27,Delayed,6
ENG-00045,Sprint 4,2026-01-21,2026-01-23,Completed,2
ENG-00045,Sprint 5,2026-02-21,2026-02-24,Completed,3
ENG-00045,Sprint 6,2026-03-21,2026-03-21,Completed,0
ENG-00045,Sprint 7,2026-04-21,2026-04-21,Completed,0
ENG-00045,Sprint 8,2026-05-21,2026-05-21,Completed,0
ENG-00045,Sprint 9,2026-06-21,2026-06-23,Completed,2
ENG-00045,Sprint 10,2026-07-21,2026-07-21,Completed,0
ENG-00045,Sprint 11,2026-08-21,2026-08-21,Completed,0
ENG-00046,Sprint 1,2026-08-21,2026-08-26,Delayed,5
ENG-00046,Sprint 2,2026-09-21,2026-09-23,Completed,2
ENG-00046,Sprint 3,2026-10-21,2026-10-25,Delayed,4
ENG-00046,Sprint 4,2026-11-21,2026-11-27,Delayed,6
ENG-00047,Sprint 1,2025-05-21,2025-05-22,Completed,1
ENG-00047,Sprint 2,2025-06-21,2025-06-27,Delayed,6
ENG-00047,Sprint 3,2025-07-21,2025-07-23,Completed,2
ENG-00047,Sprint 4,2025-08-21,2025-08-25,Delayed,4
ENG-00047,Sprint 5,2025-09-21,2025-09-23,Completed,2
ENG-00047,Sprint 6,2025-10-21,2025-10-23,Completed,2
ENG-00047,Sprint 7,2025-11-21,2025-11-28,Delayed,7
ENG-00047,Sprint 8,2025-12-21,2025-12-25,Delayed,4
ENG-00047,Sprint 9,2026-01-21,2026-02-01,Delayed,11
ENG-00047,Sprint 10,2026-02-21,2026-02-28,Delayed,7
ENG-00047,Sprint 11,2026-03-21,2026-03-28,Delayed,7
ENG-00048,Sprint 1,2024-12-21,2024-12-21,Completed,0
ENG-00048,Sprint 2,2025-01-21,2025-01-23,Completed,2
ENG-00048,Sprint 3,2025-02-21,2025-02-24,Completed,3
ENG-00048,Sprint 4,2025-03-21,2025-03-25,Delayed,4
ENG-00048,Sprint 5,2025-04-21,2025-04-21,Completed,0
ENG-00048,Sprint 6,2025-05-21,2025-05-23,Completed,2
ENG-00048,Sprint 7,2025-06-21,2025-06-21,Completed,0
ENG-00048,Sprint 8,2025-07-21,2025-07-21,Completed,0
ENG-00048,Sprint 9,2025-08-21,2025-08-25,Delayed,4
ENG-00048,Sprint 10,2025-09-21,2025-09-24,Completed,3
ENG-00048,Sprint 11,2025-10-21,2025-10-22,Completed,1
ENG-00049,Sprint 1,2024-03-21,2024-03-21,Completed,0
ENG-00049,Sprint 2,2024-04-21,2024-04-21,Completed,0
ENG-00049,Sprint 3,2024-05-21,2024-05-21,Completed,0
ENG-00049,Sprint 4,2024-06-21,2024-06-21,Completed,0
ENG-00049,Sprint 5,2024-07-21,2024-07-21,Completed,0
ENG-00049,Sprint 6,2024-08-21,2024-08-21,Completed,0
ENG-00049,Sprint 7,2024-09-21,2024-09-21,Completed,0
ENG-00049,Sprint 8,2024-10-21,2024-10-21,Completed,0
ENG-00049,Sprint 9,2024-11-21,2024-11-24,Completed,3
ENG-00049,Sprint 10,2024-12-21,2024-12-22,Completed,1
ENG-00049,Sprint 11,2025-01-21,2025-01-21,Completed,0
ENG-00049,Sprint 12,2025-02-21,2025-02-23,Completed,2
ENG-00050,Sprint 1,2025-09-21,2025-09-27,Delayed,6
ENG-00050,Sprint 2,2025-10-21,2025-10-23,Completed,2
ENG-00050,Sprint 3,2025-11-21,2025-11-23,Completed,2
ENG-00050,Sprint 4,2025-12-21,2025-12-21,Completed,0
ENG-00050,Sprint 5,2026-01-21,2026-01-27,Delayed,6
ENG-00050,Sprint 6,2026-02-21,2026-02-26,Delayed,5
ENG-00051,Sprint 1,2024-08-21,2024-08-21,Completed,0
ENG-00051,Sprint 2,2024-09-21,2024-09-22,Completed,1
ENG-00051,Sprint 3,2024-10-21,2024-10-28,Delayed,7
ENG-00051,Sprint 4,2024-11-21,2024-11-22,Completed,1
ENG-00051,Sprint 5,2024-12-21,2024-12-25,Delayed,4
ENG-00051,Sprint 6,2025-01-21,2025-01-24,Completed,3
ENG-00051,Sprint 7,2025-02-21,2025-02-22,Completed,1
ENG-00051,Sprint 8,2025-03-21,2025-03-25,Delayed,4
ENG-00051,Sprint 9,2025-04-21,2025-04-26,Delayed,5
ENG-00051,Sprint 10,2025-05-21,2025-05-26,Delayed,5
ENG-00051,Sprint 11,2025-06-21,2025-06-21,Completed,0
ENG-00052,Sprint 1,2024-05-21,2024-05-31,Delayed,10
ENG-00052,Sprint 2,2024-06-21,2024-06-24,Completed,3
ENG-00052,Sprint 3,2024-07-21,2024-07-31,Delayed,10
ENG-00052,Sprint 4,2024-08-21,2024-08-29,Delayed,8
ENG-00052,Sprint 5,2024-09-21,2024-09-26,Delayed,5
ENG-00052,Sprint 6,2024-10-21,2024-10-24,Completed,3
ENG-00052,Sprint 7,2024-11-21,2024-11-26,Delayed,5
ENG-00052,Sprint 8,2024-12-21,2024-12-24,Completed,3
ENG-00052,Sprint 9,2025-01-21,2025-01-23,Completed,2
ENG-00053,Sprint 1,2025-10-21,2025-10-21,Completed,0
ENG-00053,Sprint 2,2025-11-21,2025-11-21,Completed,0
ENG-00053,Sprint 3,2025-12-21,2025-12-21,Completed,0
ENG-00053,Sprint 4,2026-01-21,2026-01-21,Completed,0
ENG-00053,Sprint 5,2026-02-21,2026-02-21,Completed,0
ENG-00053,Sprint 6,2026-03-21,2026-03-22,Completed,1
ENG-00053,Sprint 7,2026-04-21,2026-04-24,Completed,3
ENG-00053,Sprint 8,2026-05-21,2026-05-21,Completed,0
ENG-00053,Sprint 9,2026-06-21,2026-06-24,Completed,3
ENG-00053,Sprint 10,2026-07-21,2026-07-21,Completed,0
ENG-00054,Sprint 1,2025-05-21,2025-05-26,Delayed,5
ENG-00054,Sprint 2,2025-06-21,2025-06-21,Completed,0
ENG-00054,Sprint 3,2025-07-21,2025-07-23,Completed,2
ENG-00054,Sprint 4,2025-08-21,2025-08-25,Delayed,4
ENG-00054,Sprint 5,2025-09-21,2025-09-22,Completed,1
ENG-00054,Sprint 6,2025-10-21,2025-10-21,Completed,0
ENG-00054,Sprint 7,2025-11-21,2025-11-24,Completed,3
ENG-00054,Sprint 8,2025-12-21,2025-12-28,Delayed,7
ENG-00054,Sprint 9,2026-01-21,2026-01-26,Delayed,5
ENG-00054,Sprint 10,2026-02-21,2026-02-25,Delayed,4
ENG-00054,Sprint 11,2026-03-21,2026-03-22,Completed,1
ENG-00055,Sprint 1,2024-02-21,2024-02-23,Completed,2
ENG-00055,Sprint 2,2024-03-21,2024-03-21,Completed,0
ENG-00055,Sprint 3,2024-04-21,2024-04-23,Completed,2
ENG-00055,Sprint 4,2024-05-21,2024-05-21,Completed,0
ENG-00055,Sprint 5,2024-06-21,2024-06-28,Delayed,7
ENG-00055,Sprint 6,2024-07-21,2024-07-22,Completed,1
ENG-00055,Sprint 7,2024-08-21,2024-08-22,Completed,1
ENG-00056,Sprint 1,2024-05-21,2024-05-21,Completed,0
ENG-00056,Sprint 2,2024-06-21,2024-06-22,Completed,1
ENG-00056,Sprint 3,2024-07-21,2024-07-21,Completed,0
ENG-00056,Sprint 4,2024-08-21,2024-08-21,Completed,0
ENG-00056,Sprint 5,2024-09-21,2024-09-21,Completed,0
ENG-00056,Sprint 6,2024-10-21,2024-10-22,Completed,1
ENG-00056,Sprint 7,2024-11-21,2024-11-26,Delayed,5
ENG-00056,Sprint 8,2024-12-21,2024-12-22,Completed,1
ENG-00056,Sprint 9,2025-01-21,2025-01-25,Delayed,4
ENG-00056,Sprint 10,2025-02-21,2025-02-23,Completed,2
ENG-00056,Sprint 11,2025-03-21,2025-03-22,Completed,1
ENG-00056,Sprint 12,2025-04-21,2025-04-21,Completed,0
ENG-00057,Sprint 1,2024-06-21,2024-06-21,Completed,0
ENG-00057,Sprint 2,2024-07-21,2024-07-22,Completed,1
ENG-00057,Sprint 3,2024-08-21,2024-08-21,Completed,0
ENG-00057,Sprint 4,2024-09-21,2024-09-21,Completed,0
ENG-00057,Sprint 5,2024-10-21,2024-10-21,Completed,0
ENG-00057,Sprint 6,2024-11-21,2024-11-25,Delayed,4
ENG-00057,Sprint 7,2024-12-21,2024-12-23,Completed,2
ENG-00057,Sprint 8,2025-01-21,2025-01-23,Completed,2
ENG-00057,Sprint 9,2025-02-21,2025-02-26,Delayed,5
ENG-00057,Sprint 10,2025-03-21,2025-03-22,Completed,1
ENG-00057,Sprint 11,2025-04-21,2025-04-21,Completed,0
ENG-00057,Sprint 12,2025-05-21,2025-05-24,Completed,3
ENG-00057,Sprint 13,2025-06-21,2025-06-26,Delayed,5
ENG-00058,Sprint 1,2025-08-21,2025-08-25,Delayed,4
ENG-00058,Sprint 2,2025-09-21,2025-09-22,Completed,1
ENG-00058,Sprint 3,2025-10-21,2025-10-24,Completed,3
ENG-00058,Sprint 4,2025-11-21,2025-11-22,Completed,1
ENG-00058,Sprint 5,2025-12-21,2025-12-21,Completed,0
ENG-00058,Sprint 6,2026-01-21,2026-01-21,Completed,0
ENG-00058,Sprint 7,2026-02-21,2026-02-22,Completed,1
ENG-00058,Sprint 8,2026-03-21,2026-03-29,Delayed,8
ENG-00058,Sprint 9,2026-04-21,2026-04-21,Completed,0
ENG-00058,Sprint 10,2026-05-21,2026-05-25,Delayed,4
ENG-00058,Sprint 11,2026-06-21,2026-06-21,Completed,0
ENG-00058,Sprint 12,2026-07-21,2026-07-26,Delayed,5
ENG-00058,Sprint 13,2026-08-21,2026-08-26,Delayed,5
ENG-00059,Sprint 1,2024-09-21,2024-09-25,Delayed,4
ENG-00059,Sprint 2,2024-10-21,2024-10-23,Completed,2
ENG-00059,Sprint 3,2024-11-21,2024-11-21,Completed,0
ENG-00059,Sprint 4,2024-12-21,2024-12-23,Completed,2
ENG-00059,Sprint 5,2025-01-21,2025-01-23,Completed,2
ENG-00059,Sprint 6,2025-02-21,2025-02-26,Delayed,5
ENG-00059,Sprint 7,2025-03-21,2025-03-23,Completed,2
ENG-00059,Sprint 8,2025-04-21,2025-04-23,Completed,2
ENG-00060,Sprint 1,2025-04-21,2025-04-25,Delayed,4
ENG-00060,Sprint 2,2025-05-21,2025-05-29,Delayed,8
ENG-00060,Sprint 3,2025-06-21,2025-06-21,Completed,0
ENG-00060,Sprint 4,2025-07-21,2025-07-21,Completed,0
ENG-00060,Sprint 5,2025-08-21,2025-08-26,Delayed,5
ENG-00060,Sprint 6,2025-09-21,2025-09-25,Delayed,4
ENG-00060,Sprint 7,2025-10-21,2025-10-23,Completed,2
ENG-00060,Sprint 8,2025-11-21,2025-11-22,Completed,1
ENG-00060,Sprint 9,2025-12-21,2025-12-24,Completed,3
ENG-00060,Sprint 10,2026-01-21,2026-01-22,Completed,1
ENG-00060,Sprint 11,2026-02-21,2026-02-27,Delayed,6
ENG-00060,Sprint 12,2026-03-21,2026-03-23,Completed,2
ENG-00061,Sprint 1,2025-10-21,2025-10-22,Completed,1
ENG-00061,Sprint 2,2025-11-21,2025-11-23,Completed,2
ENG-00061,Sprint 3,2025-12-21,2025-12-25,Delayed,4
ENG-00061,Sprint 4,2026-01-21,2026-01-21,Completed,0
ENG-00061,Sprint 5,2026-02-21,2026-03-01,Delayed,8
ENG-00062,Sprint 1,2024-01-21,2024-01-21,Completed,0
ENG-00062,Sprint 2,2024-02-21,2024-02-23,Completed,2
ENG-00062,Sprint 3,2024-03-21,2024-03-21,Completed,0
ENG-00062,Sprint 4,2024-04-21,2024-04-21,Completed,0
ENG-00062,Sprint 5,2024-05-21,2024-05-21,Completed,0
ENG-00062,Sprint 6,2024-06-21,2024-06-21,Completed,0
ENG-00062,Sprint 7,2024-07-21,2024-07-21,Completed,0
ENG-00062,Sprint 8,2024-08-21,2024-08-22,Completed,1
ENG-00062,Sprint 9,2024-09-21,2024-09-21,Completed,0
ENG-00062,Sprint 10,2024-10-21,2024-10-21,Completed,0
ENG-00062,Sprint 11,2024-11-21,2024-11-22,Completed,1
ENG-00062,Sprint 12,2024-12-21,2024-12-24,Completed,3
ENG-00062,Sprint 13,2025-01-21,2025-01-23,Completed,2
ENG-00063,Sprint 1,2025-11-21,2025-11-22,Completed,1
ENG-00063,Sprint 2,2025-12-21,2025-12-23,Completed,2
ENG-00063,Sprint 3,2026-01-21,2026-01-27,Delayed,6
ENG-00063,Sprint 4,2026-02-21,2026-02-24,Completed,3
ENG-00063,Sprint 5,2026-03-21,2026-03-25,Delayed,4
ENG-00063,Sprint 6,2026-04-21,2026-04-24,Completed,3
ENG-00063,Sprint 7,2026-05-21,2026-05-22,Completed,1
ENG-00063,Sprint 8,2026-06-21,2026-06-28,Delayed,7
ENG-00063,Sprint 9,2026-07-21,2026-07-25,Delayed,4
ENG-00063,Sprint 10,2026-08-21,2026-08-24,Completed,3
ENG-00064,Sprint 1,2024-08-21,2024-08-21,Completed,0
ENG-00064,Sprint 2,2024-09-21,2024-09-27,Delayed,6
ENG-00064,Sprint 3,2024-10-21,2024-10-23,Completed,2
ENG-00064,Sprint 4,2024-11-21,2024-11-23,Completed,2
ENG-00064,Sprint 5,2024-12-21,2024-12-26,Delayed,5
ENG-00064,Sprint 6,2025-01-21,2025-01-23,Completed,2
ENG-00064,Sprint 7,2025-02-21,2025-02-24,Completed,3
ENG-00064,Sprint 8,2025-03-21,2025-03-28,Delayed,7
ENG-00064,Sprint 9,2025-04-21,2025-04-25,Delayed,4
ENG-00064,Sprint 10,2025-05-21,2025-05-26,Delayed,5
ENG-00064,Sprint 11,2025-06-21,2025-06-24,Completed,3
ENG-00065,Sprint 1,2024-06-21,2024-06-24,Completed,3
ENG-00065,Sprint 2,2024-07-21,2024-07-26,Delayed,5
ENG-00065,Sprint 3,2024-08-21,2024-08-26,Delayed,5
ENG-00065,Sprint 4,2024-09-21,2024-09-21,Completed,0
ENG-00065,Sprint 5,2024-10-21,2024-10-21,Completed,0
ENG-00065,Sprint 6,2024-11-21,2024-11-21,Completed,0
ENG-00065,Sprint 7,2024-12-21,2024-12-22,Completed,1
ENG-00065,Sprint 8,2025-01-21,2025-01-21,Completed,0
ENG-00065,Sprint 9,2025-02-21,2025-02-24,Completed,3
ENG-00065,Sprint 10,2025-03-21,2025-03-25,Delayed,4
ENG-00065,Sprint 11,2025-04-21,2025-04-24,Completed,3
ENG-00066,Sprint 1,2024-06-21,2024-06-26,Delayed,5
ENG-00066,Sprint 2,2024-07-21,2024-07-27,Delayed,6
ENG-00066,Sprint 3,2024-08-21,2024-08-25,Delayed,4
ENG-00066,Sprint 4,2024-09-21,2024-09-21,Completed,0
ENG-00066,Sprint 5,2024-10-21,2024-10-25,Delayed,4
ENG-00066,Sprint 6,2024-11-21,2024-11-25,Delayed,4
ENG-00066,Sprint 7,2024-12-21,2024-12-26,Delayed,5
ENG-00067,Sprint 1,2024-02-21,2024-02-21,Completed,0
ENG-00067,Sprint 2,2024-03-21,2024-03-21,Completed,0
ENG-00067,Sprint 3,2024-04-21,2024-04-22,Completed,1
ENG-00067,Sprint 4,2024-05-21,2024-05-23,Completed,2
ENG-00067,Sprint 5,2024-06-21,2024-06-24,Completed,3
ENG-00067,Sprint 6,2024-07-21,2024-07-23,Completed,2
ENG-00067,Sprint 7,2024-08-21,2024-08-22,Completed,1
ENG-00067,Sprint 8,2024-09-21,2024-09-29,Delayed,8
ENG-00067,Sprint 9,2024-10-21,2024-10-26,Delayed,5
ENG-00068,Sprint 1,2026-08-21,2026-08-26,Delayed,5
ENG-00069,Sprint 1,2026-05-21,2026-05-26,Delayed,5
ENG-00069,Sprint 2,2026-06-21,2026-06-23,Completed,2
ENG-00069,Sprint 3,2026-07-21,2026-07-25,Delayed,4
ENG-00069,Sprint 4,2026-08-21,2026-08-28,Delayed,7
ENG-00070,Sprint 1,2026-04-21,2026-04-22,Completed,1
ENG-00070,Sprint 2,2026-05-21,2026-05-21,Completed,0
ENG-00070,Sprint 3,2026-06-21,2026-06-21,Completed,0
ENG-00070,Sprint 4,2026-07-21,2026-07-22,Completed,1
ENG-00070,Sprint 5,2026-08-21,2026-08-21,Completed,0
ENG-00071,Sprint 1,2025-07-21,2025-07-26,Delayed,5
ENG-00071,Sprint 2,2025-08-21,2025-08-23,Completed,2
ENG-00071,Sprint 3,2025-09-21,2025-09-25,Delayed,4
ENG-00071,Sprint 4,2025-10-21,2025-10-27,Delayed,6
ENG-00071,Sprint 5,2025-11-21,2025-11-25,Delayed,4
ENG-00071,Sprint 6,2025-12-21,2025-12-25,Delayed,4
ENG-00072,Sprint 1,2024-04-21,2024-04-21,Completed,0
ENG-00072,Sprint 2,2024-05-21,2024-05-26,Delayed,5
ENG-00072,Sprint 3,2024-06-21,2024-06-24,Completed,3
ENG-00072,Sprint 4,2024-07-21,2024-07-23,Completed,2
ENG-00072,Sprint 5,2024-08-21,2024-08-21,Completed,0
ENG-00072,Sprint 6,2024-09-21,2024-09-24,Completed,3
ENG-00072,Sprint 7,2024-10-21,2024-10-27,Delayed,6
ENG-00072,Sprint 8,2024-11-21,2024-11-23,Completed,2
ENG-00072,Sprint 9,2024-12-21,2024-12-26,Delayed,5
ENG-00072,Sprint 10,2025-01-21,2025-01-22,Completed,1
ENG-00072,Sprint 11,2025-02-21,2025-02-21,Completed,0
ENG-00072,Sprint 12,2025-03-21,2025-03-26,Delayed,5
ENG-00073,Sprint 1,2025-05-21,2025-05-28,Delayed,7
ENG-00073,Sprint 2,2025-06-21,2025-06-21,Completed,0
ENG-00073,Sprint 3,2025-07-21,2025-07-24,Completed,3
ENG-00073,Sprint 4,2025-08-21,2025-08-22,Completed,1
ENG-00073,Sprint 5,2025-09-21,2025-09-22,Completed,1
ENG-00073,Sprint 6,2025-10-21,2025-10-25,Delayed,4
ENG-00073,Sprint 7,2025-11-21,2025-11-22,Completed,1
ENG-00073,Sprint 8,2025-12-21,2025-12-21,Completed,0
ENG-00073,Sprint 9,2026-01-21,2026-01-21,Completed,0
ENG-00073,Sprint 10,2026-02-21,2026-02-21,Completed,0
ENG-00074,Sprint 1,2026-03-21,2026-03-25,Delayed,4
ENG-00074,Sprint 2,2026-04-21,2026-04-23,Completed,2
ENG-00074,Sprint 3,2026-05-21,2026-05-23,Completed,2
ENG-00074,Sprint 4,2026-06-21,2026-06-22,Completed,1
ENG-00074,Sprint 5,2026-07-21,2026-07-21,Completed,0
ENG-00074,Sprint 6,2026-08-21,2026-08-24,Completed,3
ENG-00075,Sprint 1,2025-07-21,2025-07-26,Delayed,5
ENG-00075,Sprint 2,2025-08-21,2025-08-21,Completed,0
ENG-00075,Sprint 3,2025-09-21,2025-09-24,Completed,3
ENG-00075,Sprint 4,2025-10-21,2025-10-21,Completed,0
ENG-00075,Sprint 5,2025-11-21,2025-11-23,Completed,2
ENG-00075,Sprint 6,2025-12-21,2025-12-21,Completed,0
ENG-00075,Sprint 7,2026-01-21,2026-01-23,Completed,2
ENG-00075,Sprint 8,2026-02-21,2026-02-22,Completed,1
ENG-00075,Sprint 9,2026-03-21,2026-03-22,Completed,1
ENG-00075,Sprint 10,2026-04-21,2026-04-24,Completed,3
ENG-00075,Sprint 11,2026-05-21,2026-05-22,Completed,1
ENG-00075,Sprint 12,2026-06-21,2026-06-21,Completed,0
ENG-00076,Sprint 1,2026-02-21,2026-02-25,Delayed,4
ENG-00076,Sprint 2,2026-03-21,2026-03-21,Completed,0
ENG-00076,Sprint 3,2026-04-21,2026-04-22,Completed,1
ENG-00076,Sprint 4,2026-05-21,2026-05-21,Completed,0
ENG-00076,Sprint 5,2026-06-21,2026-06-23,Completed,2
ENG-00076,Sprint 6,2026-07-21,2026-07-23,Completed,2
ENG-00076,Sprint 7,2026-08-21,2026-08-23,Completed,2
ENG-00077,Sprint 1,2026-01-21,2026-01-21,Completed,0
ENG-00077,Sprint 2,2026-02-21,2026-02-23,Completed,2
ENG-00077,Sprint 3,2026-03-21,2026-03-21,Completed,0
ENG-00077,Sprint 4,2026-04-21,2026-04-21,Completed,0
ENG-00077,Sprint 5,2026-05-21,2026-05-21,Completed,0
ENG-00077,Sprint 6,2026-06-21,2026-06-21,Completed,0
ENG-00077,Sprint 7,2026-07-21,2026-07-21,Completed,0
ENG-00077,Sprint 8,2026-08-21,2026-08-21,Completed,0
ENG-00078,Sprint 1,2026-06-21,2026-06-23,Completed,2
ENG-00078,Sprint 2,2026-07-21,2026-07-26,Delayed,5
ENG-00078,Sprint 3,2026-08-21,2026-08-29,Delayed,8
ENG-00079,Sprint 1,2025-12-21,2025-12-21,Completed,0
ENG-00079,Sprint 2,2026-01-21,2026-01-22,Completed,1
ENG-00079,Sprint 3,2026-02-21,2026-02-26,Delayed,5
ENG-00079,Sprint 4,2026-03-21,2026-03-27,Delayed,6
ENG-00079,Sprint 5,2026-04-21,2026-05-02,Delayed,11
ENG-00080,Sprint 1,2024-06-21,2024-06-29,Delayed,8
ENG-00080,Sprint 2,2024-07-21,2024-07-31,Delayed,10
ENG-00080,Sprint 3,2024-08-21,2024-09-02,Delayed,12
ENG-00080,Sprint 4,2024-09-21,2024-09-30,Delayed,9
ENG-00080,Sprint 5,2024-10-21,2024-10-28,Delayed,7
ENG-00081,Sprint 1,2026-05-21,2026-05-26,Delayed,5
ENG-00081,Sprint 2,2026-06-21,2026-06-22,Completed,1
ENG-00081,Sprint 3,2026-07-21,2026-07-21,Completed,0
ENG-00081,Sprint 4,2026-08-21,2026-08-21,Completed,0
ENG-00082,Sprint 1,2024-11-21,2024-11-21,Completed,0
ENG-00082,Sprint 2,2024-12-21,2024-12-21,Completed,0
ENG-00082,Sprint 3,2025-01-21,2025-01-23,Completed,2
ENG-00082,Sprint 4,2025-02-21,2025-02-22,Completed,1
ENG-00082,Sprint 5,2025-03-21,2025-03-23,Completed,2
ENG-00082,Sprint 6,2025-04-21,2025-04-21,Completed,0
ENG-00082,Sprint 7,2025-05-21,2025-05-21,Completed,0
ENG-00082,Sprint 8,2025-06-21,2025-06-21,Completed,0
ENG-00082,Sprint 9,2025-07-21,2025-07-23,Completed,2
ENG-00082,Sprint 10,2025-08-21,2025-08-26,Delayed,5
ENG-00082,Sprint 11,2025-09-21,2025-09-21,Completed,0
ENG-00082,Sprint 12,2025-10-21,2025-10-21,Completed,0
ENG-00082,Sprint 13,2025-11-21,2025-11-24,Completed,3
ENG-00083,Sprint 1,2026-04-21,2026-04-22,Completed,1
ENG-00083,Sprint 2,2026-05-21,2026-05-21,Completed,0
ENG-00083,Sprint 3,2026-06-21,2026-06-23,Completed,2
ENG-00083,Sprint 4,2026-07-21,2026-07-23,Completed,2
ENG-00083,Sprint 5,2026-08-21,2026-08-22,Completed,1
ENG-00083,Sprint 6,2026-09-21,2026-09-21,Completed,0
ENG-00083,Sprint 7,2026-10-21,2026-10-29,Delayed,8
ENG-00084,Sprint 1,2024-08-21,2024-08-21,Completed,0
ENG-00084,Sprint 2,2024-09-21,2024-09-22,Completed,1
ENG-00084,Sprint 3,2024-10-21,2024-10-23,Completed,2
ENG-00084,Sprint 4,2024-11-21,2024-11-25,Delayed,4
ENG-00084,Sprint 5,2024-12-21,2024-12-21,Completed,0
ENG-00084,Sprint 6,2025-01-21,2025-01-21,Completed,0
ENG-00084,Sprint 7,2025-02-21,2025-02-21,Completed,0
ENG-00084,Sprint 8,2025-03-21,2025-03-24,Completed,3
ENG-00084,Sprint 9,2025-04-21,2025-04-27,Delayed,6
ENG-00084,Sprint 10,2025-05-21,2025-05-25,Delayed,4
ENG-00084,Sprint 11,2025-06-21,2025-06-28,Delayed,7
ENG-00084,Sprint 12,2025-07-21,2025-07-22,Completed,1
ENG-00085,Sprint 1,2025-02-21,2025-02-23,Completed,2
ENG-00085,Sprint 2,2025-03-21,2025-03-21,Completed,0
ENG-00085,Sprint 3,2025-04-21,2025-04-25,Delayed,4
ENG-00085,Sprint 4,2025-05-21,2025-05-24,Completed,3
ENG-00085,Sprint 5,2025-06-21,2025-06-23,Completed,2
ENG-00085,Sprint 6,2025-07-21,2025-07-21,Completed,0
ENG-00085,Sprint 7,2025-08-21,2025-08-24,Completed,3
ENG-00086,Sprint 1,2024-06-21,2024-06-26,Delayed,5
ENG-00086,Sprint 2,2024-07-21,2024-07-23,Completed,2
ENG-00086,Sprint 3,2024-08-21,2024-08-23,Completed,2
ENG-00086,Sprint 4,2024-09-21,2024-09-21,Completed,0
ENG-00086,Sprint 5,2024-10-21,2024-10-30,Delayed,9
ENG-00086,Sprint 6,2024-11-21,2024-11-23,Completed,2
ENG-00086,Sprint 7,2024-12-21,2024-12-25,Delayed,4
ENG-00086,Sprint 8,2025-01-21,2025-01-29,Delayed,8
ENG-00087,Sprint 1,2025-08-21,2025-08-28,Delayed,7
ENG-00087,Sprint 2,2025-09-21,2025-09-25,Delayed,4
ENG-00087,Sprint 3,2025-10-21,2025-10-25,Delayed,4
ENG-00087,Sprint 4,2025-11-21,2025-11-24,Completed,3
ENG-00087,Sprint 5,2025-12-21,2025-12-25,Delayed,4
ENG-00087,Sprint 6,2026-01-21,2026-01-23,Completed,2
ENG-00087,Sprint 7,2026-02-21,2026-02-27,Delayed,6
ENG-00087,Sprint 8,2026-03-21,2026-03-23,Completed,2
ENG-00087,Sprint 9,2026-04-21,2026-05-01,Delayed,10
ENG-00087,Sprint 10,2026-05-21,2026-05-21,Completed,0
ENG-00087,Sprint 11,2026-06-21,2026-06-30,Delayed,9
ENG-00087,Sprint 12,2026-07-21,2026-07-21,Completed,0
ENG-00087,Sprint 13,2026-08-21,2026-08-28,Delayed,7
ENG-00088,Sprint 1,2024-04-21,2024-04-25,Delayed,4
ENG-00088,Sprint 2,2024-05-21,2024-05-21,Completed,0
ENG-00088,Sprint 3,2024-06-21,2024-06-22,Completed,1
ENG-00088,Sprint 4,2024-07-21,2024-07-23,Completed,2
ENG-00088,Sprint 5,2024-08-21,2024-08-22,Completed,1
ENG-00088,Sprint 6,2024-09-21,2024-09-22,Completed,1
ENG-00088,Sprint 7,2024-10-21,2024-10-21,Completed,0
ENG-00088,Sprint 8,2024-11-21,2024-11-25,Delayed,4
ENG-00088,Sprint 9,2024-12-21,2024-12-26,Delayed,5
ENG-00088,Sprint 10,2025-01-21,2025-01-21,Completed,0
ENG-00088,Sprint 11,2025-02-21,2025-02-21,Completed,0
ENG-00089,Sprint 1,2025-06-21,2025-06-21,Completed,0
ENG-00089,Sprint 2,2025-07-21,2025-07-24,Completed,3
ENG-00089,Sprint 3,2025-08-21,2025-08-23,Completed,2
ENG-00089,Sprint 4,2025-09-21,2025-09-28,Delayed,7
ENG-00089,Sprint 5,2025-10-21,2025-10-29,Delayed,8
ENG-00090,Sprint 1,2026-03-21,2026-03-22,Completed,1
ENG-00090,Sprint 2,2026-04-21,2026-04-21,Completed,0
ENG-00090,Sprint 3,2026-05-21,2026-05-23,Completed,2
ENG-00090,Sprint 4,2026-06-21,2026-06-21,Completed,0
ENG-00090,Sprint 5,2026-07-21,2026-07-23,Completed,2
ENG-00090,Sprint 6,2026-08-21,2026-08-30,Delayed,9
ENG-00090,Sprint 7,2026-09-21,2026-09-27,Delayed,6
ENG-00090,Sprint 8,2026-10-21,2026-10-27,Delayed,6
ENG-00090,Sprint 9,2026-11-21,2026-11-23,Completed,2
ENG-00090,Sprint 10,2026-12-21,2027-01-01,Delayed,11
ENG-00091,Sprint 1,2024-08-21,2024-08-21,Completed,0
ENG-00091,Sprint 2,2024-09-21,2024-09-21,Completed,0
ENG-00091,Sprint 3,2024-10-21,2024-10-21,Completed,0
ENG-00091,Sprint 4,2024-11-21,2024-11-24,Completed,3
ENG-00091,Sprint 5,2024-12-21,2024-12-22,Completed,1
ENG-00091,Sprint 6,2025-01-21,2025-01-21,Completed,0
ENG-00091,Sprint 7,2025-02-21,2025-02-26,Delayed,5
ENG-00091,Sprint 8,2025-03-21,2025-03-21,Completed,0
ENG-00091,Sprint 9,2025-04-21,2025-04-21,Completed,0
ENG-00091,Sprint 10,2025-05-21,2025-05-23,Completed,2
ENG-00091,Sprint 11,2025-06-21,2025-06-21,Completed,0
ENG-00091,Sprint 12,2025-07-21,2025-07-22,Completed,1
ENG-00091,Sprint 13,2025-08-21,2025-08-21,Completed,0
ENG-00092,Sprint 1,2026-07-21,2026-07-21,Completed,0
ENG-00092,Sprint 2,2026-08-21,2026-08-21,Completed,0
ENG-00092,Sprint 3,2026-09-21,2026-09-23,Completed,2
ENG-00092,Sprint 4,2026-10-21,2026-10-21,Completed,0
ENG-00092,Sprint 5,2026-11-21,2026-11-25,Delayed,4
ENG-00093,Sprint 1,2025-02-21,2025-03-01,Delayed,8
ENG-00093,Sprint 2,2025-03-21,2025-03-24,Completed,3
ENG-00093,Sprint 3,2025-04-21,2025-04-25,Delayed,4
ENG-00093,Sprint 4,2025-05-21,2025-05-23,Completed,2
ENG-00093,Sprint 5,2025-06-21,2025-06-25,Delayed,4
ENG-00093,Sprint 6,2025-07-21,2025-07-25,Delayed,4
ENG-00093,Sprint 7,2025-08-21,2025-08-21,Completed,0
ENG-00093,Sprint 8,2025-09-21,2025-09-23,Completed,2
ENG-00094,Sprint 1,2024-02-21,2024-02-21,Completed,0
ENG-00094,Sprint 2,2024-03-21,2024-03-21,Completed,0
ENG-00094,Sprint 3,2024-04-21,2024-04-21,Completed,0
ENG-00094,Sprint 4,2024-05-21,2024-05-21,Completed,0
ENG-00094,Sprint 5,2024-06-21,2024-06-21,Completed,0
ENG-00094,Sprint 6,2024-07-21,2024-07-21,Completed,0
ENG-00094,Sprint 7,2024-08-21,2024-08-21,Completed,0
ENG-00094,Sprint 8,2024-09-21,2024-09-21,Completed,0
ENG-00094,Sprint 9,2024-10-21,2024-10-24,Completed,3
ENG-00094,Sprint 10,2024-11-21,2024-11-21,Completed,0
ENG-00094,Sprint 11,2024-12-21,2024-12-21,Completed,0
ENG-00095,Sprint 1,2025-06-21,2025-06-27,Delayed,6
ENG-00095,Sprint 2,2025-07-21,2025-07-25,Delayed,4
ENG-00095,Sprint 3,2025-08-21,2025-08-22,Completed,1
ENG-00095,Sprint 4,2025-09-21,2025-09-26,Delayed,5
ENG-00095,Sprint 5,2025-10-21,2025-10-26,Delayed,5
ENG-00095,Sprint 6,2025-11-21,2025-11-29,Delayed,8
ENG-00095,Sprint 7,2025-12-21,2025-12-31,Delayed,10
ENG-00095,Sprint 8,2026-01-21,2026-01-23,Completed,2
ENG-00096,Sprint 1,2025-06-21,2025-06-21,Completed,0
ENG-00096,Sprint 2,2025-07-21,2025-07-28,Delayed,7
ENG-00096,Sprint 3,2025-08-21,2025-08-21,Completed,0
ENG-00096,Sprint 4,2025-09-21,2025-09-24,Completed,3
ENG-00096,Sprint 5,2025-10-21,2025-10-29,Delayed,8
ENG-00096,Sprint 6,2025-11-21,2025-11-21,Completed,0
ENG-00096,Sprint 7,2025-12-21,2025-12-24,Completed,3
ENG-00097,Sprint 1,2025-10-21,2025-10-21,Completed,0
ENG-00097,Sprint 2,2025-11-21,2025-11-21,Completed,0
ENG-00097,Sprint 3,2025-12-21,2025-12-22,Completed,1
ENG-00097,Sprint 4,2026-01-21,2026-01-21,Completed,0
ENG-00097,Sprint 5,2026-02-21,2026-02-25,Delayed,4
ENG-00097,Sprint 6,2026-03-21,2026-03-21,Completed,0
ENG-00097,Sprint 7,2026-04-21,2026-04-29,Delayed,8
ENG-00097,Sprint 8,2026-05-21,2026-05-30,Delayed,9
ENG-00097,Sprint 9,2026-06-21,2026-06-22,Completed,1
ENG-00097,Sprint 10,2026-07-21,2026-07-23,Completed,2
ENG-00098,Sprint 1,2024-03-21,2024-03-21,Completed,0
ENG-00098,Sprint 2,2024-04-21,2024-04-21,Completed,0
ENG-00098,Sprint 3,2024-05-21,2024-05-26,Delayed,5
ENG-00098,Sprint 4,2024-06-21,2024-06-23,Completed,2
ENG-00098,Sprint 5,2024-07-21,2024-07-25,Delayed,4
ENG-00098,Sprint 6,2024-08-21,2024-08-31,Delayed,10
ENG-00098,Sprint 7,2024-09-21,2024-10-03,Delayed,12
ENG-00099,Sprint 1,2024-11-21,2024-11-24,Completed,3
ENG-00099,Sprint 2,2024-12-21,2024-12-21,Completed,0
ENG-00099,Sprint 3,2025-01-21,2025-01-21,Completed,0
ENG-00099,Sprint 4,2025-02-21,2025-02-21,Completed,0
ENG-00099,Sprint 5,2025-03-21,2025-03-21,Completed,0
ENG-00099,Sprint 6,2025-04-21,2025-04-22,Completed,1
ENG-00099,Sprint 7,2025-05-21,2025-05-25,Delayed,4
ENG-00099,Sprint 8,2025-06-21,2025-06-21,Completed,0
ENG-00099,Sprint 9,2025-07-21,2025-07-21,Completed,0
ENG-00100,Sprint 1,2024-01-21,2024-01-24,Completed,3
ENG-00100,Sprint 2,2024-02-21,2024-02-21,Completed,0
ENG-00100,Sprint 3,2024-03-21,2024-03-29,Delayed,8
ENG-00100,Sprint 4,2024-04-21,2024-04-21,Completed,0
ENG-00100,Sprint 5,2024-05-21,2024-05-26,Delayed,5
ENG-00100,Sprint 6,2024-06-21,2024-06-25,Delayed,4
ENG-00100,Sprint 7,2024-07-21,2024-07-25,Delayed,4
ENG-00100,Sprint 8,2024-08-21,2024-08-27,Delayed,6
ENG-00100,Sprint 9,2024-09-21,2024-09-24,Completed,3
ENG-00101,Sprint 1,2024-07-21,2024-07-23,Completed,2
ENG-00101,Sprint 2,2024-08-21,2024-08-21,Completed,0
ENG-00101,Sprint 3,2024-09-21,2024-09-29,Delayed,8
ENG-00101,Sprint 4,2024-10-21,2024-10-21,Completed,0
ENG-00101,Sprint 5,2024-11-21,2024-11-22,Completed,1
ENG-00101,Sprint 6,2024-12-21,2024-12-21,Completed,0
ENG-00101,Sprint 7,2025-01-21,2025-01-25,Delayed,4
ENG-00101,Sprint 8,2025-02-21,2025-02-21,Completed,0
ENG-00102,Sprint 1,2024-08-21,2024-08-25,Delayed,4
ENG-00102,Sprint 2,2024-09-21,2024-09-25,Delayed,4
ENG-00102,Sprint 3,2024-10-21,2024-10-23,Completed,2
ENG-00102,Sprint 4,2024-11-21,2024-11-24,Completed,3
ENG-00102,Sprint 5,2024-12-21,2024-12-22,Completed,1
ENG-00102,Sprint 6,2025-01-21,2025-01-22,Completed,1
ENG-00102,Sprint 7,2025-02-21,2025-02-25,Delayed,4
ENG-00103,Sprint 1,2025-04-21,2025-04-25,Delayed,4
ENG-00103,Sprint 2,2025-05-21,2025-05-21,Completed,0
ENG-00103,Sprint 3,2025-06-21,2025-06-23,Completed,2
ENG-00103,Sprint 4,2025-07-21,2025-07-26,Delayed,5
ENG-00104,Sprint 1,2025-07-21,2025-07-25,Delayed,4
ENG-00104,Sprint 2,2025-08-21,2025-08-26,Delayed,5
ENG-00104,Sprint 3,2025-09-21,2025-09-22,Completed,1
ENG-00104,Sprint 4,2025-10-21,2025-10-25,Delayed,4
ENG-00104,Sprint 5,2025-11-21,2025-11-24,Completed,3
ENG-00104,Sprint 6,2025-12-21,2025-12-22,Completed,1
ENG-00104,Sprint 7,2026-01-21,2026-01-29,Delayed,8
ENG-00104,Sprint 8,2026-02-21,2026-02-25,Delayed,4
ENG-00104,Sprint 9,2026-03-21,2026-03-25,Delayed,4
ENG-00105,Sprint 1,2024-12-21,2024-12-21,Completed,0
ENG-00105,Sprint 2,2025-01-21,2025-01-24,Completed,3
ENG-00105,Sprint 3,2025-02-21,2025-02-25,Delayed,4
ENG-00105,Sprint 4,2025-03-21,2025-03-27,Delayed,6
ENG-00105,Sprint 5,2025-04-21,2025-04-23,Completed,2
ENG-00105,Sprint 6,2025-05-21,2025-05-24,Completed,3
ENG-00105,Sprint 7,2025-06-21,2025-06-24,Completed,3
ENG-00105,Sprint 8,2025-07-21,2025-07-26,Delayed,5
ENG-00106,Sprint 1,2024-03-21,2024-03-26,Delayed,5
ENG-00106,Sprint 2,2024-04-21,2024-04-23,Completed,2
ENG-00106,Sprint 3,2024-05-21,2024-05-28,Delayed,7
ENG-00106,Sprint 4,2024-06-21,2024-06-26,Delayed,5
ENG-00106,Sprint 5,2024-07-21,2024-07-30,Delayed,9
ENG-00106,Sprint 6,2024-08-21,2024-08-24,Completed,3
ENG-00106,Sprint 7,2024-09-21,2024-09-26,Delayed,5
ENG-00106,Sprint 8,2024-10-21,2024-10-23,Completed,2
ENG-00106,Sprint 9,2024-11-21,2024-11-30,Delayed,9
ENG-00107,Sprint 1,2026-03-21,2026-03-21,Completed,0
ENG-00107,Sprint 2,2026-04-21,2026-04-21,Completed,0
ENG-00107,Sprint 3,2026-05-21,2026-05-21,Completed,0
ENG-00107,Sprint 4,2026-06-21,2026-06-21,Completed,0
ENG-00107,Sprint 5,2026-07-21,2026-07-21,Completed,0
ENG-00107,Sprint 6,2026-08-21,2026-08-22,Completed,1
ENG-00108,Sprint 1,2024-07-21,2024-07-25,Delayed,4
ENG-00108,Sprint 2,2024-08-21,2024-08-23,Completed,2
ENG-00108,Sprint 3,2024-09-21,2024-09-26,Delayed,5
ENG-00108,Sprint 4,2024-10-21,2024-10-29,Delayed,8
ENG-00108,Sprint 5,2024-11-21,2024-11-21,Completed,0
ENG-00108,Sprint 6,2024-12-21,2024-12-21,Completed,0
ENG-00108,Sprint 7,2025-01-21,2025-01-22,Completed,1
ENG-00108,Sprint 8,2025-02-21,2025-03-01,Delayed,8
ENG-00108,Sprint 9,2025-03-21,2025-03-23,Completed,2
ENG-00109,Sprint 1,2025-06-21,2025-06-22,Completed,1
ENG-00109,Sprint 2,2025-07-21,2025-07-24,Completed,3
ENG-00109,Sprint 3,2025-08-21,2025-08-22,Completed,1
ENG-00109,Sprint 4,2025-09-21,2025-09-21,Completed,0
ENG-00109,Sprint 5,2025-10-21,2025-10-25,Delayed,4
ENG-00109,Sprint 6,2025-11-21,2025-11-21,Completed,0
ENG-00109,Sprint 7,2025-12-21,2025-12-21,Completed,0
ENG-00109,Sprint 8,2026-01-21,2026-01-22,Completed,1
ENG-00109,Sprint 9,2026-02-21,2026-02-23,Completed,2
ENG-00109,Sprint 10,2026-03-21,2026-03-21,Completed,0
ENG-00109,Sprint 11,2026-04-21,2026-04-21,Completed,0
ENG-00109,Sprint 12,2026-05-21,2026-05-21,Completed,0
ENG-00109,Sprint 13,2026-06-21,2026-06-21,Completed,0
ENG-00110,Sprint 1,2024-07-21,2024-07-25,Delayed,4
ENG-00110,Sprint 2,2024-08-21,2024-08-22,Completed,1
ENG-00110,Sprint 3,2024-09-21,2024-09-23,Completed,2
ENG-00110,Sprint 4,2024-10-21,2024-10-21,Completed,0
ENG-00110,Sprint 5,2024-11-21,2024-11-21,Completed,0
ENG-00110,Sprint 6,2024-12-21,2024-12-22,Completed,1
ENG-00110,Sprint 7,2025-01-21,2025-01-23,Completed,2
ENG-00110,Sprint 8,2025-02-21,2025-02-21,Completed,0
ENG-00110,Sprint 9,2025-03-21,2025-03-24,Completed,3
ENG-00110,Sprint 10,2025-04-21,2025-04-21,Completed,0
ENG-00111,Sprint 1,2025-08-21,2025-08-23,Completed,2
ENG-00111,Sprint 2,2025-09-21,2025-09-23,Completed,2
ENG-00111,Sprint 3,2025-10-21,2025-10-23,Completed,2
ENG-00111,Sprint 4,2025-11-21,2025-11-25,Delayed,4
ENG-00111,Sprint 5,2025-12-21,2025-12-24,Completed,3
ENG-00111,Sprint 6,2026-01-21,2026-01-26,Delayed,5
ENG-00111,Sprint 7,2026-02-21,2026-02-21,Completed,0
ENG-00111,Sprint 8,2026-03-21,2026-03-27,Delayed,6
ENG-00111,Sprint 9,2026-04-21,2026-04-24,Completed,3
ENG-00111,Sprint 10,2026-05-21,2026-05-26,Delayed,5
ENG-00112,Sprint 1,2025-07-21,2025-07-21,Completed,0
ENG-00112,Sprint 2,2025-08-21,2025-08-21,Completed,0
ENG-00112,Sprint 3,2025-09-21,2025-09-21,Completed,0
ENG-00112,Sprint 4,2025-10-21,2025-10-21,Completed,0
ENG-00112,Sprint 5,2025-11-21,2025-11-21,Completed,0
ENG-00112,Sprint 6,2025-12-21,2025-12-21,Completed,0
ENG-00112,Sprint 7,2026-01-21,2026-01-22,Completed,1
ENG-00112,Sprint 8,2026-02-21,2026-02-21,Completed,0
ENG-00112,Sprint 9,2026-03-21,2026-03-21,Completed,0
ENG-00113,Sprint 1,2026-08-21,2026-08-21,Completed,0
ENG-00114,Sprint 1,2024-04-21,2024-04-23,Completed,2
ENG-00114,Sprint 2,2024-05-21,2024-05-26,Delayed,5
ENG-00114,Sprint 3,2024-06-21,2024-06-24,Completed,3
ENG-00114,Sprint 4,2024-07-21,2024-07-21,Completed,0
ENG-00114,Sprint 5,2024-08-21,2024-08-26,Delayed,5
ENG-00114,Sprint 6,2024-09-21,2024-09-25,Delayed,4
ENG-00114,Sprint 7,2024-10-21,2024-10-22,Completed,1
ENG-00114,Sprint 8,2024-11-21,2024-11-25,Delayed,4
ENG-00114,Sprint 9,2024-12-21,2024-12-29,Delayed,8
ENG-00114,Sprint 10,2025-01-21,2025-01-21,Completed,0
ENG-00114,Sprint 11,2025-02-21,2025-03-02,Delayed,9
ENG-00115,Sprint 1,2025-02-21,2025-02-26,Delayed,5
ENG-00115,Sprint 2,2025-03-21,2025-03-26,Delayed,5
ENG-00115,Sprint 3,2025-04-21,2025-04-23,Completed,2
ENG-00115,Sprint 4,2025-05-21,2025-05-25,Delayed,4
ENG-00115,Sprint 5,2025-06-21,2025-06-28,Delayed,7
ENG-00115,Sprint 6,2025-07-21,2025-07-26,Delayed,5
ENG-00115,Sprint 7,2025-08-21,2025-08-25,Delayed,4
ENG-00115,Sprint 8,2025-09-21,2025-09-28,Delayed,7
ENG-00115,Sprint 9,2025-10-21,2025-10-26,Delayed,5
ENG-00115,Sprint 10,2025-11-21,2025-11-23,Completed,2
ENG-00115,Sprint 11,2025-12-21,2025-12-21,Completed,0
ENG-00115,Sprint 12,2026-01-21,2026-01-28,Delayed,7
ENG-00115,Sprint 13,2026-02-21,2026-02-21,Completed,0
ENG-00116,Sprint 1,2025-12-21,2025-12-22,Completed,1
ENG-00116,Sprint 2,2026-01-21,2026-01-21,Completed,0
ENG-00116,Sprint 3,2026-02-21,2026-02-21,Completed,0
ENG-00116,Sprint 4,2026-03-21,2026-03-21,Completed,0
ENG-00116,Sprint 5,2026-04-21,2026-04-22,Completed,1
ENG-00116,Sprint 6,2026-05-21,2026-05-27,Delayed,6
ENG-00116,Sprint 7,2026-06-21,2026-06-21,Completed,0
ENG-00116,Sprint 8,2026-07-21,2026-07-25,Delayed,4
ENG-00116,Sprint 9,2026-08-21,2026-08-21,Completed,0
ENG-00117,Sprint 1,2026-07-21,2026-07-30,Delayed,9
ENG-00117,Sprint 2,2026-08-21,2026-08-29,Delayed,8
ENG-00118,Sprint 1,2025-07-21,2025-07-22,Completed,1
ENG-00118,Sprint 2,2025-08-21,2025-08-27,Delayed,6
ENG-00118,Sprint 3,2025-09-21,2025-09-29,Delayed,8
ENG-00118,Sprint 4,2025-10-21,2025-10-22,Completed,1
ENG-00119,Sprint 1,2025-08-21,2025-08-29,Delayed,8
ENG-00119,Sprint 2,2025-09-21,2025-09-25,Delayed,4
ENG-00119,Sprint 3,2025-10-21,2025-10-25,Delayed,4
ENG-00119,Sprint 4,2025-11-21,2025-11-30,Delayed,9
ENG-00119,Sprint 5,2025-12-21,2025-12-27,Delayed,6
ENG-00119,Sprint 6,2026-01-21,2026-01-30,Delayed,9
ENG-00120,Sprint 1,2024-09-21,2024-09-22,Completed,1
ENG-00120,Sprint 2,2024-10-21,2024-10-21,Completed,0
ENG-00120,Sprint 3,2024-11-21,2024-11-26,Delayed,5
ENG-00120,Sprint 4,2024-12-21,2024-12-21,Completed,0
ENG-00120,Sprint 5,2025-01-21,2025-01-21,Completed,0
ENG-00120,Sprint 6,2025-02-21,2025-02-21,Completed,0
ENG-00120,Sprint 7,2025-03-21,2025-03-22,Completed,1
ENG-00120,Sprint 8,2025-04-21,2025-04-21,Completed,0
ENG-00120,Sprint 9,2025-05-21,2025-05-21,Completed,0
ENG-00120,Sprint 10,2025-06-21,2025-06-22,Completed,1
ENG-00120,Sprint 11,2025-07-21,2025-07-21,Completed,0
ENG-00120,Sprint 12,2025-08-21,2025-08-21,Completed,0
ENG-00120,Sprint 13,2025-09-21,2025-09-23,Completed,2
ENG-00121,Sprint 1,2025-02-21,2025-02-23,Completed,2
ENG-00121,Sprint 2,2025-03-21,2025-03-22,Completed,1
ENG-00121,Sprint 3,2025-04-21,2025-04-21,Completed,0
ENG-00121,Sprint 4,2025-05-21,2025-05-23,Completed,2
ENG-00121,Sprint 5,2025-06-21,2025-06-29,Delayed,8
ENG-00121,Sprint 6,2025-07-21,2025-07-24,Completed,3
ENG-00121,Sprint 7,2025-08-21,2025-08-25,Delayed,4
ENG-00121,Sprint 8,2025-09-21,2025-09-21,Completed,0
ENG-00121,Sprint 9,2025-10-21,2025-10-27,Delayed,6
ENG-00121,Sprint 10,2025-11-21,2025-11-21,Completed,0
ENG-00122,Sprint 1,2025-07-21,2025-07-22,Completed,1
ENG-00122,Sprint 2,2025-08-21,2025-08-28,Delayed,7
ENG-00122,Sprint 3,2025-09-21,2025-09-25,Delayed,4
ENG-00122,Sprint 4,2025-10-21,2025-10-21,Completed,0
ENG-00122,Sprint 5,2025-11-21,2025-11-28,Delayed,7
ENG-00122,Sprint 6,2025-12-21,2025-12-23,Completed,2
ENG-00122,Sprint 7,2026-01-21,2026-01-27,Delayed,6
ENG-00122,Sprint 8,2026-02-21,2026-02-24,Completed,3
ENG-00122,Sprint 9,2026-03-21,2026-03-21,Completed,0
ENG-00123,Sprint 1,2025-06-21,2025-06-23,Completed,2
ENG-00123,Sprint 2,2025-07-21,2025-07-23,Completed,2
ENG-00123,Sprint 3,2025-08-21,2025-08-25,Delayed,4
ENG-00123,Sprint 4,2025-09-21,2025-09-24,Completed,3
ENG-00123,Sprint 5,2025-10-21,2025-10-28,Delayed,7
ENG-00123,Sprint 6,2025-11-21,2025-11-21,Completed,0
ENG-00123,Sprint 7,2025-12-21,2025-12-25,Delayed,4
ENG-00123,Sprint 8,2026-01-21,2026-01-22,Completed,1
ENG-00124,Sprint 1,2025-06-21,2025-06-21,Completed,0
ENG-00124,Sprint 2,2025-07-21,2025-07-23,Completed,2
ENG-00124,Sprint 3,2025-08-21,2025-08-21,Completed,0
ENG-00124,Sprint 4,2025-09-21,2025-09-21,Completed,0
ENG-00124,Sprint 5,2025-10-21,2025-10-26,Delayed,5
ENG-00124,Sprint 6,2025-11-21,2025-11-21,Completed,0
ENG-00124,Sprint 7,2025-12-21,2025-12-21,Completed,0
ENG-00124,Sprint 8,2026-01-21,2026-01-28,Delayed,7
ENG-00124,Sprint 9,2026-02-21,2026-02-27,Delayed,6
ENG-00125,Sprint 1,2026-07-21,2026-07-24,Completed,3
ENG-00125,Sprint 2,2026-08-21,2026-08-26,Delayed,5
ENG-00126,Sprint 1,2025-04-21,2025-04-22,Completed,1
ENG-00126,Sprint 2,2025-05-21,2025-05-27,Delayed,6
ENG-00126,Sprint 3,2025-06-21,2025-06-23,Completed,2
ENG-00126,Sprint 4,2025-07-21,2025-07-24,Completed,3
ENG-00126,Sprint 5,2025-08-21,2025-08-26,Delayed,5
ENG-00127,Sprint 1,2024-10-21,2024-10-22,Completed,1
ENG-00127,Sprint 2,2024-11-21,2024-11-21,Completed,0
ENG-00127,Sprint 3,2024-12-21,2024-12-26,Delayed,5
ENG-00127,Sprint 4,2025-01-21,2025-01-21,Completed,0
ENG-00127,Sprint 5,2025-02-21,2025-02-21,Completed,0
ENG-00127,Sprint 6,2025-03-21,2025-03-21,Completed,0
ENG-00127,Sprint 7,2025-04-21,2025-04-29,Delayed,8
ENG-00127,Sprint 8,2025-05-21,2025-05-22,Completed,1
ENG-00127,Sprint 9,2025-06-21,2025-06-25,Delayed,4
ENG-00127,Sprint 10,2025-07-21,2025-07-26,Delayed,5
ENG-00127,Sprint 11,2025-08-21,2025-08-27,Delayed,6
ENG-00128,Sprint 1,2025-11-21,2025-11-21,Completed,0
ENG-00128,Sprint 2,2025-12-21,2025-12-24,Completed,3
ENG-00128,Sprint 3,2026-01-21,2026-01-24,Completed,3
ENG-00128,Sprint 4,2026-02-21,2026-02-22,Completed,1
ENG-00128,Sprint 5,2026-03-21,2026-03-21,Completed,0
ENG-00128,Sprint 6,2026-04-21,2026-04-29,Delayed,8
ENG-00128,Sprint 7,2026-05-21,2026-05-22,Completed,1
ENG-00128,Sprint 8,2026-06-21,2026-06-26,Delayed,5
ENG-00128,Sprint 9,2026-07-21,2026-07-24,Completed,3
ENG-00129,Sprint 1,2026-07-21,2026-07-21,Completed,0
ENG-00129,Sprint 2,2026-08-21,2026-08-22,Completed,1
ENG-00130,Sprint 1,2024-06-21,2024-06-24,Completed,3
ENG-00130,Sprint 2,2024-07-21,2024-07-21,Completed,0
ENG-00130,Sprint 3,2024-08-21,2024-08-21,Completed,0
ENG-00130,Sprint 4,2024-09-21,2024-09-25,Delayed,4
ENG-00130,Sprint 5,2024-10-21,2024-10-21,Completed,0
ENG-00130,Sprint 6,2024-11-21,2024-11-22,Completed,1
ENG-00130,Sprint 7,2024-12-21,2024-12-24,Completed,3
ENG-00130,Sprint 8,2025-01-21,2025-01-21,Completed,0
ENG-00130,Sprint 9,2025-02-21,2025-02-24,Completed,3
ENG-00130,Sprint 10,2025-03-21,2025-03-24,Completed,3
ENG-00130,Sprint 11,2025-04-21,2025-04-21,Completed,0
ENG-00130,Sprint 12,2025-05-21,2025-05-24,Completed,3
ENG-00130,Sprint 13,2025-06-21,2025-06-23,Completed,2
ENG-00131,Sprint 1,2025-02-21,2025-02-21,Completed,0
ENG-00131,Sprint 2,2025-03-21,2025-03-21,Completed,0
ENG-00131,Sprint 3,2025-04-21,2025-04-22,Completed,1
ENG-00131,Sprint 4,2025-05-21,2025-05-24,Completed,3
ENG-00131,Sprint 5,2025-06-21,2025-06-22,Completed,1
ENG-00131,Sprint 6,2025-07-21,2025-07-22,Completed,1
ENG-00131,Sprint 7,2025-08-21,2025-08-21,Completed,0
ENG-00131,Sprint 8,2025-09-21,2025-09-24,Completed,3
ENG-00131,Sprint 9,2025-10-21,2025-10-21,Completed,0
ENG-00132,Sprint 1,2024-12-21,2024-12-24,Completed,3
ENG-00132,Sprint 2,2025-01-21,2025-01-22,Completed,1
ENG-00132,Sprint 3,2025-02-21,2025-02-27,Delayed,6
ENG-00132,Sprint 4,2025-03-21,2025-03-26,Delayed,5
ENG-00132,Sprint 5,2025-04-21,2025-04-22,Completed,1
ENG-00132,Sprint 6,2025-05-21,2025-05-27,Delayed,6
ENG-00132,Sprint 7,2025-06-21,2025-06-24,Completed,3
ENG-00132,Sprint 8,2025-07-21,2025-07-25,Delayed,4
ENG-00132,Sprint 9,2025-08-21,2025-08-21,Completed,0
ENG-00132,Sprint 10,2025-09-21,2025-09-25,Delayed,4
ENG-00132,Sprint 11,2025-10-21,2025-10-21,Completed,0
ENG-00133,Sprint 1,2025-12-21,2025-12-23,Completed,2
ENG-00133,Sprint 2,2026-01-21,2026-01-31,Delayed,10
ENG-00133,Sprint 3,2026-02-21,2026-03-02,Delayed,9
ENG-00133,Sprint 4,2026-03-21,2026-03-23,Completed,2
ENG-00133,Sprint 5,2026-04-21,2026-04-24,Completed,3
ENG-00133,Sprint 6,2026-05-21,2026-05-26,Delayed,5
ENG-00133,Sprint 7,2026-06-21,2026-06-21,Completed,0
ENG-00133,Sprint 8,2026-07-21,2026-07-27,Delayed,6
ENG-00133,Sprint 9,2026-08-21,2026-08-23,Completed,2
ENG-00134,Sprint 1,2025-09-21,2025-09-22,Completed,1
ENG-00134,Sprint 2,2025-10-21,2025-10-22,Completed,1
ENG-00134,Sprint 3,2025-11-21,2025-11-26,Delayed,5
ENG-00134,Sprint 4,2025-12-21,2025-12-26,Delayed,5
ENG-00134,Sprint 5,2026-01-21,2026-01-22,Completed,1
ENG-00134,Sprint 6,2026-02-21,2026-02-26,Delayed,5
ENG-00134,Sprint 7,2026-03-21,2026-03-24,Completed,3
ENG-00134,Sprint 8,2026-04-21,2026-04-23,Completed,2
ENG-00134,Sprint 9,2026-05-21,2026-05-23,Completed,2
ENG-00134,Sprint 10,2026-06-21,2026-06-21,Completed,0
ENG-00134,Sprint 11,2026-07-21,2026-07-22,Completed,1
ENG-00134,Sprint 12,2026-08-21,2026-08-21,Completed,0
ENG-00135,Sprint 1,2024-04-21,2024-04-30,Delayed,9
ENG-00135,Sprint 2,2024-05-21,2024-05-27,Delayed,6
ENG-00135,Sprint 3,2024-06-21,2024-06-21,Completed,0
ENG-00135,Sprint 4,2024-07-21,2024-07-25,Delayed,4
ENG-00136,Sprint 1,2024-05-21,2024-05-28,Delayed,7
ENG-00136,Sprint 2,2024-06-21,2024-06-21,Completed,0
ENG-00136,Sprint 3,2024-07-21,2024-07-26,Delayed,5
ENG-00136,Sprint 4,2024-08-21,2024-08-25,Delayed,4
ENG-00136,Sprint 5,2024-09-21,2024-09-29,Delayed,8
ENG-00136,Sprint 6,2024-10-21,2024-10-26,Delayed,5
ENG-00137,Sprint 1,2026-07-21,2026-07-27,Delayed,6
ENG-00137,Sprint 2,2026-08-21,2026-08-25,Delayed,4
ENG-00138,Sprint 1,2024-06-21,2024-06-22,Completed,1
ENG-00138,Sprint 2,2024-07-21,2024-07-22,Completed,1
ENG-00138,Sprint 3,2024-08-21,2024-08-22,Completed,1
ENG-00138,Sprint 4,2024-09-21,2024-09-21,Completed,0
ENG-00138,Sprint 5,2024-10-21,2024-10-23,Completed,2
ENG-00138,Sprint 6,2024-11-21,2024-11-28,Delayed,7
ENG-00138,Sprint 7,2024-12-21,2024-12-21,Completed,0
ENG-00138,Sprint 8,2025-01-21,2025-01-22,Completed,1
ENG-00138,Sprint 9,2025-02-21,2025-02-21,Completed,0
ENG-00138,Sprint 10,2025-03-21,2025-03-24,Completed,3
ENG-00138,Sprint 11,2025-04-21,2025-04-21,Completed,0
ENG-00138,Sprint 12,2025-05-21,2025-05-28,Delayed,7
ENG-00138,Sprint 13,2025-06-21,2025-06-21,Completed,0
ENG-00139,Sprint 1,2025-03-21,2025-03-22,Completed,1
ENG-00139,Sprint 2,2025-04-21,2025-04-22,Completed,1
ENG-00139,Sprint 3,2025-05-21,2025-05-23,Completed,2
ENG-00139,Sprint 4,2025-06-21,2025-06-21,Completed,0
ENG-00139,Sprint 5,2025-07-21,2025-07-21,Completed,0
ENG-00139,Sprint 6,2025-08-21,2025-08-27,Delayed,6
ENG-00139,Sprint 7,2025-09-21,2025-09-24,Completed,3
ENG-00140,Sprint 1,2025-07-21,2025-07-27,Delayed,6
ENG-00140,Sprint 2,2025-08-21,2025-08-25,Delayed,4
ENG-00140,Sprint 3,2025-09-21,2025-09-26,Delayed,5
ENG-00140,Sprint 4,2025-10-21,2025-10-26,Delayed,5
ENG-00140,Sprint 5,2025-11-21,2025-11-24,Completed,3
ENG-00140,Sprint 6,2025-12-21,2025-12-22,Completed,1
ENG-00140,Sprint 7,2026-01-21,2026-01-27,Delayed,6
ENG-00141,Sprint 1,2026-06-21,2026-06-21,Completed,0
ENG-00141,Sprint 2,2026-07-21,2026-07-22,Completed,1
ENG-00141,Sprint 3,2026-08-21,2026-08-25,Delayed,4
ENG-00142,Sprint 1,2025-07-21,2025-07-25,Delayed,4
ENG-00142,Sprint 2,2025-08-21,2025-08-26,Delayed,5
ENG-00142,Sprint 3,2025-09-21,2025-09-29,Delayed,8
ENG-00142,Sprint 4,2025-10-21,2025-10-21,Completed,0
ENG-00143,Sprint 1,2025-08-21,2025-08-21,Completed,0
ENG-00143,Sprint 2,2025-09-21,2025-09-23,Completed,2
ENG-00143,Sprint 3,2025-10-21,2025-10-22,Completed,1
ENG-00143,Sprint 4,2025-11-21,2025-11-22,Completed,1
ENG-00143,Sprint 5,2025-12-21,2025-12-21,Completed,0
ENG-00143,Sprint 6,2026-01-21,2026-01-21,Completed,0
ENG-00143,Sprint 7,2026-02-21,2026-02-22,Completed,1
ENG-00143,Sprint 8,2026-03-21,2026-03-21,Completed,0
ENG-00143,Sprint 9,2026-04-21,2026-04-29,Delayed,8
ENG-00144,Sprint 1,2026-04-21,2026-04-21,Completed,0
ENG-00144,Sprint 2,2026-05-21,2026-05-21,Completed,0
ENG-00144,Sprint 3,2026-06-21,2026-06-21,Completed,0
ENG-00144,Sprint 4,2026-07-21,2026-07-21,Completed,0
ENG-00144,Sprint 5,2026-08-21,2026-08-21,Completed,0
ENG-00145,Sprint 1,2026-01-21,2026-01-27,Delayed,6
ENG-00145,Sprint 2,2026-02-21,2026-02-24,Completed,3
ENG-00145,Sprint 3,2026-03-21,2026-03-24,Completed,3
ENG-00145,Sprint 4,2026-04-21,2026-04-26,Delayed,5
ENG-00145,Sprint 5,2026-05-21,2026-05-21,Completed,0
ENG-00145,Sprint 6,2026-06-21,2026-06-24,Completed,3
ENG-00145,Sprint 7,2026-07-21,2026-07-24,Completed,3
ENG-00145,Sprint 8,2026-08-21,2026-08-24,Completed,3
ENG-00146,Sprint 1,2025-06-21,2025-06-21,Completed,0
ENG-00146,Sprint 2,2025-07-21,2025-07-21,Completed,0
ENG-00146,Sprint 3,2025-08-21,2025-08-21,Completed,0
ENG-00146,Sprint 4,2025-09-21,2025-09-21,Completed,0
ENG-00146,Sprint 5,2025-10-21,2025-10-22,Completed,1
ENG-00146,Sprint 6,2025-11-21,2025-11-22,Completed,1
ENG-00146,Sprint 7,2025-12-21,2025-12-23,Completed,2
ENG-00146,Sprint 8,2026-01-21,2026-01-23,Completed,2
ENG-00147,Sprint 1,2025-11-21,2025-11-29,Delayed,8
ENG-00147,Sprint 2,2025-12-21,2025-12-25,Delayed,4
ENG-00147,Sprint 3,2026-01-21,2026-01-26,Delayed,5
ENG-00147,Sprint 4,2026-02-21,2026-02-25,Delayed,4
ENG-00147,Sprint 5,2026-03-21,2026-03-27,Delayed,6
ENG-00147,Sprint 6,2026-04-21,2026-04-30,Delayed,9
ENG-00147,Sprint 7,2026-05-21,2026-06-01,Delayed,11
ENG-00147,Sprint 8,2026-06-21,2026-06-26,Delayed,5
ENG-00148,Sprint 1,2024-08-21,2024-08-26,Delayed,5
ENG-00148,Sprint 2,2024-09-21,2024-09-29,Delayed,8
ENG-00148,Sprint 3,2024-10-21,2024-11-01,Delayed,11
ENG-00148,Sprint 4,2024-11-21,2024-11-26,Delayed,5
ENG-00148,Sprint 5,2024-12-21,2024-12-26,Delayed,5
ENG-00148,Sprint 6,2025-01-21,2025-01-22,Completed,1
ENG-00148,Sprint 7,2025-02-21,2025-03-01,Delayed,8
ENG-00148,Sprint 8,2025-03-21,2025-03-29,Delayed,8
ENG-00149,Sprint 1,2024-08-21,2024-08-22,Completed,1
ENG-00149,Sprint 2,2024-09-21,2024-09-21,Completed,0
ENG-00149,Sprint 3,2024-10-21,2024-10-24,Completed,3
ENG-00149,Sprint 4,2024-11-21,2024-11-21,Completed,0
ENG-00149,Sprint 5,2024-12-21,2024-12-27,Delayed,6
ENG-00149,Sprint 6,2025-01-21,2025-01-21,Completed,0
ENG-00149,Sprint 7,2025-02-21,2025-02-21,Completed,0
ENG-00149,Sprint 8,2025-03-21,2025-03-22,Completed,1
ENG-00149,Sprint 9,2025-04-21,2025-04-23,Completed,2
ENG-00149,Sprint 10,2025-05-21,2025-05-26,Delayed,5
ENG-00149,Sprint 11,2025-06-21,2025-06-25,Delayed,4
ENG-00149,Sprint 12,2025-07-21,2025-07-22,Completed,1
ENG-00149,Sprint 13,2025-08-21,2025-08-23,Completed,2
ENG-00150,Sprint 1,2025-07-21,2025-07-23,Completed,2
ENG-00150,Sprint 2,2025-08-21,2025-08-23,Completed,2
ENG-00150,Sprint 3,2025-09-21,2025-09-24,Completed,3
ENG-00150,Sprint 4,2025-10-21,2025-10-24,Completed,3
ENG-00150,Sprint 5,2025-11-21,2025-11-25,Delayed,4
ENG-00150,Sprint 6,2025-12-21,2025-12-21,Completed,0
ENG-00150,Sprint 7,2026-01-21,2026-01-21,Completed,0
ENG-00150,Sprint 8,2026-02-21,2026-02-21,Completed,0
ENG-00150,Sprint 9,2026-03-21,2026-03-21,Completed,0
ENG-00151,Sprint 1,2026-08-21,2026-08-21,Completed,0
ENG-00151,Sprint 2,2026-09-21,2026-09-27,Delayed,6
ENG-00151,Sprint 3,2026-10-21,2026-10-26,Delayed,5
ENG-00151,Sprint 4,2026-11-21,2026-11-21,Completed,0
ENG-00152,Sprint 1,2025-09-21,2025-09-25,Delayed,4
ENG-00152,Sprint 2,2025-10-21,2025-10-24,Completed,3
ENG-00152,Sprint 3,2025-11-21,2025-11-23,Completed,2
ENG-00152,Sprint 4,2025-12-21,2025-12-24,Completed,3
ENG-00152,Sprint 5,2026-01-21,2026-01-27,Delayed,6
ENG-00152,Sprint 6,2026-02-21,2026-02-22,Completed,1
ENG-00152,Sprint 7,2026-03-21,2026-03-25,Delayed,4
ENG-00152,Sprint 8,2026-04-21,2026-04-22,Completed,1
ENG-00152,Sprint 9,2026-05-21,2026-05-22,Completed,1
ENG-00152,Sprint 10,2026-06-21,2026-06-21,Completed,0
ENG-00152,Sprint 11,2026-07-21,2026-07-24,Completed,3
ENG-00152,Sprint 12,2026-08-21,2026-08-28,Delayed,7
ENG-00153,Sprint 1,2025-10-21,2025-10-24,Completed,3
ENG-00153,Sprint 2,2025-11-21,2025-12-01,Delayed,10
ENG-00153,Sprint 3,2025-12-21,2025-12-26,Delayed,5
ENG-00153,Sprint 4,2026-01-21,2026-01-27,Delayed,6
ENG-00153,Sprint 5,2026-02-21,2026-03-02,Delayed,9
ENG-00153,Sprint 6,2026-03-21,2026-03-25,Delayed,4
ENG-00153,Sprint 7,2026-04-21,2026-04-25,Delayed,4
ENG-00153,Sprint 8,2026-05-21,2026-05-29,Delayed,8
ENG-00154,Sprint 1,2026-06-21,2026-06-26,Delayed,5
ENG-00154,Sprint 2,2026-07-21,2026-07-21,Completed,0
ENG-00154,Sprint 3,2026-08-21,2026-08-26,Delayed,5
ENG-00154,Sprint 4,2026-09-21,2026-09-30,Delayed,9
ENG-00154,Sprint 5,2026-10-21,2026-11-04,Delayed,14
ENG-00155,Sprint 1,2024-02-21,2024-02-23,Completed,2
ENG-00155,Sprint 2,2024-03-21,2024-03-24,Completed,3
ENG-00155,Sprint 3,2024-04-21,2024-04-21,Completed,0
ENG-00155,Sprint 4,2024-05-21,2024-05-23,Completed,2
ENG-00155,Sprint 5,2024-06-21,2024-06-23,Completed,2
ENG-00155,Sprint 6,2024-07-21,2024-07-21,Completed,0
ENG-00155,Sprint 7,2024-08-21,2024-08-21,Completed,0
ENG-00155,Sprint 8,2024-09-21,2024-09-21,Completed,0
ENG-00155,Sprint 9,2024-10-21,2024-10-21,Completed,0
ENG-00155,Sprint 10,2024-11-21,2024-11-21,Completed,0
ENG-00156,Sprint 1,2024-10-21,2024-10-24,Completed,3
ENG-00156,Sprint 2,2024-11-21,2024-11-27,Delayed,6
ENG-00156,Sprint 3,2024-12-21,2024-12-31,Delayed,10
ENG-00156,Sprint 4,2025-01-21,2025-01-24,Completed,3
ENG-00157,Sprint 1,2024-02-21,2024-02-21,Completed,0
ENG-00157,Sprint 2,2024-03-21,2024-03-26,Delayed,5
ENG-00157,Sprint 3,2024-04-21,2024-04-21,Completed,0
ENG-00157,Sprint 4,2024-05-21,2024-05-25,Delayed,4
ENG-00157,Sprint 5,2024-06-21,2024-06-23,Completed,2
ENG-00157,Sprint 6,2024-07-21,2024-07-21,Completed,0
ENG-00157,Sprint 7,2024-08-21,2024-08-24,Completed,3
ENG-00158,Sprint 1,2026-06-21,2026-06-25,Delayed,4
ENG-00158,Sprint 2,2026-07-21,2026-07-23,Completed,2
ENG-00158,Sprint 3,2026-08-21,2026-08-26,Delayed,5
ENG-00158,Sprint 4,2026-09-21,2026-09-27,Delayed,6
ENG-00159,Sprint 1,2025-07-21,2025-07-23,Completed,2
ENG-00159,Sprint 2,2025-08-21,2025-08-24,Completed,3
ENG-00159,Sprint 3,2025-09-21,2025-09-21,Completed,0
ENG-00159,Sprint 4,2025-10-21,2025-10-21,Completed,0
ENG-00159,Sprint 5,2025-11-21,2025-11-22,Completed,1
ENG-00159,Sprint 6,2025-12-21,2025-12-24,Completed,3
ENG-00159,Sprint 7,2026-01-21,2026-01-26,Delayed,5
ENG-00160,Sprint 1,2025-05-21,2025-05-24,Completed,3
ENG-00160,Sprint 2,2025-06-21,2025-06-24,Completed,3
ENG-00160,Sprint 3,2025-07-21,2025-07-24,Completed,3
ENG-00160,Sprint 4,2025-08-21,2025-08-21,Completed,0
ENG-00160,Sprint 5,2025-09-21,2025-09-24,Completed,3
ENG-00160,Sprint 6,2025-10-21,2025-10-24,Completed,3
ENG-00160,Sprint 7,2025-11-21,2025-11-26,Delayed,5
ENG-00160,Sprint 8,2025-12-21,2025-12-24,Completed,3
ENG-00160,Sprint 9,2026-01-21,2026-01-22,Completed,1
ENG-00160,Sprint 10,2026-02-21,2026-02-23,Completed,2
ENG-00160,Sprint 11,2026-03-21,2026-03-26,Delayed,5
ENG-00160,Sprint 12,2026-04-21,2026-04-23,Completed,2
ENG-00161,Sprint 1,2024-02-21,2024-02-21,Completed,0
ENG-00161,Sprint 2,2024-03-21,2024-03-28,Delayed,7
ENG-00161,Sprint 3,2024-04-21,2024-04-21,Completed,0
ENG-00161,Sprint 4,2024-05-21,2024-05-21,Completed,0
ENG-00161,Sprint 5,2024-06-21,2024-06-21,Completed,0
ENG-00161,Sprint 6,2024-07-21,2024-07-22,Completed,1
ENG-00161,Sprint 7,2024-08-21,2024-08-21,Completed,0
ENG-00161,Sprint 8,2024-09-21,2024-09-21,Completed,0
ENG-00161,Sprint 9,2024-10-21,2024-10-23,Completed,2
ENG-00161,Sprint 10,2024-11-21,2024-11-28,Delayed,7
ENG-00161,Sprint 11,2024-12-21,2024-12-23,Completed,2
ENG-00162,Sprint 1,2026-04-21,2026-04-22,Completed,1
ENG-00162,Sprint 2,2026-05-21,2026-05-24,Completed,3
ENG-00162,Sprint 3,2026-06-21,2026-06-25,Delayed,4
ENG-00162,Sprint 4,2026-07-21,2026-07-27,Delayed,6
ENG-00162,Sprint 5,2026-08-21,2026-08-28,Delayed,7
ENG-00163,Sprint 1,2026-03-21,2026-03-22,Completed,1
ENG-00163,Sprint 2,2026-04-21,2026-04-24,Completed,3
ENG-00163,Sprint 3,2026-05-21,2026-05-22,Completed,1
ENG-00163,Sprint 4,2026-06-21,2026-06-21,Completed,0
ENG-00163,Sprint 5,2026-07-21,2026-07-26,Delayed,5
ENG-00163,Sprint 6,2026-08-21,2026-08-24,Completed,3
ENG-00164,Sprint 1,2024-08-21,2024-08-22,Completed,1
ENG-00164,Sprint 2,2024-09-21,2024-10-03,Delayed,12
ENG-00164,Sprint 3,2024-10-21,2024-10-25,Delayed,4
ENG-00164,Sprint 4,2024-11-21,2024-11-22,Completed,1
ENG-00164,Sprint 5,2024-12-21,2024-12-26,Delayed,5
ENG-00164,Sprint 6,2025-01-21,2025-02-02,Delayed,12
ENG-00165,Sprint 1,2024-06-21,2024-06-21,Completed,0
ENG-00165,Sprint 2,2024-07-21,2024-07-21,Completed,0
ENG-00165,Sprint 3,2024-08-21,2024-08-21,Completed,0
ENG-00165,Sprint 4,2024-09-21,2024-09-26,Delayed,5
ENG-00165,Sprint 5,2024-10-21,2024-10-22,Completed,1
ENG-00165,Sprint 6,2024-11-21,2024-11-23,Completed,2
ENG-00165,Sprint 7,2024-12-21,2024-12-25,Delayed,4
ENG-00165,Sprint 8,2025-01-21,2025-01-23,Completed,2
ENG-00165,Sprint 9,2025-02-21,2025-02-22,Completed,1
ENG-00166,Sprint 1,2024-10-21,2024-10-22,Completed,1
ENG-00166,Sprint 2,2024-11-21,2024-11-25,Delayed,4
ENG-00166,Sprint 3,2024-12-21,2024-12-28,Delayed,7
ENG-00166,Sprint 4,2025-01-21,2025-01-28,Delayed,7
ENG-00166,Sprint 5,2025-02-21,2025-02-26,Delayed,5
ENG-00166,Sprint 6,2025-03-21,2025-03-31,Delayed,10
ENG-00167,Sprint 1,2024-04-21,2024-04-25,Delayed,4
ENG-00167,Sprint 2,2024-05-21,2024-05-28,Delayed,7
ENG-00167,Sprint 3,2024-06-21,2024-06-29,Delayed,8
ENG-00167,Sprint 4,2024-07-21,2024-07-29,Delayed,8
ENG-00168,Sprint 1,2025-11-21,2025-11-21,Completed,0
ENG-00168,Sprint 2,2025-12-21,2025-12-26,Delayed,5
ENG-00168,Sprint 3,2026-01-21,2026-01-22,Completed,1
ENG-00168,Sprint 4,2026-02-21,2026-02-21,Completed,0
ENG-00168,Sprint 5,2026-03-21,2026-03-21,Completed,0
ENG-00168,Sprint 6,2026-04-21,2026-04-21,Completed,0
ENG-00168,Sprint 7,2026-05-21,2026-05-21,Completed,0
ENG-00168,Sprint 8,2026-06-21,2026-06-22,Completed,1
ENG-00168,Sprint 9,2026-07-21,2026-07-22,Completed,1
ENG-00169,Sprint 1,2026-08-21,2026-08-21,Completed,0
ENG-00170,Sprint 1,2026-08-21,2026-08-24,Completed,3
ENG-00171,Sprint 1,2026-08-21,2026-08-22,Completed,1
ENG-00172,Sprint 1,2025-11-21,2025-11-21,Completed,0
ENG-00172,Sprint 2,2025-12-21,2025-12-22,Completed,1
ENG-00172,Sprint 3,2026-01-21,2026-01-24,Completed,3
ENG-00172,Sprint 4,2026-02-21,2026-02-21,Completed,0
ENG-00172,Sprint 5,2026-03-21,2026-03-21,Completed,0
ENG-00172,Sprint 6,2026-04-21,2026-04-23,Completed,2
ENG-00172,Sprint 7,2026-05-21,2026-05-29,Delayed,8
ENG-00172,Sprint 8,2026-06-21,2026-06-21,Completed,0
ENG-00172,Sprint 9,2026-07-21,2026-07-21,Completed,0
ENG-00172,Sprint 10,2026-08-21,2026-08-25,Delayed,4
ENG-00172,Sprint 11,2026-09-21,2026-09-28,Delayed,7
ENG-00173,Sprint 1,2025-07-21,2025-07-21,Completed,0
ENG-00173,Sprint 2,2025-08-21,2025-08-21,Completed,0
ENG-00173,Sprint 3,2025-09-21,2025-09-22,Completed,1
ENG-00173,Sprint 4,2025-10-21,2025-10-26,Delayed,5
ENG-00173,Sprint 5,2025-11-21,2025-11-23,Completed,2
ENG-00173,Sprint 6,2025-12-21,2025-12-26,Delayed,5
ENG-00173,Sprint 7,2026-01-21,2026-01-23,Completed,2
ENG-00173,Sprint 8,2026-02-21,2026-02-22,Completed,1
ENG-00173,Sprint 9,2026-03-21,2026-03-22,Completed,1
ENG-00174,Sprint 1,2025-05-21,2025-05-26,Delayed,5
ENG-00174,Sprint 2,2025-06-21,2025-06-21,Completed,0
ENG-00174,Sprint 3,2025-07-21,2025-07-25,Delayed,4
ENG-00174,Sprint 4,2025-08-21,2025-08-22,Completed,1
ENG-00174,Sprint 5,2025-09-21,2025-09-21,Completed,0
ENG-00174,Sprint 6,2025-10-21,2025-10-24,Completed,3
ENG-00174,Sprint 7,2025-11-21,2025-11-26,Delayed,5
ENG-00174,Sprint 8,2025-12-21,2025-12-22,Completed,1
ENG-00174,Sprint 9,2026-01-21,2026-01-22,Completed,1
ENG-00174,Sprint 10,2026-02-21,2026-02-24,Completed,3
ENG-00174,Sprint 11,2026-03-21,2026-03-28,Delayed,7
ENG-00174,Sprint 12,2026-04-21,2026-04-27,Delayed,6
ENG-00175,Sprint 1,2026-08-21,2026-08-24,Completed,3
ENG-00175,Sprint 2,2026-09-21,2026-09-29,Delayed,8
ENG-00175,Sprint 3,2026-10-21,2026-11-03,Delayed,13
ENG-00175,Sprint 4,2026-11-21,2026-11-30,Delayed,9
ENG-00176,Sprint 1,2024-08-21,2024-08-22,Completed,1
ENG-00176,Sprint 2,2024-09-21,2024-09-27,Delayed,6
ENG-00176,Sprint 3,2024-10-21,2024-10-26,Delayed,5
ENG-00176,Sprint 4,2024-11-21,2024-12-02,Delayed,11
ENG-00176,Sprint 5,2024-12-21,2024-12-29,Delayed,8
ENG-00177,Sprint 1,2025-08-21,2025-08-21,Completed,0
ENG-00177,Sprint 2,2025-09-21,2025-09-22,Completed,1
ENG-00177,Sprint 3,2025-10-21,2025-10-27,Delayed,6
ENG-00177,Sprint 4,2025-11-21,2025-11-22,Completed,1
ENG-00177,Sprint 5,2025-12-21,2025-12-21,Completed,0
ENG-00177,Sprint 6,2026-01-21,2026-01-21,Completed,0
ENG-00177,Sprint 7,2026-02-21,2026-02-21,Completed,0
ENG-00177,Sprint 8,2026-03-21,2026-03-24,Completed,3
ENG-00177,Sprint 9,2026-04-21,2026-04-21,Completed,0
ENG-00177,Sprint 10,2026-05-21,2026-05-21,Completed,0
ENG-00177,Sprint 11,2026-06-21,2026-06-24,Completed,3
ENG-00177,Sprint 12,2026-07-21,2026-07-27,Delayed,6
ENG-00177,Sprint 13,2026-08-21,2026-08-21,Completed,0
ENG-00178,Sprint 1,2025-12-21,2025-12-25,Delayed,4
ENG-00178,Sprint 2,2026-01-21,2026-01-21,Completed,0
ENG-00178,Sprint 3,2026-02-21,2026-02-22,Completed,1
ENG-00178,Sprint 4,2026-03-21,2026-03-21,Completed,0
ENG-00178,Sprint 5,2026-04-21,2026-04-24,Completed,3
ENG-00178,Sprint 6,2026-05-21,2026-05-24,Completed,3
ENG-00178,Sprint 7,2026-06-21,2026-06-25,Delayed,4
ENG-00178,Sprint 8,2026-07-21,2026-07-25,Delayed,4
ENG-00178,Sprint 9,2026-08-21,2026-08-25,Delayed,4
ENG-00179,Sprint 1,2026-05-21,2026-05-21,Completed,0
ENG-00179,Sprint 2,2026-06-21,2026-06-21,Completed,0
ENG-00179,Sprint 3,2026-07-21,2026-07-23,Completed,2
ENG-00179,Sprint 4,2026-08-21,2026-08-24,Completed,3
ENG-00180,Sprint 1,2024-12-21,2024-12-21,Completed,0
ENG-00180,Sprint 2,2025-01-21,2025-01-21,Completed,0
ENG-00180,Sprint 3,2025-02-21,2025-02-21,Completed,0
ENG-00180,Sprint 4,2025-03-21,2025-03-23,Completed,2
ENG-00180,Sprint 5,2025-04-21,2025-04-23,Completed,2
ENG-00180,Sprint 6,2025-05-21,2025-05-21,Completed,0
ENG-00180,Sprint 7,2025-06-21,2025-06-21,Completed,0
ENG-00180,Sprint 8,2025-07-21,2025-07-26,Delayed,5
ENG-00181,Sprint 1,2025-05-21,2025-05-21,Completed,0
ENG-00181,Sprint 2,2025-06-21,2025-06-22,Completed,1
ENG-00181,Sprint 3,2025-07-21,2025-08-01,Delayed,11
ENG-00181,Sprint 4,2025-08-21,2025-08-24,Completed,3
ENG-00181,Sprint 5,2025-09-21,2025-09-28,Delayed,7
ENG-00181,Sprint 6,2025-10-21,2025-10-25,Delayed,4
ENG-00181,Sprint 7,2025-11-21,2025-11-25,Delayed,4
ENG-00181,Sprint 8,2025-12-21,2025-12-28,Delayed,7
ENG-00181,Sprint 9,2026-01-21,2026-01-21,Completed,0
ENG-00181,Sprint 10,2026-02-21,2026-02-28,Delayed,7
ENG-00182,Sprint 1,2026-05-21,2026-05-21,Completed,0
ENG-00182,Sprint 2,2026-06-21,2026-06-21,Completed,0
ENG-00182,Sprint 3,2026-07-21,2026-07-21,Completed,0
ENG-00182,Sprint 4,2026-08-21,2026-08-22,Completed,1
ENG-00183,Sprint 1,2024-01-21,2024-01-23,Completed,2
ENG-00183,Sprint 2,2024-02-21,2024-02-23,Completed,2
ENG-00183,Sprint 3,2024-03-21,2024-03-23,Completed,2
ENG-00183,Sprint 4,2024-04-21,2024-04-26,Delayed,5
ENG-00184,Sprint 1,2025-05-21,2025-05-21,Completed,0
ENG-00184,Sprint 2,2025-06-21,2025-06-24,Completed,3
ENG-00184,Sprint 3,2025-07-21,2025-07-25,Delayed,4
ENG-00184,Sprint 4,2025-08-21,2025-08-24,Completed,3
ENG-00184,Sprint 5,2025-09-21,2025-09-29,Delayed,8
ENG-00184,Sprint 6,2025-10-21,2025-10-27,Delayed,6
ENG-00185,Sprint 1,2025-11-21,2025-11-21,Completed,0
ENG-00185,Sprint 2,2025-12-21,2025-12-21,Completed,0
ENG-00185,Sprint 3,2026-01-21,2026-01-22,Completed,1
ENG-00185,Sprint 4,2026-02-21,2026-02-24,Completed,3
ENG-00185,Sprint 5,2026-03-21,2026-03-21,Completed,0
ENG-00185,Sprint 6,2026-04-21,2026-04-21,Completed,0
ENG-00185,Sprint 7,2026-05-21,2026-05-21,Completed,0
ENG-00185,Sprint 8,2026-06-21,2026-06-21,Completed,0
ENG-00185,Sprint 9,2026-07-21,2026-07-21,Completed,0
ENG-00185,Sprint 10,2026-08-21,2026-08-21,Completed,0
ENG-00186,Sprint 1,2025-02-21,2025-02-25,Delayed,4
ENG-00186,Sprint 2,2025-03-21,2025-03-30,Delayed,9
ENG-00186,Sprint 3,2025-04-21,2025-04-21,Completed,0
ENG-00186,Sprint 4,2025-05-21,2025-05-22,Completed,1
ENG-00186,Sprint 5,2025-06-21,2025-06-27,Delayed,6
ENG-00186,Sprint 6,2025-07-21,2025-07-26,Delayed,5
ENG-00186,Sprint 7,2025-08-21,2025-08-26,Delayed,5
ENG-00187,Sprint 1,2024-06-21,2024-06-21,Completed,0
ENG-00187,Sprint 2,2024-07-21,2024-07-23,Completed,2
ENG-00187,Sprint 3,2024-08-21,2024-08-22,Completed,1
ENG-00187,Sprint 4,2024-09-21,2024-09-27,Delayed,6
ENG-00187,Sprint 5,2024-10-21,2024-10-27,Delayed,6
ENG-00187,Sprint 6,2024-11-21,2024-11-25,Delayed,4
ENG-00187,Sprint 7,2024-12-21,2024-12-24,Completed,3
ENG-00187,Sprint 8,2025-01-21,2025-01-27,Delayed,6
ENG-00188,Sprint 1,2024-05-21,2024-05-21,Completed,0
ENG-00188,Sprint 2,2024-06-21,2024-06-24,Completed,3
ENG-00188,Sprint 3,2024-07-21,2024-07-24,Completed,3
ENG-00188,Sprint 4,2024-08-21,2024-08-22,Completed,1
ENG-00188,Sprint 5,2024-09-21,2024-09-26,Delayed,5
ENG-00188,Sprint 6,2024-10-21,2024-10-21,Completed,0
ENG-00188,Sprint 7,2024-11-21,2024-11-21,Completed,0
ENG-00188,Sprint 8,2024-12-21,2024-12-22,Completed,1
ENG-00188,Sprint 9,2025-01-21,2025-01-21,Completed,0
ENG-00188,Sprint 10,2025-02-21,2025-02-21,Completed,0
ENG-00189,Sprint 1,2025-02-21,2025-02-26,Delayed,5
ENG-00189,Sprint 2,2025-03-21,2025-03-23,Completed,2
ENG-00189,Sprint 3,2025-04-21,2025-04-21,Completed,0
ENG-00189,Sprint 4,2025-05-21,2025-05-21,Completed,0
ENG-00189,Sprint 5,2025-06-21,2025-06-29,Delayed,8
ENG-00190,Sprint 1,2024-07-21,2024-07-25,Delayed,4
ENG-00190,Sprint 2,2024-08-21,2024-08-25,Delayed,4
ENG-00190,Sprint 3,2024-09-21,2024-09-27,Delayed,6
ENG-00190,Sprint 4,2024-10-21,2024-10-24,Completed,3
ENG-00190,Sprint 5,2024-11-21,2024-11-24,Completed,3
ENG-00190,Sprint 6,2024-12-21,2024-12-25,Delayed,4
ENG-00190,Sprint 7,2025-01-21,2025-01-27,Delayed,6
ENG-00190,Sprint 8,2025-02-21,2025-02-21,Completed,0
ENG-00191,Sprint 1,2026-07-21,2026-07-21,Completed,0
ENG-00191,Sprint 2,2026-08-21,2026-08-21,Completed,0
ENG-00192,Sprint 1,2024-07-21,2024-07-21,Completed,0
ENG-00192,Sprint 2,2024-08-21,2024-08-23,Completed,2
ENG-00192,Sprint 3,2024-09-21,2024-09-23,Completed,2
ENG-00192,Sprint 4,2024-10-21,2024-10-24,Completed,3
ENG-00192,Sprint 5,2024-11-21,2024-11-21,Completed,0
ENG-00192,Sprint 6,2024-12-21,2024-12-23,Completed,2
ENG-00192,Sprint 7,2025-01-21,2025-01-21,Completed,0
ENG-00193,Sprint 1,2024-05-21,2024-05-24,Completed,3
ENG-00193,Sprint 2,2024-06-21,2024-06-24,Completed,3
ENG-00193,Sprint 3,2024-07-21,2024-07-27,Delayed,6
ENG-00193,Sprint 4,2024-08-21,2024-08-26,Delayed,5
ENG-00194,Sprint 1,2024-04-21,2024-04-21,Completed,0
ENG-00194,Sprint 2,2024-05-21,2024-05-26,Delayed,5
ENG-00194,Sprint 3,2024-06-21,2024-06-25,Delayed,4
ENG-00194,Sprint 4,2024-07-21,2024-07-30,Delayed,9
ENG-00195,Sprint 1,2024-05-21,2024-05-23,Completed,2
ENG-00195,Sprint 2,2024-06-21,2024-06-22,Completed,1
ENG-00195,Sprint 3,2024-07-21,2024-07-29,Delayed,8
ENG-00195,Sprint 4,2024-08-21,2024-08-21,Completed,0
ENG-00195,Sprint 5,2024-09-21,2024-09-21,Completed,0
ENG-00195,Sprint 6,2024-10-21,2024-10-23,Completed,2
ENG-00195,Sprint 7,2024-11-21,2024-11-21,Completed,0
ENG-00195,Sprint 8,2024-12-21,2024-12-25,Delayed,4
ENG-00195,Sprint 9,2025-01-21,2025-01-28,Delayed,7
ENG-00195,Sprint 10,2025-02-21,2025-02-22,Completed,1
ENG-00195,Sprint 11,2025-03-21,2025-03-26,Delayed,5
ENG-00195,Sprint 12,2025-04-21,2025-04-21,Completed,0
ENG-00195,Sprint 13,2025-05-21,2025-05-24,Completed,3
ENG-00196,Sprint 1,2024-02-21,2024-02-22,Completed,1
ENG-00196,Sprint 2,2024-03-21,2024-03-23,Completed,2
ENG-00196,Sprint 3,2024-04-21,2024-04-22,Completed,1
ENG-00196,Sprint 4,2024-05-21,2024-05-21,Completed,0
ENG-00196,Sprint 5,2024-06-21,2024-06-25,Delayed,4
ENG-00197,Sprint 1,2026-04-21,2026-04-26,Delayed,5
ENG-00197,Sprint 2,2026-05-21,2026-05-21,Completed,0
ENG-00197,Sprint 3,2026-06-21,2026-06-21,Completed,0
ENG-00197,Sprint 4,2026-07-21,2026-07-24,Completed,3
ENG-00197,Sprint 5,2026-08-21,2026-08-21,Completed,0
ENG-00198,Sprint 1,2024-03-21,2024-03-21,Completed,0
ENG-00198,Sprint 2,2024-04-21,2024-04-21,Completed,0
ENG-00198,Sprint 3,2024-05-21,2024-05-25,Delayed,4
ENG-00198,Sprint 4,2024-06-21,2024-06-25,Delayed,4
ENG-00198,Sprint 5,2024-07-21,2024-07-22,Completed,1
ENG-00198,Sprint 6,2024-08-21,2024-08-23,Completed,2
ENG-00198,Sprint 7,2024-09-21,2024-09-21,Completed,0
ENG-00198,Sprint 8,2024-10-21,2024-10-23,Completed,2
ENG-00198,Sprint 9,2024-11-21,2024-11-22,Completed,1
ENG-00198,Sprint 10,2024-12-21,2024-12-27,Delayed,6
ENG-00199,Sprint 1,2026-03-21,2026-03-21,Completed,0
ENG-00199,Sprint 2,2026-04-21,2026-04-21,Completed,0
ENG-00199,Sprint 3,2026-05-21,2026-05-22,Completed,1
ENG-00199,Sprint 4,2026-06-21,2026-06-21,Completed,0
ENG-00199,Sprint 5,2026-07-21,2026-07-21,Completed,0
ENG-00199,Sprint 6,2026-08-21,2026-08-21,Completed,0
ENG-00199,Sprint 7,2026-09-21,2026-09-22,Completed,1
ENG-00199,Sprint 8,2026-10-21,2026-10-27,Delayed,6
ENG-00199,Sprint 9,2026-11-21,2026-11-23,Completed,2
ENG-00199,Sprint 10,2026-12-21,2026-12-24,Completed,3
ENG-00200,Sprint 1,2025-08-21,2025-08-23,Completed,2
ENG-00200,Sprint 2,2025-09-21,2025-09-21,Completed,0
ENG-00200,Sprint 3,2025-10-21,2025-10-22,Completed,1
ENG-00200,Sprint 4,2025-11-21,2025-11-29,Delayed,8
ENG-00200,Sprint 5,2025-12-21,2025-12-27,Delayed,6
ENG-00200,Sprint 6,2026-01-21,2026-01-26,Delayed,5
ENG-00201,Sprint 1,2025-02-21,2025-02-21,Completed,0
ENG-00201,Sprint 2,2025-03-21,2025-03-21,Completed,0
ENG-00201,Sprint 3,2025-04-21,2025-04-25,Delayed,4
ENG-00201,Sprint 4,2025-05-21,2025-05-21,Completed,0
ENG-00201,Sprint 5,2025-06-21,2025-06-21,Completed,0
ENG-00201,Sprint 6,2025-07-21,2025-07-26,Delayed,5
ENG-00201,Sprint 7,2025-08-21,2025-08-21,Completed,0
ENG-00201,Sprint 8,2025-09-21,2025-09-29,Delayed,8
ENG-00201,Sprint 9,2025-10-21,2025-10-25,Delayed,4
ENG-00201,Sprint 10,2025-11-21,2025-11-21,Completed,0
ENG-00201,Sprint 11,2025-12-21,2025-12-23,Completed,2
ENG-00202,Sprint 1,2026-02-21,2026-02-21,Completed,0
ENG-00202,Sprint 2,2026-03-21,2026-03-21,Completed,0
ENG-00202,Sprint 3,2026-04-21,2026-04-23,Completed,2
ENG-00202,Sprint 4,2026-05-21,2026-05-21,Completed,0
ENG-00202,Sprint 5,2026-06-21,2026-06-21,Completed,0
ENG-00202,Sprint 6,2026-07-21,2026-07-23,Completed,2
ENG-00202,Sprint 7,2026-08-21,2026-08-22,Completed,1
ENG-00203,Sprint 1,2025-10-21,2025-10-21,Completed,0
ENG-00203,Sprint 2,2025-11-21,2025-11-28,Delayed,7
ENG-00203,Sprint 3,2025-12-21,2025-12-21,Completed,0
ENG-00203,Sprint 4,2026-01-21,2026-01-21,Completed,0
ENG-00203,Sprint 5,2026-02-21,2026-02-26,Delayed,5
ENG-00203,Sprint 6,2026-03-21,2026-03-25,Delayed,4
ENG-00203,Sprint 7,2026-04-21,2026-04-23,Completed,2
ENG-00203,Sprint 8,2026-05-21,2026-05-23,Completed,2
ENG-00203,Sprint 9,2026-06-21,2026-06-22,Completed,1
ENG-00203,Sprint 10,2026-07-21,2026-07-24,Completed,3
ENG-00203,Sprint 11,2026-08-21,2026-08-21,Completed,0
ENG-00204,Sprint 1,2025-12-21,2025-12-24,Completed,3
ENG-00204,Sprint 2,2026-01-21,2026-01-22,Completed,1
ENG-00204,Sprint 3,2026-02-21,2026-02-25,Delayed,4
ENG-00204,Sprint 4,2026-03-21,2026-03-21,Completed,0
ENG-00204,Sprint 5,2026-04-21,2026-04-21,Completed,0
ENG-00204,Sprint 6,2026-05-21,2026-05-22,Completed,1
ENG-00204,Sprint 7,2026-06-21,2026-06-21,Completed,0
ENG-00204,Sprint 8,2026-07-21,2026-07-26,Delayed,5
ENG-00204,Sprint 9,2026-08-21,2026-08-24,Completed,3
ENG-00205,Sprint 1,2026-04-21,2026-04-25,Delayed,4
ENG-00205,Sprint 2,2026-05-21,2026-05-25,Delayed,4
ENG-00205,Sprint 3,2026-06-21,2026-06-24,Completed,3
ENG-00205,Sprint 4,2026-07-21,2026-07-26,Delayed,5
ENG-00205,Sprint 5,2026-08-21,2026-08-24,Completed,3
ENG-00206,Sprint 1,2025-08-21,2025-08-24,Completed,3
ENG-00206,Sprint 2,2025-09-21,2025-09-23,Completed,2
ENG-00206,Sprint 3,2025-10-21,2025-10-21,Completed,0
ENG-00206,Sprint 4,2025-11-21,2025-11-22,Completed,1
ENG-00206,Sprint 5,2025-12-21,2025-12-25,Delayed,4
ENG-00206,Sprint 6,2026-01-21,2026-01-27,Delayed,6
ENG-00207,Sprint 1,2024-01-21,2024-01-25,Delayed,4
ENG-00207,Sprint 2,2024-02-21,2024-02-24,Completed,3
ENG-00207,Sprint 3,2024-03-21,2024-03-22,Completed,1
ENG-00207,Sprint 4,2024-04-21,2024-04-26,Delayed,5
ENG-00207,Sprint 5,2024-05-21,2024-05-23,Completed,2
ENG-00207,Sprint 6,2024-06-21,2024-06-24,Completed,3
ENG-00207,Sprint 7,2024-07-21,2024-07-27,Delayed,6
ENG-00207,Sprint 8,2024-08-21,2024-08-25,Delayed,4
ENG-00208,Sprint 1,2025-07-21,2025-07-21,Completed,0
ENG-00208,Sprint 2,2025-08-21,2025-08-21,Completed,0
ENG-00208,Sprint 3,2025-09-21,2025-09-21,Completed,0
ENG-00208,Sprint 4,2025-10-21,2025-10-25,Delayed,4
ENG-00208,Sprint 5,2025-11-21,2025-11-22,Completed,1
ENG-00208,Sprint 6,2025-12-21,2025-12-21,Completed,0
ENG-00208,Sprint 7,2026-01-21,2026-01-23,Completed,2
ENG-00209,Sprint 1,2026-07-21,2026-07-22,Completed,1
ENG-00209,Sprint 2,2026-08-21,2026-08-22,Completed,1
ENG-00209,Sprint 3,2026-09-21,2026-09-24,Completed,3
ENG-00209,Sprint 4,2026-10-21,2026-10-22,Completed,1
ENG-00209,Sprint 5,2026-11-21,2026-11-21,Completed,0
ENG-00210,Sprint 1,2026-03-21,2026-03-21,Completed,0
ENG-00210,Sprint 2,2026-04-21,2026-04-28,Delayed,7
ENG-00210,Sprint 3,2026-05-21,2026-05-27,Delayed,6
ENG-00210,Sprint 4,2026-06-21,2026-07-01,Delayed,10
ENG-00211,Sprint 1,2024-09-21,2024-09-25,Delayed,4
ENG-00211,Sprint 2,2024-10-21,2024-10-27,Delayed,6
ENG-00211,Sprint 3,2024-11-21,2024-11-22,Completed,1
ENG-00211,Sprint 4,2024-12-21,2024-12-25,Delayed,4
ENG-00211,Sprint 5,2025-01-21,2025-01-21,Completed,0
ENG-00211,Sprint 6,2025-02-21,2025-02-21,Completed,0
ENG-00211,Sprint 7,2025-03-21,2025-03-22,Completed,1
ENG-00211,Sprint 8,2025-04-21,2025-04-26,Delayed,5
ENG-00211,Sprint 9,2025-05-21,2025-05-23,Completed,2
ENG-00211,Sprint 10,2025-06-21,2025-06-23,Completed,2
ENG-00211,Sprint 11,2025-07-21,2025-07-25,Delayed,4
ENG-00212,Sprint 1,2025-12-21,2025-12-26,Delayed,5
ENG-00212,Sprint 2,2026-01-21,2026-01-25,Delayed,4
ENG-00212,Sprint 3,2026-02-21,2026-02-24,Completed,3
ENG-00212,Sprint 4,2026-03-21,2026-03-25,Delayed,4
ENG-00212,Sprint 5,2026-04-21,2026-04-25,Delayed,4
ENG-00212,Sprint 6,2026-05-21,2026-05-21,Completed,0
ENG-00212,Sprint 7,2026-06-21,2026-06-27,Delayed,6
ENG-00212,Sprint 8,2026-07-21,2026-07-21,Completed,0
ENG-00212,Sprint 9,2026-08-21,2026-08-26,Delayed,5
ENG-00213,Sprint 1,2025-04-21,2025-04-23,Completed,2
ENG-00213,Sprint 2,2025-05-21,2025-05-21,Completed,0
ENG-00213,Sprint 3,2025-06-21,2025-06-22,Completed,1
ENG-00213,Sprint 4,2025-07-21,2025-07-21,Completed,0
ENG-00213,Sprint 5,2025-08-21,2025-08-21,Completed,0
ENG-00213,Sprint 6,2025-09-21,2025-09-22,Completed,1
ENG-00213,Sprint 7,2025-10-21,2025-10-24,Completed,3
ENG-00213,Sprint 8,2025-11-21,2025-11-21,Completed,0
ENG-00213,Sprint 9,2025-12-21,2025-12-23,Completed,2
ENG-00213,Sprint 10,2026-01-21,2026-01-22,Completed,1
ENG-00213,Sprint 11,2026-02-21,2026-02-25,Delayed,4
ENG-00213,Sprint 12,2026-03-21,2026-03-21,Completed,0
ENG-00213,Sprint 13,2026-04-21,2026-04-27,Delayed,6
ENG-00214,Sprint 1,2026-05-21,2026-05-26,Delayed,5
ENG-00214,Sprint 2,2026-06-21,2026-06-29,Delayed,8
ENG-00214,Sprint 3,2026-07-21,2026-07-29,Delayed,8
ENG-00214,Sprint 4,2026-08-21,2026-08-26,Delayed,5
ENG-00214,Sprint 5,2026-09-21,2026-09-30,Delayed,9
ENG-00215,Sprint 1,2024-09-21,2024-09-23,Completed,2
ENG-00215,Sprint 2,2024-10-21,2024-10-21,Completed,0
ENG-00215,Sprint 3,2024-11-21,2024-11-22,Completed,1
ENG-00215,Sprint 4,2024-12-21,2024-12-22,Completed,1
ENG-00215,Sprint 5,2025-01-21,2025-01-23,Completed,2
ENG-00215,Sprint 6,2025-02-21,2025-02-21,Completed,0
ENG-00215,Sprint 7,2025-03-21,2025-03-21,Completed,0
ENG-00215,Sprint 8,2025-04-21,2025-04-22,Completed,1
ENG-00215,Sprint 9,2025-05-21,2025-05-22,Completed,1
ENG-00215,Sprint 10,2025-06-21,2025-06-23,Completed,2
ENG-00215,Sprint 11,2025-07-21,2025-07-26,Delayed,5
ENG-00215,Sprint 12,2025-08-21,2025-08-24,Completed,3
ENG-00215,Sprint 13,2025-09-21,2025-09-23,Completed,2
ENG-00216,Sprint 1,2024-01-21,2024-01-21,Completed,0
ENG-00216,Sprint 2,2024-02-21,2024-02-24,Completed,3
ENG-00216,Sprint 3,2024-03-21,2024-03-26,Delayed,5
ENG-00216,Sprint 4,2024-04-21,2024-04-26,Delayed,5
ENG-00217,Sprint 1,2024-04-21,2024-04-25,Delayed,4
ENG-00217,Sprint 2,2024-05-21,2024-05-21,Completed,0
ENG-00217,Sprint 3,2024-06-21,2024-06-21,Completed,0
ENG-00217,Sprint 4,2024-07-21,2024-07-24,Completed,3
ENG-00217,Sprint 5,2024-08-21,2024-08-24,Completed,3
ENG-00217,Sprint 6,2024-09-21,2024-09-21,Completed,0
ENG-00217,Sprint 7,2024-10-21,2024-10-24,Completed,3
ENG-00217,Sprint 8,2024-11-21,2024-11-25,Delayed,4
ENG-00217,Sprint 9,2024-12-21,2024-12-22,Completed,1
ENG-00218,Sprint 1,2024-10-21,2024-10-22,Completed,1
ENG-00218,Sprint 2,2024-11-21,2024-11-21,Completed,0
ENG-00218,Sprint 3,2024-12-21,2024-12-24,Completed,3
ENG-00218,Sprint 4,2025-01-21,2025-01-22,Completed,1
ENG-00218,Sprint 5,2025-02-21,2025-02-21,Completed,0
ENG-00218,Sprint 6,2025-03-21,2025-03-21,Completed,0
ENG-00218,Sprint 7,2025-04-21,2025-04-22,Completed,1
ENG-00218,Sprint 8,2025-05-21,2025-05-25,Delayed,4
ENG-00218,Sprint 9,2025-06-21,2025-06-25,Delayed,4
ENG-00219,Sprint 1,2025-11-21,2025-11-21,Completed,0
ENG-00219,Sprint 2,2025-12-21,2025-12-22,Completed,1
ENG-00219,Sprint 3,2026-01-21,2026-01-21,Completed,0
ENG-00219,Sprint 4,2026-02-21,2026-02-25,Delayed,4
ENG-00219,Sprint 5,2026-03-21,2026-03-21,Completed,0
ENG-00219,Sprint 6,2026-04-21,2026-04-21,Completed,0
ENG-00219,Sprint 7,2026-05-21,2026-05-28,Delayed,7
ENG-00219,Sprint 8,2026-06-21,2026-06-21,Completed,0
ENG-00219,Sprint 9,2026-07-21,2026-07-23,Completed,2
ENG-00220,Sprint 1,2025-11-21,2025-11-22,Completed,1
ENG-00220,Sprint 2,2025-12-21,2025-12-21,Completed,0
ENG-00220,Sprint 3,2026-01-21,2026-01-22,Completed,1
ENG-00220,Sprint 4,2026-02-21,2026-02-21,Completed,0
ENG-00220,Sprint 5,2026-03-21,2026-03-22,Completed,1
ENG-00220,Sprint 6,2026-04-21,2026-04-21,Completed,0
ENG-00220,Sprint 7,2026-05-21,2026-05-21,Completed,0
ENG-00220,Sprint 8,2026-06-21,2026-06-21,Completed,0
ENG-00220,Sprint 9,2026-07-21,2026-07-26,Delayed,5
ENG-00220,Sprint 10,2026-08-21,2026-08-21,Completed,0
ENG-00221,Sprint 1,2026-06-21,2026-06-21,Completed,0
ENG-00221,Sprint 2,2026-07-21,2026-07-27,Delayed,6
ENG-00221,Sprint 3,2026-08-21,2026-08-31,Delayed,10
ENG-00222,Sprint 1,2024-12-21,2024-12-22,Completed,1
ENG-00222,Sprint 2,2025-01-21,2025-01-25,Delayed,4
ENG-00222,Sprint 3,2025-02-21,2025-02-23,Completed,2
ENG-00222,Sprint 4,2025-03-21,2025-03-22,Completed,1
ENG-00222,Sprint 5,2025-04-21,2025-04-21,Completed,0
ENG-00222,Sprint 6,2025-05-21,2025-05-21,Completed,0
ENG-00222,Sprint 7,2025-06-21,2025-06-24,Completed,3
ENG-00222,Sprint 8,2025-07-21,2025-07-21,Completed,0
ENG-00223,Sprint 1,2024-05-21,2024-05-22,Completed,1
ENG-00223,Sprint 2,2024-06-21,2024-06-25,Delayed,4
ENG-00223,Sprint 3,2024-07-21,2024-07-21,Completed,0
ENG-00223,Sprint 4,2024-08-21,2024-08-22,Completed,1
ENG-00223,Sprint 5,2024-09-21,2024-09-24,Completed,3
ENG-00223,Sprint 6,2024-10-21,2024-10-26,Delayed,5
ENG-00223,Sprint 7,2024-11-21,2024-11-25,Delayed,4
ENG-00223,Sprint 8,2024-12-21,2024-12-22,Completed,1
ENG-00223,Sprint 9,2025-01-21,2025-01-21,Completed,0
ENG-00224,Sprint 1,2026-06-21,2026-06-21,Completed,0
ENG-00224,Sprint 2,2026-07-21,2026-07-21,Completed,0
ENG-00224,Sprint 3,2026-08-21,2026-08-21,Completed,0
ENG-00225,Sprint 1,2025-07-21,2025-07-25,Delayed,4
ENG-00225,Sprint 2,2025-08-21,2025-08-23,Completed,2
ENG-00225,Sprint 3,2025-09-21,2025-09-27,Delayed,6
ENG-00225,Sprint 4,2025-10-21,2025-10-24,Completed,3
ENG-00225,Sprint 5,2025-11-21,2025-11-24,Completed,3
ENG-00225,Sprint 6,2025-12-21,2025-12-22,Completed,1
ENG-00225,Sprint 7,2026-01-21,2026-01-23,Completed,2
ENG-00225,Sprint 8,2026-02-21,2026-03-03,Delayed,10
ENG-00225,Sprint 9,2026-03-21,2026-03-27,Delayed,6
ENG-00225,Sprint 10,2026-04-21,2026-04-28,Delayed,7
ENG-00226,Sprint 1,2025-11-21,2025-11-21,Completed,0
ENG-00226,Sprint 2,2025-12-21,2025-12-27,Delayed,6
ENG-00226,Sprint 3,2026-01-21,2026-01-27,Delayed,6
ENG-00226,Sprint 4,2026-02-21,2026-02-22,Completed,1
ENG-00226,Sprint 5,2026-03-21,2026-03-21,Completed,0
ENG-00226,Sprint 6,2026-04-21,2026-04-21,Completed,0
ENG-00226,Sprint 7,2026-05-21,2026-05-27,Delayed,6
ENG-00227,Sprint 1,2025-09-21,2025-09-22,Completed,1
ENG-00227,Sprint 2,2025-10-21,2025-10-26,Delayed,5
ENG-00227,Sprint 3,2025-11-21,2025-11-21,Completed,0
ENG-00227,Sprint 4,2025-12-21,2025-12-24,Completed,3
ENG-00227,Sprint 5,2026-01-21,2026-01-21,Completed,0
ENG-00227,Sprint 6,2026-02-21,2026-02-21,Completed,0
ENG-00227,Sprint 7,2026-03-21,2026-03-21,Completed,0
ENG-00227,Sprint 8,2026-04-21,2026-04-27,Delayed,6
ENG-00227,Sprint 9,2026-05-21,2026-05-21,Completed,0
ENG-00227,Sprint 10,2026-06-21,2026-06-21,Completed,0
ENG-00227,Sprint 11,2026-07-21,2026-07-22,Completed,1
ENG-00227,Sprint 12,2026-08-21,2026-08-21,Completed,0
ENG-00228,Sprint 1,2025-08-21,2025-08-22,Completed,1
ENG-00228,Sprint 2,2025-09-21,2025-09-26,Delayed,5
ENG-00228,Sprint 3,2025-10-21,2025-10-21,Completed,0
ENG-00228,Sprint 4,2025-11-21,2025-11-21,Completed,0
ENG-00228,Sprint 5,2025-12-21,2025-12-23,Completed,2
ENG-00228,Sprint 6,2026-01-21,2026-01-21,Completed,0
ENG-00228,Sprint 7,2026-02-21,2026-02-26,Delayed,5
ENG-00228,Sprint 8,2026-03-21,2026-03-24,Completed,3
ENG-00228,Sprint 9,2026-04-21,2026-04-21,Completed,0
ENG-00228,Sprint 10,2026-05-21,2026-05-27,Delayed,6
ENG-00228,Sprint 11,2026-06-21,2026-06-26,Delayed,5
ENG-00228,Sprint 12,2026-07-21,2026-07-21,Completed,0
ENG-00228,Sprint 13,2026-08-21,2026-08-21,Completed,0
ENG-00229,Sprint 1,2025-02-21,2025-02-23,Completed,2
ENG-00229,Sprint 2,2025-03-21,2025-03-21,Completed,0
ENG-00229,Sprint 3,2025-04-21,2025-04-21,Completed,0
ENG-00229,Sprint 4,2025-05-21,2025-05-21,Completed,0
ENG-00229,Sprint 5,2025-06-21,2025-06-21,Completed,0
ENG-00229,Sprint 6,2025-07-21,2025-07-21,Completed,0
ENG-00229,Sprint 7,2025-08-21,2025-08-21,Completed,0
ENG-00229,Sprint 8,2025-09-21,2025-09-21,Completed,0
ENG-00229,Sprint 9,2025-10-21,2025-10-22,Completed,1
ENG-00229,Sprint 10,2025-11-21,2025-11-21,Completed,0
ENG-00229,Sprint 11,2025-12-21,2025-12-22,Completed,1
ENG-00230,Sprint 1,2025-02-21,2025-02-23,Completed,2
ENG-00230,Sprint 2,2025-03-21,2025-03-21,Completed,0
ENG-00230,Sprint 3,2025-04-21,2025-04-25,Delayed,4
ENG-00230,Sprint 4,2025-05-21,2025-05-26,Delayed,5
ENG-00231,Sprint 1,2024-02-21,2024-02-24,Completed,3
ENG-00231,Sprint 2,2024-03-21,2024-03-25,Delayed,4
ENG-00231,Sprint 3,2024-04-21,2024-04-25,Delayed,4
ENG-00231,Sprint 4,2024-05-21,2024-05-31,Delayed,10
ENG-00232,Sprint 1,2026-01-21,2026-01-22,Completed,1
ENG-00232,Sprint 2,2026-02-21,2026-02-27,Delayed,6
ENG-00232,Sprint 3,2026-03-21,2026-03-21,Completed,0
ENG-00232,Sprint 4,2026-04-21,2026-04-24,Completed,3
ENG-00232,Sprint 5,2026-05-21,2026-05-26,Delayed,5
ENG-00233,Sprint 1,2024-12-21,2024-12-29,Delayed,8
ENG-00233,Sprint 2,2025-01-21,2025-01-23,Completed,2
ENG-00233,Sprint 3,2025-02-21,2025-02-27,Delayed,6
ENG-00233,Sprint 4,2025-03-21,2025-03-22,Completed,1
ENG-00233,Sprint 5,2025-04-21,2025-04-26,Delayed,5
ENG-00233,Sprint 6,2025-05-21,2025-05-29,Delayed,8
ENG-00233,Sprint 7,2025-06-21,2025-06-26,Delayed,5
ENG-00233,Sprint 8,2025-07-21,2025-07-23,Completed,2
ENG-00234,Sprint 1,2026-05-21,2026-05-25,Delayed,4
ENG-00234,Sprint 2,2026-06-21,2026-06-21,Completed,0
ENG-00234,Sprint 3,2026-07-21,2026-07-22,Completed,1
ENG-00234,Sprint 4,2026-08-21,2026-08-27,Delayed,6
ENG-00235,Sprint 1,2024-07-21,2024-07-21,Completed,0
ENG-00235,Sprint 2,2024-08-21,2024-08-25,Delayed,4
ENG-00235,Sprint 3,2024-09-21,2024-09-23,Completed,2
ENG-00235,Sprint 4,2024-10-21,2024-10-22,Completed,1
ENG-00235,Sprint 5,2024-11-21,2024-11-21,Completed,0
ENG-00235,Sprint 6,2024-12-21,2024-12-24,Completed,3
ENG-00235,Sprint 7,2025-01-21,2025-01-23,Completed,2
ENG-00236,Sprint 1,2024-11-21,2024-11-25,Delayed,4
ENG-00236,Sprint 2,2024-12-21,2024-12-23,Completed,2
ENG-00236,Sprint 3,2025-01-21,2025-01-24,Completed,3
ENG-00236,Sprint 4,2025-02-21,2025-02-21,Completed,0
ENG-00236,Sprint 5,2025-03-21,2025-03-21,Completed,0
ENG-00236,Sprint 6,2025-04-21,2025-04-21,Completed,0
ENG-00236,Sprint 7,2025-05-21,2025-05-21,Completed,0
ENG-00236,Sprint 8,2025-06-21,2025-06-23,Completed,2
ENG-00236,Sprint 9,2025-07-21,2025-07-30,Delayed,9
ENG-00236,Sprint 10,2025-08-21,2025-08-21,Completed,0
ENG-00236,Sprint 11,2025-09-21,2025-09-21,Completed,0
ENG-00236,Sprint 12,2025-10-21,2025-10-21,Completed,0
ENG-00236,Sprint 13,2025-11-21,2025-11-24,Completed,3
ENG-00237,Sprint 1,2024-06-21,2024-06-21,Completed,0
ENG-00237,Sprint 2,2024-07-21,2024-07-21,Completed,0
ENG-00237,Sprint 3,2024-08-21,2024-08-21,Completed,0
ENG-00237,Sprint 4,2024-09-21,2024-09-21,Completed,0
ENG-00237,Sprint 5,2024-10-21,2024-10-21,Completed,0
ENG-00237,Sprint 6,2024-11-21,2024-11-25,Delayed,4
ENG-00237,Sprint 7,2024-12-21,2024-12-24,Completed,3
ENG-00237,Sprint 8,2025-01-21,2025-01-23,Completed,2
ENG-00237,Sprint 9,2025-02-21,2025-02-21,Completed,0
ENG-00237,Sprint 10,2025-03-21,2025-03-21,Completed,0
ENG-00238,Sprint 1,2026-08-21,2026-08-24,Completed,3
ENG-00239,Sprint 1,2026-02-21,2026-02-21,Completed,0
ENG-00239,Sprint 2,2026-03-21,2026-03-26,Delayed,5
ENG-00239,Sprint 3,2026-04-21,2026-04-25,Delayed,4
ENG-00239,Sprint 4,2026-05-21,2026-05-26,Delayed,5
ENG-00239,Sprint 5,2026-06-21,2026-06-21,Completed,0
ENG-00239,Sprint 6,2026-07-21,2026-07-21,Completed,0
ENG-00239,Sprint 7,2026-08-21,2026-08-24,Completed,3
ENG-00240,Sprint 1,2024-11-21,2024-11-21,Completed,0
ENG-00240,Sprint 2,2024-12-21,2024-12-23,Completed,2
ENG-00240,Sprint 3,2025-01-21,2025-01-26,Delayed,5
ENG-00240,Sprint 4,2025-02-21,2025-02-25,Delayed,4
ENG-00240,Sprint 5,2025-03-21,2025-03-31,Delayed,10
ENG-00240,Sprint 6,2025-04-21,2025-04-26,Delayed,5
ENG-00240,Sprint 7,2025-05-21,2025-05-24,Completed,3
ENG-00241,Sprint 1,2025-12-21,2025-12-21,Completed,0
ENG-00241,Sprint 2,2026-01-21,2026-01-25,Delayed,4
ENG-00241,Sprint 3,2026-02-21,2026-02-24,Completed,3
ENG-00241,Sprint 4,2026-03-21,2026-03-21,Completed,0
ENG-00241,Sprint 5,2026-04-21,2026-04-21,Completed,0
ENG-00241,Sprint 6,2026-05-21,2026-05-25,Delayed,4
ENG-00241,Sprint 7,2026-06-21,2026-06-21,Completed,0
ENG-00241,Sprint 8,2026-07-21,2026-07-24,Completed,3
ENG-00241,Sprint 9,2026-08-21,2026-08-22,Completed,1
ENG-00242,Sprint 1,2026-08-21,2026-08-21,Completed,0
ENG-00243,Sprint 1,2024-10-21,2024-10-22,Completed,1
ENG-00243,Sprint 2,2024-11-21,2024-11-23,Completed,2
ENG-00243,Sprint 3,2024-12-21,2024-12-22,Completed,1
ENG-00243,Sprint 4,2025-01-21,2025-01-24,Completed,3
ENG-00243,Sprint 5,2025-02-21,2025-02-25,Delayed,4
ENG-00243,Sprint 6,2025-03-21,2025-03-21,Completed,0
ENG-00243,Sprint 7,2025-04-21,2025-04-21,Completed,0
ENG-00243,Sprint 8,2025-05-21,2025-05-26,Delayed,5
ENG-00243,Sprint 9,2025-06-21,2025-06-22,Completed,1
ENG-00243,Sprint 10,2025-07-21,2025-07-21,Completed,0
ENG-00243,Sprint 11,2025-08-21,2025-08-25,Delayed,4
ENG-00244,Sprint 1,2026-03-21,2026-03-21,Completed,0
ENG-00244,Sprint 2,2026-04-21,2026-04-23,Completed,2
ENG-00244,Sprint 3,2026-05-21,2026-05-25,Delayed,4
ENG-00244,Sprint 4,2026-06-21,2026-06-21,Completed,0
ENG-00244,Sprint 5,2026-07-21,2026-07-23,Completed,2
ENG-00244,Sprint 6,2026-08-21,2026-08-22,Completed,1
ENG-00245,Sprint 1,2025-10-21,2025-10-23,Completed,2
ENG-00245,Sprint 2,2025-11-21,2025-11-25,Delayed,4
ENG-00245,Sprint 3,2025-12-21,2025-12-23,Completed,2
ENG-00245,Sprint 4,2026-01-21,2026-01-29,Delayed,8
ENG-00245,Sprint 5,2026-02-21,2026-02-21,Completed,0
ENG-00245,Sprint 6,2026-03-21,2026-03-26,Delayed,5
ENG-00245,Sprint 7,2026-04-21,2026-04-21,Completed,0
ENG-00245,Sprint 8,2026-05-21,2026-05-21,Completed,0
ENG-00245,Sprint 9,2026-06-21,2026-06-24,Completed,3
ENG-00245,Sprint 10,2026-07-21,2026-07-21,Completed,0
ENG-00245,Sprint 11,2026-08-21,2026-08-23,Completed,2
ENG-00246,Sprint 1,2026-01-21,2026-01-28,Delayed,7
ENG-00246,Sprint 2,2026-02-21,2026-02-26,Delayed,5
ENG-00246,Sprint 3,2026-03-21,2026-03-28,Delayed,7
ENG-00246,Sprint 4,2026-04-21,2026-04-29,Delayed,8
ENG-00246,Sprint 5,2026-05-21,2026-05-30,Delayed,9
ENG-00246,Sprint 6,2026-06-21,2026-06-27,Delayed,6
ENG-00246,Sprint 7,2026-07-21,2026-07-31,Delayed,10
ENG-00247,Sprint 1,2024-12-21,2024-12-22,Completed,1
ENG-00247,Sprint 2,2025-01-21,2025-01-23,Completed,2
ENG-00247,Sprint 3,2025-02-21,2025-02-22,Completed,1
ENG-00247,Sprint 4,2025-03-21,2025-03-21,Completed,0
ENG-00247,Sprint 5,2025-04-21,2025-04-23,Completed,2
ENG-00247,Sprint 6,2025-05-21,2025-05-21,Completed,0
ENG-00247,Sprint 7,2025-06-21,2025-06-21,Completed,0
ENG-00247,Sprint 8,2025-07-21,2025-07-23,Completed,2
ENG-00247,Sprint 9,2025-08-21,2025-08-23,Completed,2
ENG-00247,Sprint 10,2025-09-21,2025-09-21,Completed,0
ENG-00247,Sprint 11,2025-10-21,2025-10-21,Completed,0
ENG-00247,Sprint 12,2025-11-21,2025-11-21,Completed,0
ENG-00247,Sprint 13,2025-12-21,2025-12-24,Completed,3
ENG-00248,Sprint 1,2024-07-21,2024-07-26,Delayed,5
ENG-00248,Sprint 2,2024-08-21,2024-08-24,Completed,3
ENG-00248,Sprint 3,2024-09-21,2024-09-27,Delayed,6
ENG-00248,Sprint 4,2024-10-21,2024-10-25,Delayed,4
ENG-00248,Sprint 5,2024-11-21,2024-11-25,Delayed,4
ENG-00249,Sprint 1,2024-10-21,2024-10-21,Completed,0
ENG-00249,Sprint 2,2024-11-21,2024-11-21,Completed,0
ENG-00249,Sprint 3,2024-12-21,2024-12-24,Completed,3
ENG-00249,Sprint 4,2025-01-21,2025-01-21,Completed,0
ENG-00249,Sprint 5,2025-02-21,2025-02-23,Completed,2
ENG-00249,Sprint 6,2025-03-21,2025-03-21,Completed,0
ENG-00249,Sprint 7,2025-04-21,2025-04-23,Completed,2
ENG-00249,Sprint 8,2025-05-21,2025-05-21,Completed,0
ENG-00249,Sprint 9,2025-06-21,2025-06-22,Completed,1
ENG-00249,Sprint 10,2025-07-21,2025-07-21,Completed,0
ENG-00249,Sprint 11,2025-08-21,2025-08-21,Completed,0
ENG-00249,Sprint 12,2025-09-21,2025-09-26,Delayed,5
ENG-00249,Sprint 13,2025-10-21,2025-10-21,Completed,0
ENG-00250,Sprint 1,2025-04-21,2025-04-28,Delayed,7
ENG-00250,Sprint 2,2025-05-21,2025-05-23,Completed,2
ENG-00250,Sprint 3,2025-06-21,2025-07-01,Delayed,10
ENG-00250,Sprint 4,2025-07-21,2025-07-21,Completed,0
ENG-00250,Sprint 5,2025-08-21,2025-08-22,Completed,1
ENG-00250,Sprint 6,2025-09-21,2025-09-21,Completed,0
ENG-00250,Sprint 7,2025-10-21,2025-10-26,Delayed,5
ENG-00251,Sprint 1,2025-07-21,2025-07-22,Completed,1
ENG-00251,Sprint 2,2025-08-21,2025-08-22,Completed,1
ENG-00251,Sprint 3,2025-09-21,2025-09-21,Completed,0
ENG-00251,Sprint 4,2025-10-21,2025-10-31,Delayed,10
ENG-00251,Sprint 5,2025-11-21,2025-11-28,Delayed,7
ENG-00251,Sprint 6,2025-12-21,2025-12-25,Delayed,4
ENG-00251,Sprint 7,2026-01-21,2026-01-21,Completed,0
ENG-00251,Sprint 8,2026-02-21,2026-02-23,Completed,2
ENG-00252,Sprint 1,2024-11-21,2024-11-24,Completed,3
ENG-00252,Sprint 2,2024-12-21,2024-12-21,Completed,0
ENG-00252,Sprint 3,2025-01-21,2025-01-25,Delayed,4
ENG-00252,Sprint 4,2025-02-21,2025-02-27,Delayed,6
ENG-00252,Sprint 5,2025-03-21,2025-03-21,Completed,0
ENG-00252,Sprint 6,2025-04-21,2025-04-24,Completed,3
ENG-00252,Sprint 7,2025-05-21,2025-05-22,Completed,1
ENG-00252,Sprint 8,2025-06-21,2025-06-24,Completed,3
ENG-00252,Sprint 9,2025-07-21,2025-07-21,Completed,0
ENG-00252,Sprint 10,2025-08-21,2025-08-21,Completed,0
ENG-00252,Sprint 11,2025-09-21,2025-09-24,Completed,3
ENG-00253,Sprint 1,2024-01-21,2024-01-21,Completed,0
ENG-00253,Sprint 2,2024-02-21,2024-02-21,Completed,0
ENG-00253,Sprint 3,2024-03-21,2024-03-24,Completed,3
ENG-00253,Sprint 4,2024-04-21,2024-04-21,Completed,0
ENG-00253,Sprint 5,2024-05-21,2024-05-21,Completed,0
ENG-00253,Sprint 6,2024-06-21,2024-06-22,Completed,1
ENG-00253,Sprint 7,2024-07-21,2024-07-22,Completed,1
ENG-00253,Sprint 8,2024-08-21,2024-08-21,Completed,0
ENG-00253,Sprint 9,2024-09-21,2024-09-21,Completed,0
ENG-00253,Sprint 10,2024-10-21,2024-10-21,Completed,0
ENG-00253,Sprint 11,2024-11-21,2024-11-21,Completed,0
ENG-00254,Sprint 1,2025-03-21,2025-03-23,Completed,2
ENG-00254,Sprint 2,2025-04-21,2025-04-21,Completed,0
ENG-00254,Sprint 3,2025-05-21,2025-05-24,Completed,3
ENG-00254,Sprint 4,2025-06-21,2025-06-24,Completed,3
ENG-00254,Sprint 5,2025-07-21,2025-07-26,Delayed,5
ENG-00254,Sprint 6,2025-08-21,2025-09-01,Delayed,11
ENG-00255,Sprint 1,2024-01-21,2024-01-23,Completed,2
ENG-00255,Sprint 2,2024-02-21,2024-02-22,Completed,1
ENG-00255,Sprint 3,2024-03-21,2024-03-21,Completed,0
ENG-00255,Sprint 4,2024-04-21,2024-04-27,Delayed,6
ENG-00255,Sprint 5,2024-05-21,2024-05-21,Completed,0
ENG-00255,Sprint 6,2024-06-21,2024-06-21,Completed,0
ENG-00255,Sprint 7,2024-07-21,2024-07-24,Completed,3
ENG-00255,Sprint 8,2024-08-21,2024-08-23,Completed,2
ENG-00255,Sprint 9,2024-09-21,2024-09-24,Completed,3
ENG-00256,Sprint 1,2026-05-21,2026-05-27,Delayed,6
ENG-00256,Sprint 2,2026-06-21,2026-06-27,Delayed,6
ENG-00256,Sprint 3,2026-07-21,2026-07-26,Delayed,5
ENG-00256,Sprint 4,2026-08-21,2026-08-21,Completed,0
ENG-00257,Sprint 1,2024-05-21,2024-05-22,Completed,1
ENG-00257,Sprint 2,2024-06-21,2024-06-21,Completed,0
ENG-00257,Sprint 3,2024-07-21,2024-07-21,Completed,0
ENG-00257,Sprint 4,2024-08-21,2024-08-29,Delayed,8
ENG-00257,Sprint 5,2024-09-21,2024-09-23,Completed,2
ENG-00257,Sprint 6,2024-10-21,2024-10-25,Delayed,4
ENG-00257,Sprint 7,2024-11-21,2024-11-27,Delayed,6
ENG-00257,Sprint 8,2024-12-21,2024-12-21,Completed,0
ENG-00257,Sprint 9,2025-01-21,2025-01-23,Completed,2
ENG-00257,Sprint 10,2025-02-21,2025-02-23,Completed,2
ENG-00257,Sprint 11,2025-03-21,2025-03-21,Completed,0
ENG-00257,Sprint 12,2025-04-21,2025-04-25,Delayed,4
ENG-00258,Sprint 1,2025-06-21,2025-06-21,Completed,0
ENG-00258,Sprint 2,2025-07-21,2025-07-25,Delayed,4
ENG-00258,Sprint 3,2025-08-21,2025-08-24,Completed,3
ENG-00258,Sprint 4,2025-09-21,2025-09-28,Delayed,7
ENG-00258,Sprint 5,2025-10-21,2025-10-26,Delayed,5
ENG-00259,Sprint 1,2026-02-21,2026-02-23,Completed,2
ENG-00259,Sprint 2,2026-03-21,2026-03-24,Completed,3
ENG-00259,Sprint 3,2026-04-21,2026-04-23,Completed,2
ENG-00259,Sprint 4,2026-05-21,2026-05-21,Completed,0
ENG-00259,Sprint 5,2026-06-21,2026-06-22,Completed,1
ENG-00259,Sprint 6,2026-07-21,2026-07-21,Completed,0
ENG-00259,Sprint 7,2026-08-21,2026-08-21,Completed,0
ENG-00260,Sprint 1,2026-07-21,2026-07-21,Completed,0
ENG-00260,Sprint 2,2026-08-21,2026-08-24,Completed,3
ENG-00260,Sprint 3,2026-09-21,2026-09-24,Completed,3
ENG-00260,Sprint 4,2026-10-21,2026-10-27,Delayed,6
ENG-00260,Sprint 5,2026-11-21,2026-12-01,Delayed,10
ENG-00260,Sprint 6,2026-12-21,2026-12-25,Delayed,4
ENG-00260,Sprint 7,2027-01-21,2027-01-28,Delayed,7
ENG-00261,Sprint 1,2024-03-21,2024-03-21,Completed,0
ENG-00261,Sprint 2,2024-04-21,2024-04-23,Completed,2
ENG-00261,Sprint 3,2024-05-21,2024-05-23,Completed,2
ENG-00261,Sprint 4,2024-06-21,2024-06-22,Completed,1
ENG-00261,Sprint 5,2024-07-21,2024-07-26,Delayed,5
ENG-00261,Sprint 6,2024-08-21,2024-08-27,Delayed,6
ENG-00261,Sprint 7,2024-09-21,2024-09-22,Completed,1
ENG-00261,Sprint 8,2024-10-21,2024-10-22,Completed,1
ENG-00262,Sprint 1,2026-08-21,2026-08-21,Completed,0
ENG-00263,Sprint 1,2024-07-21,2024-07-22,Completed,1
ENG-00263,Sprint 2,2024-08-21,2024-08-24,Completed,3
ENG-00263,Sprint 3,2024-09-21,2024-09-21,Completed,0
ENG-00263,Sprint 4,2024-10-21,2024-10-21,Completed,0
ENG-00263,Sprint 5,2024-11-21,2024-11-21,Completed,0
ENG-00263,Sprint 6,2024-12-21,2024-12-27,Delayed,6
ENG-00263,Sprint 7,2025-01-21,2025-01-22,Completed,1
ENG-00263,Sprint 8,2025-02-21,2025-02-21,Completed,0
ENG-00263,Sprint 9,2025-03-21,2025-03-23,Completed,2
ENG-00263,Sprint 10,2025-04-21,2025-04-21,Completed,0
ENG-00263,Sprint 11,2025-05-21,2025-05-21,Completed,0
ENG-00263,Sprint 12,2025-06-21,2025-06-21,Completed,0
ENG-00263,Sprint 13,2025-07-21,2025-07-21,Completed,0
ENG-00264,Sprint 1,2025-11-21,2025-11-21,Completed,0
ENG-00264,Sprint 2,2025-12-21,2025-12-25,Delayed,4
ENG-00264,Sprint 3,2026-01-21,2026-01-21,Completed,0
ENG-00264,Sprint 4,2026-02-21,2026-02-26,Delayed,5
ENG-00264,Sprint 5,2026-03-21,2026-03-21,Completed,0
ENG-00264,Sprint 6,2026-04-21,2026-04-21,Completed,0
ENG-00264,Sprint 7,2026-05-21,2026-05-22,Completed,1
ENG-00264,Sprint 8,2026-06-21,2026-06-25,Delayed,4
ENG-00264,Sprint 9,2026-07-21,2026-07-26,Delayed,5
ENG-00265,Sprint 1,2025-05-21,2025-05-21,Completed,0
ENG-00265,Sprint 2,2025-06-21,2025-06-25,Delayed,4
ENG-00265,Sprint 3,2025-07-21,2025-07-22,Completed,1
ENG-00265,Sprint 4,2025-08-21,2025-08-26,Delayed,5
ENG-00265,Sprint 5,2025-09-21,2025-09-25,Delayed,4
ENG-00265,Sprint 6,2025-10-21,2025-10-27,Delayed,6
ENG-00266,Sprint 1,2025-05-21,2025-05-25,Delayed,4
ENG-00266,Sprint 2,2025-06-21,2025-06-23,Completed,2
ENG-00266,Sprint 3,2025-07-21,2025-07-21,Completed,0
ENG-00266,Sprint 4,2025-08-21,2025-08-25,Delayed,4
ENG-00266,Sprint 5,2025-09-21,2025-09-21,Completed,0
ENG-00266,Sprint 6,2025-10-21,2025-10-23,Completed,2
ENG-00266,Sprint 7,2025-11-21,2025-11-21,Completed,0
ENG-00266,Sprint 8,2025-12-21,2025-12-23,Completed,2
ENG-00266,Sprint 9,2026-01-21,2026-01-22,Completed,1
ENG-00266,Sprint 10,2026-02-21,2026-02-23,Completed,2
ENG-00266,Sprint 11,2026-03-21,2026-03-22,Completed,1
ENG-00267,Sprint 1,2025-05-21,2025-05-22,Completed,1
ENG-00267,Sprint 2,2025-06-21,2025-06-21,Completed,0
ENG-00267,Sprint 3,2025-07-21,2025-07-23,Completed,2
ENG-00267,Sprint 4,2025-08-21,2025-08-21,Completed,0
ENG-00267,Sprint 5,2025-09-21,2025-09-25,Delayed,4
ENG-00267,Sprint 6,2025-10-21,2025-10-24,Completed,3
ENG-00267,Sprint 7,2025-11-21,2025-11-24,Completed,3
ENG-00267,Sprint 8,2025-12-21,2025-12-26,Delayed,5
ENG-00268,Sprint 1,2025-11-21,2025-11-25,Delayed,4
ENG-00268,Sprint 2,2025-12-21,2025-12-24,Completed,3
ENG-00268,Sprint 3,2026-01-21,2026-01-26,Delayed,5
ENG-00268,Sprint 4,2026-02-21,2026-02-27,Delayed,6
ENG-00268,Sprint 5,2026-03-21,2026-03-22,Completed,1
ENG-00268,Sprint 6,2026-04-21,2026-04-30,Delayed,9
ENG-00268,Sprint 7,2026-05-21,2026-05-25,Delayed,4
ENG-00268,Sprint 8,2026-06-21,2026-06-28,Delayed,7
ENG-00269,Sprint 1,2024-10-21,2024-10-23,Completed,2
ENG-00269,Sprint 2,2024-11-21,2024-11-25,Delayed,4
ENG-00269,Sprint 3,2024-12-21,2024-12-21,Completed,0
ENG-00269,Sprint 4,2025-01-21,2025-01-24,Completed,3
ENG-00269,Sprint 5,2025-02-21,2025-02-21,Completed,0
ENG-00269,Sprint 6,2025-03-21,2025-03-27,Delayed,6
ENG-00269,Sprint 7,2025-04-21,2025-04-25,Delayed,4
ENG-00269,Sprint 8,2025-05-21,2025-05-22,Completed,1
ENG-00270,Sprint 1,2025-09-21,2025-09-21,Completed,0
ENG-00270,Sprint 2,2025-10-21,2025-10-24,Completed,3
ENG-00270,Sprint 3,2025-11-21,2025-11-21,Completed,0
ENG-00270,Sprint 4,2025-12-21,2025-12-21,Completed,0
ENG-00270,Sprint 5,2026-01-21,2026-01-21,Completed,0
ENG-00270,Sprint 6,2026-02-21,2026-02-26,Delayed,5
ENG-00270,Sprint 7,2026-03-21,2026-03-22,Completed,1
ENG-00270,Sprint 8,2026-04-21,2026-04-21,Completed,0
ENG-00270,Sprint 9,2026-05-21,2026-05-23,Completed,2
ENG-00270,Sprint 10,2026-06-21,2026-06-21,Completed,0
ENG-00271,Sprint 1,2026-05-21,2026-05-22,Completed,1
ENG-00271,Sprint 2,2026-06-21,2026-06-23,Completed,2
ENG-00271,Sprint 3,2026-07-21,2026-07-23,Completed,2
ENG-00271,Sprint 4,2026-08-21,2026-08-26,Delayed,5
ENG-00272,Sprint 1,2024-08-21,2024-08-22,Completed,1
ENG-00272,Sprint 2,2024-09-21,2024-09-23,Completed,2
ENG-00272,Sprint 3,2024-10-21,2024-10-22,Completed,1
ENG-00272,Sprint 4,2024-11-21,2024-11-24,Completed,3
ENG-00272,Sprint 5,2024-12-21,2024-12-21,Completed,0
ENG-00272,Sprint 6,2025-01-21,2025-01-21,Completed,0
ENG-00272,Sprint 7,2025-02-21,2025-02-24,Completed,3
ENG-00272,Sprint 8,2025-03-21,2025-03-22,Completed,1
ENG-00273,Sprint 1,2024-05-21,2024-05-21,Completed,0
ENG-00273,Sprint 2,2024-06-21,2024-06-23,Completed,2
ENG-00273,Sprint 3,2024-07-21,2024-07-21,Completed,0
ENG-00273,Sprint 4,2024-08-21,2024-08-21,Completed,0
ENG-00273,Sprint 5,2024-09-21,2024-09-21,Completed,0
ENG-00273,Sprint 6,2024-10-21,2024-10-24,Completed,3
ENG-00273,Sprint 7,2024-11-21,2024-11-25,Delayed,4
ENG-00273,Sprint 8,2024-12-21,2024-12-22,Completed,1
ENG-00273,Sprint 9,2025-01-21,2025-01-28,Delayed,7
ENG-00273,Sprint 10,2025-02-21,2025-02-24,Completed,3
ENG-00273,Sprint 11,2025-03-21,2025-03-21,Completed,0
ENG-00273,Sprint 12,2025-04-21,2025-04-23,Completed,2
ENG-00273,Sprint 13,2025-05-21,2025-05-24,Completed,3
ENG-00274,Sprint 1,2025-07-21,2025-07-22,Completed,1
ENG-00274,Sprint 2,2025-08-21,2025-08-22,Completed,1
ENG-00274,Sprint 3,2025-09-21,2025-09-26,Delayed,5
ENG-00274,Sprint 4,2025-10-21,2025-10-26,Delayed,5
ENG-00274,Sprint 5,2025-11-21,2025-11-21,Completed,0
ENG-00274,Sprint 6,2025-12-21,2025-12-25,Delayed,4
ENG-00274,Sprint 7,2026-01-21,2026-01-23,Completed,2
ENG-00274,Sprint 8,2026-02-21,2026-02-25,Delayed,4
ENG-00274,Sprint 9,2026-03-21,2026-03-21,Completed,0
ENG-00275,Sprint 1,2025-08-21,2025-08-24,Completed,3
ENG-00275,Sprint 2,2025-09-21,2025-09-21,Completed,0
ENG-00275,Sprint 3,2025-10-21,2025-10-21,Completed,0
ENG-00275,Sprint 4,2025-11-21,2025-11-21,Completed,0
ENG-00275,Sprint 5,2025-12-21,2025-12-21,Completed,0
ENG-00275,Sprint 6,2026-01-21,2026-01-23,Completed,2
ENG-00275,Sprint 7,2026-02-21,2026-02-25,Delayed,4
ENG-00276,Sprint 1,2026-07-21,2026-07-21,Completed,0
ENG-00276,Sprint 2,2026-08-21,2026-08-21,Completed,0
ENG-00277,Sprint 1,2026-05-21,2026-06-02,Delayed,12
ENG-00277,Sprint 2,2026-06-21,2026-06-29,Delayed,8
ENG-00277,Sprint 3,2026-07-21,2026-07-23,Completed,2
ENG-00277,Sprint 4,2026-08-21,2026-08-30,Delayed,9
ENG-00277,Sprint 5,2026-09-21,2026-09-25,Delayed,4
ENG-00277,Sprint 6,2026-10-21,2026-10-26,Delayed,5
ENG-00277,Sprint 7,2026-11-21,2026-11-22,Completed,1
ENG-00277,Sprint 8,2026-12-21,2026-12-28,Delayed,7
ENG-00277,Sprint 9,2027-01-21,2027-01-27,Delayed,6
ENG-00277,Sprint 10,2027-02-21,2027-02-27,Delayed,6
ENG-00277,Sprint 11,2027-03-21,2027-03-27,Delayed,6
ENG-00278,Sprint 1,2024-04-21,2024-04-21,Completed,0
ENG-00278,Sprint 2,2024-05-21,2024-05-26,Delayed,5
ENG-00278,Sprint 3,2024-06-21,2024-06-29,Delayed,8
ENG-00278,Sprint 4,2024-07-21,2024-07-24,Completed,3
ENG-00278,Sprint 5,2024-08-21,2024-08-24,Completed,3
ENG-00278,Sprint 6,2024-09-21,2024-09-22,Completed,1
ENG-00278,Sprint 7,2024-10-21,2024-10-21,Completed,0
ENG-00278,Sprint 8,2024-11-21,2024-11-24,Completed,3
ENG-00278,Sprint 9,2024-12-21,2024-12-24,Completed,3
ENG-00279,Sprint 1,2024-10-21,2024-10-22,Completed,1
ENG-00279,Sprint 2,2024-11-21,2024-11-21,Completed,0
ENG-00279,Sprint 3,2024-12-21,2024-12-24,Completed,3
ENG-00279,Sprint 4,2025-01-21,2025-01-21,Completed,0
ENG-00279,Sprint 5,2025-02-21,2025-02-27,Delayed,6
ENG-00279,Sprint 6,2025-03-21,2025-03-24,Completed,3
ENG-00279,Sprint 7,2025-04-21,2025-04-25,Delayed,4
ENG-00279,Sprint 8,2025-05-21,2025-05-21,Completed,0
ENG-00279,Sprint 9,2025-06-21,2025-06-24,Completed,3
ENG-00279,Sprint 10,2025-07-21,2025-07-29,Delayed,8
ENG-00279,Sprint 11,2025-08-21,2025-08-23,Completed,2
ENG-00279,Sprint 12,2025-09-21,2025-09-21,Completed,0
ENG-00280,Sprint 1,2026-02-21,2026-02-21,Completed,0
ENG-00280,Sprint 2,2026-03-21,2026-03-21,Completed,0
ENG-00280,Sprint 3,2026-04-21,2026-04-21,Completed,0
ENG-00280,Sprint 4,2026-05-21,2026-05-26,Delayed,5
ENG-00280,Sprint 5,2026-06-21,2026-06-26,Delayed,5
ENG-00280,Sprint 6,2026-07-21,2026-07-22,Completed,1
ENG-00280,Sprint 7,2026-08-21,2026-08-25,Delayed,4
ENG-00280,Sprint 8,2026-09-21,2026-09-21,Completed,0
ENG-00280,Sprint 9,2026-10-21,2026-10-21,Completed,0
ENG-00280,Sprint 10,2026-11-21,2026-11-28,Delayed,7
ENG-00280,Sprint 11,2026-12-21,2026-12-27,Delayed,6
ENG-00281,Sprint 1,2024-01-21,2024-01-26,Delayed,5
ENG-00281,Sprint 2,2024-02-21,2024-02-21,Completed,0
ENG-00281,Sprint 3,2024-03-21,2024-03-21,Completed,0
ENG-00281,Sprint 4,2024-04-21,2024-04-21,Completed,0
ENG-00281,Sprint 5,2024-05-21,2024-05-22,Completed,1
ENG-00281,Sprint 6,2024-06-21,2024-06-24,Completed,3
ENG-00281,Sprint 7,2024-07-21,2024-07-21,Completed,0
ENG-00281,Sprint 8,2024-08-21,2024-08-24,Completed,3
ENG-00282,Sprint 1,2025-12-21,2025-12-30,Delayed,9
ENG-00282,Sprint 2,2026-01-21,2026-01-21,Completed,0
ENG-00282,Sprint 3,2026-02-21,2026-02-24,Completed,3
ENG-00282,Sprint 4,2026-03-21,2026-03-21,Completed,0
ENG-00282,Sprint 5,2026-04-21,2026-04-22,Completed,1
ENG-00282,Sprint 6,2026-05-21,2026-05-24,Completed,3
ENG-00282,Sprint 7,2026-06-21,2026-06-24,Completed,3
ENG-00282,Sprint 8,2026-07-21,2026-07-28,Delayed,7
ENG-00282,Sprint 9,2026-08-21,2026-08-21,Completed,0
ENG-00283,Sprint 1,2025-07-21,2025-07-31,Delayed,10
ENG-00283,Sprint 2,2025-08-21,2025-08-21,Completed,0
ENG-00283,Sprint 3,2025-09-21,2025-09-26,Delayed,5
ENG-00283,Sprint 4,2025-10-21,2025-10-21,Completed,0
ENG-00283,Sprint 5,2025-11-21,2025-11-29,Delayed,8
ENG-00283,Sprint 6,2025-12-21,2025-12-30,Delayed,9
ENG-00283,Sprint 7,2026-01-21,2026-01-21,Completed,0
ENG-00284,Sprint 1,2024-03-21,2024-03-23,Completed,2
ENG-00284,Sprint 2,2024-04-21,2024-04-26,Delayed,5
ENG-00284,Sprint 3,2024-05-21,2024-05-22,Completed,1
ENG-00284,Sprint 4,2024-06-21,2024-06-21,Completed,0
ENG-00284,Sprint 5,2024-07-21,2024-07-25,Delayed,4
ENG-00284,Sprint 6,2024-08-21,2024-08-21,Completed,0
ENG-00284,Sprint 7,2024-09-21,2024-09-24,Completed,3
ENG-00284,Sprint 8,2024-10-21,2024-10-21,Completed,0
ENG-00284,Sprint 9,2024-11-21,2024-11-23,Completed,2
ENG-00284,Sprint 10,2024-12-21,2024-12-22,Completed,1
ENG-00284,Sprint 11,2025-01-21,2025-01-26,Delayed,5
ENG-00284,Sprint 12,2025-02-21,2025-02-28,Delayed,7
ENG-00284,Sprint 13,2025-03-21,2025-03-21,Completed,0
ENG-00285,Sprint 1,2025-09-21,2025-09-30,Delayed,9
ENG-00285,Sprint 2,2025-10-21,2025-10-26,Delayed,5
ENG-00285,Sprint 3,2025-11-21,2025-11-25,Delayed,4
ENG-00285,Sprint 4,2025-12-21,2025-12-25,Delayed,4
ENG-00285,Sprint 5,2026-01-21,2026-01-23,Completed,2
ENG-00285,Sprint 6,2026-02-21,2026-03-01,Delayed,8
ENG-00285,Sprint 7,2026-03-21,2026-03-23,Completed,2
ENG-00285,Sprint 8,2026-04-21,2026-04-26,Delayed,5
ENG-00285,Sprint 9,2026-05-21,2026-06-06,Delayed,16
ENG-00285,Sprint 10,2026-06-21,2026-06-27,Delayed,6
ENG-00285,Sprint 11,2026-07-21,2026-08-06,Delayed,16
ENG-00286,Sprint 1,2024-11-21,2024-11-21,Completed,0
ENG-00286,Sprint 2,2024-12-21,2024-12-23,Completed,2
ENG-00286,Sprint 3,2025-01-21,2025-01-21,Completed,0
ENG-00286,Sprint 4,2025-02-21,2025-02-21,Completed,0
ENG-00286,Sprint 5,2025-03-21,2025-03-23,Completed,2
ENG-00286,Sprint 6,2025-04-21,2025-04-21,Completed,0
ENG-00286,Sprint 7,2025-05-21,2025-05-22,Completed,1
ENG-00286,Sprint 8,2025-06-21,2025-06-21,Completed,0
ENG-00286,Sprint 9,2025-07-21,2025-07-25,Delayed,4
ENG-00286,Sprint 10,2025-08-21,2025-08-24,Completed,3
ENG-00286,Sprint 11,2025-09-21,2025-09-22,Completed,1
ENG-00286,Sprint 12,2025-10-21,2025-10-21,Completed,0
ENG-00286,Sprint 13,2025-11-21,2025-11-24,Completed,3
ENG-00287,Sprint 1,2025-01-21,2025-01-24,Completed,3
ENG-00287,Sprint 2,2025-02-21,2025-02-27,Delayed,6
ENG-00287,Sprint 3,2025-03-21,2025-03-26,Delayed,5
ENG-00287,Sprint 4,2025-04-21,2025-04-26,Delayed,5
ENG-00287,Sprint 5,2025-05-21,2025-05-24,Completed,3
ENG-00287,Sprint 6,2025-06-21,2025-06-21,Completed,0
ENG-00287,Sprint 7,2025-07-21,2025-07-25,Delayed,4
ENG-00288,Sprint 1,2025-05-21,2025-05-21,Completed,0
ENG-00288,Sprint 2,2025-06-21,2025-06-21,Completed,0
ENG-00288,Sprint 3,2025-07-21,2025-07-22,Completed,1
ENG-00288,Sprint 4,2025-08-21,2025-08-23,Completed,2
ENG-00288,Sprint 5,2025-09-21,2025-09-21,Completed,0
ENG-00288,Sprint 6,2025-10-21,2025-10-21,Completed,0
ENG-00288,Sprint 7,2025-11-21,2025-11-21,Completed,0
ENG-00288,Sprint 8,2025-12-21,2025-12-22,Completed,1
ENG-00288,Sprint 9,2026-01-21,2026-01-22,Completed,1
ENG-00288,Sprint 10,2026-02-21,2026-02-21,Completed,0
ENG-00288,Sprint 11,2026-03-21,2026-03-24,Completed,3
ENG-00289,Sprint 1,2026-03-21,2026-03-21,Completed,0
ENG-00289,Sprint 2,2026-04-21,2026-04-26,Delayed,5
ENG-00289,Sprint 3,2026-05-21,2026-05-24,Completed,3
ENG-00289,Sprint 4,2026-06-21,2026-06-22,Completed,1
ENG-00289,Sprint 5,2026-07-21,2026-07-26,Delayed,5
ENG-00289,Sprint 6,2026-08-21,2026-08-24,Completed,3
ENG-00290,Sprint 1,2025-05-21,2025-05-21,Completed,0
ENG-00290,Sprint 2,2025-06-21,2025-06-27,Delayed,6
ENG-00290,Sprint 3,2025-07-21,2025-07-21,Completed,0
ENG-00290,Sprint 4,2025-08-21,2025-08-21,Completed,0
ENG-00290,Sprint 5,2025-09-21,2025-09-24,Completed,3
ENG-00290,Sprint 6,2025-10-21,2025-10-21,Completed,0
ENG-00290,Sprint 7,2025-11-21,2025-11-21,Completed,0
ENG-00290,Sprint 8,2025-12-21,2025-12-21,Completed,0
ENG-00290,Sprint 9,2026-01-21,2026-01-23,Completed,2
ENG-00290,Sprint 10,2026-02-21,2026-02-23,Completed,2
ENG-00291,Sprint 1,2024-11-21,2024-11-22,Completed,1
ENG-00291,Sprint 2,2024-12-21,2024-12-30,Delayed,9
ENG-00291,Sprint 3,2025-01-21,2025-01-26,Delayed,5
ENG-00291,Sprint 4,2025-02-21,2025-03-01,Delayed,8
ENG-00291,Sprint 5,2025-03-21,2025-03-31,Delayed,10
ENG-00292,Sprint 1,2024-04-21,2024-04-27,Delayed,6
ENG-00292,Sprint 2,2024-05-21,2024-05-28,Delayed,7
ENG-00292,Sprint 3,2024-06-21,2024-06-21,Completed,0
ENG-00292,Sprint 4,2024-07-21,2024-07-25,Delayed,4
ENG-00292,Sprint 5,2024-08-21,2024-08-27,Delayed,6
ENG-00292,Sprint 6,2024-09-21,2024-09-26,Delayed,5
ENG-00292,Sprint 7,2024-10-21,2024-10-22,Completed,1
ENG-00292,Sprint 8,2024-11-21,2024-11-25,Delayed,4
ENG-00292,Sprint 9,2024-12-21,2024-12-21,Completed,0
ENG-00292,Sprint 10,2025-01-21,2025-01-25,Delayed,4
ENG-00292,Sprint 11,2025-02-21,2025-02-21,Completed,0
ENG-00292,Sprint 12,2025-03-21,2025-03-24,Completed,3
ENG-00292,Sprint 13,2025-04-21,2025-04-24,Completed,3
ENG-00293,Sprint 1,2025-05-21,2025-05-21,Completed,0
ENG-00293,Sprint 2,2025-06-21,2025-06-26,Delayed,5
ENG-00293,Sprint 3,2025-07-21,2025-07-23,Completed,2
ENG-00293,Sprint 4,2025-08-21,2025-08-22,Completed,1
ENG-00293,Sprint 5,2025-09-21,2025-09-22,Completed,1
ENG-00293,Sprint 6,2025-10-21,2025-10-22,Completed,1
ENG-00293,Sprint 7,2025-11-21,2025-11-21,Completed,0
ENG-00293,Sprint 8,2025-12-21,2025-12-21,Completed,0
ENG-00293,Sprint 9,2026-01-21,2026-01-21,Completed,0
ENG-00293,Sprint 10,2026-02-21,2026-02-22,Completed,1
ENG-00294,Sprint 1,2024-08-21,2024-08-24,Completed,3
ENG-00294,Sprint 2,2024-09-21,2024-09-24,Completed,3
ENG-00294,Sprint 3,2024-10-21,2024-10-21,Completed,0
ENG-00294,Sprint 4,2024-11-21,2024-11-23,Completed,2
ENG-00294,Sprint 5,2024-12-21,2024-12-21,Completed,0
ENG-00294,Sprint 6,2025-01-21,2025-01-21,Completed,0
ENG-00294,Sprint 7,2025-02-21,2025-02-21,Completed,0
ENG-00294,Sprint 8,2025-03-21,2025-03-21,Completed,0
ENG-00295,Sprint 1,2025-06-21,2025-06-22,Completed,1
ENG-00295,Sprint 2,2025-07-21,2025-07-22,Completed,1
ENG-00295,Sprint 3,2025-08-21,2025-08-22,Completed,1
ENG-00295,Sprint 4,2025-09-21,2025-09-26,Delayed,5
ENG-00295,Sprint 5,2025-10-21,2025-10-23,Completed,2
ENG-00295,Sprint 6,2025-11-21,2025-11-24,Completed,3
ENG-00295,Sprint 7,2025-12-21,2025-12-21,Completed,0
ENG-00295,Sprint 8,2026-01-21,2026-01-24,Completed,3
ENG-00296,Sprint 1,2024-07-21,2024-07-21,Completed,0
ENG-00296,Sprint 2,2024-08-21,2024-08-23,Completed,2
ENG-00296,Sprint 3,2024-09-21,2024-09-23,Completed,2
ENG-00296,Sprint 4,2024-10-21,2024-10-24,Completed,3
ENG-00296,Sprint 5,2024-11-21,2024-11-24,Completed,3
ENG-00296,Sprint 6,2024-12-21,2024-12-21,Completed,0
ENG-00296,Sprint 7,2025-01-21,2025-01-22,Completed,1
ENG-00297,Sprint 1,2025-11-21,2025-11-21,Completed,0
ENG-00297,Sprint 2,2025-12-21,2025-12-21,Completed,0
ENG-00297,Sprint 3,2026-01-21,2026-01-25,Delayed,4
ENG-00297,Sprint 4,2026-02-21,2026-02-23,Completed,2
ENG-00297,Sprint 5,2026-03-21,2026-03-24,Completed,3
ENG-00297,Sprint 6,2026-04-21,2026-04-21,Completed,0
ENG-00297,Sprint 7,2026-05-21,2026-05-21,Completed,0
ENG-00297,Sprint 8,2026-06-21,2026-06-23,Completed,2
ENG-00297,Sprint 9,2026-07-21,2026-07-21,Completed,0
ENG-00297,Sprint 10,2026-08-21,2026-08-21,Completed,0
ENG-00298,Sprint 1,2024-01-21,2024-01-27,Delayed,6
ENG-00298,Sprint 2,2024-02-21,2024-02-26,Delayed,5
ENG-00298,Sprint 3,2024-03-21,2024-03-22,Completed,1
ENG-00298,Sprint 4,2024-04-21,2024-04-25,Delayed,4
ENG-00298,Sprint 5,2024-05-21,2024-05-23,Completed,2
ENG-00298,Sprint 6,2024-06-21,2024-06-24,Completed,3
ENG-00298,Sprint 7,2024-07-21,2024-07-21,Completed,0
ENG-00298,Sprint 8,2024-08-21,2024-08-21,Completed,0
ENG-00298,Sprint 9,2024-09-21,2024-09-21,Completed,0
ENG-00298,Sprint 10,2024-10-21,2024-10-22,Completed,1
ENG-00298,Sprint 11,2024-11-21,2024-11-24,Completed,3
ENG-00298,Sprint 12,2024-12-21,2024-12-21,Completed,0
ENG-00299,Sprint 1,2024-06-21,2024-06-25,Delayed,4
ENG-00299,Sprint 2,2024-07-21,2024-07-27,Delayed,6
ENG-00299,Sprint 3,2024-08-21,2024-08-21,Completed,0
ENG-00299,Sprint 4,2024-09-21,2024-09-21,Completed,0
ENG-00299,Sprint 5,2024-10-21,2024-10-25,Delayed,4
ENG-00299,Sprint 6,2024-11-21,2024-11-27,Delayed,6
ENG-00300,Sprint 1,2024-04-21,2024-04-28,Delayed,7
ENG-00300,Sprint 2,2024-05-21,2024-05-29,Delayed,8
ENG-00300,Sprint 3,2024-06-21,2024-07-02,Delayed,11
ENG-00300,Sprint 4,2024-07-21,2024-07-29,Delayed,8
ENG-00301,Sprint 1,2025-12-21,2025-12-27,Delayed,6
ENG-00301,Sprint 2,2026-01-21,2026-01-21,Completed,0
ENG-00301,Sprint 3,2026-02-21,2026-02-21,Completed,0
ENG-00301,Sprint 4,2026-03-21,2026-03-21,Completed,0
ENG-00301,Sprint 5,2026-04-21,2026-04-30,Delayed,9
ENG-00301,Sprint 6,2026-05-21,2026-05-26,Delayed,5
ENG-00301,Sprint 7,2026-06-21,2026-06-21,Completed,0
ENG-00301,Sprint 8,2026-07-21,2026-07-23,Completed,2
ENG-00302,Sprint 1,2024-12-21,2024-12-29,Delayed,8
ENG-00302,Sprint 2,2025-01-21,2025-01-24,Completed,3
ENG-00302,Sprint 3,2025-02-21,2025-02-21,Completed,0
ENG-00302,Sprint 4,2025-03-21,2025-03-21,Completed,0
ENG-00302,Sprint 5,2025-04-21,2025-04-21,Completed,0
ENG-00302,Sprint 6,2025-05-21,2025-05-21,Completed,0
ENG-00302,Sprint 7,2025-06-21,2025-06-21,Completed,0
ENG-00302,Sprint 8,2025-07-21,2025-07-25,Delayed,4
ENG-00303,Sprint 1,2025-09-21,2025-09-21,Completed,0
ENG-00303,Sprint 2,2025-10-21,2025-10-21,Completed,0
ENG-00303,Sprint 3,2025-11-21,2025-11-22,Completed,1
ENG-00303,Sprint 4,2025-12-21,2025-12-23,Completed,2
ENG-00303,Sprint 5,2026-01-21,2026-01-28,Delayed,7
ENG-00303,Sprint 6,2026-02-21,2026-03-01,Delayed,8
ENG-00303,Sprint 7,2026-03-21,2026-03-21,Completed,0
ENG-00303,Sprint 8,2026-04-21,2026-04-21,Completed,0
ENG-00303,Sprint 9,2026-05-21,2026-05-21,Completed,0
ENG-00303,Sprint 10,2026-06-21,2026-06-28,Delayed,7
ENG-00303,Sprint 11,2026-07-21,2026-07-26,Delayed,5
ENG-00303,Sprint 12,2026-08-21,2026-08-23,Completed,2
ENG-00304,Sprint 1,2025-05-21,2025-05-22,Completed,1
ENG-00304,Sprint 2,2025-06-21,2025-06-23,Completed,2
ENG-00304,Sprint 3,2025-07-21,2025-07-21,Completed,0
ENG-00304,Sprint 4,2025-08-21,2025-08-26,Delayed,5
ENG-00304,Sprint 5,2025-09-21,2025-09-21,Completed,0
ENG-00304,Sprint 6,2025-10-21,2025-10-21,Completed,0
ENG-00304,Sprint 7,2025-11-21,2025-11-24,Completed,3
ENG-00304,Sprint 8,2025-12-21,2025-12-21,Completed,0
ENG-00304,Sprint 9,2026-01-21,2026-01-21,Completed,0
ENG-00305,Sprint 1,2024-05-21,2024-05-27,Delayed,6
ENG-00305,Sprint 2,2024-06-21,2024-06-21,Completed,0
ENG-00305,Sprint 3,2024-07-21,2024-07-22,Completed,1
ENG-00305,Sprint 4,2024-08-21,2024-08-21,Completed,0
ENG-00305,Sprint 5,2024-09-21,2024-09-24,Completed,3
ENG-00305,Sprint 6,2024-10-21,2024-10-23,Completed,2
ENG-00305,Sprint 7,2024-11-21,2024-11-21,Completed,0
ENG-00305,Sprint 8,2024-12-21,2024-12-24,Completed,3
ENG-00305,Sprint 9,2025-01-21,2025-01-21,Completed,0
ENG-00305,Sprint 10,2025-02-21,2025-02-21,Completed,0
ENG-00306,Sprint 1,2024-09-21,2024-09-24,Completed,3
ENG-00306,Sprint 2,2024-10-21,2024-10-26,Delayed,5
ENG-00306,Sprint 3,2024-11-21,2024-11-28,Delayed,7
ENG-00306,Sprint 4,2024-12-21,2024-12-24,Completed,3
ENG-00306,Sprint 5,2025-01-21,2025-01-25,Delayed,4
ENG-00307,Sprint 1,2024-08-21,2024-08-21,Completed,0
ENG-00307,Sprint 2,2024-09-21,2024-09-21,Completed,0
ENG-00307,Sprint 3,2024-10-21,2024-10-21,Completed,0
ENG-00307,Sprint 4,2024-11-21,2024-11-23,Completed,2
ENG-00307,Sprint 5,2024-12-21,2024-12-25,Delayed,4
ENG-00307,Sprint 6,2025-01-21,2025-01-21,Completed,0
ENG-00307,Sprint 7,2025-02-21,2025-02-25,Delayed,4
ENG-00307,Sprint 8,2025-03-21,2025-03-23,Completed,2
ENG-00307,Sprint 9,2025-04-21,2025-04-25,Delayed,4
ENG-00307,Sprint 10,2025-05-21,2025-05-23,Completed,2
ENG-00308,Sprint 1,2024-11-21,2024-11-22,Completed,1
ENG-00308,Sprint 2,2024-12-21,2024-12-24,Completed,3
ENG-00308,Sprint 3,2025-01-21,2025-01-23,Completed,2
ENG-00308,Sprint 4,2025-02-21,2025-02-25,Delayed,4
ENG-00308,Sprint 5,2025-03-21,2025-03-23,Completed,2
ENG-00308,Sprint 6,2025-04-21,2025-04-26,Delayed,5
ENG-00308,Sprint 7,2025-05-21,2025-06-01,Delayed,11
ENG-00309,Sprint 1,2025-03-21,2025-03-23,Completed,2
ENG-00309,Sprint 2,2025-04-21,2025-04-22,Completed,1
ENG-00309,Sprint 3,2025-05-21,2025-05-21,Completed,0
ENG-00309,Sprint 4,2025-06-21,2025-06-21,Completed,0
ENG-00309,Sprint 5,2025-07-21,2025-07-21,Completed,0
ENG-00309,Sprint 6,2025-08-21,2025-08-21,Completed,0
ENG-00309,Sprint 7,2025-09-21,2025-09-21,Completed,0
ENG-00309,Sprint 8,2025-10-21,2025-10-21,Completed,0
ENG-00309,Sprint 9,2025-11-21,2025-11-24,Completed,3
ENG-00309,Sprint 10,2025-12-21,2025-12-27,Delayed,6
ENG-00310,Sprint 1,2026-01-21,2026-01-21,Completed,0
ENG-00310,Sprint 2,2026-02-21,2026-02-22,Completed,1
ENG-00310,Sprint 3,2026-03-21,2026-03-23,Completed,2
ENG-00310,Sprint 4,2026-04-21,2026-04-21,Completed,0
ENG-00310,Sprint 5,2026-05-21,2026-05-22,Completed,1
ENG-00310,Sprint 6,2026-06-21,2026-06-25,Delayed,4
ENG-00310,Sprint 7,2026-07-21,2026-07-24,Completed,3
ENG-00310,Sprint 8,2026-08-21,2026-08-21,Completed,0
ENG-00311,Sprint 1,2026-03-21,2026-03-21,Completed,0
ENG-00311,Sprint 2,2026-04-21,2026-04-27,Delayed,6
ENG-00311,Sprint 3,2026-05-21,2026-05-28,Delayed,7
ENG-00311,Sprint 4,2026-06-21,2026-06-28,Delayed,7
ENG-00311,Sprint 5,2026-07-21,2026-07-31,Delayed,10
ENG-00311,Sprint 6,2026-08-21,2026-08-21,Completed,0
ENG-00312,Sprint 1,2026-08-21,2026-08-30,Delayed,9
ENG-00313,Sprint 1,2025-08-21,2025-08-21,Completed,0
ENG-00313,Sprint 2,2025-09-21,2025-09-21,Completed,0
ENG-00313,Sprint 3,2025-10-21,2025-10-23,Completed,2
ENG-00313,Sprint 4,2025-11-21,2025-11-22,Completed,1
ENG-00313,Sprint 5,2025-12-21,2025-12-26,Delayed,5
ENG-00313,Sprint 6,2026-01-21,2026-01-25,Delayed,4
ENG-00313,Sprint 7,2026-02-21,2026-02-25,Delayed,4
ENG-00313,Sprint 8,2026-03-21,2026-03-22,Completed,1
ENG-00313,Sprint 9,2026-04-21,2026-04-22,Completed,1
ENG-00313,Sprint 10,2026-05-21,2026-05-21,Completed,0
ENG-00313,Sprint 11,2026-06-21,2026-06-21,Completed,0
ENG-00314,Sprint 1,2024-06-21,2024-06-22,Completed,1
ENG-00314,Sprint 2,2024-07-21,2024-07-21,Completed,0
ENG-00314,Sprint 3,2024-08-21,2024-08-23,Completed,2
ENG-00314,Sprint 4,2024-09-21,2024-09-23,Completed,2
ENG-00314,Sprint 5,2024-10-21,2024-10-21,Completed,0
ENG-00314,Sprint 6,2024-11-21,2024-11-25,Delayed,4
ENG-00314,Sprint 7,2024-12-21,2024-12-24,Completed,3
ENG-00315,Sprint 1,2024-08-21,2024-08-22,Completed,1
ENG-00315,Sprint 2,2024-09-21,2024-09-26,Delayed,5
ENG-00315,Sprint 3,2024-10-21,2024-10-22,Completed,1
ENG-00315,Sprint 4,2024-11-21,2024-11-21,Completed,0
ENG-00315,Sprint 5,2024-12-21,2024-12-23,Completed,2
ENG-00315,Sprint 6,2025-01-21,2025-01-23,Completed,2
ENG-00315,Sprint 7,2025-02-21,2025-02-25,Delayed,4
ENG-00316,Sprint 1,2025-06-21,2025-06-23,Completed,2
ENG-00316,Sprint 2,2025-07-21,2025-07-24,Completed,3
ENG-00316,Sprint 3,2025-08-21,2025-08-21,Completed,0
ENG-00316,Sprint 4,2025-09-21,2025-09-26,Delayed,5
ENG-00316,Sprint 5,2025-10-21,2025-10-23,Completed,2
ENG-00316,Sprint 6,2025-11-21,2025-11-21,Completed,0
ENG-00316,Sprint 7,2025-12-21,2025-12-21,Completed,0
ENG-00317,Sprint 1,2024-09-21,2024-09-23,Completed,2
ENG-00317,Sprint 2,2024-10-21,2024-11-02,Delayed,12
ENG-00317,Sprint 3,2024-11-21,2024-11-23,Completed,2
ENG-00317,Sprint 4,2024-12-21,2024-12-22,Completed,1
ENG-00317,Sprint 5,2025-01-21,2025-01-21,Completed,0
ENG-00317,Sprint 6,2025-02-21,2025-02-27,Delayed,6
ENG-00317,Sprint 7,2025-03-21,2025-03-23,Completed,2
ENG-00317,Sprint 8,2025-04-21,2025-04-23,Completed,2
ENG-00317,Sprint 9,2025-05-21,2025-05-21,Completed,0
ENG-00317,Sprint 10,2025-06-21,2025-06-21,Completed,0
ENG-00317,Sprint 11,2025-07-21,2025-07-21,Completed,0
ENG-00318,Sprint 1,2024-01-21,2024-01-23,Completed,2
ENG-00318,Sprint 2,2024-02-21,2024-02-23,Completed,2
ENG-00318,Sprint 3,2024-03-21,2024-03-21,Completed,0
ENG-00318,Sprint 4,2024-04-21,2024-04-25,Delayed,4
ENG-00318,Sprint 5,2024-05-21,2024-05-21,Completed,0
ENG-00318,Sprint 6,2024-06-21,2024-06-21,Completed,0
ENG-00318,Sprint 7,2024-07-21,2024-07-21,Completed,0
ENG-00318,Sprint 8,2024-08-21,2024-08-25,Delayed,4
ENG-00318,Sprint 9,2024-09-21,2024-09-26,Delayed,5
ENG-00319,Sprint 1,2024-06-21,2024-06-22,Completed,1
ENG-00319,Sprint 2,2024-07-21,2024-07-22,Completed,1
ENG-00319,Sprint 3,2024-08-21,2024-08-26,Delayed,5
ENG-00319,Sprint 4,2024-09-21,2024-09-27,Delayed,6
ENG-00319,Sprint 5,2024-10-21,2024-10-30,Delayed,9
ENG-00320,Sprint 1,2025-01-21,2025-01-23,Completed,2
ENG-00320,Sprint 2,2025-02-21,2025-02-21,Completed,0
ENG-00320,Sprint 3,2025-03-21,2025-03-22,Completed,1
ENG-00320,Sprint 4,2025-04-21,2025-04-26,Delayed,5
ENG-00320,Sprint 5,2025-05-21,2025-05-22,Completed,1
ENG-00320,Sprint 6,2025-06-21,2025-06-25,Delayed,4
ENG-00320,Sprint 7,2025-07-21,2025-07-24,Completed,3
ENG-00321,Sprint 1,2025-06-21,2025-06-21,Completed,0
ENG-00321,Sprint 2,2025-07-21,2025-07-23,Completed,2
ENG-00321,Sprint 3,2025-08-21,2025-08-24,Completed,3
ENG-00321,Sprint 4,2025-09-21,2025-09-27,Delayed,6
ENG-00321,Sprint 5,2025-10-21,2025-10-31,Delayed,10
ENG-00322,Sprint 1,2025-06-21,2025-06-21,Completed,0
ENG-00322,Sprint 2,2025-07-21,2025-07-21,Completed,0
ENG-00322,Sprint 3,2025-08-21,2025-08-22,Completed,1
ENG-00322,Sprint 4,2025-09-21,2025-09-21,Completed,0
ENG-00322,Sprint 5,2025-10-21,2025-10-21,Completed,0
ENG-00322,Sprint 6,2025-11-21,2025-11-21,Completed,0
ENG-00322,Sprint 7,2025-12-21,2025-12-25,Delayed,4
ENG-00322,Sprint 8,2026-01-21,2026-01-21,Completed,0
ENG-00322,Sprint 9,2026-02-21,2026-02-27,Delayed,6
ENG-00322,Sprint 10,2026-03-21,2026-03-28,Delayed,7
ENG-00323,Sprint 1,2024-07-21,2024-07-21,Completed,0
ENG-00323,Sprint 2,2024-08-21,2024-08-24,Completed,3
ENG-00323,Sprint 3,2024-09-21,2024-09-27,Delayed,6
ENG-00323,Sprint 4,2024-10-21,2024-10-25,Delayed,4
ENG-00323,Sprint 5,2024-11-21,2024-11-23,Completed,2
ENG-00323,Sprint 6,2024-12-21,2024-12-29,Delayed,8
ENG-00323,Sprint 7,2025-01-21,2025-01-23,Completed,2
ENG-00323,Sprint 8,2025-02-21,2025-02-28,Delayed,7
ENG-00323,Sprint 9,2025-03-21,2025-03-28,Delayed,7
ENG-00323,Sprint 10,2025-04-21,2025-04-25,Delayed,4
ENG-00323,Sprint 11,2025-05-21,2025-05-21,Completed,0
ENG-00324,Sprint 1,2026-01-21,2026-01-27,Delayed,6
ENG-00324,Sprint 2,2026-02-21,2026-02-24,Completed,3
ENG-00324,Sprint 3,2026-03-21,2026-03-26,Delayed,5
ENG-00324,Sprint 4,2026-04-21,2026-04-25,Delayed,4
ENG-00325,Sprint 1,2024-01-21,2024-01-21,Completed,0
ENG-00325,Sprint 2,2024-02-21,2024-02-21,Completed,0
ENG-00325,Sprint 3,2024-03-21,2024-03-28,Delayed,7
ENG-00325,Sprint 4,2024-04-21,2024-04-26,Delayed,5
ENG-00325,Sprint 5,2024-05-21,2024-05-22,Completed,1
ENG-00325,Sprint 6,2024-06-21,2024-06-26,Delayed,5
ENG-00325,Sprint 7,2024-07-21,2024-07-24,Completed,3
ENG-00325,Sprint 8,2024-08-21,2024-08-24,Completed,3
ENG-00326,Sprint 1,2025-05-21,2025-05-22,Completed,1
ENG-00326,Sprint 2,2025-06-21,2025-06-29,Delayed,8
ENG-00326,Sprint 3,2025-07-21,2025-07-23,Completed,2
ENG-00326,Sprint 4,2025-08-21,2025-08-27,Delayed,6
ENG-00326,Sprint 5,2025-09-21,2025-09-27,Delayed,6
ENG-00326,Sprint 6,2025-10-21,2025-10-21,Completed,0
ENG-00326,Sprint 7,2025-11-21,2025-11-21,Completed,0
ENG-00326,Sprint 8,2025-12-21,2025-12-25,Delayed,4
ENG-00326,Sprint 9,2026-01-21,2026-01-25,Delayed,4
ENG-00327,Sprint 1,2025-03-21,2025-03-23,Completed,2
ENG-00327,Sprint 2,2025-04-21,2025-04-27,Delayed,6
ENG-00327,Sprint 3,2025-05-21,2025-05-23,Completed,2
ENG-00327,Sprint 4,2025-06-21,2025-06-21,Completed,0
ENG-00327,Sprint 5,2025-07-21,2025-07-25,Delayed,4
ENG-00327,Sprint 6,2025-08-21,2025-08-27,Delayed,6
ENG-00328,Sprint 1,2024-11-21,2024-11-21,Completed,0
ENG-00328,Sprint 2,2024-12-21,2024-12-21,Completed,0
ENG-00328,Sprint 3,2025-01-21,2025-01-25,Delayed,4
ENG-00328,Sprint 4,2025-02-21,2025-02-22,Completed,1
ENG-00328,Sprint 5,2025-03-21,2025-03-26,Delayed,5
ENG-00328,Sprint 6,2025-04-21,2025-04-29,Delayed,8
ENG-00328,Sprint 7,2025-05-21,2025-05-25,Delayed,4
ENG-00329,Sprint 1,2025-08-21,2025-08-21,Completed,0
ENG-00329,Sprint 2,2025-09-21,2025-09-21,Completed,0
ENG-00329,Sprint 3,2025-10-21,2025-10-21,Completed,0
ENG-00329,Sprint 4,2025-11-21,2025-11-24,Completed,3
ENG-00329,Sprint 5,2025-12-21,2025-12-22,Completed,1
ENG-00329,Sprint 6,2026-01-21,2026-01-21,Completed,0
ENG-00329,Sprint 7,2026-02-21,2026-02-21,Completed,0
ENG-00329,Sprint 8,2026-03-21,2026-03-21,Completed,0
ENG-00329,Sprint 9,2026-04-21,2026-04-21,Completed,0
ENG-00329,Sprint 10,2026-05-21,2026-05-21,Completed,0
ENG-00329,Sprint 11,2026-06-21,2026-06-21,Completed,0
ENG-00329,Sprint 12,2026-07-21,2026-07-21,Completed,0
ENG-00329,Sprint 13,2026-08-21,2026-08-21,Completed,0
ENG-00330,Sprint 1,2024-10-21,2024-10-25,Delayed,4
ENG-00330,Sprint 2,2024-11-21,2024-11-22,Completed,1
ENG-00330,Sprint 3,2024-12-21,2024-12-24,Completed,3
ENG-00330,Sprint 4,2025-01-21,2025-01-26,Delayed,5
ENG-00330,Sprint 5,2025-02-21,2025-03-02,Delayed,9
ENG-00330,Sprint 6,2025-03-21,2025-03-23,Completed,2
ENG-00330,Sprint 7,2025-04-21,2025-04-23,Completed,2
ENG-00330,Sprint 8,2025-05-21,2025-05-24,Completed,3
ENG-00330,Sprint 9,2025-06-21,2025-06-25,Delayed,4
ENG-00330,Sprint 10,2025-07-21,2025-07-23,Completed,2
ENG-00331,Sprint 1,2024-11-21,2024-11-24,Completed,3
ENG-00331,Sprint 2,2024-12-21,2024-12-21,Completed,0
ENG-00331,Sprint 3,2025-01-21,2025-01-22,Completed,1
ENG-00331,Sprint 4,2025-02-21,2025-02-21,Completed,0
ENG-00331,Sprint 5,2025-03-21,2025-03-25,Delayed,4
ENG-00331,Sprint 6,2025-04-21,2025-04-23,Completed,2
ENG-00331,Sprint 7,2025-05-21,2025-05-21,Completed,0
ENG-00331,Sprint 8,2025-06-21,2025-06-21,Completed,0
ENG-00332,Sprint 1,2026-07-21,2026-07-25,Delayed,4
ENG-00332,Sprint 2,2026-08-21,2026-08-27,Delayed,6
ENG-00332,Sprint 3,2026-09-21,2026-09-29,Delayed,8
ENG-00332,Sprint 4,2026-10-21,2026-10-27,Delayed,6
ENG-00332,Sprint 5,2026-11-21,2026-12-01,Delayed,10
ENG-00333,Sprint 1,2025-12-21,2025-12-21,Completed,0
ENG-00333,Sprint 2,2026-01-21,2026-01-22,Completed,1
ENG-00333,Sprint 3,2026-02-21,2026-02-21,Completed,0
ENG-00333,Sprint 4,2026-03-21,2026-03-22,Completed,1
ENG-00333,Sprint 5,2026-04-21,2026-04-21,Completed,0
ENG-00333,Sprint 6,2026-05-21,2026-05-24,Completed,3
ENG-00333,Sprint 7,2026-06-21,2026-06-24,Completed,3
ENG-00333,Sprint 8,2026-07-21,2026-07-26,Delayed,5
ENG-00333,Sprint 9,2026-08-21,2026-08-24,Completed,3
ENG-00334,Sprint 1,2024-02-21,2024-02-24,Completed,3
ENG-00334,Sprint 2,2024-03-21,2024-03-27,Delayed,6
ENG-00334,Sprint 3,2024-04-21,2024-04-21,Completed,0
ENG-00334,Sprint 4,2024-05-21,2024-05-21,Completed,0
ENG-00334,Sprint 5,2024-06-21,2024-06-21,Completed,0
ENG-00334,Sprint 6,2024-07-21,2024-07-21,Completed,0
ENG-00334,Sprint 7,2024-08-21,2024-08-21,Completed,0
ENG-00334,Sprint 8,2024-09-21,2024-09-21,Completed,0
ENG-00334,Sprint 9,2024-10-21,2024-10-21,Completed,0
ENG-00334,Sprint 10,2024-11-21,2024-11-23,Completed,2
ENG-00334,Sprint 11,2024-12-21,2024-12-21,Completed,0
ENG-00335,Sprint 1,2024-02-21,2024-02-22,Completed,1
ENG-00335,Sprint 2,2024-03-21,2024-04-02,Delayed,12
ENG-00335,Sprint 3,2024-04-21,2024-04-29,Delayed,8
ENG-00335,Sprint 4,2024-05-21,2024-05-26,Delayed,5
ENG-00335,Sprint 5,2024-06-21,2024-06-28,Delayed,7
ENG-00335,Sprint 6,2024-07-21,2024-07-30,Delayed,9
ENG-00335,Sprint 7,2024-08-21,2024-08-23,Completed,2
ENG-00335,Sprint 8,2024-09-21,2024-09-27,Delayed,6
ENG-00335,Sprint 9,2024-10-21,2024-10-24,Completed,3
ENG-00335,Sprint 10,2024-11-21,2024-11-24,Completed,3
ENG-00335,Sprint 11,2024-12-21,2024-12-26,Delayed,5
ENG-00336,Sprint 1,2026-04-21,2026-04-26,Delayed,5
ENG-00336,Sprint 2,2026-05-21,2026-05-21,Completed,0
ENG-00336,Sprint 3,2026-06-21,2026-06-26,Delayed,5
ENG-00336,Sprint 4,2026-07-21,2026-07-28,Delayed,7
ENG-00337,Sprint 1,2024-02-21,2024-02-21,Completed,0
ENG-00337,Sprint 2,2024-03-21,2024-03-25,Delayed,4
ENG-00337,Sprint 3,2024-04-21,2024-04-21,Completed,0
ENG-00337,Sprint 4,2024-05-21,2024-05-22,Completed,1
ENG-00337,Sprint 5,2024-06-21,2024-06-26,Delayed,5
ENG-00337,Sprint 6,2024-07-21,2024-07-22,Completed,1
ENG-00337,Sprint 7,2024-08-21,2024-08-25,Delayed,4
ENG-00337,Sprint 8,2024-09-21,2024-09-26,Delayed,5
ENG-00337,Sprint 9,2024-10-21,2024-10-23,Completed,2
ENG-00337,Sprint 10,2024-11-21,2024-11-21,Completed,0
ENG-00337,Sprint 11,2024-12-21,2024-12-21,Completed,0
ENG-00337,Sprint 12,2025-01-21,2025-01-21,Completed,0
ENG-00337,Sprint 13,2025-02-21,2025-02-23,Completed,2
ENG-00338,Sprint 1,2025-07-21,2025-07-21,Completed,0
ENG-00338,Sprint 2,2025-08-21,2025-08-22,Completed,1
ENG-00338,Sprint 3,2025-09-21,2025-09-24,Completed,3
ENG-00338,Sprint 4,2025-10-21,2025-10-21,Completed,0
ENG-00338,Sprint 5,2025-11-21,2025-11-28,Delayed,7
ENG-00338,Sprint 6,2025-12-21,2025-12-29,Delayed,8
ENG-00339,Sprint 1,2025-04-21,2025-04-26,Delayed,5
ENG-00339,Sprint 2,2025-05-21,2025-05-24,Completed,3
ENG-00339,Sprint 3,2025-06-21,2025-06-23,Completed,2
ENG-00339,Sprint 4,2025-07-21,2025-07-24,Completed,3
ENG-00339,Sprint 5,2025-08-21,2025-08-23,Completed,2
ENG-00339,Sprint 6,2025-09-21,2025-09-27,Delayed,6
ENG-00339,Sprint 7,2025-10-21,2025-10-23,Completed,2
ENG-00340,Sprint 1,2024-08-21,2024-08-21,Completed,0
ENG-00340,Sprint 2,2024-09-21,2024-09-25,Delayed,4
ENG-00340,Sprint 3,2024-10-21,2024-10-29,Delayed,8
ENG-00340,Sprint 4,2024-11-21,2024-11-22,Completed,1
ENG-00340,Sprint 5,2024-12-21,2024-12-26,Delayed,5
ENG-00340,Sprint 6,2025-01-21,2025-01-30,Delayed,9
ENG-00341,Sprint 1,2025-03-21,2025-03-23,Completed,2
ENG-00341,Sprint 2,2025-04-21,2025-04-21,Completed,0
ENG-00341,Sprint 3,2025-05-21,2025-05-21,Completed,0
ENG-00341,Sprint 4,2025-06-21,2025-07-02,Delayed,11
ENG-00341,Sprint 5,2025-07-21,2025-07-23,Completed,2
ENG-00341,Sprint 6,2025-08-21,2025-08-27,Delayed,6
ENG-00341,Sprint 7,2025-09-21,2025-09-28,Delayed,7
ENG-00341,Sprint 8,2025-10-21,2025-10-25,Delayed,4
ENG-00342,Sprint 1,2025-10-21,2025-10-27,Delayed,6
ENG-00342,Sprint 2,2025-11-21,2025-11-21,Completed,0
ENG-00342,Sprint 3,2025-12-21,2025-12-21,Completed,0
ENG-00342,Sprint 4,2026-01-21,2026-01-24,Completed,3
ENG-00342,Sprint 5,2026-02-21,2026-02-21,Completed,0
ENG-00342,Sprint 6,2026-03-21,2026-03-21,Completed,0
ENG-00342,Sprint 7,2026-04-21,2026-04-29,Delayed,8
ENG-00342,Sprint 8,2026-05-21,2026-05-24,Completed,3
ENG-00342,Sprint 9,2026-06-21,2026-06-25,Delayed,4
ENG-00342,Sprint 10,2026-07-21,2026-07-24,Completed,3
ENG-00342,Sprint 11,2026-08-21,2026-08-25,Delayed,4
ENG-00343,Sprint 1,2025-02-21,2025-02-21,Completed,0
ENG-00343,Sprint 2,2025-03-21,2025-03-23,Completed,2
ENG-00343,Sprint 3,2025-04-21,2025-04-21,Completed,0
ENG-00343,Sprint 4,2025-05-21,2025-05-24,Completed,3
ENG-00343,Sprint 5,2025-06-21,2025-06-23,Completed,2
ENG-00343,Sprint 6,2025-07-21,2025-07-21,Completed,0
ENG-00343,Sprint 7,2025-08-21,2025-08-23,Completed,2
ENG-00344,Sprint 1,2025-08-21,2025-08-23,Completed,2
ENG-00344,Sprint 2,2025-09-21,2025-09-25,Delayed,4
ENG-00344,Sprint 3,2025-10-21,2025-10-22,Completed,1
ENG-00344,Sprint 4,2025-11-21,2025-11-21,Completed,0
ENG-00344,Sprint 5,2025-12-21,2025-12-27,Delayed,6
ENG-00345,Sprint 1,2025-02-21,2025-02-26,Delayed,5
ENG-00345,Sprint 2,2025-03-21,2025-03-26,Delayed,5
ENG-00345,Sprint 3,2025-04-21,2025-04-22,Completed,1
ENG-00345,Sprint 4,2025-05-21,2025-05-28,Delayed,7
ENG-00345,Sprint 5,2025-06-21,2025-06-29,Delayed,8
ENG-00345,Sprint 6,2025-07-21,2025-07-24,Completed,3
ENG-00345,Sprint 7,2025-08-21,2025-08-23,Completed,2
ENG-00345,Sprint 8,2025-09-21,2025-09-21,Completed,0
ENG-00345,Sprint 9,2025-10-21,2025-10-23,Completed,2
ENG-00345,Sprint 10,2025-11-21,2025-11-24,Completed,3
ENG-00346,Sprint 1,2025-09-21,2025-09-28,Delayed,7
ENG-00346,Sprint 2,2025-10-21,2025-10-23,Completed,2
ENG-00346,Sprint 3,2025-11-21,2025-11-28,Delayed,7
ENG-00346,Sprint 4,2025-12-21,2025-12-29,Delayed,8
ENG-00346,Sprint 5,2026-01-21,2026-01-24,Completed,3
ENG-00346,Sprint 6,2026-02-21,2026-02-26,Delayed,5
ENG-00346,Sprint 7,2026-03-21,2026-03-24,Completed,3
ENG-00346,Sprint 8,2026-04-21,2026-04-27,Delayed,6
ENG-00346,Sprint 9,2026-05-21,2026-05-24,Completed,3
ENG-00346,Sprint 10,2026-06-21,2026-06-23,Completed,2
ENG-00346,Sprint 11,2026-07-21,2026-07-26,Delayed,5
ENG-00347,Sprint 1,2026-04-21,2026-04-24,Completed,3
ENG-00347,Sprint 2,2026-05-21,2026-05-23,Completed,2
ENG-00347,Sprint 3,2026-06-21,2026-06-26,Delayed,5
ENG-00347,Sprint 4,2026-07-21,2026-07-25,Delayed,4
ENG-00347,Sprint 5,2026-08-21,2026-08-24,Completed,3
ENG-00348,Sprint 1,2024-04-21,2024-04-23,Completed,2
ENG-00348,Sprint 2,2024-05-21,2024-05-21,Completed,0
ENG-00348,Sprint 3,2024-06-21,2024-06-23,Completed,2
ENG-00348,Sprint 4,2024-07-21,2024-07-21,Completed,0
ENG-00348,Sprint 5,2024-08-21,2024-08-22,Completed,1
ENG-00348,Sprint 6,2024-09-21,2024-09-25,Delayed,4
ENG-00348,Sprint 7,2024-10-21,2024-10-21,Completed,0
ENG-00348,Sprint 8,2024-11-21,2024-11-23,Completed,2
ENG-00349,Sprint 1,2025-11-21,2025-11-21,Completed,0
ENG-00349,Sprint 2,2025-12-21,2025-12-21,Completed,0
ENG-00349,Sprint 3,2026-01-21,2026-01-21,Completed,0
ENG-00349,Sprint 4,2026-02-21,2026-02-21,Completed,0
ENG-00349,Sprint 5,2026-03-21,2026-03-21,Completed,0
ENG-00349,Sprint 6,2026-04-21,2026-04-24,Completed,3
ENG-00349,Sprint 7,2026-05-21,2026-05-25,Delayed,4
ENG-00349,Sprint 8,2026-06-21,2026-06-25,Delayed,4
ENG-00349,Sprint 9,2026-07-21,2026-07-21,Completed,0
ENG-00349,Sprint 10,2026-08-21,2026-08-24,Completed,3
ENG-00350,Sprint 1,2025-11-21,2025-11-24,Completed,3
ENG-00350,Sprint 2,2025-12-21,2025-12-21,Completed,0
ENG-00350,Sprint 3,2026-01-21,2026-01-21,Completed,0
ENG-00350,Sprint 4,2026-02-21,2026-02-21,Completed,0
ENG-00350,Sprint 5,2026-03-21,2026-03-21,Completed,0
ENG-00350,Sprint 6,2026-04-21,2026-04-21,Completed,0
ENG-00350,Sprint 7,2026-05-21,2026-05-21,Completed,0
ENG-00350,Sprint 8,2026-06-21,2026-06-21,Completed,0
ENG-00350,Sprint 9,2026-07-21,2026-07-23,Completed,2
ENG-00350,Sprint 10,2026-08-21,2026-08-23,Completed,2
ENG-00351,Sprint 1,2025-02-21,2025-02-26,Delayed,5
ENG-00351,Sprint 2,2025-03-21,2025-03-21,Completed,0
ENG-00351,Sprint 3,2025-04-21,2025-04-23,Completed,2
ENG-00351,Sprint 4,2025-05-21,2025-05-23,Completed,2
ENG-00351,Sprint 5,2025-06-21,2025-06-21,Completed,0
ENG-00351,Sprint 6,2025-07-21,2025-07-23,Completed,2
ENG-00351,Sprint 7,2025-08-21,2025-08-21,Completed,0
ENG-00351,Sprint 8,2025-09-21,2025-09-24,Completed,3
ENG-00352,Sprint 1,2026-07-21,2026-07-21,Completed,0
ENG-00352,Sprint 2,2026-08-21,2026-08-21,Completed,0
ENG-00353,Sprint 1,2024-11-21,2024-11-25,Delayed,4
ENG-00353,Sprint 2,2024-12-21,2024-12-30,Delayed,9
ENG-00353,Sprint 3,2025-01-21,2025-01-28,Delayed,7
ENG-00353,Sprint 4,2025-02-21,2025-02-23,Completed,2
ENG-00353,Sprint 5,2025-03-21,2025-03-23,Completed,2
ENG-00353,Sprint 6,2025-04-21,2025-04-29,Delayed,8
ENG-00353,Sprint 7,2025-05-21,2025-05-22,Completed,1
ENG-00353,Sprint 8,2025-06-21,2025-06-26,Delayed,5
ENG-00353,Sprint 9,2025-07-21,2025-07-25,Delayed,4
ENG-00354,Sprint 1,2025-01-21,2025-01-23,Completed,2
ENG-00354,Sprint 2,2025-02-21,2025-02-26,Delayed,5
ENG-00354,Sprint 3,2025-03-21,2025-03-21,Completed,0
ENG-00354,Sprint 4,2025-04-21,2025-04-23,Completed,2
ENG-00354,Sprint 5,2025-05-21,2025-05-21,Completed,0
ENG-00354,Sprint 6,2025-06-21,2025-06-22,Completed,1
ENG-00354,Sprint 7,2025-07-21,2025-07-25,Delayed,4
ENG-00354,Sprint 8,2025-08-21,2025-08-23,Completed,2
ENG-00354,Sprint 9,2025-09-21,2025-09-25,Delayed,4
ENG-00354,Sprint 10,2025-10-21,2025-10-27,Delayed,6
ENG-00355,Sprint 1,2026-06-21,2026-06-21,Completed,0
ENG-00355,Sprint 2,2026-07-21,2026-07-21,Completed,0
ENG-00355,Sprint 3,2026-08-21,2026-08-21,Completed,0
ENG-00356,Sprint 1,2025-07-21,2025-07-23,Completed,2
ENG-00356,Sprint 2,2025-08-21,2025-08-21,Completed,0
ENG-00356,Sprint 3,2025-09-21,2025-09-21,Completed,0
ENG-00356,Sprint 4,2025-10-21,2025-10-22,Completed,1
ENG-00356,Sprint 5,2025-11-21,2025-11-21,Completed,0
ENG-00356,Sprint 6,2025-12-21,2025-12-23,Completed,2
ENG-00356,Sprint 7,2026-01-21,2026-01-21,Completed,0
ENG-00356,Sprint 8,2026-02-21,2026-02-25,Delayed,4
ENG-00356,Sprint 9,2026-03-21,2026-03-21,Completed,0
ENG-00356,Sprint 10,2026-04-21,2026-04-21,Completed,0
ENG-00356,Sprint 11,2026-05-21,2026-05-21,Completed,0
ENG-00357,Sprint 1,2024-12-21,2024-12-28,Delayed,7
ENG-00357,Sprint 2,2025-01-21,2025-01-21,Completed,0
ENG-00357,Sprint 3,2025-02-21,2025-02-22,Completed,1
ENG-00357,Sprint 4,2025-03-21,2025-03-26,Delayed,5
ENG-00357,Sprint 5,2025-04-21,2025-04-23,Completed,2
ENG-00357,Sprint 6,2025-05-21,2025-05-21,Completed,0
ENG-00357,Sprint 7,2025-06-21,2025-06-25,Delayed,4
ENG-00358,Sprint 1,2025-04-21,2025-04-24,Completed,3
ENG-00358,Sprint 2,2025-05-21,2025-05-23,Completed,2
ENG-00358,Sprint 3,2025-06-21,2025-06-21,Completed,0
ENG-00358,Sprint 4,2025-07-21,2025-07-22,Completed,1
ENG-00358,Sprint 5,2025-08-21,2025-08-21,Completed,0
ENG-00358,Sprint 6,2025-09-21,2025-09-24,Completed,3
ENG-00358,Sprint 7,2025-10-21,2025-10-24,Completed,3
ENG-00358,Sprint 8,2025-11-21,2025-11-24,Completed,3
ENG-00358,Sprint 9,2025-12-21,2025-12-23,Completed,2
ENG-00358,Sprint 10,2026-01-21,2026-01-25,Delayed,4
ENG-00359,Sprint 1,2025-05-21,2025-05-24,Completed,3
ENG-00359,Sprint 2,2025-06-21,2025-06-27,Delayed,6
ENG-00359,Sprint 3,2025-07-21,2025-07-21,Completed,0
ENG-00359,Sprint 4,2025-08-21,2025-08-26,Delayed,5
ENG-00359,Sprint 5,2025-09-21,2025-10-01,Delayed,10
ENG-00359,Sprint 6,2025-10-21,2025-10-23,Completed,2
ENG-00359,Sprint 7,2025-11-21,2025-11-23,Completed,2
ENG-00360,Sprint 1,2024-03-21,2024-03-22,Completed,1
ENG-00360,Sprint 2,2024-04-21,2024-04-29,Delayed,8
ENG-00360,Sprint 3,2024-05-21,2024-05-21,Completed,0
ENG-00360,Sprint 4,2024-06-21,2024-06-21,Completed,0
ENG-00360,Sprint 5,2024-07-21,2024-07-21,Completed,0
ENG-00360,Sprint 6,2024-08-21,2024-08-21,Completed,0
ENG-00360,Sprint 7,2024-09-21,2024-09-21,Completed,0
ENG-00360,Sprint 8,2024-10-21,2024-10-22,Completed,1
ENG-00360,Sprint 9,2024-11-21,2024-11-21,Completed,0
ENG-00360,Sprint 10,2024-12-21,2024-12-24,Completed,3
ENG-00360,Sprint 11,2025-01-21,2025-01-21,Completed,0
ENG-00361,Sprint 1,2024-04-21,2024-04-25,Delayed,4
ENG-00361,Sprint 2,2024-05-21,2024-05-26,Delayed,5
ENG-00361,Sprint 3,2024-06-21,2024-06-21,Completed,0
ENG-00361,Sprint 4,2024-07-21,2024-07-21,Completed,0
ENG-00361,Sprint 5,2024-08-21,2024-08-23,Completed,2
ENG-00361,Sprint 6,2024-09-21,2024-09-21,Completed,0
ENG-00361,Sprint 7,2024-10-21,2024-10-21,Completed,0
ENG-00361,Sprint 8,2024-11-21,2024-11-23,Completed,2
ENG-00361,Sprint 9,2024-12-21,2024-12-21,Completed,0
ENG-00361,Sprint 10,2025-01-21,2025-01-21,Completed,0
ENG-00361,Sprint 11,2025-02-21,2025-02-21,Completed,0
ENG-00362,Sprint 1,2025-01-21,2025-01-21,Completed,0
ENG-00362,Sprint 2,2025-02-21,2025-02-21,Completed,0
ENG-00362,Sprint 3,2025-03-21,2025-03-26,Delayed,5
ENG-00362,Sprint 4,2025-04-21,2025-04-28,Delayed,7
ENG-00363,Sprint 1,2024-03-21,2024-03-21,Completed,0
ENG-00363,Sprint 2,2024-04-21,2024-04-28,Delayed,7
ENG-00363,Sprint 3,2024-05-21,2024-05-21,Completed,0
ENG-00363,Sprint 4,2024-06-21,2024-06-26,Delayed,5
ENG-00363,Sprint 5,2024-07-21,2024-07-22,Completed,1
ENG-00363,Sprint 6,2024-08-21,2024-08-21,Completed,0
ENG-00363,Sprint 7,2024-09-21,2024-09-21,Completed,0
ENG-00363,Sprint 8,2024-10-21,2024-10-22,Completed,1
ENG-00364,Sprint 1,2026-05-21,2026-05-26,Delayed,5
ENG-00364,Sprint 2,2026-06-21,2026-06-28,Delayed,7
ENG-00364,Sprint 3,2026-07-21,2026-07-25,Delayed,4
ENG-00364,Sprint 4,2026-08-21,2026-08-28,Delayed,7
ENG-00364,Sprint 5,2026-09-21,2026-10-05,Delayed,14
ENG-00364,Sprint 6,2026-10-21,2026-10-27,Delayed,6
ENG-00365,Sprint 1,2026-08-21,2026-08-29,Delayed,8
ENG-00366,Sprint 1,2025-10-21,2025-11-02,Delayed,12
ENG-00366,Sprint 2,2025-11-21,2025-11-21,Completed,0
ENG-00366,Sprint 3,2025-12-21,2025-12-25,Delayed,4
ENG-00366,Sprint 4,2026-01-21,2026-01-21,Completed,0
ENG-00366,Sprint 5,2026-02-21,2026-02-21,Completed,0
ENG-00366,Sprint 6,2026-03-21,2026-03-26,Delayed,5
ENG-00366,Sprint 7,2026-04-21,2026-04-22,Completed,1
ENG-00366,Sprint 8,2026-05-21,2026-05-30,Delayed,9
ENG-00366,Sprint 9,2026-06-21,2026-06-25,Delayed,4
ENG-00366,Sprint 10,2026-07-21,2026-07-29,Delayed,8
ENG-00367,Sprint 1,2025-12-21,2025-12-23,Completed,2
ENG-00367,Sprint 2,2026-01-21,2026-01-24,Completed,3
ENG-00367,Sprint 3,2026-02-21,2026-02-23,Completed,2
ENG-00367,Sprint 4,2026-03-21,2026-03-27,Delayed,6
ENG-00367,Sprint 5,2026-04-21,2026-04-21,Completed,0
ENG-00367,Sprint 6,2026-05-21,2026-05-23,Completed,2
ENG-00367,Sprint 7,2026-06-21,2026-06-23,Completed,2
ENG-00367,Sprint 8,2026-07-21,2026-07-22,Completed,1
ENG-00367,Sprint 9,2026-08-21,2026-08-24,Completed,3
ENG-00368,Sprint 1,2024-09-21,2024-09-21,Completed,0
ENG-00368,Sprint 2,2024-10-21,2024-10-28,Delayed,7
ENG-00368,Sprint 3,2024-11-21,2024-11-25,Delayed,4
ENG-00368,Sprint 4,2024-12-21,2024-12-22,Completed,1
ENG-00368,Sprint 5,2025-01-21,2025-01-21,Completed,0
ENG-00368,Sprint 6,2025-02-21,2025-02-26,Delayed,5
ENG-00368,Sprint 7,2025-03-21,2025-03-25,Delayed,4
ENG-00368,Sprint 8,2025-04-21,2025-04-24,Completed,3
ENG-00368,Sprint 9,2025-05-21,2025-05-21,Completed,0
ENG-00369,Sprint 1,2025-12-21,2025-12-23,Completed,2
ENG-00369,Sprint 2,2026-01-21,2026-01-24,Completed,3
ENG-00369,Sprint 3,2026-02-21,2026-02-27,Delayed,6
ENG-00369,Sprint 4,2026-03-21,2026-03-27,Delayed,6
ENG-00369,Sprint 5,2026-04-21,2026-04-28,Delayed,7
ENG-00369,Sprint 6,2026-05-21,2026-05-21,Completed,0
ENG-00369,Sprint 7,2026-06-21,2026-06-26,Delayed,5
ENG-00369,Sprint 8,2026-07-21,2026-07-26,Delayed,5
ENG-00369,Sprint 9,2026-08-21,2026-08-24,Completed,3
ENG-00370,Sprint 1,2025-09-21,2025-09-27,Delayed,6
ENG-00370,Sprint 2,2025-10-21,2025-10-22,Completed,1
ENG-00370,Sprint 3,2025-11-21,2025-11-21,Completed,0
ENG-00370,Sprint 4,2025-12-21,2025-12-25,Delayed,4
ENG-00370,Sprint 5,2026-01-21,2026-01-22,Completed,1
ENG-00370,Sprint 6,2026-02-21,2026-02-21,Completed,0
ENG-00370,Sprint 7,2026-03-21,2026-03-21,Completed,0
ENG-00370,Sprint 8,2026-04-21,2026-04-23,Completed,2
ENG-00370,Sprint 9,2026-05-21,2026-05-21,Completed,0
ENG-00371,Sprint 1,2026-04-21,2026-04-21,Completed,0
ENG-00371,Sprint 2,2026-05-21,2026-05-28,Delayed,7
ENG-00371,Sprint 3,2026-06-21,2026-06-21,Completed,0
ENG-00371,Sprint 4,2026-07-21,2026-07-21,Completed,0
ENG-00371,Sprint 5,2026-08-21,2026-08-23,Completed,2
ENG-00372,Sprint 1,2024-07-21,2024-07-21,Completed,0
ENG-00372,Sprint 2,2024-08-21,2024-08-29,Delayed,8
ENG-00372,Sprint 3,2024-09-21,2024-09-26,Delayed,5
ENG-00372,Sprint 4,2024-10-21,2024-10-28,Delayed,7
ENG-00372,Sprint 5,2024-11-21,2024-11-24,Completed,3
ENG-00372,Sprint 6,2024-12-21,2024-12-21,Completed,0
ENG-00372,Sprint 7,2025-01-21,2025-01-21,Completed,0
ENG-00372,Sprint 8,2025-02-21,2025-03-01,Delayed,8
ENG-00372,Sprint 9,2025-03-21,2025-03-21,Completed,0
ENG-00372,Sprint 10,2025-04-21,2025-04-21,Completed,0
ENG-00372,Sprint 11,2025-05-21,2025-05-21,Completed,0
ENG-00373,Sprint 1,2026-04-21,2026-04-22,Completed,1
ENG-00373,Sprint 2,2026-05-21,2026-05-21,Completed,0
ENG-00373,Sprint 3,2026-06-21,2026-06-25,Delayed,4
ENG-00373,Sprint 4,2026-07-21,2026-07-22,Completed,1
ENG-00373,Sprint 5,2026-08-21,2026-08-23,Completed,2
ENG-00374,Sprint 1,2026-02-21,2026-02-25,Delayed,4
ENG-00374,Sprint 2,2026-03-21,2026-03-28,Delayed,7
ENG-00374,Sprint 3,2026-04-21,2026-04-21,Completed,0
ENG-00374,Sprint 4,2026-05-21,2026-05-25,Delayed,4
ENG-00374,Sprint 5,2026-06-21,2026-06-21,Completed,0
ENG-00374,Sprint 6,2026-07-21,2026-07-21,Completed,0
ENG-00374,Sprint 7,2026-08-21,2026-08-22,Completed,1
ENG-00375,Sprint 1,2026-05-21,2026-05-22,Completed,1
ENG-00375,Sprint 2,2026-06-21,2026-06-21,Completed,0
ENG-00375,Sprint 3,2026-07-21,2026-07-22,Completed,1
ENG-00375,Sprint 4,2026-08-21,2026-08-24,Completed,3
ENG-00376,Sprint 1,2024-06-21,2024-06-23,Completed,2
ENG-00376,Sprint 2,2024-07-21,2024-07-21,Completed,0
ENG-00376,Sprint 3,2024-08-21,2024-08-23,Completed,2
ENG-00376,Sprint 4,2024-09-21,2024-09-26,Delayed,5
ENG-00376,Sprint 5,2024-10-21,2024-10-25,Delayed,4
ENG-00377,Sprint 1,2025-11-21,2025-11-21,Completed,0
ENG-00377,Sprint 2,2025-12-21,2025-12-21,Completed,0
ENG-00377,Sprint 3,2026-01-21,2026-01-29,Delayed,8
ENG-00377,Sprint 4,2026-02-21,2026-02-24,Completed,3
ENG-00377,Sprint 5,2026-03-21,2026-03-23,Completed,2
ENG-00377,Sprint 6,2026-04-21,2026-04-28,Delayed,7
ENG-00377,Sprint 7,2026-05-21,2026-05-28,Delayed,7
ENG-00377,Sprint 8,2026-06-21,2026-06-28,Delayed,7
ENG-00378,Sprint 1,2024-10-21,2024-10-24,Completed,3
ENG-00378,Sprint 2,2024-11-21,2024-11-22,Completed,1
ENG-00378,Sprint 3,2024-12-21,2024-12-21,Completed,0
ENG-00378,Sprint 4,2025-01-21,2025-01-22,Completed,1
ENG-00378,Sprint 5,2025-02-21,2025-02-27,Delayed,6
ENG-00378,Sprint 6,2025-03-21,2025-03-21,Completed,0
ENG-00378,Sprint 7,2025-04-21,2025-04-23,Completed,2
ENG-00378,Sprint 8,2025-05-21,2025-05-22,Completed,1
ENG-00379,Sprint 1,2026-06-21,2026-06-25,Delayed,4
ENG-00379,Sprint 2,2026-07-21,2026-07-22,Completed,1
ENG-00379,Sprint 3,2026-08-21,2026-08-28,Delayed,7
ENG-00380,Sprint 1,2025-05-21,2025-05-21,Completed,0
ENG-00380,Sprint 2,2025-06-21,2025-06-21,Completed,0
ENG-00380,Sprint 3,2025-07-21,2025-07-21,Completed,0
ENG-00380,Sprint 4,2025-08-21,2025-08-22,Completed,1
ENG-00380,Sprint 5,2025-09-21,2025-09-22,Completed,1
ENG-00380,Sprint 6,2025-10-21,2025-10-22,Completed,1
ENG-00380,Sprint 7,2025-11-21,2025-11-25,Delayed,4
ENG-00380,Sprint 8,2025-12-21,2025-12-22,Completed,1
ENG-00380,Sprint 9,2026-01-21,2026-01-23,Completed,2
ENG-00380,Sprint 10,2026-02-21,2026-02-21,Completed,0
ENG-00380,Sprint 11,2026-03-21,2026-03-22,Completed,1
ENG-00381,Sprint 1,2024-07-21,2024-07-26,Delayed,5
ENG-00381,Sprint 2,2024-08-21,2024-08-26,Delayed,5
ENG-00381,Sprint 3,2024-09-21,2024-09-21,Completed,0
ENG-00381,Sprint 4,2024-10-21,2024-10-21,Completed,0
ENG-00381,Sprint 5,2024-11-21,2024-11-24,Completed,3
ENG-00381,Sprint 6,2024-12-21,2024-12-26,Delayed,5
ENG-00381,Sprint 7,2025-01-21,2025-01-28,Delayed,7
ENG-00382,Sprint 1,2024-06-21,2024-06-24,Completed,3
ENG-00382,Sprint 2,2024-07-21,2024-07-23,Completed,2
ENG-00382,Sprint 3,2024-08-21,2024-08-21,Completed,0
ENG-00382,Sprint 4,2024-09-21,2024-09-24,Completed,3
ENG-00382,Sprint 5,2024-10-21,2024-10-21,Completed,0
ENG-00382,Sprint 6,2024-11-21,2024-11-21,Completed,0
ENG-00382,Sprint 7,2024-12-21,2024-12-25,Delayed,4
ENG-00382,Sprint 8,2025-01-21,2025-01-24,Completed,3
ENG-00382,Sprint 9,2025-02-21,2025-02-22,Completed,1
ENG-00382,Sprint 10,2025-03-21,2025-03-21,Completed,0
ENG-00382,Sprint 11,2025-04-21,2025-04-23,Completed,2
ENG-00382,Sprint 12,2025-05-21,2025-05-22,Completed,1
ENG-00382,Sprint 13,2025-06-21,2025-06-25,Delayed,4
ENG-00383,Sprint 1,2025-12-21,2025-12-30,Delayed,9
ENG-00383,Sprint 2,2026-01-21,2026-01-21,Completed,0
ENG-00383,Sprint 3,2026-02-21,2026-02-23,Completed,2
ENG-00383,Sprint 4,2026-03-21,2026-03-23,Completed,2
ENG-00383,Sprint 5,2026-04-21,2026-04-28,Delayed,7
ENG-00383,Sprint 6,2026-05-21,2026-05-27,Delayed,6
ENG-00383,Sprint 7,2026-06-21,2026-06-25,Delayed,4
ENG-00383,Sprint 8,2026-07-21,2026-07-25,Delayed,4
ENG-00383,Sprint 9,2026-08-21,2026-08-29,Delayed,8
ENG-00384,Sprint 1,2026-03-21,2026-03-21,Completed,0
ENG-00384,Sprint 2,2026-04-21,2026-04-23,Completed,2
ENG-00384,Sprint 3,2026-05-21,2026-05-21,Completed,0
ENG-00384,Sprint 4,2026-06-21,2026-06-21,Completed,0
ENG-00384,Sprint 5,2026-07-21,2026-07-21,Completed,0
ENG-00384,Sprint 6,2026-08-21,2026-08-21,Completed,0
ENG-00385,Sprint 1,2024-09-21,2024-09-24,Completed,3
ENG-00385,Sprint 2,2024-10-21,2024-10-24,Completed,3
ENG-00385,Sprint 3,2024-11-21,2024-11-23,Completed,2
ENG-00385,Sprint 4,2024-12-21,2024-12-21,Completed,0
ENG-00385,Sprint 5,2025-01-21,2025-01-28,Delayed,7
ENG-00385,Sprint 6,2025-02-21,2025-02-24,Completed,3
ENG-00385,Sprint 7,2025-03-21,2025-03-24,Completed,3
ENG-00386,Sprint 1,2025-12-21,2025-12-21,Completed,0
ENG-00386,Sprint 2,2026-01-21,2026-01-22,Completed,1
ENG-00386,Sprint 3,2026-02-21,2026-02-21,Completed,0
ENG-00386,Sprint 4,2026-03-21,2026-03-22,Completed,1
ENG-00386,Sprint 5,2026-04-21,2026-04-21,Completed,0
ENG-00386,Sprint 6,2026-05-21,2026-05-21,Completed,0
ENG-00386,Sprint 7,2026-06-21,2026-06-21,Completed,0
ENG-00386,Sprint 8,2026-07-21,2026-07-24,Completed,3
ENG-00386,Sprint 9,2026-08-21,2026-08-21,Completed,0
ENG-00387,Sprint 1,2026-04-21,2026-04-21,Completed,0
ENG-00387,Sprint 2,2026-05-21,2026-05-25,Delayed,4
ENG-00387,Sprint 3,2026-06-21,2026-06-21,Completed,0
ENG-00387,Sprint 4,2026-07-21,2026-07-21,Completed,0
ENG-00387,Sprint 5,2026-08-21,2026-08-23,Completed,2
ENG-00388,Sprint 1,2024-03-21,2024-03-23,Completed,2
ENG-00388,Sprint 2,2024-04-21,2024-04-21,Completed,0
ENG-00388,Sprint 3,2024-05-21,2024-05-21,Completed,0
ENG-00388,Sprint 4,2024-06-21,2024-06-26,Delayed,5
ENG-00388,Sprint 5,2024-07-21,2024-07-27,Delayed,6
ENG-00388,Sprint 6,2024-08-21,2024-08-21,Completed,0
ENG-00389,Sprint 1,2024-08-21,2024-08-26,Delayed,5
ENG-00389,Sprint 2,2024-09-21,2024-09-21,Completed,0
ENG-00389,Sprint 3,2024-10-21,2024-10-29,Delayed,8
ENG-00389,Sprint 4,2024-11-21,2024-11-29,Delayed,8
ENG-00389,Sprint 5,2024-12-21,2024-12-31,Delayed,10
ENG-00390,Sprint 1,2024-01-21,2024-01-23,Completed,2
ENG-00390,Sprint 2,2024-02-21,2024-02-28,Delayed,7
ENG-00390,Sprint 3,2024-03-21,2024-03-21,Completed,0
ENG-00390,Sprint 4,2024-04-21,2024-04-25,Delayed,4
ENG-00391,Sprint 1,2024-10-21,2024-10-21,Completed,0
ENG-00391,Sprint 2,2024-11-21,2024-11-25,Delayed,4
ENG-00391,Sprint 3,2024-12-21,2024-12-21,Completed,0
ENG-00391,Sprint 4,2025-01-21,2025-01-21,Completed,0
ENG-00391,Sprint 5,2025-02-21,2025-02-21,Completed,0
ENG-00391,Sprint 6,2025-03-21,2025-03-24,Completed,3
ENG-00391,Sprint 7,2025-04-21,2025-04-24,Completed,3
ENG-00391,Sprint 8,2025-05-21,2025-05-21,Completed,0
ENG-00391,Sprint 9,2025-06-21,2025-06-23,Completed,2
ENG-00391,Sprint 10,2025-07-21,2025-07-23,Completed,2
ENG-00391,Sprint 11,2025-08-21,2025-08-23,Completed,2
ENG-00391,Sprint 12,2025-09-21,2025-09-26,Delayed,5
ENG-00392,Sprint 1,2024-08-21,2024-08-21,Completed,0
ENG-00392,Sprint 2,2024-09-21,2024-09-21,Completed,0
ENG-00392,Sprint 3,2024-10-21,2024-10-21,Completed,0
ENG-00392,Sprint 4,2024-11-21,2024-11-21,Completed,0
ENG-00392,Sprint 5,2024-12-21,2024-12-21,Completed,0
ENG-00392,Sprint 6,2025-01-21,2025-01-21,Completed,0
ENG-00392,Sprint 7,2025-02-21,2025-02-22,Completed,1
ENG-00392,Sprint 8,2025-03-21,2025-03-21,Completed,0
ENG-00392,Sprint 9,2025-04-21,2025-04-21,Completed,0
ENG-00392,Sprint 10,2025-05-21,2025-05-21,Completed,0
ENG-00392,Sprint 11,2025-06-21,2025-06-21,Completed,0
ENG-00392,Sprint 12,2025-07-21,2025-07-21,Completed,0
ENG-00393,Sprint 1,2026-06-21,2026-06-29,Delayed,8
ENG-00393,Sprint 2,2026-07-21,2026-07-23,Completed,2
ENG-00393,Sprint 3,2026-08-21,2026-08-30,Delayed,9
ENG-00393,Sprint 4,2026-09-21,2026-10-02,Delayed,11
ENG-00394,Sprint 1,2025-09-21,2025-09-24,Completed,3
ENG-00394,Sprint 2,2025-10-21,2025-10-26,Delayed,5
ENG-00394,Sprint 3,2025-11-21,2025-11-28,Delayed,7
ENG-00394,Sprint 4,2025-12-21,2025-12-29,Delayed,8
ENG-00395,Sprint 1,2026-07-21,2026-07-26,Delayed,5
ENG-00395,Sprint 2,2026-08-21,2026-08-22,Completed,1
ENG-00396,Sprint 1,2026-06-21,2026-06-21,Completed,0
ENG-00396,Sprint 2,2026-07-21,2026-07-21,Completed,0
ENG-00396,Sprint 3,2026-08-21,2026-08-22,Completed,1
ENG-00396,Sprint 4,2026-09-21,2026-09-25,Delayed,4
ENG-00396,Sprint 5,2026-10-21,2026-10-21,Completed,0
ENG-00396,Sprint 6,2026-11-21,2026-11-27,Delayed,6
ENG-00396,Sprint 7,2026-12-21,2026-12-24,Completed,3
ENG-00396,Sprint 8,2027-01-21,2027-01-28,Delayed,7
ENG-00396,Sprint 9,2027-02-21,2027-03-02,Delayed,9
ENG-00397,Sprint 1,2024-12-21,2024-12-29,Delayed,8
ENG-00397,Sprint 2,2025-01-21,2025-01-24,Completed,3
ENG-00397,Sprint 3,2025-02-21,2025-02-22,Completed,1
ENG-00397,Sprint 4,2025-03-21,2025-03-25,Delayed,4
ENG-00397,Sprint 5,2025-04-21,2025-04-22,Completed,1
ENG-00397,Sprint 6,2025-05-21,2025-05-25,Delayed,4
ENG-00397,Sprint 7,2025-06-21,2025-06-29,Delayed,8
ENG-00397,Sprint 8,2025-07-21,2025-07-30,Delayed,9
ENG-00398,Sprint 1,2024-02-21,2024-02-21,Completed,0
ENG-00398,Sprint 2,2024-03-21,2024-03-29,Delayed,8
ENG-00398,Sprint 3,2024-04-21,2024-04-28,Delayed,7
ENG-00398,Sprint 4,2024-05-21,2024-05-28,Delayed,7
ENG-00398,Sprint 5,2024-06-21,2024-06-27,Delayed,6
ENG-00399,Sprint 1,2025-07-21,2025-07-21,Completed,0
ENG-00399,Sprint 2,2025-08-21,2025-08-26,Delayed,5
ENG-00399,Sprint 3,2025-09-21,2025-09-24,Completed,3
ENG-00399,Sprint 4,2025-10-21,2025-10-24,Completed,3
ENG-00399,Sprint 5,2025-11-21,2025-11-27,Delayed,6
ENG-00399,Sprint 6,2025-12-21,2025-12-21,Completed,0
ENG-00399,Sprint 7,2026-01-21,2026-01-21,Completed,0
ENG-00399,Sprint 8,2026-02-21,2026-02-27,Delayed,6
ENG-00399,Sprint 9,2026-03-21,2026-03-24,Completed,3
ENG-00399,Sprint 10,2026-04-21,2026-04-28,Delayed,7
ENG-00399,Sprint 11,2026-05-21,2026-05-29,Delayed,8
ENG-00400,Sprint 1,2026-04-21,2026-04-23,Completed,2
ENG-00400,Sprint 2,2026-05-21,2026-05-24,Completed,3
ENG-00400,Sprint 3,2026-06-21,2026-06-21,Completed,0
ENG-00400,Sprint 4,2026-07-21,2026-07-21,Completed,0
ENG-00400,Sprint 5,2026-08-21,2026-08-24,Completed,3
ENG-00401,Sprint 1,2024-04-21,2024-04-21,Completed,0
ENG-00401,Sprint 2,2024-05-21,2024-05-21,Completed,0
ENG-00401,Sprint 3,2024-06-21,2024-06-23,Completed,2
ENG-00401,Sprint 4,2024-07-21,2024-07-24,Completed,3
ENG-00401,Sprint 5,2024-08-21,2024-08-23,Completed,2
ENG-00401,Sprint 6,2024-09-21,2024-09-24,Completed,3
ENG-00401,Sprint 7,2024-10-21,2024-10-21,Completed,0
ENG-00401,Sprint 8,2024-11-21,2024-11-25,Delayed,4
ENG-00401,Sprint 9,2024-12-21,2024-12-21,Completed,0
ENG-00401,Sprint 10,2025-01-21,2025-01-24,Completed,3
ENG-00401,Sprint 11,2025-02-21,2025-02-22,Completed,1
ENG-00401,Sprint 12,2025-03-21,2025-03-24,Completed,3
ENG-00402,Sprint 1,2025-11-21,2025-11-21,Completed,0
ENG-00402,Sprint 2,2025-12-21,2025-12-30,Delayed,9
ENG-00402,Sprint 3,2026-01-21,2026-01-23,Completed,2
ENG-00402,Sprint 4,2026-02-21,2026-02-24,Completed,3
ENG-00402,Sprint 5,2026-03-21,2026-03-21,Completed,0
ENG-00402,Sprint 6,2026-04-21,2026-04-21,Completed,0
ENG-00402,Sprint 7,2026-05-21,2026-05-24,Completed,3
ENG-00402,Sprint 8,2026-06-21,2026-06-22,Completed,1
ENG-00403,Sprint 1,2026-02-21,2026-02-24,Completed,3
ENG-00403,Sprint 2,2026-03-21,2026-03-21,Completed,0
ENG-00403,Sprint 3,2026-04-21,2026-04-24,Completed,3
ENG-00403,Sprint 4,2026-05-21,2026-05-23,Completed,2
ENG-00403,Sprint 5,2026-06-21,2026-06-21,Completed,0
ENG-00403,Sprint 6,2026-07-21,2026-07-26,Delayed,5
ENG-00403,Sprint 7,2026-08-21,2026-08-23,Completed,2
ENG-00404,Sprint 1,2025-06-21,2025-06-21,Completed,0
ENG-00404,Sprint 2,2025-07-21,2025-07-21,Completed,0
ENG-00404,Sprint 3,2025-08-21,2025-08-24,Completed,3
ENG-00404,Sprint 4,2025-09-21,2025-09-22,Completed,1
ENG-00404,Sprint 5,2025-10-21,2025-10-21,Completed,0
ENG-00404,Sprint 6,2025-11-21,2025-11-24,Completed,3
ENG-00404,Sprint 7,2025-12-21,2025-12-21,Completed,0
ENG-00405,Sprint 1,2025-01-21,2025-01-22,Completed,1
ENG-00405,Sprint 2,2025-02-21,2025-02-23,Completed,2
ENG-00405,Sprint 3,2025-03-21,2025-03-21,Completed,0
ENG-00405,Sprint 4,2025-04-21,2025-04-25,Delayed,4
ENG-00405,Sprint 5,2025-05-21,2025-05-22,Completed,1
ENG-00405,Sprint 6,2025-06-21,2025-06-22,Completed,1
ENG-00405,Sprint 7,2025-07-21,2025-07-21,Completed,0
ENG-00406,Sprint 1,2025-06-21,2025-06-27,Delayed,6
ENG-00406,Sprint 2,2025-07-21,2025-07-26,Delayed,5
ENG-00406,Sprint 3,2025-08-21,2025-08-30,Delayed,9
ENG-00406,Sprint 4,2025-09-21,2025-09-25,Delayed,4
ENG-00406,Sprint 5,2025-10-21,2025-10-23,Completed,2
ENG-00406,Sprint 6,2025-11-21,2025-11-27,Delayed,6
ENG-00406,Sprint 7,2025-12-21,2025-12-26,Delayed,5
ENG-00406,Sprint 8,2026-01-21,2026-01-25,Delayed,4
ENG-00406,Sprint 9,2026-02-21,2026-02-23,Completed,2
ENG-00406,Sprint 10,2026-03-21,2026-03-24,Completed,3
ENG-00406,Sprint 11,2026-04-21,2026-04-28,Delayed,7
ENG-00406,Sprint 12,2026-05-21,2026-05-26,Delayed,5
ENG-00407,Sprint 1,2025-02-21,2025-02-21,Completed,0
ENG-00407,Sprint 2,2025-03-21,2025-03-21,Completed,0
ENG-00407,Sprint 3,2025-04-21,2025-04-21,Completed,0
ENG-00407,Sprint 4,2025-05-21,2025-05-22,Completed,1
ENG-00407,Sprint 5,2025-06-21,2025-06-25,Delayed,4
ENG-00407,Sprint 6,2025-07-21,2025-07-21,Completed,0
ENG-00407,Sprint 7,2025-08-21,2025-08-21,Completed,0
ENG-00407,Sprint 8,2025-09-21,2025-09-21,Completed,0
ENG-00407,Sprint 9,2025-10-21,2025-10-26,Delayed,5
ENG-00407,Sprint 10,2025-11-21,2025-11-29,Delayed,8
ENG-00407,Sprint 11,2025-12-21,2025-12-25,Delayed,4
ENG-00407,Sprint 12,2026-01-21,2026-01-21,Completed,0
ENG-00407,Sprint 13,2026-02-21,2026-02-22,Completed,1
ENG-00408,Sprint 1,2026-02-21,2026-02-21,Completed,0
ENG-00408,Sprint 2,2026-03-21,2026-03-25,Delayed,4
ENG-00408,Sprint 3,2026-04-21,2026-04-21,Completed,0
ENG-00408,Sprint 4,2026-05-21,2026-05-21,Completed,0
ENG-00408,Sprint 5,2026-06-21,2026-06-22,Completed,1
ENG-00408,Sprint 6,2026-07-21,2026-07-21,Completed,0
ENG-00408,Sprint 7,2026-08-21,2026-08-21,Completed,0
ENG-00409,Sprint 1,2025-11-21,2025-11-23,Completed,2
ENG-00409,Sprint 2,2025-12-21,2025-12-21,Completed,0
ENG-00409,Sprint 3,2026-01-21,2026-01-24,Completed,3
ENG-00409,Sprint 4,2026-02-21,2026-02-21,Completed,0
ENG-00409,Sprint 5,2026-03-21,2026-03-26,Delayed,5
ENG-00409,Sprint 6,2026-04-21,2026-04-27,Delayed,6
ENG-00410,Sprint 1,2024-04-21,2024-04-21,Completed,0
ENG-00410,Sprint 2,2024-05-21,2024-05-21,Completed,0
ENG-00410,Sprint 3,2024-06-21,2024-06-25,Delayed,4
ENG-00410,Sprint 4,2024-07-21,2024-07-22,Completed,1
ENG-00410,Sprint 5,2024-08-21,2024-08-25,Delayed,4
ENG-00410,Sprint 6,2024-09-21,2024-09-21,Completed,0
ENG-00410,Sprint 7,2024-10-21,2024-10-21,Completed,0
ENG-00411,Sprint 1,2025-05-21,2025-05-21,Completed,0
ENG-00411,Sprint 2,2025-06-21,2025-06-21,Completed,0
ENG-00411,Sprint 3,2025-07-21,2025-07-24,Completed,3
ENG-00411,Sprint 4,2025-08-21,2025-08-22,Completed,1
ENG-00411,Sprint 5,2025-09-21,2025-09-21,Completed,0
ENG-00411,Sprint 6,2025-10-21,2025-10-21,Completed,0
ENG-00411,Sprint 7,2025-11-21,2025-11-24,Completed,3
ENG-00412,Sprint 1,2024-09-21,2024-09-24,Completed,3
ENG-00412,Sprint 2,2024-10-21,2024-10-21,Completed,0
ENG-00412,Sprint 3,2024-11-21,2024-11-21,Completed,0
ENG-00412,Sprint 4,2024-12-21,2024-12-26,Delayed,5
ENG-00412,Sprint 5,2025-01-21,2025-01-26,Delayed,5
ENG-00412,Sprint 6,2025-02-21,2025-02-26,Delayed,5
ENG-00412,Sprint 7,2025-03-21,2025-03-27,Delayed,6
ENG-00413,Sprint 1,2026-07-21,2026-07-26,Delayed,5
ENG-00413,Sprint 2,2026-08-21,2026-08-23,Completed,2
ENG-00414,Sprint 1,2025-08-21,2025-08-21,Completed,0
ENG-00414,Sprint 2,2025-09-21,2025-09-22,Completed,1
ENG-00414,Sprint 3,2025-10-21,2025-10-21,Completed,0
ENG-00414,Sprint 4,2025-11-21,2025-11-22,Completed,1
ENG-00414,Sprint 5,2025-12-21,2025-12-24,Completed,3
ENG-00414,Sprint 6,2026-01-21,2026-01-21,Completed,0
ENG-00414,Sprint 7,2026-02-21,2026-02-21,Completed,0
ENG-00415,Sprint 1,2024-02-21,2024-02-25,Delayed,4
ENG-00415,Sprint 2,2024-03-21,2024-03-21,Completed,0
ENG-00415,Sprint 3,2024-04-21,2024-04-23,Completed,2
ENG-00415,Sprint 4,2024-05-21,2024-05-21,Completed,0
ENG-00415,Sprint 5,2024-06-21,2024-06-28,Delayed,7
ENG-00415,Sprint 6,2024-07-21,2024-07-21,Completed,0
ENG-00415,Sprint 7,2024-08-21,2024-08-21,Completed,0
ENG-00415,Sprint 8,2024-09-21,2024-09-24,Completed,3
ENG-00415,Sprint 9,2024-10-21,2024-10-24,Completed,3
ENG-00416,Sprint 1,2024-10-21,2024-10-21,Completed,0
ENG-00416,Sprint 2,2024-11-21,2024-11-25,Delayed,4
ENG-00416,Sprint 3,2024-12-21,2024-12-21,Completed,0
ENG-00416,Sprint 4,2025-01-21,2025-01-27,Delayed,6
ENG-00416,Sprint 5,2025-02-21,2025-02-28,Delayed,7
ENG-00416,Sprint 6,2025-03-21,2025-03-21,Completed,0
ENG-00416,Sprint 7,2025-04-21,2025-04-22,Completed,1
ENG-00417,Sprint 1,2025-07-21,2025-07-29,Delayed,8
ENG-00417,Sprint 2,2025-08-21,2025-08-29,Delayed,8
ENG-00417,Sprint 3,2025-09-21,2025-09-24,Completed,3
ENG-00417,Sprint 4,2025-10-21,2025-10-23,Completed,2
ENG-00417,Sprint 5,2025-11-21,2025-11-30,Delayed,9
ENG-00417,Sprint 6,2025-12-21,2025-12-24,Completed,3
ENG-00417,Sprint 7,2026-01-21,2026-01-25,Delayed,4
ENG-00417,Sprint 8,2026-02-21,2026-02-23,Completed,2
ENG-00418,Sprint 1,2025-08-21,2025-08-29,Delayed,8
ENG-00418,Sprint 2,2025-09-21,2025-09-25,Delayed,4
ENG-00418,Sprint 3,2025-10-21,2025-10-29,Delayed,8
ENG-00418,Sprint 4,2025-11-21,2025-11-24,Completed,3
ENG-00418,Sprint 5,2025-12-21,2025-12-25,Delayed,4
ENG-00418,Sprint 6,2026-01-21,2026-01-27,Delayed,6
ENG-00418,Sprint 7,2026-02-21,2026-02-25,Delayed,4
ENG-00418,Sprint 8,2026-03-21,2026-03-27,Delayed,6
ENG-00418,Sprint 9,2026-04-21,2026-04-27,Delayed,6
ENG-00418,Sprint 10,2026-05-21,2026-05-30,Delayed,9
ENG-00418,Sprint 11,2026-06-21,2026-07-03,Delayed,12
ENG-00418,Sprint 12,2026-07-21,2026-07-26,Delayed,5
ENG-00419,Sprint 1,2024-03-21,2024-03-25,Delayed,4
ENG-00419,Sprint 2,2024-04-21,2024-04-21,Completed,0
ENG-00419,Sprint 3,2024-05-21,2024-05-23,Completed,2
ENG-00419,Sprint 4,2024-06-21,2024-06-28,Delayed,7
ENG-00419,Sprint 5,2024-07-21,2024-07-26,Delayed,5
ENG-00419,Sprint 6,2024-08-21,2024-08-21,Completed,0
ENG-00419,Sprint 7,2024-09-21,2024-09-21,Completed,0
ENG-00420,Sprint 1,2026-01-21,2026-01-27,Delayed,6
ENG-00420,Sprint 2,2026-02-21,2026-02-28,Delayed,7
ENG-00420,Sprint 3,2026-03-21,2026-04-02,Delayed,12
ENG-00420,Sprint 4,2026-04-21,2026-04-24,Completed,3
ENG-00421,Sprint 1,2024-11-21,2024-11-21,Completed,0
ENG-00421,Sprint 2,2024-12-21,2024-12-21,Completed,0
ENG-00421,Sprint 3,2025-01-21,2025-01-21,Completed,0
ENG-00421,Sprint 4,2025-02-21,2025-03-02,Delayed,9
ENG-00421,Sprint 5,2025-03-21,2025-03-22,Completed,1
ENG-00421,Sprint 6,2025-04-21,2025-04-26,Delayed,5
ENG-00421,Sprint 7,2025-05-21,2025-05-29,Delayed,8
ENG-00422,Sprint 1,2025-07-21,2025-07-22,Completed,1
ENG-00422,Sprint 2,2025-08-21,2025-08-22,Completed,1
ENG-00422,Sprint 3,2025-09-21,2025-09-25,Delayed,4
ENG-00422,Sprint 4,2025-10-21,2025-10-26,Delayed,5
ENG-00422,Sprint 5,2025-11-21,2025-11-21,Completed,0
ENG-00422,Sprint 6,2025-12-21,2025-12-24,Completed,3
ENG-00422,Sprint 7,2026-01-21,2026-01-24,Completed,3
ENG-00422,Sprint 8,2026-02-21,2026-02-28,Delayed,7
ENG-00422,Sprint 9,2026-03-21,2026-03-25,Delayed,4
ENG-00422,Sprint 10,2026-04-21,2026-04-21,Completed,0
ENG-00422,Sprint 11,2026-05-21,2026-05-25,Delayed,4
ENG-00422,Sprint 12,2026-06-21,2026-06-22,Completed,1
ENG-00422,Sprint 13,2026-07-21,2026-07-24,Completed,3
ENG-00423,Sprint 1,2025-08-21,2025-08-25,Delayed,4
ENG-00423,Sprint 2,2025-09-21,2025-09-21,Completed,0
ENG-00423,Sprint 3,2025-10-21,2025-10-27,Delayed,6
ENG-00423,Sprint 4,2025-11-21,2025-11-25,Delayed,4
ENG-00423,Sprint 5,2025-12-21,2025-12-21,Completed,0
ENG-00423,Sprint 6,2026-01-21,2026-01-21,Completed,0
ENG-00423,Sprint 7,2026-02-21,2026-02-26,Delayed,5
ENG-00423,Sprint 8,2026-03-21,2026-03-27,Delayed,6
ENG-00423,Sprint 9,2026-04-21,2026-04-22,Completed,1
ENG-00424,Sprint 1,2024-03-21,2024-03-25,Delayed,4
ENG-00424,Sprint 2,2024-04-21,2024-04-25,Delayed,4
ENG-00424,Sprint 3,2024-05-21,2024-05-26,Delayed,5
ENG-00424,Sprint 4,2024-06-21,2024-06-28,Delayed,7
ENG-00425,Sprint 1,2025-03-21,2025-03-28,Delayed,7
ENG-00425,Sprint 2,2025-04-21,2025-04-21,Completed,0
ENG-00425,Sprint 3,2025-05-21,2025-05-21,Completed,0
ENG-00425,Sprint 4,2025-06-21,2025-06-25,Delayed,4
ENG-00425,Sprint 5,2025-07-21,2025-07-21,Completed,0
ENG-00425,Sprint 6,2025-08-21,2025-08-26,Delayed,5
ENG-00425,Sprint 7,2025-09-21,2025-09-23,Completed,2
ENG-00425,Sprint 8,2025-10-21,2025-10-27,Delayed,6
ENG-00425,Sprint 9,2025-11-21,2025-11-27,Delayed,6
ENG-00426,Sprint 1,2025-12-21,2025-12-21,Completed,0
ENG-00426,Sprint 2,2026-01-21,2026-01-22,Completed,1
ENG-00426,Sprint 3,2026-02-21,2026-03-01,Delayed,8
ENG-00426,Sprint 4,2026-03-21,2026-03-21,Completed,0
ENG-00426,Sprint 5,2026-04-21,2026-04-21,Completed,0
ENG-00426,Sprint 6,2026-05-21,2026-05-22,Completed,1
ENG-00426,Sprint 7,2026-06-21,2026-06-23,Completed,2
ENG-00426,Sprint 8,2026-07-21,2026-07-23,Completed,2
ENG-00426,Sprint 9,2026-08-21,2026-08-22,Completed,1
ENG-00427,Sprint 1,2025-04-21,2025-04-29,Delayed,8
ENG-00427,Sprint 2,2025-05-21,2025-05-25,Delayed,4
ENG-00427,Sprint 3,2025-06-21,2025-06-24,Completed,3
ENG-00427,Sprint 4,2025-07-21,2025-07-21,Completed,0
ENG-00427,Sprint 5,2025-08-21,2025-08-29,Delayed,8
ENG-00427,Sprint 6,2025-09-21,2025-10-01,Delayed,10
ENG-00427,Sprint 7,2025-10-21,2025-10-27,Delayed,6
ENG-00427,Sprint 8,2025-11-21,2025-11-28,Delayed,7
ENG-00427,Sprint 9,2025-12-21,2025-12-26,Delayed,5
ENG-00428,Sprint 1,2026-02-21,2026-02-28,Delayed,7
ENG-00428,Sprint 2,2026-03-21,2026-03-22,Completed,1
ENG-00428,Sprint 3,2026-04-21,2026-04-21,Completed,0
ENG-00428,Sprint 4,2026-05-21,2026-05-25,Delayed,4
ENG-00428,Sprint 5,2026-06-21,2026-06-29,Delayed,8
ENG-00428,Sprint 6,2026-07-21,2026-07-25,Delayed,4
ENG-00428,Sprint 7,2026-08-21,2026-08-21,Completed,0
ENG-00428,Sprint 8,2026-09-21,2026-09-27,Delayed,6
ENG-00428,Sprint 9,2026-10-21,2026-11-02,Delayed,12
ENG-00428,Sprint 10,2026-11-21,2026-11-28,Delayed,7
ENG-00429,Sprint 1,2025-12-21,2025-12-21,Completed,0
ENG-00429,Sprint 2,2026-01-21,2026-01-27,Delayed,6
ENG-00429,Sprint 3,2026-02-21,2026-02-21,Completed,0
ENG-00429,Sprint 4,2026-03-21,2026-03-21,Completed,0
ENG-00429,Sprint 5,2026-04-21,2026-04-21,Completed,0
ENG-00429,Sprint 6,2026-05-21,2026-05-21,Completed,0
ENG-00429,Sprint 7,2026-06-21,2026-06-22,Completed,1
ENG-00429,Sprint 8,2026-07-21,2026-07-21,Completed,0
ENG-00429,Sprint 9,2026-08-21,2026-08-21,Completed,0
ENG-00430,Sprint 1,2024-12-21,2024-12-22,Completed,1
ENG-00430,Sprint 2,2025-01-21,2025-01-27,Delayed,6
ENG-00430,Sprint 3,2025-02-21,2025-02-22,Completed,1
ENG-00430,Sprint 4,2025-03-21,2025-03-31,Delayed,10
ENG-00431,Sprint 1,2024-01-21,2024-01-28,Delayed,7
ENG-00431,Sprint 2,2024-02-21,2024-02-23,Completed,2
ENG-00431,Sprint 3,2024-03-21,2024-03-24,Completed,3
ENG-00431,Sprint 4,2024-04-21,2024-04-23,Completed,2
ENG-00431,Sprint 5,2024-05-21,2024-05-26,Delayed,5
ENG-00431,Sprint 6,2024-06-21,2024-06-24,Completed,3
ENG-00431,Sprint 7,2024-07-21,2024-07-21,Completed,0
ENG-00431,Sprint 8,2024-08-21,2024-08-21,Completed,0
ENG-00431,Sprint 9,2024-09-21,2024-09-25,Delayed,4
ENG-00431,Sprint 10,2024-10-21,2024-10-23,Completed,2
ENG-00431,Sprint 11,2024-11-21,2024-11-26,Delayed,5
ENG-00431,Sprint 12,2024-12-21,2024-12-25,Delayed,4
ENG-00432,Sprint 1,2026-06-21,2026-06-23,Completed,2
ENG-00432,Sprint 2,2026-07-21,2026-07-26,Delayed,5
ENG-00432,Sprint 3,2026-08-21,2026-08-22,Completed,1
ENG-00433,Sprint 1,2025-12-21,2025-12-21,Completed,0
ENG-00433,Sprint 2,2026-01-21,2026-01-21,Completed,0
ENG-00433,Sprint 3,2026-02-21,2026-02-21,Completed,0
ENG-00433,Sprint 4,2026-03-21,2026-03-26,Delayed,5
ENG-00433,Sprint 5,2026-04-21,2026-04-21,Completed,0
ENG-00433,Sprint 6,2026-05-21,2026-05-24,Completed,3
ENG-00433,Sprint 7,2026-06-21,2026-06-22,Completed,1
ENG-00433,Sprint 8,2026-07-21,2026-07-21,Completed,0
ENG-00434,Sprint 1,2026-08-21,2026-09-07,Delayed,17
ENG-00435,Sprint 1,2025-07-21,2025-07-22,Completed,1
ENG-00435,Sprint 2,2025-08-21,2025-08-25,Delayed,4
ENG-00435,Sprint 3,2025-09-21,2025-09-26,Delayed,5
ENG-00435,Sprint 4,2025-10-21,2025-10-23,Completed,2
ENG-00435,Sprint 5,2025-11-21,2025-11-29,Delayed,8
ENG-00435,Sprint 6,2025-12-21,2025-12-24,Completed,3
ENG-00435,Sprint 7,2026-01-21,2026-01-23,Completed,2
ENG-00435,Sprint 8,2026-02-21,2026-03-01,Delayed,8
ENG-00435,Sprint 9,2026-03-21,2026-03-28,Delayed,7
ENG-00435,Sprint 10,2026-04-21,2026-04-24,Completed,3
ENG-00435,Sprint 11,2026-05-21,2026-05-26,Delayed,5
ENG-00435,Sprint 12,2026-06-21,2026-06-25,Delayed,4
ENG-00435,Sprint 13,2026-07-21,2026-07-31,Delayed,10
ENG-00436,Sprint 1,2026-02-21,2026-02-27,Delayed,6
ENG-00436,Sprint 2,2026-03-21,2026-03-25,Delayed,4
ENG-00436,Sprint 3,2026-04-21,2026-04-24,Completed,3
ENG-00436,Sprint 4,2026-05-21,2026-05-28,Delayed,7
ENG-00436,Sprint 5,2026-06-21,2026-06-29,Delayed,8
ENG-00436,Sprint 6,2026-07-21,2026-07-25,Delayed,4
ENG-00436,Sprint 7,2026-08-21,2026-08-24,Completed,3
ENG-00437,Sprint 1,2024-08-21,2024-08-27,Delayed,6
ENG-00437,Sprint 2,2024-09-21,2024-09-21,Completed,0
ENG-00437,Sprint 3,2024-10-21,2024-10-21,Completed,0
ENG-00437,Sprint 4,2024-11-21,2024-11-24,Completed,3
ENG-00437,Sprint 5,2024-12-21,2024-12-21,Completed,0
ENG-00437,Sprint 6,2025-01-21,2025-01-21,Completed,0
ENG-00437,Sprint 7,2025-02-21,2025-02-21,Completed,0
ENG-00438,Sprint 1,2026-02-21,2026-02-24,Completed,3
ENG-00438,Sprint 2,2026-03-21,2026-03-27,Delayed,6
ENG-00438,Sprint 3,2026-04-21,2026-04-23,Completed,2
ENG-00438,Sprint 4,2026-05-21,2026-05-21,Completed,0
ENG-00438,Sprint 5,2026-06-21,2026-06-21,Completed,0
ENG-00438,Sprint 6,2026-07-21,2026-07-21,Completed,0
ENG-00438,Sprint 7,2026-08-21,2026-08-21,Completed,0
ENG-00439,Sprint 1,2025-04-21,2025-04-23,Completed,2
ENG-00439,Sprint 2,2025-05-21,2025-05-21,Completed,0
ENG-00439,Sprint 3,2025-06-21,2025-06-23,Completed,2
ENG-00439,Sprint 4,2025-07-21,2025-07-23,Completed,2
ENG-00439,Sprint 5,2025-08-21,2025-08-22,Completed,1
ENG-00439,Sprint 6,2025-09-21,2025-09-21,Completed,0
ENG-00439,Sprint 7,2025-10-21,2025-10-26,Delayed,5
ENG-00439,Sprint 8,2025-11-21,2025-11-22,Completed,1
ENG-00439,Sprint 9,2025-12-21,2025-12-21,Completed,0
ENG-00439,Sprint 10,2026-01-21,2026-01-25,Delayed,4
ENG-00439,Sprint 11,2026-02-21,2026-02-21,Completed,0
ENG-00439,Sprint 12,2026-03-21,2026-03-22,Completed,1
ENG-00440,Sprint 1,2025-01-21,2025-01-23,Completed,2
ENG-00440,Sprint 2,2025-02-21,2025-02-23,Completed,2
ENG-00440,Sprint 3,2025-03-21,2025-03-24,Completed,3
ENG-00440,Sprint 4,2025-04-21,2025-04-21,Completed,0
ENG-00440,Sprint 5,2025-05-21,2025-05-21,Completed,0
ENG-00440,Sprint 6,2025-06-21,2025-06-23,Completed,2
ENG-00440,Sprint 7,2025-07-21,2025-07-24,Completed,3
ENG-00441,Sprint 1,2025-07-21,2025-07-23,Completed,2
ENG-00441,Sprint 2,2025-08-21,2025-08-24,Completed,3
ENG-00441,Sprint 3,2025-09-21,2025-09-22,Completed,1
ENG-00441,Sprint 4,2025-10-21,2025-10-23,Completed,2
ENG-00441,Sprint 5,2025-11-21,2025-11-24,Completed,3
ENG-00441,Sprint 6,2025-12-21,2025-12-24,Completed,3
ENG-00441,Sprint 7,2026-01-21,2026-01-25,Delayed,4
ENG-00441,Sprint 8,2026-02-21,2026-02-21,Completed,0
ENG-00441,Sprint 9,2026-03-21,2026-03-26,Delayed,5
ENG-00441,Sprint 10,2026-04-21,2026-04-26,Delayed,5
ENG-00441,Sprint 11,2026-05-21,2026-05-21,Completed,0
ENG-00441,Sprint 12,2026-06-21,2026-06-24,Completed,3
ENG-00442,Sprint 1,2024-02-21,2024-02-21,Completed,0
ENG-00442,Sprint 2,2024-03-21,2024-03-22,Completed,1
ENG-00442,Sprint 3,2024-04-21,2024-04-23,Completed,2
ENG-00442,Sprint 4,2024-05-21,2024-05-21,Completed,0
ENG-00442,Sprint 5,2024-06-21,2024-06-22,Completed,1
ENG-00442,Sprint 6,2024-07-21,2024-07-22,Completed,1
ENG-00442,Sprint 7,2024-08-21,2024-08-22,Completed,1
ENG-00442,Sprint 8,2024-09-21,2024-09-21,Completed,0
ENG-00442,Sprint 9,2024-10-21,2024-10-24,Completed,3
ENG-00443,Sprint 1,2025-09-21,2025-09-24,Completed,3
ENG-00443,Sprint 2,2025-10-21,2025-10-24,Completed,3
ENG-00443,Sprint 3,2025-11-21,2025-11-23,Completed,2
ENG-00443,Sprint 4,2025-12-21,2025-12-25,Delayed,4
ENG-00443,Sprint 5,2026-01-21,2026-01-27,Delayed,6
ENG-00443,Sprint 6,2026-02-21,2026-02-27,Delayed,6
ENG-00443,Sprint 7,2026-03-21,2026-03-21,Completed,0
ENG-00444,Sprint 1,2024-12-21,2024-12-22,Completed,1
ENG-00444,Sprint 2,2025-01-21,2025-01-21,Completed,0
ENG-00444,Sprint 3,2025-02-21,2025-02-22,Completed,1
ENG-00444,Sprint 4,2025-03-21,2025-03-28,Delayed,7
ENG-00444,Sprint 5,2025-04-21,2025-04-21,Completed,0
ENG-00444,Sprint 6,2025-05-21,2025-05-21,Completed,0
ENG-00444,Sprint 7,2025-06-21,2025-06-21,Completed,0
ENG-00444,Sprint 8,2025-07-21,2025-07-24,Completed,3
ENG-00444,Sprint 9,2025-08-21,2025-08-27,Delayed,6
ENG-00444,Sprint 10,2025-09-21,2025-09-22,Completed,1
ENG-00444,Sprint 11,2025-10-21,2025-10-22,Completed,1
ENG-00444,Sprint 12,2025-11-21,2025-11-21,Completed,0
ENG-00445,Sprint 1,2026-06-21,2026-06-21,Completed,0
ENG-00445,Sprint 2,2026-07-21,2026-07-22,Completed,1
ENG-00445,Sprint 3,2026-08-21,2026-08-23,Completed,2
ENG-00446,Sprint 1,2025-10-21,2025-10-23,Completed,2
ENG-00446,Sprint 2,2025-11-21,2025-11-25,Delayed,4
ENG-00446,Sprint 3,2025-12-21,2025-12-28,Delayed,7
ENG-00446,Sprint 4,2026-01-21,2026-01-25,Delayed,4
ENG-00447,Sprint 1,2025-11-21,2025-11-21,Completed,0
ENG-00447,Sprint 2,2025-12-21,2025-12-21,Completed,0
ENG-00447,Sprint 3,2026-01-21,2026-01-23,Completed,2
ENG-00447,Sprint 4,2026-02-21,2026-02-23,Completed,2
ENG-00447,Sprint 5,2026-03-21,2026-03-23,Completed,2
ENG-00447,Sprint 6,2026-04-21,2026-04-24,Completed,3
ENG-00447,Sprint 7,2026-05-21,2026-05-21,Completed,0
ENG-00448,Sprint 1,2025-10-21,2025-10-21,Completed,0
ENG-00448,Sprint 2,2025-11-21,2025-11-25,Delayed,4
ENG-00448,Sprint 3,2025-12-21,2025-12-21,Completed,0
ENG-00448,Sprint 4,2026-01-21,2026-01-23,Completed,2
ENG-00448,Sprint 5,2026-02-21,2026-02-24,Completed,3
ENG-00448,Sprint 6,2026-03-21,2026-03-24,Completed,3
ENG-00448,Sprint 7,2026-04-21,2026-04-22,Completed,1
ENG-00449,Sprint 1,2026-06-21,2026-06-25,Delayed,4
ENG-00449,Sprint 2,2026-07-21,2026-07-22,Completed,1
ENG-00449,Sprint 3,2026-08-21,2026-08-27,Delayed,6
ENG-00450,Sprint 1,2025-05-21,2025-05-21,Completed,0
ENG-00450,Sprint 2,2025-06-21,2025-06-23,Completed,2
ENG-00450,Sprint 3,2025-07-21,2025-07-26,Delayed,5
ENG-00450,Sprint 4,2025-08-21,2025-08-27,Delayed,6
ENG-00450,Sprint 5,2025-09-21,2025-09-21,Completed,0
ENG-00450,Sprint 6,2025-10-21,2025-10-28,Delayed,7
ENG-00450,Sprint 7,2025-11-21,2025-11-25,Delayed,4
ENG-00450,Sprint 8,2025-12-21,2025-12-23,Completed,2
ENG-00450,Sprint 9,2026-01-21,2026-01-28,Delayed,7
ENG-00451,Sprint 1,2025-06-21,2025-06-21,Completed,0
ENG-00451,Sprint 2,2025-07-21,2025-07-26,Delayed,5
ENG-00451,Sprint 3,2025-08-21,2025-08-25,Delayed,4
ENG-00451,Sprint 4,2025-09-21,2025-09-26,Delayed,5
ENG-00451,Sprint 5,2025-10-21,2025-10-26,Delayed,5
ENG-00452,Sprint 1,2025-09-21,2025-09-21,Completed,0
ENG-00452,Sprint 2,2025-10-21,2025-10-21,Completed,0
ENG-00452,Sprint 3,2025-11-21,2025-11-21,Completed,0
ENG-00452,Sprint 4,2025-12-21,2025-12-21,Completed,0
ENG-00452,Sprint 5,2026-01-21,2026-01-21,Completed,0
ENG-00452,Sprint 6,2026-02-21,2026-02-23,Completed,2
ENG-00452,Sprint 7,2026-03-21,2026-03-26,Delayed,5
ENG-00452,Sprint 8,2026-04-21,2026-04-22,Completed,1
ENG-00452,Sprint 9,2026-05-21,2026-05-21,Completed,0
ENG-00452,Sprint 10,2026-06-21,2026-06-21,Completed,0
ENG-00453,Sprint 1,2024-03-21,2024-03-24,Completed,3
ENG-00453,Sprint 2,2024-04-21,2024-04-21,Completed,0
ENG-00453,Sprint 3,2024-05-21,2024-05-27,Delayed,6
ENG-00453,Sprint 4,2024-06-21,2024-06-21,Completed,0
ENG-00453,Sprint 5,2024-07-21,2024-07-26,Delayed,5
ENG-00453,Sprint 6,2024-08-21,2024-08-22,Completed,1
ENG-00453,Sprint 7,2024-09-21,2024-09-23,Completed,2
ENG-00453,Sprint 8,2024-10-21,2024-10-21,Completed,0
ENG-00453,Sprint 9,2024-11-21,2024-11-24,Completed,3
ENG-00453,Sprint 10,2024-12-21,2024-12-22,Completed,1
ENG-00453,Sprint 11,2025-01-21,2025-01-25,Delayed,4
ENG-00454,Sprint 1,2025-04-21,2025-04-22,Completed,1
ENG-00454,Sprint 2,2025-05-21,2025-05-21,Completed,0
ENG-00454,Sprint 3,2025-06-21,2025-06-21,Completed,0
ENG-00454,Sprint 4,2025-07-21,2025-07-25,Delayed,4
ENG-00454,Sprint 5,2025-08-21,2025-08-21,Completed,0
ENG-00454,Sprint 6,2025-09-21,2025-09-24,Completed,3
ENG-00454,Sprint 7,2025-10-21,2025-10-25,Delayed,4
ENG-00454,Sprint 8,2025-11-21,2025-11-21,Completed,0
ENG-00454,Sprint 9,2025-12-21,2025-12-23,Completed,2
ENG-00454,Sprint 10,2026-01-21,2026-01-21,Completed,0
ENG-00454,Sprint 11,2026-02-21,2026-02-25,Delayed,4
ENG-00454,Sprint 12,2026-03-21,2026-03-21,Completed,0
ENG-00454,Sprint 13,2026-04-21,2026-04-21,Completed,0
ENG-00455,Sprint 1,2025-11-21,2025-11-21,Completed,0
ENG-00455,Sprint 2,2025-12-21,2025-12-23,Completed,2
ENG-00455,Sprint 3,2026-01-21,2026-01-22,Completed,1
ENG-00455,Sprint 4,2026-02-21,2026-02-28,Delayed,7
ENG-00455,Sprint 5,2026-03-21,2026-03-21,Completed,0
ENG-00455,Sprint 6,2026-04-21,2026-04-21,Completed,0
ENG-00455,Sprint 7,2026-05-21,2026-05-27,Delayed,6
ENG-00455,Sprint 8,2026-06-21,2026-06-27,Delayed,6
ENG-00456,Sprint 1,2025-01-21,2025-01-21,Completed,0
ENG-00456,Sprint 2,2025-02-21,2025-02-22,Completed,1
ENG-00456,Sprint 3,2025-03-21,2025-03-25,Delayed,4
ENG-00456,Sprint 4,2025-04-21,2025-04-29,Delayed,8
ENG-00456,Sprint 5,2025-05-21,2025-05-24,Completed,3
ENG-00456,Sprint 6,2025-06-21,2025-06-21,Completed,0
ENG-00456,Sprint 7,2025-07-21,2025-07-25,Delayed,4
ENG-00456,Sprint 8,2025-08-21,2025-08-22,Completed,1
ENG-00457,Sprint 1,2024-11-21,2024-11-21,Completed,0
ENG-00457,Sprint 2,2024-12-21,2024-12-25,Delayed,4
ENG-00457,Sprint 3,2025-01-21,2025-01-23,Completed,2
ENG-00457,Sprint 4,2025-02-21,2025-02-24,Completed,3
ENG-00457,Sprint 5,2025-03-21,2025-03-23,Completed,2
ENG-00457,Sprint 6,2025-04-21,2025-04-22,Completed,1
ENG-00457,Sprint 7,2025-05-21,2025-05-21,Completed,0
ENG-00458,Sprint 1,2026-01-21,2026-01-21,Completed,0
ENG-00458,Sprint 2,2026-02-21,2026-02-21,Completed,0
ENG-00458,Sprint 3,2026-03-21,2026-03-23,Completed,2
ENG-00458,Sprint 4,2026-04-21,2026-04-24,Completed,3
ENG-00458,Sprint 5,2026-05-21,2026-05-21,Completed,0
ENG-00458,Sprint 6,2026-06-21,2026-06-21,Completed,0
ENG-00458,Sprint 7,2026-07-21,2026-07-23,Completed,2
ENG-00459,Sprint 1,2024-06-21,2024-06-21,Completed,0
ENG-00459,Sprint 2,2024-07-21,2024-07-22,Completed,1
ENG-00459,Sprint 3,2024-08-21,2024-08-21,Completed,0
ENG-00459,Sprint 4,2024-09-21,2024-09-24,Completed,3
ENG-00459,Sprint 5,2024-10-21,2024-10-21,Completed,0
ENG-00459,Sprint 6,2024-11-21,2024-11-25,Delayed,4
ENG-00459,Sprint 7,2024-12-21,2024-12-23,Completed,2
ENG-00460,Sprint 1,2025-06-21,2025-06-23,Completed,2
ENG-00460,Sprint 2,2025-07-21,2025-07-26,Delayed,5
ENG-00460,Sprint 3,2025-08-21,2025-08-25,Delayed,4
ENG-00460,Sprint 4,2025-09-21,2025-09-21,Completed,0
ENG-00460,Sprint 5,2025-10-21,2025-10-22,Completed,1
ENG-00460,Sprint 6,2025-11-21,2025-11-25,Delayed,4
ENG-00460,Sprint 7,2025-12-21,2025-12-28,Delayed,7
ENG-00461,Sprint 1,2024-07-21,2024-07-23,Completed,2
ENG-00461,Sprint 2,2024-08-21,2024-08-28,Delayed,7
ENG-00461,Sprint 3,2024-09-21,2024-09-25,Delayed,4
ENG-00461,Sprint 4,2024-10-21,2024-10-21,Completed,0
ENG-00461,Sprint 5,2024-11-21,2024-11-26,Delayed,5
ENG-00461,Sprint 6,2024-12-21,2024-12-29,Delayed,8
ENG-00461,Sprint 7,2025-01-21,2025-01-26,Delayed,5
ENG-00461,Sprint 8,2025-02-21,2025-02-23,Completed,2
ENG-00461,Sprint 9,2025-03-21,2025-03-21,Completed,0
ENG-00461,Sprint 10,2025-04-21,2025-05-01,Delayed,10
ENG-00461,Sprint 11,2025-05-21,2025-05-21,Completed,0
ENG-00461,Sprint 12,2025-06-21,2025-06-24,Completed,3
ENG-00461,Sprint 13,2025-07-21,2025-07-26,Delayed,5
ENG-00462,Sprint 1,2025-12-21,2025-12-28,Delayed,7
ENG-00462,Sprint 2,2026-01-21,2026-01-23,Completed,2
ENG-00462,Sprint 3,2026-02-21,2026-02-25,Delayed,4
ENG-00462,Sprint 4,2026-03-21,2026-03-26,Delayed,5
ENG-00462,Sprint 5,2026-04-21,2026-04-22,Completed,1
ENG-00462,Sprint 6,2026-05-21,2026-05-24,Completed,3
ENG-00462,Sprint 7,2026-06-21,2026-06-24,Completed,3
ENG-00462,Sprint 8,2026-07-21,2026-07-24,Completed,3
ENG-00462,Sprint 9,2026-08-21,2026-08-21,Completed,0
ENG-00463,Sprint 1,2025-07-21,2025-07-23,Completed,2
ENG-00463,Sprint 2,2025-08-21,2025-08-24,Completed,3
ENG-00463,Sprint 3,2025-09-21,2025-09-21,Completed,0
ENG-00463,Sprint 4,2025-10-21,2025-10-24,Completed,3
ENG-00463,Sprint 5,2025-11-21,2025-11-21,Completed,0
ENG-00463,Sprint 6,2025-12-21,2025-12-21,Completed,0
ENG-00463,Sprint 7,2026-01-21,2026-01-24,Completed,3
ENG-00463,Sprint 8,2026-02-21,2026-02-24,Completed,3
ENG-00463,Sprint 9,2026-03-21,2026-03-21,Completed,0
ENG-00463,Sprint 10,2026-04-21,2026-04-28,Delayed,7
ENG-00464,Sprint 1,2025-09-21,2025-09-21,Completed,0
ENG-00464,Sprint 2,2025-10-21,2025-10-21,Completed,0
ENG-00464,Sprint 3,2025-11-21,2025-11-21,Completed,0
ENG-00464,Sprint 4,2025-12-21,2025-12-21,Completed,0
ENG-00464,Sprint 5,2026-01-21,2026-01-21,Completed,0
ENG-00464,Sprint 6,2026-02-21,2026-02-25,Delayed,4
ENG-00464,Sprint 7,2026-03-21,2026-03-24,Completed,3
ENG-00464,Sprint 8,2026-04-21,2026-04-21,Completed,0
ENG-00464,Sprint 9,2026-05-21,2026-05-26,Delayed,5
ENG-00465,Sprint 1,2025-10-21,2025-10-21,Completed,0
ENG-00465,Sprint 2,2025-11-21,2025-11-23,Completed,2
ENG-00465,Sprint 3,2025-12-21,2025-12-21,Completed,0
ENG-00465,Sprint 4,2026-01-21,2026-01-21,Completed,0
ENG-00465,Sprint 5,2026-02-21,2026-02-21,Completed,0
ENG-00465,Sprint 6,2026-03-21,2026-03-26,Delayed,5
ENG-00465,Sprint 7,2026-04-21,2026-04-30,Delayed,9
ENG-00465,Sprint 8,2026-05-21,2026-05-21,Completed,0
ENG-00465,Sprint 9,2026-06-21,2026-06-21,Completed,0
ENG-00465,Sprint 10,2026-07-21,2026-07-22,Completed,1
ENG-00465,Sprint 11,2026-08-21,2026-08-21,Completed,0
ENG-00466,Sprint 1,2024-01-21,2024-01-21,Completed,0
ENG-00466,Sprint 2,2024-02-21,2024-02-29,Delayed,8
ENG-00466,Sprint 3,2024-03-21,2024-03-31,Delayed,10
ENG-00466,Sprint 4,2024-04-21,2024-04-23,Completed,2
ENG-00466,Sprint 5,2024-05-21,2024-05-30,Delayed,9
ENG-00466,Sprint 6,2024-06-21,2024-06-24,Completed,3
ENG-00467,Sprint 1,2024-05-21,2024-05-21,Completed,0
ENG-00467,Sprint 2,2024-06-21,2024-06-23,Completed,2
ENG-00467,Sprint 3,2024-07-21,2024-07-21,Completed,0
ENG-00467,Sprint 4,2024-08-21,2024-08-22,Completed,1
ENG-00467,Sprint 5,2024-09-21,2024-09-26,Delayed,5
ENG-00467,Sprint 6,2024-10-21,2024-10-24,Completed,3
ENG-00467,Sprint 7,2024-11-21,2024-11-21,Completed,0
ENG-00467,Sprint 8,2024-12-21,2024-12-27,Delayed,6
ENG-00467,Sprint 9,2025-01-21,2025-01-22,Completed,1
ENG-00467,Sprint 10,2025-02-21,2025-02-28,Delayed,7
ENG-00467,Sprint 11,2025-03-21,2025-03-21,Completed,0
ENG-00467,Sprint 12,2025-04-21,2025-04-24,Completed,3
ENG-00467,Sprint 13,2025-05-21,2025-05-23,Completed,2
ENG-00468,Sprint 1,2025-05-21,2025-05-25,Delayed,4
ENG-00468,Sprint 2,2025-06-21,2025-06-24,Completed,3
ENG-00468,Sprint 3,2025-07-21,2025-07-21,Completed,0
ENG-00468,Sprint 4,2025-08-21,2025-08-25,Delayed,4
ENG-00468,Sprint 5,2025-09-21,2025-09-21,Completed,0
ENG-00468,Sprint 6,2025-10-21,2025-10-26,Delayed,5
ENG-00468,Sprint 7,2025-11-21,2025-11-28,Delayed,7
ENG-00468,Sprint 8,2025-12-21,2025-12-25,Delayed,4
ENG-00468,Sprint 9,2026-01-21,2026-01-26,Delayed,5
ENG-00468,Sprint 10,2026-02-21,2026-02-22,Completed,1
ENG-00468,Sprint 11,2026-03-21,2026-03-23,Completed,2
ENG-00468,Sprint 12,2026-04-21,2026-04-27,Delayed,6
ENG-00468,Sprint 13,2026-05-21,2026-05-26,Delayed,5
ENG-00469,Sprint 1,2025-09-21,2025-09-23,Completed,2
ENG-00469,Sprint 2,2025-10-21,2025-10-23,Completed,2
ENG-00469,Sprint 3,2025-11-21,2025-11-24,Completed,3
ENG-00469,Sprint 4,2025-12-21,2025-12-21,Completed,0
ENG-00469,Sprint 5,2026-01-21,2026-01-21,Completed,0
ENG-00469,Sprint 6,2026-02-21,2026-02-26,Delayed,5
ENG-00469,Sprint 7,2026-03-21,2026-03-21,Completed,0
ENG-00469,Sprint 8,2026-04-21,2026-04-23,Completed,2
ENG-00469,Sprint 9,2026-05-21,2026-05-21,Completed,0
ENG-00469,Sprint 10,2026-06-21,2026-06-21,Completed,0
ENG-00469,Sprint 11,2026-07-21,2026-07-22,Completed,1
ENG-00469,Sprint 12,2026-08-21,2026-08-25,Delayed,4
ENG-00470,Sprint 1,2024-01-21,2024-01-21,Completed,0
ENG-00470,Sprint 2,2024-02-21,2024-02-21,Completed,0
ENG-00470,Sprint 3,2024-03-21,2024-03-24,Completed,3
ENG-00470,Sprint 4,2024-04-21,2024-04-26,Delayed,5
ENG-00470,Sprint 5,2024-05-21,2024-05-28,Delayed,7
ENG-00470,Sprint 6,2024-06-21,2024-06-23,Completed,2
ENG-00470,Sprint 7,2024-07-21,2024-07-21,Completed,0
ENG-00470,Sprint 8,2024-08-21,2024-08-21,Completed,0
ENG-00470,Sprint 9,2024-09-21,2024-09-25,Delayed,4
ENG-00471,Sprint 1,2026-04-21,2026-04-21,Completed,0
ENG-00471,Sprint 2,2026-05-21,2026-05-23,Completed,2
ENG-00471,Sprint 3,2026-06-21,2026-06-21,Completed,0
ENG-00471,Sprint 4,2026-07-21,2026-07-21,Completed,0
ENG-00471,Sprint 5,2026-08-21,2026-08-22,Completed,1
ENG-00472,Sprint 1,2024-04-21,2024-04-26,Delayed,5
ENG-00472,Sprint 2,2024-05-21,2024-05-21,Completed,0
ENG-00472,Sprint 3,2024-06-21,2024-06-22,Completed,1
ENG-00472,Sprint 4,2024-07-21,2024-07-24,Completed,3
ENG-00472,Sprint 5,2024-08-21,2024-08-22,Completed,1
ENG-00472,Sprint 6,2024-09-21,2024-09-29,Delayed,8
ENG-00472,Sprint 7,2024-10-21,2024-10-24,Completed,3
ENG-00472,Sprint 8,2024-11-21,2024-11-21,Completed,0
ENG-00472,Sprint 9,2024-12-21,2024-12-25,Delayed,4
ENG-00472,Sprint 10,2025-01-21,2025-01-24,Completed,3
ENG-00472,Sprint 11,2025-02-21,2025-02-24,Completed,3
ENG-00473,Sprint 1,2024-11-21,2024-11-22,Completed,1
ENG-00473,Sprint 2,2024-12-21,2024-12-21,Completed,0
ENG-00473,Sprint 3,2025-01-21,2025-01-21,Completed,0
ENG-00473,Sprint 4,2025-02-21,2025-02-21,Completed,0
ENG-00473,Sprint 5,2025-03-21,2025-03-21,Completed,0
ENG-00473,Sprint 6,2025-04-21,2025-04-22,Completed,1
ENG-00473,Sprint 7,2025-05-21,2025-05-23,Completed,2
ENG-00474,Sprint 1,2025-02-21,2025-02-26,Delayed,5
ENG-00474,Sprint 2,2025-03-21,2025-03-21,Completed,0
ENG-00474,Sprint 3,2025-04-21,2025-04-21,Completed,0
ENG-00474,Sprint 4,2025-05-21,2025-05-23,Completed,2
ENG-00474,Sprint 5,2025-06-21,2025-06-24,Completed,3
ENG-00474,Sprint 6,2025-07-21,2025-07-22,Completed,1
ENG-00474,Sprint 7,2025-08-21,2025-08-22,Completed,1
ENG-00474,Sprint 8,2025-09-21,2025-09-21,Completed,0
ENG-00474,Sprint 9,2025-10-21,2025-10-23,Completed,2
ENG-00474,Sprint 10,2025-11-21,2025-11-23,Completed,2
ENG-00475,Sprint 1,2024-10-21,2024-10-24,Completed,3
ENG-00475,Sprint 2,2024-11-21,2024-11-21,Completed,0
ENG-00475,Sprint 3,2024-12-21,2024-12-30,Delayed,9
ENG-00475,Sprint 4,2025-01-21,2025-01-27,Delayed,6
ENG-00475,Sprint 5,2025-02-21,2025-02-26,Delayed,5
ENG-00475,Sprint 6,2025-03-21,2025-03-21,Completed,0
ENG-00475,Sprint 7,2025-04-21,2025-04-22,Completed,1
ENG-00475,Sprint 8,2025-05-21,2025-05-24,Completed,3
ENG-00475,Sprint 9,2025-06-21,2025-06-23,Completed,2
ENG-00475,Sprint 10,2025-07-21,2025-07-22,Completed,1
ENG-00475,Sprint 11,2025-08-21,2025-08-25,Delayed,4
ENG-00475,Sprint 12,2025-09-21,2025-09-21,Completed,0
ENG-00475,Sprint 13,2025-10-21,2025-10-24,Completed,3
ENG-00476,Sprint 1,2025-06-21,2025-06-26,Delayed,5
ENG-00476,Sprint 2,2025-07-21,2025-07-29,Delayed,8
ENG-00476,Sprint 3,2025-08-21,2025-08-31,Delayed,10
ENG-00476,Sprint 4,2025-09-21,2025-09-29,Delayed,8
ENG-00477,Sprint 1,2024-07-21,2024-07-23,Completed,2
ENG-00477,Sprint 2,2024-08-21,2024-08-21,Completed,0
ENG-00477,Sprint 3,2024-09-21,2024-09-24,Completed,3
ENG-00477,Sprint 4,2024-10-21,2024-10-28,Delayed,7
ENG-00477,Sprint 5,2024-11-21,2024-11-23,Completed,2
ENG-00477,Sprint 6,2024-12-21,2024-12-22,Completed,1
ENG-00477,Sprint 7,2025-01-21,2025-01-21,Completed,0
ENG-00477,Sprint 8,2025-02-21,2025-02-22,Completed,1
ENG-00477,Sprint 9,2025-03-21,2025-03-26,Delayed,5
ENG-00477,Sprint 10,2025-04-21,2025-04-21,Completed,0
ENG-00477,Sprint 11,2025-05-21,2025-05-31,Delayed,10
ENG-00477,Sprint 12,2025-06-21,2025-06-25,Delayed,4
ENG-00477,Sprint 13,2025-07-21,2025-07-22,Completed,1
ENG-00478,Sprint 1,2024-10-21,2024-10-25,Delayed,4
ENG-00478,Sprint 2,2024-11-21,2024-11-25,Delayed,4
ENG-00478,Sprint 3,2024-12-21,2024-12-29,Delayed,8
ENG-00478,Sprint 4,2025-01-21,2025-01-24,Completed,3
ENG-00478,Sprint 5,2025-02-21,2025-03-01,Delayed,8
ENG-00479,Sprint 1,2025-12-21,2025-12-28,Delayed,7
ENG-00479,Sprint 2,2026-01-21,2026-01-30,Delayed,9
ENG-00479,Sprint 3,2026-02-21,2026-02-22,Completed,1
ENG-00479,Sprint 4,2026-03-21,2026-03-24,Completed,3
ENG-00479,Sprint 5,2026-04-21,2026-04-22,Completed,1
ENG-00479,Sprint 6,2026-05-21,2026-05-23,Completed,2
ENG-00479,Sprint 7,2026-06-21,2026-06-23,Completed,2
ENG-00479,Sprint 8,2026-07-21,2026-07-28,Delayed,7
ENG-00479,Sprint 9,2026-08-21,2026-08-21,Completed,0
ENG-00480,Sprint 1,2026-04-21,2026-04-21,Completed,0
ENG-00480,Sprint 2,2026-05-21,2026-05-21,Completed,0
ENG-00480,Sprint 3,2026-06-21,2026-06-21,Completed,0
ENG-00480,Sprint 4,2026-07-21,2026-07-21,Completed,0
ENG-00480,Sprint 5,2026-08-21,2026-08-21,Completed,0
ENG-00481,Sprint 1,2026-08-21,2026-08-26,Delayed,5
ENG-00481,Sprint 2,2026-09-21,2026-09-24,Completed,3
ENG-00481,Sprint 3,2026-10-21,2026-10-23,Completed,2
ENG-00481,Sprint 4,2026-11-21,2026-12-01,Delayed,10
ENG-00482,Sprint 1,2026-07-21,2026-07-23,Completed,2
ENG-00482,Sprint 2,2026-08-21,2026-08-29,Delayed,8
ENG-00483,Sprint 1,2024-10-21,2024-10-22,Completed,1
ENG-00483,Sprint 2,2024-11-21,2024-11-22,Completed,1
ENG-00483,Sprint 3,2024-12-21,2024-12-29,Delayed,8
ENG-00483,Sprint 4,2025-01-21,2025-01-24,Completed,3
ENG-00483,Sprint 5,2025-02-21,2025-03-01,Delayed,8
ENG-00484,Sprint 1,2024-05-21,2024-05-27,Delayed,6
ENG-00484,Sprint 2,2024-06-21,2024-06-25,Delayed,4
ENG-00484,Sprint 3,2024-07-21,2024-07-21,Completed,0
ENG-00484,Sprint 4,2024-08-21,2024-08-21,Completed,0
ENG-00484,Sprint 5,2024-09-21,2024-09-23,Completed,2
ENG-00484,Sprint 6,2024-10-21,2024-10-21,Completed,0
ENG-00484,Sprint 7,2024-11-21,2024-11-21,Completed,0
ENG-00484,Sprint 8,2024-12-21,2024-12-21,Completed,0
ENG-00484,Sprint 9,2025-01-21,2025-01-21,Completed,0
ENG-00484,Sprint 10,2025-02-21,2025-02-21,Completed,0
ENG-00484,Sprint 11,2025-03-21,2025-03-23,Completed,2
ENG-00484,Sprint 12,2025-04-21,2025-04-22,Completed,1
ENG-00484,Sprint 13,2025-05-21,2025-05-24,Completed,3
ENG-00485,Sprint 1,2024-06-21,2024-06-21,Completed,0
ENG-00485,Sprint 2,2024-07-21,2024-07-23,Completed,2
ENG-00485,Sprint 3,2024-08-21,2024-08-25,Delayed,4
ENG-00485,Sprint 4,2024-09-21,2024-09-25,Delayed,4
ENG-00485,Sprint 5,2024-10-21,2024-10-23,Completed,2
ENG-00485,Sprint 6,2024-11-21,2024-11-27,Delayed,6
ENG-00485,Sprint 7,2024-12-21,2024-12-25,Delayed,4
ENG-00485,Sprint 8,2025-01-21,2025-01-21,Completed,0
ENG-00485,Sprint 9,2025-02-21,2025-02-28,Delayed,7
ENG-00485,Sprint 10,2025-03-21,2025-03-21,Completed,0
ENG-00485,Sprint 11,2025-04-21,2025-04-22,Completed,1
ENG-00486,Sprint 1,2026-02-21,2026-02-25,Delayed,4
ENG-00486,Sprint 2,2026-03-21,2026-03-24,Completed,3
ENG-00486,Sprint 3,2026-04-21,2026-04-22,Completed,1
ENG-00486,Sprint 4,2026-05-21,2026-05-24,Completed,3
ENG-00486,Sprint 5,2026-06-21,2026-06-21,Completed,0
ENG-00486,Sprint 6,2026-07-21,2026-07-21,Completed,0
ENG-00486,Sprint 7,2026-08-21,2026-08-21,Completed,0
ENG-00487,Sprint 1,2024-10-21,2024-10-22,Completed,1
ENG-00487,Sprint 2,2024-11-21,2024-11-24,Completed,3
ENG-00487,Sprint 3,2024-12-21,2024-12-28,Delayed,7
ENG-00487,Sprint 4,2025-01-21,2025-01-21,Completed,0
ENG-00487,Sprint 5,2025-02-21,2025-02-21,Completed,0
ENG-00487,Sprint 6,2025-03-21,2025-03-23,Completed,2
ENG-00487,Sprint 7,2025-04-21,2025-04-25,Delayed,4
ENG-00488,Sprint 1,2024-07-21,2024-07-21,Completed,0
ENG-00488,Sprint 2,2024-08-21,2024-08-23,Completed,2
ENG-00488,Sprint 3,2024-09-21,2024-09-22,Completed,1
ENG-00488,Sprint 4,2024-10-21,2024-10-23,Completed,2
ENG-00488,Sprint 5,2024-11-21,2024-11-21,Completed,0
ENG-00488,Sprint 6,2024-12-21,2024-12-25,Delayed,4
ENG-00488,Sprint 7,2025-01-21,2025-01-21,Completed,0
ENG-00488,Sprint 8,2025-02-21,2025-02-23,Completed,2
ENG-00488,Sprint 9,2025-03-21,2025-03-21,Completed,0
ENG-00488,Sprint 10,2025-04-21,2025-04-21,Completed,0
ENG-00488,Sprint 11,2025-05-21,2025-05-21,Completed,0
ENG-00489,Sprint 1,2025-04-21,2025-04-25,Delayed,4
ENG-00489,Sprint 2,2025-05-21,2025-05-22,Completed,1
ENG-00489,Sprint 3,2025-06-21,2025-06-29,Delayed,8
ENG-00489,Sprint 4,2025-07-21,2025-07-25,Delayed,4
ENG-00489,Sprint 5,2025-08-21,2025-08-25,Delayed,4
ENG-00489,Sprint 6,2025-09-21,2025-09-24,Completed,3
ENG-00489,Sprint 7,2025-10-21,2025-10-24,Completed,3
ENG-00489,Sprint 8,2025-11-21,2025-11-29,Delayed,8
ENG-00489,Sprint 9,2025-12-21,2025-12-27,Delayed,6
ENG-00490,Sprint 1,2024-08-21,2024-08-23,Completed,2
ENG-00490,Sprint 2,2024-09-21,2024-09-24,Completed,3
ENG-00490,Sprint 3,2024-10-21,2024-10-26,Delayed,5
ENG-00490,Sprint 4,2024-11-21,2024-11-25,Delayed,4
ENG-00490,Sprint 5,2024-12-21,2024-12-25,Delayed,4
ENG-00490,Sprint 6,2025-01-21,2025-01-21,Completed,0
ENG-00490,Sprint 7,2025-02-21,2025-02-23,Completed,2
ENG-00491,Sprint 1,2024-07-21,2024-07-21,Completed,0
ENG-00491,Sprint 2,2024-08-21,2024-08-23,Completed,2
ENG-00491,Sprint 3,2024-09-21,2024-09-27,Delayed,6
ENG-00491,Sprint 4,2024-10-21,2024-10-21,Completed,0
ENG-00491,Sprint 5,2024-11-21,2024-11-25,Delayed,4
ENG-00491,Sprint 6,2024-12-21,2024-12-21,Completed,0
ENG-00491,Sprint 7,2025-01-21,2025-01-25,Delayed,4
ENG-00491,Sprint 8,2025-02-21,2025-02-21,Completed,0
ENG-00491,Sprint 9,2025-03-21,2025-03-26,Delayed,5
ENG-00491,Sprint 10,2025-04-21,2025-04-22,Completed,1
ENG-00492,Sprint 1,2024-12-21,2024-12-21,Completed,0
ENG-00492,Sprint 2,2025-01-21,2025-01-21,Completed,0
ENG-00492,Sprint 3,2025-02-21,2025-02-21,Completed,0
ENG-00492,Sprint 4,2025-03-21,2025-03-23,Completed,2
ENG-00492,Sprint 5,2025-04-21,2025-04-23,Completed,2
ENG-00492,Sprint 6,2025-05-21,2025-05-25,Delayed,4
ENG-00492,Sprint 7,2025-06-21,2025-06-21,Completed,0
ENG-00493,Sprint 1,2024-07-21,2024-07-28,Delayed,7
ENG-00493,Sprint 2,2024-08-21,2024-08-24,Completed,3
ENG-00493,Sprint 3,2024-09-21,2024-09-21,Completed,0
ENG-00493,Sprint 4,2024-10-21,2024-10-23,Completed,2
ENG-00493,Sprint 5,2024-11-21,2024-11-22,Completed,1
ENG-00493,Sprint 6,2024-12-21,2024-12-22,Completed,1
ENG-00493,Sprint 7,2025-01-21,2025-01-23,Completed,2
ENG-00493,Sprint 8,2025-02-21,2025-02-21,Completed,0
ENG-00493,Sprint 9,2025-03-21,2025-03-21,Completed,0
ENG-00494,Sprint 1,2025-12-21,2025-12-21,Completed,0
ENG-00494,Sprint 2,2026-01-21,2026-01-22,Completed,1
ENG-00494,Sprint 3,2026-02-21,2026-02-24,Completed,3
ENG-00494,Sprint 4,2026-03-21,2026-03-21,Completed,0
ENG-00494,Sprint 5,2026-04-21,2026-04-21,Completed,0
ENG-00494,Sprint 6,2026-05-21,2026-05-21,Completed,0
ENG-00494,Sprint 7,2026-06-21,2026-06-21,Completed,0
ENG-00494,Sprint 8,2026-07-21,2026-07-21,Completed,0
ENG-00495,Sprint 1,2024-08-21,2024-08-24,Completed,3
ENG-00495,Sprint 2,2024-09-21,2024-09-23,Completed,2
ENG-00495,Sprint 3,2024-10-21,2024-10-30,Delayed,9
ENG-00495,Sprint 4,2024-11-21,2024-11-21,Completed,0
ENG-00495,Sprint 5,2024-12-21,2024-12-22,Completed,1
ENG-00495,Sprint 6,2025-01-21,2025-01-21,Completed,0
ENG-00495,Sprint 7,2025-02-21,2025-02-21,Completed,0
ENG-00495,Sprint 8,2025-03-21,2025-03-21,Completed,0
ENG-00495,Sprint 9,2025-04-21,2025-04-21,Completed,0
ENG-00495,Sprint 10,2025-05-21,2025-05-25,Delayed,4
ENG-00495,Sprint 11,2025-06-21,2025-06-21,Completed,0
ENG-00495,Sprint 12,2025-07-21,2025-07-21,Completed,0
ENG-00496,Sprint 1,2026-02-21,2026-02-23,Completed,2
ENG-00496,Sprint 2,2026-03-21,2026-03-23,Completed,2
ENG-00496,Sprint 3,2026-04-21,2026-04-26,Delayed,5
ENG-00496,Sprint 4,2026-05-21,2026-05-23,Completed,2
ENG-00496,Sprint 5,2026-06-21,2026-06-21,Completed,0
ENG-00496,Sprint 6,2026-07-21,2026-07-25,Delayed,4
ENG-00496,Sprint 7,2026-08-21,2026-08-21,Completed,0
ENG-00497,Sprint 1,2026-06-21,2026-07-02,Delayed,11
ENG-00497,Sprint 2,2026-07-21,2026-07-26,Delayed,5
ENG-00497,Sprint 3,2026-08-21,2026-08-21,Completed,0
ENG-00497,Sprint 4,2026-09-21,2026-09-21,Completed,0
ENG-00497,Sprint 5,2026-10-21,2026-10-21,Completed,0
ENG-00497,Sprint 6,2026-11-21,2026-11-21,Completed,0
ENG-00497,Sprint 7,2026-12-21,2026-12-27,Delayed,6
ENG-00497,Sprint 8,2027-01-21,2027-01-23,Completed,2
ENG-00497,Sprint 9,2027-02-21,2027-02-27,Delayed,6
ENG-00498,Sprint 1,2026-06-21,2026-06-23,Completed,2
ENG-00498,Sprint 2,2026-07-21,2026-07-27,Delayed,6
ENG-00498,Sprint 3,2026-08-21,2026-08-21,Completed,0
ENG-00499,Sprint 1,2025-04-21,2025-04-23,Completed,2
ENG-00499,Sprint 2,2025-05-21,2025-05-25,Delayed,4
ENG-00499,Sprint 3,2025-06-21,2025-06-23,Completed,2
ENG-00499,Sprint 4,2025-07-21,2025-07-23,Completed,2
ENG-00499,Sprint 5,2025-08-21,2025-08-21,Completed,0
ENG-00499,Sprint 6,2025-09-21,2025-09-21,Completed,0
ENG-00499,Sprint 7,2025-10-21,2025-10-23,Completed,2
ENG-00499,Sprint 8,2025-11-21,2025-11-26,Delayed,5
ENG-00499,Sprint 9,2025-12-21,2025-12-21,Completed,0
ENG-00500,Sprint 1,2024-10-21,2024-10-26,Delayed,5
ENG-00500,Sprint 2,2024-11-21,2024-11-24,Completed,3
ENG-00500,Sprint 3,2024-12-21,2024-12-24,Completed,3
ENG-00500,Sprint 4,2025-01-21,2025-01-26,Delayed,5
ENG-00500,Sprint 5,2025-02-21,2025-02-24,Completed,3
ENG-00500,Sprint 6,2025-03-21,2025-03-22,Completed,1
ENG-00500,Sprint 7,2025-04-21,2025-04-23,Completed,2
ENG-00500,Sprint 8,2025-05-21,2025-05-22,Completed,1
ENG-00500,Sprint 9,2025-06-21,2025-06-21,Completed,0
ENG-00500,Sprint 10,2025-07-21,2025-07-24,Completed,3
ENG-00500,Sprint 11,2025-08-21,2025-08-21,Completed,0
ENG-00500,Sprint 12,2025-09-21,2025-09-25,Delayed,4
ENG-00501,Sprint 1,2025-10-21,2025-10-21,Completed,0
ENG-00501,Sprint 2,2025-11-21,2025-11-23,Completed,2
ENG-00501,Sprint 3,2025-12-21,2025-12-22,Completed,1
ENG-00501,Sprint 4,2026-01-21,2026-01-28,Delayed,7
ENG-00501,Sprint 5,2026-02-21,2026-02-27,Delayed,6
ENG-00501,Sprint 6,2026-03-21,2026-03-25,Delayed,4
ENG-00501,Sprint 7,2026-04-21,2026-04-30,Delayed,9
ENG-00501,Sprint 8,2026-05-21,2026-05-27,Delayed,6
ENG-00501,Sprint 9,2026-06-21,2026-07-02,Delayed,11
ENG-00502,Sprint 1,2024-01-21,2024-01-24,Completed,3
ENG-00502,Sprint 2,2024-02-21,2024-02-25,Delayed,4
ENG-00502,Sprint 3,2024-03-21,2024-03-25,Delayed,4
ENG-00502,Sprint 4,2024-04-21,2024-04-27,Delayed,6
ENG-00502,Sprint 5,2024-05-21,2024-05-30,Delayed,9
ENG-00503,Sprint 1,2025-12-21,2025-12-22,Completed,1
ENG-00503,Sprint 2,2026-01-21,2026-01-21,Completed,0
ENG-00503,Sprint 3,2026-02-21,2026-02-21,Completed,0
ENG-00503,Sprint 4,2026-03-21,2026-03-21,Completed,0
ENG-00503,Sprint 5,2026-04-21,2026-04-24,Completed,3
ENG-00503,Sprint 6,2026-05-21,2026-05-22,Completed,1
ENG-00503,Sprint 7,2026-06-21,2026-06-21,Completed,0
ENG-00504,Sprint 1,2026-08-21,2026-08-26,Delayed,5
ENG-00505,Sprint 1,2025-02-21,2025-02-21,Completed,0
ENG-00505,Sprint 2,2025-03-21,2025-03-27,Delayed,6
ENG-00505,Sprint 3,2025-04-21,2025-04-26,Delayed,5
ENG-00505,Sprint 4,2025-05-21,2025-06-03,Delayed,13
ENG-00506,Sprint 1,2026-03-21,2026-03-21,Completed,0
ENG-00506,Sprint 2,2026-04-21,2026-04-25,Delayed,4
ENG-00506,Sprint 3,2026-05-21,2026-05-25,Delayed,4
ENG-00506,Sprint 4,2026-06-21,2026-06-21,Completed,0
ENG-00506,Sprint 5,2026-07-21,2026-07-25,Delayed,4
ENG-00507,Sprint 1,2024-04-21,2024-04-23,Completed,2
ENG-00507,Sprint 2,2024-05-21,2024-05-25,Delayed,4
ENG-00507,Sprint 3,2024-06-21,2024-06-21,Completed,0
ENG-00507,Sprint 4,2024-07-21,2024-07-22,Completed,1
ENG-00507,Sprint 5,2024-08-21,2024-08-26,Delayed,5
ENG-00507,Sprint 6,2024-09-21,2024-09-25,Delayed,4
ENG-00507,Sprint 7,2024-10-21,2024-10-22,Completed,1
ENG-00507,Sprint 8,2024-11-21,2024-11-21,Completed,0
ENG-00507,Sprint 9,2024-12-21,2024-12-27,Delayed,6
ENG-00508,Sprint 1,2025-03-21,2025-03-21,Completed,0
ENG-00508,Sprint 2,2025-04-21,2025-04-22,Completed,1
ENG-00508,Sprint 3,2025-05-21,2025-05-26,Delayed,5
ENG-00508,Sprint 4,2025-06-21,2025-06-23,Completed,2
ENG-00508,Sprint 5,2025-07-21,2025-07-22,Completed,1
ENG-00508,Sprint 6,2025-08-21,2025-08-23,Completed,2
ENG-00508,Sprint 7,2025-09-21,2025-09-23,Completed,2
ENG-00508,Sprint 8,2025-10-21,2025-10-26,Delayed,5
ENG-00508,Sprint 9,2025-11-21,2025-11-23,Completed,2
ENG-00508,Sprint 10,2025-12-21,2025-12-23,Completed,2
ENG-00508,Sprint 11,2026-01-21,2026-01-25,Delayed,4
ENG-00509,Sprint 1,2025-06-21,2025-06-23,Completed,2
ENG-00509,Sprint 2,2025-07-21,2025-07-24,Completed,3
ENG-00509,Sprint 3,2025-08-21,2025-08-21,Completed,0
ENG-00509,Sprint 4,2025-09-21,2025-09-22,Completed,1
ENG-00509,Sprint 5,2025-10-21,2025-10-21,Completed,0
ENG-00509,Sprint 6,2025-11-21,2025-11-26,Delayed,5
ENG-00509,Sprint 7,2025-12-21,2025-12-21,Completed,0
ENG-00509,Sprint 8,2026-01-21,2026-01-21,Completed,0
ENG-00510,Sprint 1,2025-02-21,2025-02-24,Completed,3
ENG-00510,Sprint 2,2025-03-21,2025-03-23,Completed,2
ENG-00510,Sprint 3,2025-04-21,2025-04-21,Completed,0
ENG-00510,Sprint 4,2025-05-21,2025-05-26,Delayed,5
ENG-00510,Sprint 5,2025-06-21,2025-06-24,Completed,3
ENG-00510,Sprint 6,2025-07-21,2025-07-28,Delayed,7
ENG-00511,Sprint 1,2026-04-21,2026-04-29,Delayed,8
ENG-00511,Sprint 2,2026-05-21,2026-05-23,Completed,2
ENG-00511,Sprint 3,2026-06-21,2026-06-25,Delayed,4
ENG-00511,Sprint 4,2026-07-21,2026-07-27,Delayed,6
ENG-00511,Sprint 5,2026-08-21,2026-08-26,Delayed,5
ENG-00512,Sprint 1,2024-12-21,2024-12-23,Completed,2
ENG-00512,Sprint 2,2025-01-21,2025-01-26,Delayed,5
ENG-00512,Sprint 3,2025-02-21,2025-02-24,Completed,3
ENG-00512,Sprint 4,2025-03-21,2025-03-21,Completed,0
ENG-00512,Sprint 5,2025-04-21,2025-04-23,Completed,2
ENG-00512,Sprint 6,2025-05-21,2025-05-24,Completed,3
ENG-00512,Sprint 7,2025-06-21,2025-06-25,Delayed,4
ENG-00512,Sprint 8,2025-07-21,2025-07-21,Completed,0
ENG-00512,Sprint 9,2025-08-21,2025-08-21,Completed,0
ENG-00512,Sprint 10,2025-09-21,2025-09-21,Completed,0
ENG-00512,Sprint 11,2025-10-21,2025-10-26,Delayed,5
ENG-00512,Sprint 12,2025-11-21,2025-11-22,Completed,1
ENG-00512,Sprint 13,2025-12-21,2025-12-21,Completed,0
ENG-00513,Sprint 1,2025-08-21,2025-08-21,Completed,0
ENG-00513,Sprint 2,2025-09-21,2025-09-27,Delayed,6
ENG-00513,Sprint 3,2025-10-21,2025-10-24,Completed,3
ENG-00513,Sprint 4,2025-11-21,2025-11-24,Completed,3
ENG-00513,Sprint 5,2025-12-21,2025-12-24,Completed,3
ENG-00513,Sprint 6,2026-01-21,2026-01-26,Delayed,5
ENG-00513,Sprint 7,2026-02-21,2026-02-28,Delayed,7
ENG-00514,Sprint 1,2025-08-21,2025-08-24,Completed,3
ENG-00514,Sprint 2,2025-09-21,2025-09-25,Delayed,4
ENG-00514,Sprint 3,2025-10-21,2025-10-21,Completed,0
ENG-00514,Sprint 4,2025-11-21,2025-11-24,Completed,3
ENG-00514,Sprint 5,2025-12-21,2025-12-23,Completed,2
ENG-00514,Sprint 6,2026-01-21,2026-01-21,Completed,0
ENG-00514,Sprint 7,2026-02-21,2026-02-21,Completed,0
ENG-00514,Sprint 8,2026-03-21,2026-03-21,Completed,0
ENG-00514,Sprint 9,2026-04-21,2026-04-21,Completed,0
ENG-00514,Sprint 10,2026-05-21,2026-05-21,Completed,0
ENG-00514,Sprint 11,2026-06-21,2026-06-26,Delayed,5
ENG-00514,Sprint 12,2026-07-21,2026-07-25,Delayed,4
ENG-00514,Sprint 13,2026-08-21,2026-08-23,Completed,2
ENG-00515,Sprint 1,2025-10-21,2025-10-23,Completed,2
ENG-00515,Sprint 2,2025-11-21,2025-11-28,Delayed,7
ENG-00515,Sprint 3,2025-12-21,2025-12-25,Delayed,4
ENG-00515,Sprint 4,2026-01-21,2026-01-31,Delayed,10
ENG-00516,Sprint 1,2025-04-21,2025-04-21,Completed,0
ENG-00516,Sprint 2,2025-05-21,2025-05-21,Completed,0
ENG-00516,Sprint 3,2025-06-21,2025-06-21,Completed,0
ENG-00516,Sprint 4,2025-07-21,2025-07-21,Completed,0
ENG-00516,Sprint 5,2025-08-21,2025-08-22,Completed,1
ENG-00516,Sprint 6,2025-09-21,2025-09-21,Completed,0
ENG-00516,Sprint 7,2025-10-21,2025-10-21,Completed,0
ENG-00516,Sprint 8,2025-11-21,2025-11-21,Completed,0
ENG-00516,Sprint 9,2025-12-21,2025-12-21,Completed,0
ENG-00517,Sprint 1,2024-08-21,2024-08-21,Completed,0
ENG-00517,Sprint 2,2024-09-21,2024-09-23,Completed,2
ENG-00517,Sprint 3,2024-10-21,2024-10-21,Completed,0
ENG-00517,Sprint 4,2024-11-21,2024-11-22,Completed,1
ENG-00517,Sprint 5,2024-12-21,2024-12-21,Completed,0
ENG-00517,Sprint 6,2025-01-21,2025-01-22,Completed,1
ENG-00517,Sprint 7,2025-02-21,2025-02-23,Completed,2
ENG-00517,Sprint 8,2025-03-21,2025-03-25,Delayed,4
ENG-00517,Sprint 9,2025-04-21,2025-04-27,Delayed,6
ENG-00518,Sprint 1,2024-01-21,2024-01-21,Completed,0
ENG-00518,Sprint 2,2024-02-21,2024-02-21,Completed,0
ENG-00518,Sprint 3,2024-03-21,2024-03-22,Completed,1
ENG-00518,Sprint 4,2024-04-21,2024-04-23,Completed,2
ENG-00518,Sprint 5,2024-05-21,2024-05-24,Completed,3
ENG-00518,Sprint 6,2024-06-21,2024-06-21,Completed,0
ENG-00518,Sprint 7,2024-07-21,2024-07-25,Delayed,4
ENG-00518,Sprint 8,2024-08-21,2024-08-23,Completed,2
ENG-00518,Sprint 9,2024-09-21,2024-09-22,Completed,1
ENG-00518,Sprint 10,2024-10-21,2024-10-21,Completed,0
ENG-00518,Sprint 11,2024-11-21,2024-11-22,Completed,1
ENG-00518,Sprint 12,2024-12-21,2024-12-21,Completed,0
ENG-00519,Sprint 1,2024-10-21,2024-10-21,Completed,0
ENG-00519,Sprint 2,2024-11-21,2024-11-24,Completed,3
ENG-00519,Sprint 3,2024-12-21,2024-12-21,Completed,0
ENG-00519,Sprint 4,2025-01-21,2025-01-24,Completed,3
ENG-00519,Sprint 5,2025-02-21,2025-02-21,Completed,0
ENG-00519,Sprint 6,2025-03-21,2025-03-22,Completed,1
ENG-00519,Sprint 7,2025-04-21,2025-04-21,Completed,0
ENG-00519,Sprint 8,2025-05-21,2025-05-24,Completed,3
ENG-00519,Sprint 9,2025-06-21,2025-06-27,Delayed,6
ENG-00519,Sprint 10,2025-07-21,2025-07-22,Completed,1
ENG-00519,Sprint 11,2025-08-21,2025-08-24,Completed,3
ENG-00519,Sprint 12,2025-09-21,2025-09-21,Completed,0
ENG-00519,Sprint 13,2025-10-21,2025-10-22,Completed,1
ENG-00520,Sprint 1,2025-03-21,2025-03-22,Completed,1
ENG-00520,Sprint 2,2025-04-21,2025-04-22,Completed,1
ENG-00520,Sprint 3,2025-05-21,2025-05-21,Completed,0
ENG-00520,Sprint 4,2025-06-21,2025-06-23,Completed,2
ENG-00520,Sprint 5,2025-07-21,2025-07-21,Completed,0
ENG-00520,Sprint 6,2025-08-21,2025-08-21,Completed,0
ENG-00520,Sprint 7,2025-09-21,2025-09-21,Completed,0
ENG-00520,Sprint 8,2025-10-21,2025-10-27,Delayed,6
ENG-00520,Sprint 9,2025-11-21,2025-11-21,Completed,0
ENG-00520,Sprint 10,2025-12-21,2025-12-21,Completed,0
ENG-00520,Sprint 11,2026-01-21,2026-01-21,Completed,0
ENG-00520,Sprint 12,2026-02-21,2026-02-21,Completed,0
ENG-00520,Sprint 13,2026-03-21,2026-03-21,Completed,0
ENG-00521,Sprint 1,2024-02-21,2024-02-21,Completed,0
ENG-00521,Sprint 2,2024-03-21,2024-03-22,Completed,1
ENG-00521,Sprint 3,2024-04-21,2024-04-30,Delayed,9
ENG-00521,Sprint 4,2024-05-21,2024-05-25,Delayed,4
ENG-00521,Sprint 5,2024-06-21,2024-06-21,Completed,0
ENG-00521,Sprint 6,2024-07-21,2024-07-28,Delayed,7
ENG-00521,Sprint 7,2024-08-21,2024-08-21,Completed,0
ENG-00521,Sprint 8,2024-09-21,2024-09-21,Completed,0
ENG-00521,Sprint 9,2024-10-21,2024-10-24,Completed,3
ENG-00522,Sprint 1,2025-06-21,2025-06-21,Completed,0
ENG-00522,Sprint 2,2025-07-21,2025-07-24,Completed,3
ENG-00522,Sprint 3,2025-08-21,2025-08-27,Delayed,6
ENG-00522,Sprint 4,2025-09-21,2025-09-26,Delayed,5
ENG-00522,Sprint 5,2025-10-21,2025-10-22,Completed,1
ENG-00522,Sprint 6,2025-11-21,2025-11-26,Delayed,5
ENG-00522,Sprint 7,2025-12-21,2025-12-23,Completed,2
ENG-00522,Sprint 8,2026-01-21,2026-01-27,Delayed,6
ENG-00522,Sprint 9,2026-02-21,2026-02-26,Delayed,5
ENG-00522,Sprint 10,2026-03-21,2026-03-21,Completed,0
ENG-00522,Sprint 11,2026-04-21,2026-04-22,Completed,1
ENG-00522,Sprint 12,2026-05-21,2026-05-24,Completed,3
ENG-00523,Sprint 1,2024-01-21,2024-01-21,Completed,0
ENG-00523,Sprint 2,2024-02-21,2024-02-22,Completed,1
ENG-00523,Sprint 3,2024-03-21,2024-03-24,Completed,3
ENG-00523,Sprint 4,2024-04-21,2024-05-01,Delayed,10
ENG-00523,Sprint 5,2024-05-21,2024-05-27,Delayed,6
ENG-00523,Sprint 6,2024-06-21,2024-06-26,Delayed,5
ENG-00523,Sprint 7,2024-07-21,2024-07-21,Completed,0
ENG-00523,Sprint 8,2024-08-21,2024-08-26,Delayed,5
ENG-00523,Sprint 9,2024-09-21,2024-09-28,Delayed,7
ENG-00524,Sprint 1,2025-09-21,2025-09-22,Completed,1
ENG-00524,Sprint 2,2025-10-21,2025-10-21,Completed,0
ENG-00524,Sprint 3,2025-11-21,2025-11-26,Delayed,5
ENG-00524,Sprint 4,2025-12-21,2025-12-21,Completed,0
ENG-00524,Sprint 5,2026-01-21,2026-01-28,Delayed,7
ENG-00524,Sprint 6,2026-02-21,2026-02-24,Completed,3
ENG-00524,Sprint 7,2026-03-21,2026-03-21,Completed,0
ENG-00524,Sprint 8,2026-04-21,2026-04-23,Completed,2
ENG-00524,Sprint 9,2026-05-21,2026-05-21,Completed,0
ENG-00524,Sprint 10,2026-06-21,2026-06-23,Completed,2
ENG-00524,Sprint 11,2026-07-21,2026-07-21,Completed,0
ENG-00524,Sprint 12,2026-08-21,2026-08-23,Completed,2
ENG-00525,Sprint 1,2025-02-21,2025-02-23,Completed,2
ENG-00525,Sprint 2,2025-03-21,2025-03-22,Completed,1
ENG-00525,Sprint 3,2025-04-21,2025-04-24,Completed,3
ENG-00525,Sprint 4,2025-05-21,2025-05-25,Delayed,4
ENG-00525,Sprint 5,2025-06-21,2025-06-21,Completed,0
ENG-00525,Sprint 6,2025-07-21,2025-07-21,Completed,0
ENG-00525,Sprint 7,2025-08-21,2025-08-31,Delayed,10
ENG-00525,Sprint 8,2025-09-21,2025-09-22,Completed,1
ENG-00526,Sprint 1,2026-03-21,2026-03-21,Completed,0
ENG-00526,Sprint 2,2026-04-21,2026-04-21,Completed,0
ENG-00526,Sprint 3,2026-05-21,2026-05-23,Completed,2
ENG-00526,Sprint 4,2026-06-21,2026-06-21,Completed,0
ENG-00526,Sprint 5,2026-07-21,2026-07-21,Completed,0
ENG-00526,Sprint 6,2026-08-21,2026-08-25,Delayed,4
ENG-00527,Sprint 1,2025-05-21,2025-05-28,Delayed,7
ENG-00527,Sprint 2,2025-06-21,2025-06-21,Completed,0
ENG-00527,Sprint 3,2025-07-21,2025-07-26,Delayed,5
ENG-00527,Sprint 4,2025-08-21,2025-08-24,Completed,3
ENG-00528,Sprint 1,2025-05-21,2025-05-27,Delayed,6
ENG-00528,Sprint 2,2025-06-21,2025-06-25,Delayed,4
ENG-00528,Sprint 3,2025-07-21,2025-07-24,Completed,3
ENG-00528,Sprint 4,2025-08-21,2025-08-22,Completed,1
ENG-00528,Sprint 5,2025-09-21,2025-09-24,Completed,3
ENG-00528,Sprint 6,2025-10-21,2025-10-23,Completed,2
ENG-00528,Sprint 7,2025-11-21,2025-11-21,Completed,0
ENG-00528,Sprint 8,2025-12-21,2025-12-29,Delayed,8
ENG-00528,Sprint 9,2026-01-21,2026-01-24,Completed,3
ENG-00529,Sprint 1,2025-10-21,2025-10-21,Completed,0
ENG-00529,Sprint 2,2025-11-21,2025-11-22,Completed,1
ENG-00529,Sprint 3,2025-12-21,2025-12-24,Completed,3
ENG-00529,Sprint 4,2026-01-21,2026-01-28,Delayed,7
ENG-00529,Sprint 5,2026-02-21,2026-02-21,Completed,0
ENG-00529,Sprint 6,2026-03-21,2026-03-25,Delayed,4
ENG-00529,Sprint 7,2026-04-21,2026-04-21,Completed,0
ENG-00529,Sprint 8,2026-05-21,2026-05-21,Completed,0
ENG-00529,Sprint 9,2026-06-21,2026-06-21,Completed,0
ENG-00529,Sprint 10,2026-07-21,2026-07-21,Completed,0
ENG-00529,Sprint 11,2026-08-21,2026-08-22,Completed,1
ENG-00530,Sprint 1,2024-12-21,2024-12-25,Delayed,4
ENG-00530,Sprint 2,2025-01-21,2025-01-25,Delayed,4
ENG-00530,Sprint 3,2025-02-21,2025-02-23,Completed,2
ENG-00530,Sprint 4,2025-03-21,2025-03-21,Completed,0
ENG-00530,Sprint 5,2025-04-21,2025-04-21,Completed,0
ENG-00530,Sprint 6,2025-05-21,2025-05-21,Completed,0
ENG-00530,Sprint 7,2025-06-21,2025-06-21,Completed,0
ENG-00530,Sprint 8,2025-07-21,2025-07-26,Delayed,5
ENG-00530,Sprint 9,2025-08-21,2025-08-21,Completed,0
ENG-00530,Sprint 10,2025-09-21,2025-09-21,Completed,0
ENG-00530,Sprint 11,2025-10-21,2025-10-22,Completed,1
ENG-00530,Sprint 12,2025-11-21,2025-11-21,Completed,0
ENG-00530,Sprint 13,2025-12-21,2025-12-22,Completed,1
ENG-00531,Sprint 1,2026-04-21,2026-04-21,Completed,0
ENG-00531,Sprint 2,2026-05-21,2026-05-21,Completed,0
ENG-00531,Sprint 3,2026-06-21,2026-06-24,Completed,3
ENG-00531,Sprint 4,2026-07-21,2026-07-28,Delayed,7
ENG-00531,Sprint 5,2026-08-21,2026-08-23,Completed,2
ENG-00532,Sprint 1,2024-01-21,2024-01-21,Completed,0
ENG-00532,Sprint 2,2024-02-21,2024-02-28,Delayed,7
ENG-00532,Sprint 3,2024-03-21,2024-03-24,Completed,3
ENG-00532,Sprint 4,2024-04-21,2024-04-24,Completed,3
ENG-00532,Sprint 5,2024-05-21,2024-05-29,Delayed,8
ENG-00533,Sprint 1,2024-03-21,2024-03-21,Completed,0
ENG-00533,Sprint 2,2024-04-21,2024-04-21,Completed,0
ENG-00533,Sprint 3,2024-05-21,2024-05-29,Delayed,8
ENG-00533,Sprint 4,2024-06-21,2024-06-21,Completed,0
ENG-00533,Sprint 5,2024-07-21,2024-07-21,Completed,0
ENG-00533,Sprint 6,2024-08-21,2024-08-21,Completed,0
ENG-00533,Sprint 7,2024-09-21,2024-09-21,Completed,0
ENG-00533,Sprint 8,2024-10-21,2024-10-25,Delayed,4
ENG-00533,Sprint 9,2024-11-21,2024-11-22,Completed,1
ENG-00533,Sprint 10,2024-12-21,2024-12-22,Completed,1
ENG-00533,Sprint 11,2025-01-21,2025-01-21,Completed,0
ENG-00533,Sprint 12,2025-02-21,2025-02-27,Delayed,6
ENG-00534,Sprint 1,2026-07-21,2026-07-28,Delayed,7
ENG-00534,Sprint 2,2026-08-21,2026-08-25,Delayed,4
ENG-00535,Sprint 1,2024-05-21,2024-05-23,Completed,2
ENG-00535,Sprint 2,2024-06-21,2024-06-23,Completed,2
ENG-00535,Sprint 3,2024-07-21,2024-07-21,Completed,0
ENG-00535,Sprint 4,2024-08-21,2024-08-21,Completed,0
ENG-00535,Sprint 5,2024-09-21,2024-09-21,Completed,0
ENG-00535,Sprint 6,2024-10-21,2024-10-21,Completed,0
ENG-00535,Sprint 7,2024-11-21,2024-11-23,Completed,2
ENG-00535,Sprint 8,2024-12-21,2024-12-23,Completed,2
ENG-00536,Sprint 1,2025-01-21,2025-01-21,Completed,0
ENG-00536,Sprint 2,2025-02-21,2025-02-21,Completed,0
ENG-00536,Sprint 3,2025-03-21,2025-03-21,Completed,0
ENG-00536,Sprint 4,2025-04-21,2025-04-22,Completed,1
ENG-00536,Sprint 5,2025-05-21,2025-05-23,Completed,2
ENG-00536,Sprint 6,2025-06-21,2025-06-21,Completed,0
ENG-00536,Sprint 7,2025-07-21,2025-07-21,Completed,0
ENG-00536,Sprint 8,2025-08-21,2025-08-23,Completed,2
ENG-00536,Sprint 9,2025-09-21,2025-09-21,Completed,0
ENG-00536,Sprint 10,2025-10-21,2025-10-25,Delayed,4
ENG-00536,Sprint 11,2025-11-21,2025-11-24,Completed,3
ENG-00536,Sprint 12,2025-12-21,2025-12-21,Completed,0
ENG-00537,Sprint 1,2026-04-21,2026-04-25,Delayed,4
ENG-00537,Sprint 2,2026-05-21,2026-05-27,Delayed,6
ENG-00537,Sprint 3,2026-06-21,2026-06-24,Completed,3
ENG-00537,Sprint 4,2026-07-21,2026-07-23,Completed,2
ENG-00537,Sprint 5,2026-08-21,2026-08-21,Completed,0
ENG-00538,Sprint 1,2025-09-21,2025-09-24,Completed,3
ENG-00538,Sprint 2,2025-10-21,2025-10-26,Delayed,5
ENG-00538,Sprint 3,2025-11-21,2025-11-22,Completed,1
ENG-00538,Sprint 4,2025-12-21,2025-12-21,Completed,0
ENG-00538,Sprint 5,2026-01-21,2026-01-26,Delayed,5
ENG-00538,Sprint 6,2026-02-21,2026-02-26,Delayed,5
ENG-00538,Sprint 7,2026-03-21,2026-03-21,Completed,0
ENG-00538,Sprint 8,2026-04-21,2026-04-28,Delayed,7
ENG-00538,Sprint 9,2026-05-21,2026-05-27,Delayed,6
ENG-00538,Sprint 10,2026-06-21,2026-06-21,Completed,0
ENG-00538,Sprint 11,2026-07-21,2026-07-24,Completed,3
ENG-00539,Sprint 1,2025-03-21,2025-03-21,Completed,0
ENG-00539,Sprint 2,2025-04-21,2025-04-21,Completed,0
ENG-00539,Sprint 3,2025-05-21,2025-05-25,Delayed,4
ENG-00539,Sprint 4,2025-06-21,2025-06-21,Completed,0
ENG-00539,Sprint 5,2025-07-21,2025-07-21,Completed,0
ENG-00539,Sprint 6,2025-08-21,2025-08-21,Completed,0
ENG-00539,Sprint 7,2025-09-21,2025-09-21,Completed,0
ENG-00539,Sprint 8,2025-10-21,2025-10-23,Completed,2
ENG-00539,Sprint 9,2025-11-21,2025-11-22,Completed,1
ENG-00539,Sprint 10,2025-12-21,2025-12-23,Completed,2
ENG-00539,Sprint 11,2026-01-21,2026-01-21,Completed,0
ENG-00539,Sprint 12,2026-02-21,2026-02-21,Completed,0
ENG-00540,Sprint 1,2025-11-21,2025-11-22,Completed,1
ENG-00540,Sprint 2,2025-12-21,2025-12-27,Delayed,6
ENG-00540,Sprint 3,2026-01-21,2026-01-26,Delayed,5
ENG-00540,Sprint 4,2026-02-21,2026-02-22,Completed,1
ENG-00540,Sprint 5,2026-03-21,2026-03-27,Delayed,6
ENG-00540,Sprint 6,2026-04-21,2026-05-02,Delayed,11
ENG-00541,Sprint 1,2024-12-21,2024-12-22,Completed,1
ENG-00541,Sprint 2,2025-01-21,2025-01-27,Delayed,6
ENG-00541,Sprint 3,2025-02-21,2025-02-24,Completed,3
ENG-00541,Sprint 4,2025-03-21,2025-03-30,Delayed,9
ENG-00542,Sprint 1,2025-11-21,2025-11-27,Delayed,6
ENG-00542,Sprint 2,2025-12-21,2025-12-22,Completed,1
ENG-00542,Sprint 3,2026-01-21,2026-01-21,Completed,0
ENG-00542,Sprint 4,2026-02-21,2026-02-25,Delayed,4
ENG-00542,Sprint 5,2026-03-21,2026-03-23,Completed,2
ENG-00542,Sprint 6,2026-04-21,2026-04-24,Completed,3
ENG-00542,Sprint 7,2026-05-21,2026-05-27,Delayed,6
ENG-00542,Sprint 8,2026-06-21,2026-06-22,Completed,1
ENG-00543,Sprint 1,2025-05-21,2025-05-21,Completed,0
ENG-00543,Sprint 2,2025-06-21,2025-06-24,Completed,3
ENG-00543,Sprint 3,2025-07-21,2025-07-21,Completed,0
ENG-00543,Sprint 4,2025-08-21,2025-08-21,Completed,0
ENG-00543,Sprint 5,2025-09-21,2025-09-21,Completed,0
ENG-00543,Sprint 6,2025-10-21,2025-10-21,Completed,0
ENG-00543,Sprint 7,2025-11-21,2025-11-24,Completed,3
ENG-00543,Sprint 8,2025-12-21,2025-12-21,Completed,0
ENG-00543,Sprint 9,2026-01-21,2026-01-21,Completed,0
ENG-00543,Sprint 10,2026-02-21,2026-02-21,Completed,0
ENG-00543,Sprint 11,2026-03-21,2026-03-21,Completed,0
ENG-00543,Sprint 12,2026-04-21,2026-04-21,Completed,0
ENG-00544,Sprint 1,2025-04-21,2025-04-26,Delayed,5
ENG-00544,Sprint 2,2025-05-21,2025-05-23,Completed,2
ENG-00544,Sprint 3,2025-06-21,2025-06-21,Completed,0
ENG-00544,Sprint 4,2025-07-21,2025-07-27,Delayed,6
ENG-00544,Sprint 5,2025-08-21,2025-09-03,Delayed,13
ENG-00544,Sprint 6,2025-09-21,2025-09-26,Delayed,5
ENG-00545,Sprint 1,2024-06-21,2024-06-24,Completed,3
ENG-00545,Sprint 2,2024-07-21,2024-07-27,Delayed,6
ENG-00545,Sprint 3,2024-08-21,2024-08-21,Completed,0
ENG-00545,Sprint 4,2024-09-21,2024-09-21,Completed,0
ENG-00545,Sprint 5,2024-10-21,2024-10-28,Delayed,7
ENG-00545,Sprint 6,2024-11-21,2024-11-23,Completed,2
ENG-00545,Sprint 7,2024-12-21,2024-12-23,Completed,2
ENG-00545,Sprint 8,2025-01-21,2025-01-23,Completed,2
ENG-00545,Sprint 9,2025-02-21,2025-02-24,Completed,3
ENG-00545,Sprint 10,2025-03-21,2025-03-27,Delayed,6
ENG-00546,Sprint 1,2026-07-21,2026-07-22,Completed,1
ENG-00546,Sprint 2,2026-08-21,2026-08-26,Delayed,5
ENG-00546,Sprint 3,2026-09-21,2026-09-21,Completed,0
ENG-00546,Sprint 4,2026-10-21,2026-10-25,Delayed,4
ENG-00546,Sprint 5,2026-11-21,2026-11-26,Delayed,5
ENG-00546,Sprint 6,2026-12-21,2026-12-24,Completed,3
ENG-00546,Sprint 7,2027-01-21,2027-01-27,Delayed,6
ENG-00546,Sprint 8,2027-02-21,2027-02-28,Delayed,7
ENG-00546,Sprint 9,2027-03-21,2027-03-26,Delayed,5
ENG-00547,Sprint 1,2026-02-21,2026-02-23,Completed,2
ENG-00547,Sprint 2,2026-03-21,2026-03-23,Completed,2
ENG-00547,Sprint 3,2026-04-21,2026-04-25,Delayed,4
ENG-00547,Sprint 4,2026-05-21,2026-05-21,Completed,0
ENG-00547,Sprint 5,2026-06-21,2026-06-21,Completed,0
ENG-00547,Sprint 6,2026-07-21,2026-07-26,Delayed,5
ENG-00547,Sprint 7,2026-08-21,2026-08-24,Completed,3
ENG-00548,Sprint 1,2025-12-21,2025-12-26,Delayed,5
ENG-00548,Sprint 2,2026-01-21,2026-01-26,Delayed,5
ENG-00548,Sprint 3,2026-02-21,2026-02-26,Delayed,5
ENG-00548,Sprint 4,2026-03-21,2026-03-25,Delayed,4
ENG-00548,Sprint 5,2026-04-21,2026-04-22,Completed,1
ENG-00548,Sprint 6,2026-05-21,2026-05-26,Delayed,5
ENG-00548,Sprint 7,2026-06-21,2026-06-26,Delayed,5
ENG-00548,Sprint 8,2026-07-21,2026-07-26,Delayed,5
ENG-00548,Sprint 9,2026-08-21,2026-08-21,Completed,0
ENG-00549,Sprint 1,2025-01-21,2025-01-21,Completed,0
ENG-00549,Sprint 2,2025-02-21,2025-02-21,Completed,0
ENG-00549,Sprint 3,2025-03-21,2025-03-23,Completed,2
ENG-00549,Sprint 4,2025-04-21,2025-04-26,Delayed,5
ENG-00549,Sprint 5,2025-05-21,2025-05-22,Completed,1
ENG-00549,Sprint 6,2025-06-21,2025-06-28,Delayed,7
ENG-00549,Sprint 7,2025-07-21,2025-07-21,Completed,0
ENG-00549,Sprint 8,2025-08-21,2025-08-25,Delayed,4
ENG-00549,Sprint 9,2025-09-21,2025-09-21,Completed,0
ENG-00550,Sprint 1,2024-10-21,2024-10-21,Completed,0
ENG-00550,Sprint 2,2024-11-21,2024-11-21,Completed,0
ENG-00550,Sprint 3,2024-12-21,2024-12-21,Completed,0
ENG-00550,Sprint 4,2025-01-21,2025-01-22,Completed,1
ENG-00550,Sprint 5,2025-02-21,2025-02-21,Completed,0
ENG-00550,Sprint 6,2025-03-21,2025-03-25,Delayed,4
ENG-00550,Sprint 7,2025-04-21,2025-04-21,Completed,0
ENG-00550,Sprint 8,2025-05-21,2025-05-24,Completed,3
ENG-00550,Sprint 9,2025-06-21,2025-06-26,Delayed,5
ENG-00551,Sprint 1,2025-07-21,2025-07-22,Completed,1
ENG-00551,Sprint 2,2025-08-21,2025-08-27,Delayed,6
ENG-00551,Sprint 3,2025-09-21,2025-09-27,Delayed,6
ENG-00551,Sprint 4,2025-10-21,2025-10-26,Delayed,5
ENG-00552,Sprint 1,2024-06-21,2024-06-21,Completed,0
ENG-00552,Sprint 2,2024-07-21,2024-07-26,Delayed,5
ENG-00552,Sprint 3,2024-08-21,2024-08-21,Completed,0
ENG-00552,Sprint 4,2024-09-21,2024-09-23,Completed,2
ENG-00552,Sprint 5,2024-10-21,2024-10-21,Completed,0
ENG-00552,Sprint 6,2024-11-21,2024-11-21,Completed,0
ENG-00552,Sprint 7,2024-12-21,2024-12-21,Completed,0
ENG-00552,Sprint 8,2025-01-21,2025-01-21,Completed,0
ENG-00552,Sprint 9,2025-02-21,2025-03-01,Delayed,8
ENG-00552,Sprint 10,2025-03-21,2025-03-27,Delayed,6
ENG-00553,Sprint 1,2024-02-21,2024-02-24,Completed,3
ENG-00553,Sprint 2,2024-03-21,2024-03-22,Completed,1
ENG-00553,Sprint 3,2024-04-21,2024-04-27,Delayed,6
ENG-00553,Sprint 4,2024-05-21,2024-05-25,Delayed,4
ENG-00553,Sprint 5,2024-06-21,2024-06-23,Completed,2
ENG-00553,Sprint 6,2024-07-21,2024-07-21,Completed,0
ENG-00553,Sprint 7,2024-08-21,2024-08-23,Completed,2
ENG-00553,Sprint 8,2024-09-21,2024-09-25,Delayed,4
ENG-00553,Sprint 9,2024-10-21,2024-10-22,Completed,1
ENG-00553,Sprint 10,2024-11-21,2024-11-25,Delayed,4
ENG-00553,Sprint 11,2024-12-21,2024-12-23,Completed,2
ENG-00553,Sprint 12,2025-01-21,2025-01-27,Delayed,6
ENG-00553,Sprint 13,2025-02-21,2025-02-26,Delayed,5
ENG-00554,Sprint 1,2024-08-21,2024-08-22,Completed,1
ENG-00554,Sprint 2,2024-09-21,2024-09-21,Completed,0
ENG-00554,Sprint 3,2024-10-21,2024-10-22,Completed,1
ENG-00554,Sprint 4,2024-11-21,2024-11-24,Completed,3
ENG-00554,Sprint 5,2024-12-21,2024-12-22,Completed,1
ENG-00554,Sprint 6,2025-01-21,2025-01-24,Completed,3
ENG-00554,Sprint 7,2025-02-21,2025-02-24,Completed,3
ENG-00554,Sprint 8,2025-03-21,2025-03-21,Completed,0
ENG-00554,Sprint 9,2025-04-21,2025-04-21,Completed,0
ENG-00554,Sprint 10,2025-05-21,2025-05-28,Delayed,7
ENG-00555,Sprint 1,2026-08-21,2026-08-21,Completed,0
ENG-00556,Sprint 1,2026-06-21,2026-06-21,Completed,0
ENG-00556,Sprint 2,2026-07-21,2026-07-21,Completed,0
ENG-00556,Sprint 3,2026-08-21,2026-08-24,Completed,3
ENG-00557,Sprint 1,2025-09-21,2025-09-21,Completed,0
ENG-00557,Sprint 2,2025-10-21,2025-10-21,Completed,0
ENG-00557,Sprint 3,2025-11-21,2025-11-24,Completed,3
ENG-00557,Sprint 4,2025-12-21,2025-12-31,Delayed,10
ENG-00557,Sprint 5,2026-01-21,2026-01-23,Completed,2
ENG-00557,Sprint 6,2026-02-21,2026-02-23,Completed,2
ENG-00558,Sprint 1,2025-01-21,2025-01-21,Completed,0
ENG-00558,Sprint 2,2025-02-21,2025-02-21,Completed,0
ENG-00558,Sprint 3,2025-03-21,2025-03-27,Delayed,6
ENG-00558,Sprint 4,2025-04-21,2025-04-25,Delayed,4
ENG-00558,Sprint 5,2025-05-21,2025-05-27,Delayed,6
ENG-00558,Sprint 6,2025-06-21,2025-06-27,Delayed,6
ENG-00558,Sprint 7,2025-07-21,2025-07-21,Completed,0
ENG-00558,Sprint 8,2025-08-21,2025-08-23,Completed,2
ENG-00559,Sprint 1,2025-05-21,2025-05-24,Completed,3
ENG-00559,Sprint 2,2025-06-21,2025-06-27,Delayed,6
ENG-00559,Sprint 3,2025-07-21,2025-07-25,Delayed,4
ENG-00559,Sprint 4,2025-08-21,2025-08-21,Completed,0
ENG-00559,Sprint 5,2025-09-21,2025-09-21,Completed,0
ENG-00559,Sprint 6,2025-10-21,2025-10-22,Completed,1
ENG-00559,Sprint 7,2025-11-21,2025-11-29,Delayed,8
ENG-00559,Sprint 8,2025-12-21,2025-12-21,Completed,0
ENG-00559,Sprint 9,2026-01-21,2026-01-26,Delayed,5
ENG-00560,Sprint 1,2026-05-21,2026-05-23,Completed,2
ENG-00560,Sprint 2,2026-06-21,2026-06-24,Completed,3
ENG-00560,Sprint 3,2026-07-21,2026-08-04,Delayed,14
ENG-00560,Sprint 4,2026-08-21,2026-09-03,Delayed,13
ENG-00560,Sprint 5,2026-09-21,2026-09-30,Delayed,9
ENG-00561,Sprint 1,2025-11-21,2025-11-21,Completed,0
ENG-00561,Sprint 2,2025-12-21,2025-12-21,Completed,0
ENG-00561,Sprint 3,2026-01-21,2026-01-25,Delayed,4
ENG-00561,Sprint 4,2026-02-21,2026-03-01,Delayed,8
ENG-00561,Sprint 5,2026-03-21,2026-03-22,Completed,1
ENG-00561,Sprint 6,2026-04-21,2026-04-22,Completed,1
ENG-00561,Sprint 7,2026-05-21,2026-05-23,Completed,2
ENG-00562,Sprint 1,2024-02-21,2024-02-24,Completed,3
ENG-00562,Sprint 2,2024-03-21,2024-03-27,Delayed,6
ENG-00562,Sprint 3,2024-04-21,2024-05-05,Delayed,14
ENG-00562,Sprint 4,2024-05-21,2024-05-21,Completed,0
ENG-00562,Sprint 5,2024-06-21,2024-06-25,Delayed,4
ENG-00562,Sprint 6,2024-07-21,2024-07-21,Completed,0
ENG-00562,Sprint 7,2024-08-21,2024-08-21,Completed,0
ENG-00562,Sprint 8,2024-09-21,2024-09-23,Completed,2
ENG-00562,Sprint 9,2024-10-21,2024-10-25,Delayed,4
ENG-00563,Sprint 1,2024-07-21,2024-07-25,Delayed,4
ENG-00563,Sprint 2,2024-08-21,2024-08-21,Completed,0
ENG-00563,Sprint 3,2024-09-21,2024-09-21,Completed,0
ENG-00563,Sprint 4,2024-10-21,2024-10-24,Completed,3
ENG-00563,Sprint 5,2024-11-21,2024-11-29,Delayed,8
ENG-00563,Sprint 6,2024-12-21,2024-12-23,Completed,2
ENG-00563,Sprint 7,2025-01-21,2025-01-22,Completed,1
ENG-00563,Sprint 8,2025-02-21,2025-02-24,Completed,3
ENG-00563,Sprint 9,2025-03-21,2025-03-21,Completed,0
ENG-00563,Sprint 10,2025-04-21,2025-04-25,Delayed,4
ENG-00563,Sprint 11,2025-05-21,2025-05-24,Completed,3
ENG-00563,Sprint 12,2025-06-21,2025-06-25,Delayed,4
ENG-00564,Sprint 1,2026-06-21,2026-06-21,Completed,0
ENG-00564,Sprint 2,2026-07-21,2026-07-21,Completed,0
ENG-00564,Sprint 3,2026-08-21,2026-08-22,Completed,1
ENG-00565,Sprint 1,2025-11-21,2025-11-21,Completed,0
ENG-00565,Sprint 2,2025-12-21,2025-12-21,Completed,0
ENG-00565,Sprint 3,2026-01-21,2026-01-21,Completed,0
ENG-00565,Sprint 4,2026-02-21,2026-02-25,Delayed,4
ENG-00565,Sprint 5,2026-03-21,2026-03-29,Delayed,8
ENG-00565,Sprint 6,2026-04-21,2026-04-21,Completed,0
ENG-00565,Sprint 7,2026-05-21,2026-05-24,Completed,3
ENG-00565,Sprint 8,2026-06-21,2026-06-24,Completed,3
ENG-00566,Sprint 1,2026-02-21,2026-02-21,Completed,0
ENG-00566,Sprint 2,2026-03-21,2026-03-23,Completed,2
ENG-00566,Sprint 3,2026-04-21,2026-04-21,Completed,0
ENG-00566,Sprint 4,2026-05-21,2026-05-23,Completed,2
ENG-00566,Sprint 5,2026-06-21,2026-06-24,Completed,3
ENG-00566,Sprint 6,2026-07-21,2026-07-22,Completed,1
ENG-00566,Sprint 7,2026-08-21,2026-08-26,Delayed,5
ENG-00567,Sprint 1,2024-02-21,2024-02-22,Completed,1
ENG-00567,Sprint 2,2024-03-21,2024-03-21,Completed,0
ENG-00567,Sprint 3,2024-04-21,2024-04-21,Completed,0
ENG-00567,Sprint 4,2024-05-21,2024-05-24,Completed,3
ENG-00567,Sprint 5,2024-06-21,2024-06-23,Completed,2
ENG-00567,Sprint 6,2024-07-21,2024-07-21,Completed,0
ENG-00567,Sprint 7,2024-08-21,2024-08-21,Completed,0
ENG-00567,Sprint 8,2024-09-21,2024-09-26,Delayed,5
ENG-00567,Sprint 9,2024-10-21,2024-10-21,Completed,0
ENG-00567,Sprint 10,2024-11-21,2024-11-22,Completed,1
ENG-00568,Sprint 1,2026-07-21,2026-07-24,Completed,3
ENG-00568,Sprint 2,2026-08-21,2026-08-23,Completed,2
ENG-00569,Sprint 1,2025-09-21,2025-09-21,Completed,0
ENG-00569,Sprint 2,2025-10-21,2025-10-21,Completed,0
ENG-00569,Sprint 3,2025-11-21,2025-11-21,Completed,0
ENG-00569,Sprint 4,2025-12-21,2025-12-26,Delayed,5
ENG-00569,Sprint 5,2026-01-21,2026-01-23,Completed,2
ENG-00569,Sprint 6,2026-02-21,2026-02-21,Completed,0
ENG-00569,Sprint 7,2026-03-21,2026-03-24,Completed,3
ENG-00569,Sprint 8,2026-04-21,2026-04-26,Delayed,5
ENG-00569,Sprint 9,2026-05-21,2026-05-21,Completed,0
ENG-00569,Sprint 10,2026-06-21,2026-06-21,Completed,0
ENG-00569,Sprint 11,2026-07-21,2026-07-25,Delayed,4
ENG-00569,Sprint 12,2026-08-21,2026-08-21,Completed,0
ENG-00570,Sprint 1,2025-07-21,2025-07-25,Delayed,4
ENG-00570,Sprint 2,2025-08-21,2025-08-21,Completed,0
ENG-00570,Sprint 3,2025-09-21,2025-09-23,Completed,2
ENG-00570,Sprint 4,2025-10-21,2025-10-23,Completed,2
ENG-00570,Sprint 5,2025-11-21,2025-11-21,Completed,0
ENG-00570,Sprint 6,2025-12-21,2025-12-27,Delayed,6
ENG-00570,Sprint 7,2026-01-21,2026-01-21,Completed,0
ENG-00570,Sprint 8,2026-02-21,2026-02-22,Completed,1
ENG-00570,Sprint 9,2026-03-21,2026-03-30,Delayed,9
ENG-00570,Sprint 10,2026-04-21,2026-04-21,Completed,0
ENG-00571,Sprint 1,2025-03-21,2025-03-27,Delayed,6
ENG-00571,Sprint 2,2025-04-21,2025-04-22,Completed,1
ENG-00571,Sprint 3,2025-05-21,2025-05-27,Delayed,6
ENG-00571,Sprint 4,2025-06-21,2025-06-21,Completed,0
ENG-00571,Sprint 5,2025-07-21,2025-07-22,Completed,1
ENG-00571,Sprint 6,2025-08-21,2025-08-25,Delayed,4
ENG-00571,Sprint 7,2025-09-21,2025-09-21,Completed,0
ENG-00571,Sprint 8,2025-10-21,2025-10-21,Completed,0
ENG-00572,Sprint 1,2026-01-21,2026-01-31,Delayed,10
ENG-00572,Sprint 2,2026-02-21,2026-03-06,Delayed,13
ENG-00572,Sprint 3,2026-03-21,2026-03-26,Delayed,5
ENG-00572,Sprint 4,2026-04-21,2026-04-28,Delayed,7
ENG-00572,Sprint 5,2026-05-21,2026-05-29,Delayed,8
ENG-00572,Sprint 6,2026-06-21,2026-06-25,Delayed,4
ENG-00572,Sprint 7,2026-07-21,2026-07-26,Delayed,5
ENG-00572,Sprint 8,2026-08-21,2026-08-25,Delayed,4
ENG-00573,Sprint 1,2024-04-21,2024-04-21,Completed,0
ENG-00573,Sprint 2,2024-05-21,2024-05-21,Completed,0
ENG-00573,Sprint 3,2024-06-21,2024-06-21,Completed,0
ENG-00573,Sprint 4,2024-07-21,2024-07-22,Completed,1
ENG-00573,Sprint 5,2024-08-21,2024-08-23,Completed,2
ENG-00573,Sprint 6,2024-09-21,2024-09-22,Completed,1
ENG-00573,Sprint 7,2024-10-21,2024-10-24,Completed,3
ENG-00573,Sprint 8,2024-11-21,2024-11-24,Completed,3
ENG-00574,Sprint 1,2025-01-21,2025-01-26,Delayed,5
ENG-00574,Sprint 2,2025-02-21,2025-02-24,Completed,3
ENG-00574,Sprint 3,2025-03-21,2025-03-21,Completed,0
ENG-00574,Sprint 4,2025-04-21,2025-04-26,Delayed,5
ENG-00574,Sprint 5,2025-05-21,2025-05-30,Delayed,9
ENG-00575,Sprint 1,2026-08-21,2026-08-23,Completed,2
ENG-00576,Sprint 1,2024-11-21,2024-11-24,Completed,3
ENG-00576,Sprint 2,2024-12-21,2024-12-21,Completed,0
ENG-00576,Sprint 3,2025-01-21,2025-01-22,Completed,1
ENG-00576,Sprint 4,2025-02-21,2025-02-21,Completed,0
ENG-00576,Sprint 5,2025-03-21,2025-03-21,Completed,0
ENG-00576,Sprint 6,2025-04-21,2025-04-21,Completed,0
ENG-00576,Sprint 7,2025-05-21,2025-05-22,Completed,1
ENG-00576,Sprint 8,2025-06-21,2025-06-24,Completed,3
ENG-00576,Sprint 9,2025-07-21,2025-07-21,Completed,0
ENG-00577,Sprint 1,2024-12-21,2024-12-21,Completed,0
ENG-00577,Sprint 2,2025-01-21,2025-01-21,Completed,0
ENG-00577,Sprint 3,2025-02-21,2025-02-25,Delayed,4
ENG-00577,Sprint 4,2025-03-21,2025-03-25,Delayed,4
ENG-00577,Sprint 5,2025-04-21,2025-04-21,Completed,0
ENG-00577,Sprint 6,2025-05-21,2025-05-26,Delayed,5
ENG-00577,Sprint 7,2025-06-21,2025-06-21,Completed,0
ENG-00577,Sprint 8,2025-07-21,2025-07-27,Delayed,6
ENG-00577,Sprint 9,2025-08-21,2025-08-26,Delayed,5
ENG-00578,Sprint 1,2026-01-21,2026-01-21,Completed,0
ENG-00578,Sprint 2,2026-02-21,2026-02-22,Completed,1
ENG-00578,Sprint 3,2026-03-21,2026-03-21,Completed,0
ENG-00578,Sprint 4,2026-04-21,2026-04-25,Delayed,4
ENG-00578,Sprint 5,2026-05-21,2026-05-21,Completed,0
ENG-00578,Sprint 6,2026-06-21,2026-06-21,Completed,0
ENG-00578,Sprint 7,2026-07-21,2026-07-21,Completed,0
ENG-00578,Sprint 8,2026-08-21,2026-08-21,Completed,0
ENG-00579,Sprint 1,2024-12-21,2024-12-26,Delayed,5
ENG-00579,Sprint 2,2025-01-21,2025-01-21,Completed,0
ENG-00579,Sprint 3,2025-02-21,2025-02-24,Completed,3
ENG-00579,Sprint 4,2025-03-21,2025-03-21,Completed,0
ENG-00579,Sprint 5,2025-04-21,2025-04-23,Completed,2
ENG-00579,Sprint 6,2025-05-21,2025-05-27,Delayed,6
ENG-00579,Sprint 7,2025-06-21,2025-06-21,Completed,0
ENG-00579,Sprint 8,2025-07-21,2025-07-25,Delayed,4
ENG-00580,Sprint 1,2024-10-21,2024-10-25,Delayed,4
ENG-00580,Sprint 2,2024-11-21,2024-11-23,Completed,2
ENG-00580,Sprint 3,2024-12-21,2024-12-25,Delayed,4
ENG-00580,Sprint 4,2025-01-21,2025-01-21,Completed,0
ENG-00580,Sprint 5,2025-02-21,2025-02-21,Completed,0
ENG-00580,Sprint 6,2025-03-21,2025-04-02,Delayed,12
ENG-00580,Sprint 7,2025-04-21,2025-04-26,Delayed,5
ENG-00580,Sprint 8,2025-05-21,2025-05-21,Completed,0
ENG-00580,Sprint 9,2025-06-21,2025-06-25,Delayed,4
ENG-00580,Sprint 10,2025-07-21,2025-07-23,Completed,2
ENG-00581,Sprint 1,2025-10-21,2025-10-28,Delayed,7
ENG-00581,Sprint 2,2025-11-21,2025-12-01,Delayed,10
ENG-00581,Sprint 3,2025-12-21,2025-12-23,Completed,2
ENG-00581,Sprint 4,2026-01-21,2026-01-21,Completed,0
ENG-00581,Sprint 5,2026-02-21,2026-02-23,Completed,2
ENG-00581,Sprint 6,2026-03-21,2026-03-24,Completed,3
ENG-00581,Sprint 7,2026-04-21,2026-04-27,Delayed,6
ENG-00581,Sprint 8,2026-05-21,2026-05-23,Completed,2
ENG-00581,Sprint 9,2026-06-21,2026-06-25,Delayed,4
ENG-00581,Sprint 10,2026-07-21,2026-07-25,Delayed,4
ENG-00581,Sprint 11,2026-08-21,2026-08-29,Delayed,8
ENG-00582,Sprint 1,2024-03-21,2024-03-24,Completed,3
ENG-00582,Sprint 2,2024-04-21,2024-04-21,Completed,0
ENG-00582,Sprint 3,2024-05-21,2024-05-28,Delayed,7
ENG-00582,Sprint 4,2024-06-21,2024-06-27,Delayed,6
ENG-00582,Sprint 5,2024-07-21,2024-07-22,Completed,1
ENG-00582,Sprint 6,2024-08-21,2024-08-26,Delayed,5
ENG-00582,Sprint 7,2024-09-21,2024-09-25,Delayed,4
ENG-00582,Sprint 8,2024-10-21,2024-10-21,Completed,0
ENG-00582,Sprint 9,2024-11-21,2024-11-27,Delayed,6
ENG-00582,Sprint 10,2024-12-21,2024-12-27,Delayed,6
ENG-00583,Sprint 1,2025-11-21,2025-11-22,Completed,1
ENG-00583,Sprint 2,2025-12-21,2025-12-21,Completed,0
ENG-00583,Sprint 3,2026-01-21,2026-01-27,Delayed,6
ENG-00583,Sprint 4,2026-02-21,2026-02-21,Completed,0
ENG-00583,Sprint 5,2026-03-21,2026-03-26,Delayed,5
ENG-00583,Sprint 6,2026-04-21,2026-04-28,Delayed,7
ENG-00583,Sprint 7,2026-05-21,2026-05-26,Delayed,5
ENG-00583,Sprint 8,2026-06-21,2026-06-28,Delayed,7
ENG-00583,Sprint 9,2026-07-21,2026-07-26,Delayed,5
ENG-00583,Sprint 10,2026-08-21,2026-08-22,Completed,1
ENG-00584,Sprint 1,2024-11-21,2024-11-21,Completed,0
ENG-00584,Sprint 2,2024-12-21,2024-12-27,Delayed,6
ENG-00584,Sprint 3,2025-01-21,2025-01-26,Delayed,5
ENG-00584,Sprint 4,2025-02-21,2025-02-25,Delayed,4
ENG-00584,Sprint 5,2025-03-21,2025-03-25,Delayed,4
ENG-00584,Sprint 6,2025-04-21,2025-04-27,Delayed,6
ENG-00584,Sprint 7,2025-05-21,2025-05-23,Completed,2
ENG-00584,Sprint 8,2025-06-21,2025-06-21,Completed,0
ENG-00584,Sprint 9,2025-07-21,2025-07-26,Delayed,5
ENG-00584,Sprint 10,2025-08-21,2025-08-21,Completed,0
ENG-00584,Sprint 11,2025-09-21,2025-09-23,Completed,2
ENG-00585,Sprint 1,2024-10-21,2024-10-24,Completed,3
ENG-00585,Sprint 2,2024-11-21,2024-11-23,Completed,2
ENG-00585,Sprint 3,2024-12-21,2024-12-25,Delayed,4
ENG-00585,Sprint 4,2025-01-21,2025-01-21,Completed,0
ENG-00585,Sprint 5,2025-02-21,2025-02-23,Completed,2
ENG-00585,Sprint 6,2025-03-21,2025-03-21,Completed,0
ENG-00585,Sprint 7,2025-04-21,2025-04-30,Delayed,9
ENG-00585,Sprint 8,2025-05-21,2025-05-23,Completed,2
ENG-00585,Sprint 9,2025-06-21,2025-06-23,Completed,2
ENG-00585,Sprint 10,2025-07-21,2025-07-24,Completed,3
ENG-00585,Sprint 11,2025-08-21,2025-08-24,Completed,3
ENG-00585,Sprint 12,2025-09-21,2025-09-23,Completed,2
ENG-00586,Sprint 1,2024-10-21,2024-10-23,Completed,2
ENG-00586,Sprint 2,2024-11-21,2024-11-21,Completed,0
ENG-00586,Sprint 3,2024-12-21,2024-12-21,Completed,0
ENG-00586,Sprint 4,2025-01-21,2025-01-21,Completed,0
ENG-00586,Sprint 5,2025-02-21,2025-02-23,Completed,2
ENG-00586,Sprint 6,2025-03-21,2025-03-21,Completed,0
ENG-00586,Sprint 7,2025-04-21,2025-04-24,Completed,3
ENG-00586,Sprint 8,2025-05-21,2025-05-24,Completed,3
ENG-00586,Sprint 9,2025-06-21,2025-06-22,Completed,1
ENG-00586,Sprint 10,2025-07-21,2025-07-22,Completed,1
ENG-00586,Sprint 11,2025-08-21,2025-08-21,Completed,0
ENG-00587,Sprint 1,2024-11-21,2024-11-26,Delayed,5
ENG-00587,Sprint 2,2024-12-21,2024-12-27,Delayed,6
ENG-00587,Sprint 3,2025-01-21,2025-01-24,Completed,3
ENG-00587,Sprint 4,2025-02-21,2025-02-21,Completed,0
ENG-00587,Sprint 5,2025-03-21,2025-03-22,Completed,1
ENG-00587,Sprint 6,2025-04-21,2025-04-24,Completed,3
ENG-00587,Sprint 7,2025-05-21,2025-05-26,Delayed,5
ENG-00587,Sprint 8,2025-06-21,2025-06-22,Completed,1
ENG-00587,Sprint 9,2025-07-21,2025-07-25,Delayed,4
ENG-00587,Sprint 10,2025-08-21,2025-08-21,Completed,0
ENG-00587,Sprint 11,2025-09-21,2025-09-23,Completed,2
ENG-00587,Sprint 12,2025-10-21,2025-10-23,Completed,2
ENG-00588,Sprint 1,2025-11-21,2025-11-25,Delayed,4
ENG-00588,Sprint 2,2025-12-21,2025-12-23,Completed,2
ENG-00588,Sprint 3,2026-01-21,2026-01-23,Completed,2
ENG-00588,Sprint 4,2026-02-21,2026-02-21,Completed,0
ENG-00588,Sprint 5,2026-03-21,2026-03-21,Completed,0
ENG-00588,Sprint 6,2026-04-21,2026-04-21,Completed,0
ENG-00588,Sprint 7,2026-05-21,2026-05-26,Delayed,5
ENG-00588,Sprint 8,2026-06-21,2026-06-27,Delayed,6
ENG-00588,Sprint 9,2026-07-21,2026-07-22,Completed,1
ENG-00589,Sprint 1,2024-04-21,2024-04-21,Completed,0
ENG-00589,Sprint 2,2024-05-21,2024-05-21,Completed,0
ENG-00589,Sprint 3,2024-06-21,2024-06-23,Completed,2
ENG-00589,Sprint 4,2024-07-21,2024-07-26,Delayed,5
ENG-00589,Sprint 5,2024-08-21,2024-08-22,Completed,1
ENG-00589,Sprint 6,2024-09-21,2024-09-22,Completed,1
ENG-00589,Sprint 7,2024-10-21,2024-10-22,Completed,1
ENG-00589,Sprint 8,2024-11-21,2024-11-21,Completed,0
ENG-00589,Sprint 9,2024-12-21,2024-12-24,Completed,3
ENG-00589,Sprint 10,2025-01-21,2025-01-22,Completed,1
ENG-00589,Sprint 11,2025-02-21,2025-02-21,Completed,0
ENG-00590,Sprint 1,2025-07-21,2025-07-23,Completed,2
ENG-00590,Sprint 2,2025-08-21,2025-08-22,Completed,1
ENG-00590,Sprint 3,2025-09-21,2025-09-23,Completed,2
ENG-00590,Sprint 4,2025-10-21,2025-10-21,Completed,0
ENG-00590,Sprint 5,2025-11-21,2025-11-21,Completed,0
ENG-00590,Sprint 6,2025-12-21,2025-12-21,Completed,0
ENG-00590,Sprint 7,2026-01-21,2026-01-29,Delayed,8
ENG-00590,Sprint 8,2026-02-21,2026-02-21,Completed,0
ENG-00590,Sprint 9,2026-03-21,2026-03-23,Completed,2
ENG-00590,Sprint 10,2026-04-21,2026-04-23,Completed,2
ENG-00590,Sprint 11,2026-05-21,2026-05-25,Delayed,4
ENG-00591,Sprint 1,2024-01-21,2024-01-21,Completed,0
ENG-00591,Sprint 2,2024-02-21,2024-02-28,Delayed,7
ENG-00591,Sprint 3,2024-03-21,2024-03-21,Completed,0
ENG-00591,Sprint 4,2024-04-21,2024-04-29,Delayed,8
ENG-00591,Sprint 5,2024-05-21,2024-05-25,Delayed,4
ENG-00591,Sprint 6,2024-06-21,2024-06-27,Delayed,6
ENG-00591,Sprint 7,2024-07-21,2024-07-29,Delayed,8
ENG-00591,Sprint 8,2024-08-21,2024-08-28,Delayed,7
ENG-00591,Sprint 9,2024-09-21,2024-09-21,Completed,0
ENG-00591,Sprint 10,2024-10-21,2024-10-21,Completed,0
ENG-00591,Sprint 11,2024-11-21,2024-11-21,Completed,0
ENG-00591,Sprint 12,2024-12-21,2024-12-21,Completed,0
ENG-00592,Sprint 1,2025-06-21,2025-06-23,Completed,2
ENG-00592,Sprint 2,2025-07-21,2025-07-22,Completed,1
ENG-00592,Sprint 3,2025-08-21,2025-08-24,Completed,3
ENG-00592,Sprint 4,2025-09-21,2025-09-30,Delayed,9
ENG-00592,Sprint 5,2025-10-21,2025-10-29,Delayed,8
ENG-00592,Sprint 6,2025-11-21,2025-11-21,Completed,0
ENG-00592,Sprint 7,2025-12-21,2025-12-21,Completed,0
ENG-00592,Sprint 8,2026-01-21,2026-01-21,Completed,0
ENG-00592,Sprint 9,2026-02-21,2026-02-28,Delayed,7
ENG-00592,Sprint 10,2026-03-21,2026-03-21,Completed,0
ENG-00592,Sprint 11,2026-04-21,2026-04-27,Delayed,6
ENG-00592,Sprint 12,2026-05-21,2026-05-23,Completed,2
ENG-00592,Sprint 13,2026-06-21,2026-06-22,Completed,1
ENG-00593,Sprint 1,2026-07-21,2026-07-21,Completed,0
ENG-00593,Sprint 2,2026-08-21,2026-08-23,Completed,2
ENG-00594,Sprint 1,2024-05-21,2024-05-28,Delayed,7
ENG-00594,Sprint 2,2024-06-21,2024-06-26,Delayed,5
ENG-00594,Sprint 3,2024-07-21,2024-07-31,Delayed,10
ENG-00594,Sprint 4,2024-08-21,2024-08-25,Delayed,4
ENG-00594,Sprint 5,2024-09-21,2024-09-24,Completed,3
ENG-00594,Sprint 6,2024-10-21,2024-10-24,Completed,3
ENG-00594,Sprint 7,2024-11-21,2024-11-27,Delayed,6
ENG-00594,Sprint 8,2024-12-21,2024-12-23,Completed,2
ENG-00595,Sprint 1,2024-04-21,2024-04-24,Completed,3
ENG-00595,Sprint 2,2024-05-21,2024-05-26,Delayed,5
ENG-00595,Sprint 3,2024-06-21,2024-06-24,Completed,3
ENG-00595,Sprint 4,2024-07-21,2024-07-21,Completed,0
ENG-00595,Sprint 5,2024-08-21,2024-08-26,Delayed,5
ENG-00595,Sprint 6,2024-09-21,2024-09-21,Completed,0
ENG-00595,Sprint 7,2024-10-21,2024-10-27,Delayed,6
ENG-00596,Sprint 1,2025-07-21,2025-07-22,Completed,1
ENG-00596,Sprint 2,2025-08-21,2025-08-22,Completed,1
ENG-00596,Sprint 3,2025-09-21,2025-09-23,Completed,2
ENG-00596,Sprint 4,2025-10-21,2025-10-25,Delayed,4
ENG-00596,Sprint 5,2025-11-21,2025-11-21,Completed,0
ENG-00596,Sprint 6,2025-12-21,2025-12-21,Completed,0
ENG-00596,Sprint 7,2026-01-21,2026-01-21,Completed,0
ENG-00596,Sprint 8,2026-02-21,2026-02-23,Completed,2
ENG-00596,Sprint 9,2026-03-21,2026-03-21,Completed,0
ENG-00597,Sprint 1,2024-01-21,2024-01-24,Completed,3
ENG-00597,Sprint 2,2024-02-21,2024-02-21,Completed,0
ENG-00597,Sprint 3,2024-03-21,2024-03-21,Completed,0
ENG-00597,Sprint 4,2024-04-21,2024-04-26,Delayed,5
ENG-00597,Sprint 5,2024-05-21,2024-05-21,Completed,0
ENG-00597,Sprint 6,2024-06-21,2024-06-23,Completed,2
ENG-00597,Sprint 7,2024-07-21,2024-07-21,Completed,0
ENG-00597,Sprint 8,2024-08-21,2024-08-21,Completed,0
ENG-00598,Sprint 1,2024-11-21,2024-11-25,Delayed,4
ENG-00598,Sprint 2,2024-12-21,2024-12-21,Completed,0
ENG-00598,Sprint 3,2025-01-21,2025-01-27,Delayed,6
ENG-00598,Sprint 4,2025-02-21,2025-02-26,Delayed,5
ENG-00598,Sprint 5,2025-03-21,2025-03-28,Delayed,7
ENG-00599,Sprint 1,2024-06-21,2024-06-26,Delayed,5
ENG-00599,Sprint 2,2024-07-21,2024-07-21,Completed,0
ENG-00599,Sprint 3,2024-08-21,2024-08-24,Completed,3
ENG-00599,Sprint 4,2024-09-21,2024-09-25,Delayed,4
ENG-00599,Sprint 5,2024-10-21,2024-10-24,Completed,3
ENG-00599,Sprint 6,2024-11-21,2024-11-23,Completed,2
ENG-00599,Sprint 7,2024-12-21,2024-12-29,Delayed,8
ENG-00599,Sprint 8,2025-01-21,2025-01-29,Delayed,8
ENG-00599,Sprint 9,2025-02-21,2025-02-25,Delayed,4
ENG-00599,Sprint 10,2025-03-21,2025-03-27,Delayed,6
ENG-00599,Sprint 11,2025-04-21,2025-04-21,Completed,0
ENG-00600,Sprint 1,2024-02-21,2024-02-26,Delayed,5
ENG-00600,Sprint 2,2024-03-21,2024-03-24,Completed,3
ENG-00600,Sprint 3,2024-04-21,2024-04-21,Completed,0
ENG-00600,Sprint 4,2024-05-21,2024-05-29,Delayed,8
ENG-00600,Sprint 5,2024-06-21,2024-06-29,Delayed,8
ENG-00600,Sprint 6,2024-07-21,2024-07-29,Delayed,8
ENG-00601,Sprint 1,2026-03-21,2026-03-23,Completed,2
ENG-00601,Sprint 2,2026-04-21,2026-04-24,Completed,3
ENG-00601,Sprint 3,2026-05-21,2026-05-26,Delayed,5
ENG-00601,Sprint 4,2026-06-21,2026-06-26,Delayed,5
ENG-00601,Sprint 5,2026-07-21,2026-07-26,Delayed,5
ENG-00601,Sprint 6,2026-08-21,2026-08-30,Delayed,9
ENG-00602,Sprint 1,2025-02-21,2025-02-21,Completed,0
ENG-00602,Sprint 2,2025-03-21,2025-03-25,Delayed,4
ENG-00602,Sprint 3,2025-04-21,2025-04-22,Completed,1
ENG-00602,Sprint 4,2025-05-21,2025-05-26,Delayed,5
ENG-00602,Sprint 5,2025-06-21,2025-06-24,Completed,3
ENG-00602,Sprint 6,2025-07-21,2025-07-23,Completed,2
ENG-00602,Sprint 7,2025-08-21,2025-08-21,Completed,0
ENG-00602,Sprint 8,2025-09-21,2025-09-21,Completed,0
ENG-00602,Sprint 9,2025-10-21,2025-11-01,Delayed,11
ENG-00602,Sprint 10,2025-11-21,2025-11-21,Completed,0
ENG-00602,Sprint 11,2025-12-21,2025-12-24,Completed,3
ENG-00603,Sprint 1,2025-12-21,2025-12-21,Completed,0
ENG-00603,Sprint 2,2026-01-21,2026-01-21,Completed,0
ENG-00603,Sprint 3,2026-02-21,2026-02-24,Completed,3
ENG-00603,Sprint 4,2026-03-21,2026-03-21,Completed,0
ENG-00603,Sprint 5,2026-04-21,2026-04-26,Delayed,5
ENG-00603,Sprint 6,2026-05-21,2026-05-23,Completed,2
ENG-00604,Sprint 1,2025-03-21,2025-04-02,Delayed,12
ENG-00604,Sprint 2,2025-04-21,2025-04-26,Delayed,5
ENG-00604,Sprint 3,2025-05-21,2025-05-21,Completed,0
ENG-00604,Sprint 4,2025-06-21,2025-06-22,Completed,1
ENG-00604,Sprint 5,2025-07-21,2025-07-22,Completed,1
ENG-00604,Sprint 6,2025-08-21,2025-08-23,Completed,2
ENG-00604,Sprint 7,2025-09-21,2025-09-22,Completed,1
ENG-00604,Sprint 8,2025-10-21,2025-10-23,Completed,2
ENG-00604,Sprint 9,2025-11-21,2025-11-21,Completed,0
ENG-00604,Sprint 10,2025-12-21,2025-12-23,Completed,2
ENG-00604,Sprint 11,2026-01-21,2026-01-28,Delayed,7
ENG-00605,Sprint 1,2025-11-21,2025-12-01,Delayed,10
ENG-00605,Sprint 2,2025-12-21,2025-12-23,Completed,2
ENG-00605,Sprint 3,2026-01-21,2026-01-29,Delayed,8
ENG-00605,Sprint 4,2026-02-21,2026-02-26,Delayed,5
ENG-00606,Sprint 1,2024-07-21,2024-07-21,Completed,0
ENG-00606,Sprint 2,2024-08-21,2024-08-21,Completed,0
ENG-00606,Sprint 3,2024-09-21,2024-09-21,Completed,0
ENG-00606,Sprint 4,2024-10-21,2024-10-25,Delayed,4
ENG-00606,Sprint 5,2024-11-21,2024-11-26,Delayed,5
ENG-00606,Sprint 6,2024-12-21,2024-12-23,Completed,2
ENG-00606,Sprint 7,2025-01-21,2025-01-22,Completed,1
ENG-00606,Sprint 8,2025-02-21,2025-02-21,Completed,0
ENG-00606,Sprint 9,2025-03-21,2025-03-21,Completed,0
ENG-00606,Sprint 10,2025-04-21,2025-04-23,Completed,2
ENG-00606,Sprint 11,2025-05-21,2025-05-21,Completed,0
ENG-00607,Sprint 1,2026-04-21,2026-04-22,Completed,1
ENG-00607,Sprint 2,2026-05-21,2026-05-22,Completed,1
ENG-00607,Sprint 3,2026-06-21,2026-06-26,Delayed,5
ENG-00607,Sprint 4,2026-07-21,2026-07-27,Delayed,6
ENG-00608,Sprint 1,2025-05-21,2025-05-21,Completed,0
ENG-00608,Sprint 2,2025-06-21,2025-06-23,Completed,2
ENG-00608,Sprint 3,2025-07-21,2025-07-21,Completed,0
ENG-00608,Sprint 4,2025-08-21,2025-08-21,Completed,0
ENG-00608,Sprint 5,2025-09-21,2025-09-25,Delayed,4
ENG-00608,Sprint 6,2025-10-21,2025-10-22,Completed,1
ENG-00608,Sprint 7,2025-11-21,2025-11-25,Delayed,4
ENG-00608,Sprint 8,2025-12-21,2025-12-21,Completed,0
ENG-00608,Sprint 9,2026-01-21,2026-01-25,Delayed,4
ENG-00608,Sprint 10,2026-02-21,2026-02-23,Completed,2
ENG-00608,Sprint 11,2026-03-21,2026-03-21,Completed,0
ENG-00608,Sprint 12,2026-04-21,2026-04-24,Completed,3
ENG-00608,Sprint 13,2026-05-21,2026-05-26,Delayed,5
ENG-00609,Sprint 1,2024-07-21,2024-07-21,Completed,0
ENG-00609,Sprint 2,2024-08-21,2024-08-24,Completed,3
ENG-00609,Sprint 3,2024-09-21,2024-09-22,Completed,1
ENG-00609,Sprint 4,2024-10-21,2024-10-29,Delayed,8
ENG-00609,Sprint 5,2024-11-21,2024-11-29,Delayed,8
ENG-00610,Sprint 1,2024-05-21,2024-05-21,Completed,0
ENG-00610,Sprint 2,2024-06-21,2024-06-29,Delayed,8
ENG-00610,Sprint 3,2024-07-21,2024-07-21,Completed,0
ENG-00610,Sprint 4,2024-08-21,2024-08-22,Completed,1
ENG-00610,Sprint 5,2024-09-21,2024-09-21,Completed,0
ENG-00610,Sprint 6,2024-10-21,2024-10-21,Completed,0
ENG-00610,Sprint 7,2024-11-21,2024-11-21,Completed,0
ENG-00610,Sprint 8,2024-12-21,2024-12-21,Completed,0
ENG-00610,Sprint 9,2025-01-21,2025-01-24,Completed,3
ENG-00610,Sprint 10,2025-02-21,2025-02-25,Delayed,4
ENG-00611,Sprint 1,2025-08-21,2025-08-31,Delayed,10
ENG-00611,Sprint 2,2025-09-21,2025-09-21,Completed,0
ENG-00611,Sprint 3,2025-10-21,2025-10-23,Completed,2
ENG-00611,Sprint 4,2025-11-21,2025-11-30,Delayed,9
ENG-00611,Sprint 5,2025-12-21,2025-12-28,Delayed,7
ENG-00612,Sprint 1,2024-03-21,2024-03-26,Delayed,5
ENG-00612,Sprint 2,2024-04-21,2024-04-21,Completed,0
ENG-00612,Sprint 3,2024-05-21,2024-05-22,Completed,1
ENG-00612,Sprint 4,2024-06-21,2024-06-21,Completed,0
ENG-00612,Sprint 5,2024-07-21,2024-07-27,Delayed,6
ENG-00612,Sprint 6,2024-08-21,2024-08-21,Completed,0
ENG-00612,Sprint 7,2024-09-21,2024-09-23,Completed,2
ENG-00612,Sprint 8,2024-10-21,2024-10-25,Delayed,4
ENG-00612,Sprint 9,2024-11-21,2024-11-21,Completed,0
ENG-00613,Sprint 1,2024-07-21,2024-07-22,Completed,1
ENG-00613,Sprint 2,2024-08-21,2024-08-26,Delayed,5
ENG-00613,Sprint 3,2024-09-21,2024-09-25,Delayed,4
ENG-00613,Sprint 4,2024-10-21,2024-10-24,Completed,3
ENG-00613,Sprint 5,2024-11-21,2024-11-22,Completed,1
ENG-00613,Sprint 6,2024-12-21,2024-12-26,Delayed,5
ENG-00613,Sprint 7,2025-01-21,2025-01-21,Completed,0
ENG-00613,Sprint 8,2025-02-21,2025-02-21,Completed,0
ENG-00613,Sprint 9,2025-03-21,2025-03-23,Completed,2
ENG-00614,Sprint 1,2024-02-21,2024-02-25,Delayed,4
ENG-00614,Sprint 2,2024-03-21,2024-03-26,Delayed,5
ENG-00614,Sprint 3,2024-04-21,2024-04-21,Completed,0
ENG-00614,Sprint 4,2024-05-21,2024-05-22,Completed,1
ENG-00614,Sprint 5,2024-06-21,2024-06-21,Completed,0
ENG-00614,Sprint 6,2024-07-21,2024-07-23,Completed,2
ENG-00614,Sprint 7,2024-08-21,2024-08-21,Completed,0
ENG-00614,Sprint 8,2024-09-21,2024-09-21,Completed,0
ENG-00615,Sprint 1,2026-07-21,2026-07-29,Delayed,8
ENG-00615,Sprint 2,2026-08-21,2026-08-29,Delayed,8
ENG-00616,Sprint 1,2024-04-21,2024-04-21,Completed,0
ENG-00616,Sprint 2,2024-05-21,2024-05-21,Completed,0
ENG-00616,Sprint 3,2024-06-21,2024-06-26,Delayed,5
ENG-00616,Sprint 4,2024-07-21,2024-07-21,Completed,0
ENG-00616,Sprint 5,2024-08-21,2024-08-23,Completed,2
ENG-00616,Sprint 6,2024-09-21,2024-09-23,Completed,2
ENG-00616,Sprint 7,2024-10-21,2024-10-27,Delayed,6
ENG-00616,Sprint 8,2024-11-21,2024-11-22,Completed,1
ENG-00617,Sprint 1,2024-04-21,2024-04-21,Completed,0
ENG-00617,Sprint 2,2024-05-21,2024-05-21,Completed,0
ENG-00617,Sprint 3,2024-06-21,2024-06-22,Completed,1
ENG-00617,Sprint 4,2024-07-21,2024-07-21,Completed,0
ENG-00617,Sprint 5,2024-08-21,2024-08-21,Completed,0
ENG-00617,Sprint 6,2024-09-21,2024-09-21,Completed,0
ENG-00617,Sprint 7,2024-10-21,2024-10-21,Completed,0
ENG-00617,Sprint 8,2024-11-21,2024-11-23,Completed,2
ENG-00617,Sprint 9,2024-12-21,2024-12-21,Completed,0
ENG-00617,Sprint 10,2025-01-21,2025-01-21,Completed,0
ENG-00618,Sprint 1,2024-08-21,2024-08-23,Completed,2
ENG-00618,Sprint 2,2024-09-21,2024-09-21,Completed,0
ENG-00618,Sprint 3,2024-10-21,2024-10-23,Completed,2
ENG-00618,Sprint 4,2024-11-21,2024-11-21,Completed,0
ENG-00618,Sprint 5,2024-12-21,2024-12-26,Delayed,5
ENG-00618,Sprint 6,2025-01-21,2025-01-22,Completed,1
ENG-00618,Sprint 7,2025-02-21,2025-02-27,Delayed,6
ENG-00618,Sprint 8,2025-03-21,2025-03-23,Completed,2
ENG-00618,Sprint 9,2025-04-21,2025-04-22,Completed,1
ENG-00619,Sprint 1,2026-05-21,2026-05-23,Completed,2
ENG-00619,Sprint 2,2026-06-21,2026-06-29,Delayed,8
ENG-00619,Sprint 3,2026-07-21,2026-07-31,Delayed,10
ENG-00619,Sprint 4,2026-08-21,2026-08-24,Completed,3
ENG-00619,Sprint 5,2026-09-21,2026-10-02,Delayed,11
ENG-00620,Sprint 1,2024-07-21,2024-07-26,Delayed,5
ENG-00620,Sprint 2,2024-08-21,2024-08-31,Delayed,10
ENG-00620,Sprint 3,2024-09-21,2024-09-28,Delayed,7
ENG-00620,Sprint 4,2024-10-21,2024-10-28,Delayed,7
ENG-00620,Sprint 5,2024-11-21,2024-11-28,Delayed,7
ENG-00620,Sprint 6,2024-12-21,2024-12-23,Completed,2
ENG-00620,Sprint 7,2025-01-21,2025-01-30,Delayed,9
ENG-00620,Sprint 8,2025-02-21,2025-02-22,Completed,1
ENG-00620,Sprint 9,2025-03-21,2025-03-25,Delayed,4
ENG-00620,Sprint 10,2025-04-21,2025-04-24,Completed,3
ENG-00621,Sprint 1,2025-07-21,2025-07-29,Delayed,8
ENG-00621,Sprint 2,2025-08-21,2025-08-22,Completed,1
ENG-00621,Sprint 3,2025-09-21,2025-09-28,Delayed,7
ENG-00621,Sprint 4,2025-10-21,2025-10-29,Delayed,8
ENG-00621,Sprint 5,2025-11-21,2025-11-29,Delayed,8
ENG-00621,Sprint 6,2025-12-21,2025-12-22,Completed,1
ENG-00621,Sprint 7,2026-01-21,2026-01-29,Delayed,8
ENG-00621,Sprint 8,2026-02-21,2026-02-27,Delayed,6
ENG-00622,Sprint 1,2026-08-21,2026-08-21,Completed,0
ENG-00623,Sprint 1,2026-03-21,2026-03-21,Completed,0
ENG-00623,Sprint 2,2026-04-21,2026-04-25,Delayed,4
ENG-00623,Sprint 3,2026-05-21,2026-05-21,Completed,0
ENG-00623,Sprint 4,2026-06-21,2026-06-28,Delayed,7
ENG-00623,Sprint 5,2026-07-21,2026-07-24,Completed,3
ENG-00623,Sprint 6,2026-08-21,2026-08-24,Completed,3
ENG-00624,Sprint 1,2024-07-21,2024-07-21,Completed,0
ENG-00624,Sprint 2,2024-08-21,2024-08-21,Completed,0
ENG-00624,Sprint 3,2024-09-21,2024-09-21,Completed,0
ENG-00624,Sprint 4,2024-10-21,2024-10-24,Completed,3
ENG-00624,Sprint 5,2024-11-21,2024-11-23,Completed,2
ENG-00624,Sprint 6,2024-12-21,2024-12-23,Completed,2
ENG-00624,Sprint 7,2025-01-21,2025-01-22,Completed,1
ENG-00625,Sprint 1,2024-06-21,2024-06-25,Delayed,4
ENG-00625,Sprint 2,2024-07-21,2024-07-26,Delayed,5
ENG-00625,Sprint 3,2024-08-21,2024-08-23,Completed,2
ENG-00625,Sprint 4,2024-09-21,2024-09-21,Completed,0
ENG-00625,Sprint 5,2024-10-21,2024-10-22,Completed,1
ENG-00625,Sprint 6,2024-11-21,2024-11-24,Completed,3
ENG-00625,Sprint 7,2024-12-21,2024-12-21,Completed,0
ENG-00626,Sprint 1,2024-09-21,2024-09-24,Completed,3
ENG-00626,Sprint 2,2024-10-21,2024-10-23,Completed,2
ENG-00626,Sprint 3,2024-11-21,2024-11-27,Delayed,6
ENG-00626,Sprint 4,2024-12-21,2024-12-24,Completed,3
ENG-00626,Sprint 5,2025-01-21,2025-01-27,Delayed,6
ENG-00627,Sprint 1,2026-07-21,2026-07-21,Completed,0
ENG-00627,Sprint 2,2026-08-21,2026-08-21,Completed,0
ENG-00627,Sprint 3,2026-09-21,2026-09-21,Completed,0
ENG-00627,Sprint 4,2026-10-21,2026-10-21,Completed,0
ENG-00627,Sprint 5,2026-11-21,2026-11-23,Completed,2
ENG-00627,Sprint 6,2026-12-21,2026-12-21,Completed,0
ENG-00627,Sprint 7,2027-01-21,2027-01-26,Delayed,5
ENG-00627,Sprint 8,2027-02-21,2027-03-03,Delayed,10
ENG-00628,Sprint 1,2024-10-21,2024-10-24,Completed,3
ENG-00628,Sprint 2,2024-11-21,2024-11-23,Completed,2
ENG-00628,Sprint 3,2024-12-21,2024-12-31,Delayed,10
ENG-00628,Sprint 4,2025-01-21,2025-01-26,Delayed,5
ENG-00628,Sprint 5,2025-02-21,2025-02-25,Delayed,4
ENG-00628,Sprint 6,2025-03-21,2025-03-27,Delayed,6
ENG-00628,Sprint 7,2025-04-21,2025-04-21,Completed,0
ENG-00628,Sprint 8,2025-05-21,2025-05-25,Delayed,4
ENG-00629,Sprint 1,2025-10-21,2025-10-25,Delayed,4
ENG-00629,Sprint 2,2025-11-21,2025-11-24,Completed,3
ENG-00629,Sprint 3,2025-12-21,2025-12-21,Completed,0
ENG-00629,Sprint 4,2026-01-21,2026-01-21,Completed,0
ENG-00629,Sprint 5,2026-02-21,2026-02-21,Completed,0
ENG-00629,Sprint 6,2026-03-21,2026-03-28,Delayed,7
ENG-00629,Sprint 7,2026-04-21,2026-04-29,Delayed,8
ENG-00629,Sprint 8,2026-05-21,2026-05-26,Delayed,5
ENG-00630,Sprint 1,2024-04-21,2024-04-23,Completed,2
ENG-00630,Sprint 2,2024-05-21,2024-05-25,Delayed,4
ENG-00630,Sprint 3,2024-06-21,2024-06-21,Completed,0
ENG-00630,Sprint 4,2024-07-21,2024-07-27,Delayed,6
ENG-00630,Sprint 5,2024-08-21,2024-08-21,Completed,0
ENG-00630,Sprint 6,2024-09-21,2024-09-21,Completed,0
ENG-00630,Sprint 7,2024-10-21,2024-10-29,Delayed,8
ENG-00630,Sprint 8,2024-11-21,2024-11-24,Completed,3
ENG-00630,Sprint 9,2024-12-21,2024-12-21,Completed,0
ENG-00630,Sprint 10,2025-01-21,2025-01-23,Completed,2
ENG-00630,Sprint 11,2025-02-21,2025-02-21,Completed,0
ENG-00630,Sprint 12,2025-03-21,2025-03-21,Completed,0
ENG-00631,Sprint 1,2024-11-21,2024-11-21,Completed,0
ENG-00631,Sprint 2,2024-12-21,2024-12-24,Completed,3
ENG-00631,Sprint 3,2025-01-21,2025-01-24,Completed,3
ENG-00631,Sprint 4,2025-02-21,2025-02-27,Delayed,6
ENG-00631,Sprint 5,2025-03-21,2025-03-25,Delayed,4
ENG-00631,Sprint 6,2025-04-21,2025-04-21,Completed,0
ENG-00631,Sprint 7,2025-05-21,2025-05-24,Completed,3
ENG-00631,Sprint 8,2025-06-21,2025-06-29,Delayed,8
ENG-00631,Sprint 9,2025-07-21,2025-07-21,Completed,0
ENG-00631,Sprint 10,2025-08-21,2025-08-27,Delayed,6
ENG-00632,Sprint 1,2026-02-21,2026-02-22,Completed,1
ENG-00632,Sprint 2,2026-03-21,2026-03-28,Delayed,7
ENG-00632,Sprint 3,2026-04-21,2026-04-22,Completed,1
ENG-00632,Sprint 4,2026-05-21,2026-05-24,Completed,3
ENG-00632,Sprint 5,2026-06-21,2026-06-23,Completed,2
ENG-00632,Sprint 6,2026-07-21,2026-07-26,Delayed,5
ENG-00632,Sprint 7,2026-08-21,2026-08-29,Delayed,8
ENG-00633,Sprint 1,2025-05-21,2025-05-21,Completed,0
ENG-00633,Sprint 2,2025-06-21,2025-06-22,Completed,1
ENG-00633,Sprint 3,2025-07-21,2025-07-22,Completed,1
ENG-00633,Sprint 4,2025-08-21,2025-08-24,Completed,3
ENG-00633,Sprint 5,2025-09-21,2025-09-21,Completed,0
ENG-00633,Sprint 6,2025-10-21,2025-10-27,Delayed,6
ENG-00633,Sprint 7,2025-11-21,2025-11-23,Completed,2
ENG-00633,Sprint 8,2025-12-21,2025-12-22,Completed,1
ENG-00633,Sprint 9,2026-01-21,2026-01-22,Completed,1
ENG-00633,Sprint 10,2026-02-21,2026-02-21,Completed,0
ENG-00633,Sprint 11,2026-03-21,2026-03-21,Completed,0
ENG-00633,Sprint 12,2026-04-21,2026-04-23,Completed,2
ENG-00633,Sprint 13,2026-05-21,2026-05-21,Completed,0
ENG-00634,Sprint 1,2026-04-21,2026-04-24,Completed,3
ENG-00634,Sprint 2,2026-05-21,2026-05-21,Completed,0
ENG-00634,Sprint 3,2026-06-21,2026-06-21,Completed,0
ENG-00634,Sprint 4,2026-07-21,2026-07-21,Completed,0
ENG-00634,Sprint 5,2026-08-21,2026-08-21,Completed,0
ENG-00635,Sprint 1,2025-11-21,2025-11-21,Completed,0
ENG-00635,Sprint 2,2025-12-21,2025-12-21,Completed,0
ENG-00635,Sprint 3,2026-01-21,2026-01-24,Completed,3
ENG-00635,Sprint 4,2026-02-21,2026-02-24,Completed,3
ENG-00635,Sprint 5,2026-03-21,2026-03-21,Completed,0
ENG-00635,Sprint 6,2026-04-21,2026-04-22,Completed,1
ENG-00635,Sprint 7,2026-05-21,2026-05-21,Completed,0
ENG-00635,Sprint 8,2026-06-21,2026-06-26,Delayed,5
ENG-00635,Sprint 9,2026-07-21,2026-07-26,Delayed,5
ENG-00636,Sprint 1,2025-07-21,2025-07-21,Completed,0
ENG-00636,Sprint 2,2025-08-21,2025-08-21,Completed,0
ENG-00636,Sprint 3,2025-09-21,2025-09-21,Completed,0
ENG-00636,Sprint 4,2025-10-21,2025-10-30,Delayed,9
ENG-00636,Sprint 5,2025-11-21,2025-11-23,Completed,2
ENG-00636,Sprint 6,2025-12-21,2025-12-25,Delayed,4
ENG-00636,Sprint 7,2026-01-21,2026-01-21,Completed,0
ENG-00636,Sprint 8,2026-02-21,2026-02-24,Completed,3
ENG-00636,Sprint 9,2026-03-21,2026-03-25,Delayed,4
ENG-00636,Sprint 10,2026-04-21,2026-04-21,Completed,0
ENG-00636,Sprint 11,2026-05-21,2026-05-21,Completed,0
ENG-00637,Sprint 1,2026-01-21,2026-01-26,Delayed,5
ENG-00637,Sprint 2,2026-02-21,2026-02-23,Completed,2
ENG-00637,Sprint 3,2026-03-21,2026-03-21,Completed,0
ENG-00637,Sprint 4,2026-04-21,2026-04-21,Completed,0
ENG-00637,Sprint 5,2026-05-21,2026-05-24,Completed,3
ENG-00637,Sprint 6,2026-06-21,2026-06-24,Completed,3
ENG-00637,Sprint 7,2026-07-21,2026-07-26,Delayed,5
ENG-00637,Sprint 8,2026-08-21,2026-08-25,Delayed,4
ENG-00638,Sprint 1,2024-12-21,2024-12-21,Completed,0
ENG-00638,Sprint 2,2025-01-21,2025-01-23,Completed,2
ENG-00638,Sprint 3,2025-02-21,2025-02-21,Completed,0
ENG-00638,Sprint 4,2025-03-21,2025-03-23,Completed,2
ENG-00638,Sprint 5,2025-04-21,2025-04-23,Completed,2
ENG-00638,Sprint 6,2025-05-21,2025-05-23,Completed,2
ENG-00638,Sprint 7,2025-06-21,2025-06-26,Delayed,5
ENG-00638,Sprint 8,2025-07-21,2025-07-21,Completed,0
ENG-00639,Sprint 1,2025-12-21,2025-12-26,Delayed,5
ENG-00639,Sprint 2,2026-01-21,2026-01-25,Delayed,4
ENG-00639,Sprint 3,2026-02-21,2026-02-22,Completed,1
ENG-00639,Sprint 4,2026-03-21,2026-03-26,Delayed,5
ENG-00639,Sprint 5,2026-04-21,2026-04-28,Delayed,7
ENG-00639,Sprint 6,2026-05-21,2026-05-28,Delayed,7
ENG-00639,Sprint 7,2026-06-21,2026-06-21,Completed,0
ENG-00639,Sprint 8,2026-07-21,2026-07-22,Completed,1
ENG-00639,Sprint 9,2026-08-21,2026-08-25,Delayed,4
ENG-00640,Sprint 1,2026-01-21,2026-01-24,Completed,3
ENG-00640,Sprint 2,2026-02-21,2026-02-25,Delayed,4
ENG-00640,Sprint 3,2026-03-21,2026-03-26,Delayed,5
ENG-00640,Sprint 4,2026-04-21,2026-04-21,Completed,0
ENG-00640,Sprint 5,2026-05-21,2026-05-22,Completed,1
ENG-00640,Sprint 6,2026-06-21,2026-06-26,Delayed,5
ENG-00640,Sprint 7,2026-07-21,2026-07-21,Completed,0
ENG-00640,Sprint 8,2026-08-21,2026-08-27,Delayed,6
ENG-00641,Sprint 1,2025-07-21,2025-07-22,Completed,1
ENG-00641,Sprint 2,2025-08-21,2025-08-23,Completed,2
ENG-00641,Sprint 3,2025-09-21,2025-09-26,Delayed,5
ENG-00641,Sprint 4,2025-10-21,2025-10-25,Delayed,4
ENG-00641,Sprint 5,2025-11-21,2025-11-29,Delayed,8
ENG-00641,Sprint 6,2025-12-21,2025-12-26,Delayed,5
ENG-00641,Sprint 7,2026-01-21,2026-01-26,Delayed,5
ENG-00641,Sprint 8,2026-02-21,2026-02-27,Delayed,6
ENG-00641,Sprint 9,2026-03-21,2026-03-21,Completed,0
ENG-00641,Sprint 10,2026-04-21,2026-04-26,Delayed,5
ENG-00642,Sprint 1,2024-09-21,2024-09-21,Completed,0
ENG-00642,Sprint 2,2024-10-21,2024-10-27,Delayed,6
ENG-00642,Sprint 3,2024-11-21,2024-11-26,Delayed,5
ENG-00642,Sprint 4,2024-12-21,2024-12-21,Completed,0
ENG-00642,Sprint 5,2025-01-21,2025-01-24,Completed,3
ENG-00642,Sprint 6,2025-02-21,2025-02-27,Delayed,6
ENG-00642,Sprint 7,2025-03-21,2025-03-24,Completed,3
ENG-00642,Sprint 8,2025-04-21,2025-04-25,Delayed,4
ENG-00642,Sprint 9,2025-05-21,2025-05-21,Completed,0
ENG-00642,Sprint 10,2025-06-21,2025-06-25,Delayed,4
ENG-00642,Sprint 11,2025-07-21,2025-07-21,Completed,0
ENG-00643,Sprint 1,2025-05-21,2025-05-21,Completed,0
ENG-00643,Sprint 2,2025-06-21,2025-06-24,Completed,3
ENG-00643,Sprint 3,2025-07-21,2025-07-25,Delayed,4
ENG-00643,Sprint 4,2025-08-21,2025-08-21,Completed,0
ENG-00643,Sprint 5,2025-09-21,2025-09-22,Completed,1
ENG-00643,Sprint 6,2025-10-21,2025-10-24,Completed,3
ENG-00643,Sprint 7,2025-11-21,2025-11-21,Completed,0
ENG-00643,Sprint 8,2025-12-21,2025-12-23,Completed,2
ENG-00643,Sprint 9,2026-01-21,2026-01-24,Completed,3
ENG-00643,Sprint 10,2026-02-21,2026-02-21,Completed,0
ENG-00643,Sprint 11,2026-03-21,2026-03-22,Completed,1
ENG-00643,Sprint 12,2026-04-21,2026-04-22,Completed,1
ENG-00644,Sprint 1,2026-07-21,2026-07-25,Delayed,4
ENG-00644,Sprint 2,2026-08-21,2026-08-24,Completed,3
ENG-00645,Sprint 1,2025-01-21,2025-01-29,Delayed,8
ENG-00645,Sprint 2,2025-02-21,2025-02-24,Completed,3
ENG-00645,Sprint 3,2025-03-21,2025-03-29,Delayed,8
ENG-00645,Sprint 4,2025-04-21,2025-04-21,Completed,0
ENG-00645,Sprint 5,2025-05-21,2025-05-24,Completed,3
ENG-00645,Sprint 6,2025-06-21,2025-06-28,Delayed,7
ENG-00645,Sprint 7,2025-07-21,2025-07-22,Completed,1
ENG-00646,Sprint 1,2025-02-21,2025-02-21,Completed,0
ENG-00646,Sprint 2,2025-03-21,2025-03-26,Delayed,5
ENG-00646,Sprint 3,2025-04-21,2025-04-25,Delayed,4
ENG-00646,Sprint 4,2025-05-21,2025-05-21,Completed,0
ENG-00646,Sprint 5,2025-06-21,2025-06-25,Delayed,4
ENG-00647,Sprint 1,2025-06-21,2025-06-22,Completed,1
ENG-00647,Sprint 2,2025-07-21,2025-07-21,Completed,0
ENG-00647,Sprint 3,2025-08-21,2025-08-22,Completed,1
ENG-00647,Sprint 4,2025-09-21,2025-09-21,Completed,0
ENG-00647,Sprint 5,2025-10-21,2025-10-21,Completed,0
ENG-00647,Sprint 6,2025-11-21,2025-11-21,Completed,0
ENG-00647,Sprint 7,2025-12-21,2025-12-21,Completed,0
ENG-00647,Sprint 8,2026-01-21,2026-01-21,Completed,0
ENG-00647,Sprint 9,2026-02-21,2026-02-25,Delayed,4
ENG-00647,Sprint 10,2026-03-21,2026-03-21,Completed,0
ENG-00647,Sprint 11,2026-04-21,2026-04-22,Completed,1
ENG-00648,Sprint 1,2026-08-21,2026-08-30,Delayed,9
ENG-00649,Sprint 1,2025-06-21,2025-06-26,Delayed,5
ENG-00649,Sprint 2,2025-07-21,2025-07-22,Completed,1
ENG-00649,Sprint 3,2025-08-21,2025-08-23,Completed,2
ENG-00649,Sprint 4,2025-09-21,2025-09-21,Completed,0
ENG-00649,Sprint 5,2025-10-21,2025-10-21,Completed,0
ENG-00649,Sprint 6,2025-11-21,2025-11-21,Completed,0
ENG-00649,Sprint 7,2025-12-21,2025-12-22,Completed,1
ENG-00649,Sprint 8,2026-01-21,2026-01-30,Delayed,9
ENG-00649,Sprint 9,2026-02-21,2026-02-23,Completed,2
ENG-00649,Sprint 10,2026-03-21,2026-03-22,Completed,1
ENG-00649,Sprint 11,2026-04-21,2026-04-21,Completed,0
ENG-00649,Sprint 12,2026-05-21,2026-05-23,Completed,2
ENG-00650,Sprint 1,2026-06-21,2026-06-21,Completed,0
ENG-00650,Sprint 2,2026-07-21,2026-07-25,Delayed,4
ENG-00650,Sprint 3,2026-08-21,2026-08-24,Completed,3
ENG-00651,Sprint 1,2024-11-21,2024-11-21,Completed,0
ENG-00651,Sprint 2,2024-12-21,2024-12-21,Completed,0
ENG-00651,Sprint 3,2025-01-21,2025-01-24,Completed,3
ENG-00651,Sprint 4,2025-02-21,2025-02-24,Completed,3
ENG-00651,Sprint 5,2025-03-21,2025-03-21,Completed,0
ENG-00651,Sprint 6,2025-04-21,2025-04-21,Completed,0
ENG-00651,Sprint 7,2025-05-21,2025-05-22,Completed,1
ENG-00651,Sprint 8,2025-06-21,2025-06-25,Delayed,4
ENG-00651,Sprint 9,2025-07-21,2025-07-26,Delayed,5
ENG-00651,Sprint 10,2025-08-21,2025-08-22,Completed,1
ENG-00652,Sprint 1,2025-01-21,2025-01-21,Completed,0
ENG-00652,Sprint 2,2025-02-21,2025-02-28,Delayed,7
ENG-00652,Sprint 3,2025-03-21,2025-03-22,Completed,1
ENG-00652,Sprint 4,2025-04-21,2025-04-25,Delayed,4
ENG-00652,Sprint 5,2025-05-21,2025-05-21,Completed,0
ENG-00652,Sprint 6,2025-06-21,2025-06-22,Completed,1
ENG-00652,Sprint 7,2025-07-21,2025-07-27,Delayed,6
ENG-00652,Sprint 8,2025-08-21,2025-08-22,Completed,1
ENG-00652,Sprint 9,2025-09-21,2025-09-21,Completed,0
ENG-00652,Sprint 10,2025-10-21,2025-10-21,Completed,0
ENG-00652,Sprint 11,2025-11-21,2025-12-01,Delayed,10
ENG-00652,Sprint 12,2025-12-21,2025-12-21,Completed,0
ENG-00652,Sprint 13,2026-01-21,2026-01-23,Completed,2
ENG-00653,Sprint 1,2024-06-21,2024-06-26,Delayed,5
ENG-00653,Sprint 2,2024-07-21,2024-07-27,Delayed,6
ENG-00653,Sprint 3,2024-08-21,2024-08-22,Completed,1
ENG-00653,Sprint 4,2024-09-21,2024-09-27,Delayed,6
ENG-00653,Sprint 5,2024-10-21,2024-10-25,Delayed,4
ENG-00653,Sprint 6,2024-11-21,2024-11-24,Completed,3
ENG-00653,Sprint 7,2024-12-21,2024-12-29,Delayed,8
ENG-00653,Sprint 8,2025-01-21,2025-01-21,Completed,0
ENG-00653,Sprint 9,2025-02-21,2025-03-02,Delayed,9
ENG-00653,Sprint 10,2025-03-21,2025-03-27,Delayed,6
ENG-00653,Sprint 11,2025-04-21,2025-04-28,Delayed,7
ENG-00653,Sprint 12,2025-05-21,2025-05-27,Delayed,6
ENG-00653,Sprint 13,2025-06-21,2025-06-25,Delayed,4
ENG-00654,Sprint 1,2024-06-21,2024-06-29,Delayed,8
ENG-00654,Sprint 2,2024-07-21,2024-07-22,Completed,1
ENG-00654,Sprint 3,2024-08-21,2024-08-27,Delayed,6
ENG-00654,Sprint 4,2024-09-21,2024-09-21,Completed,0
ENG-00654,Sprint 5,2024-10-21,2024-10-21,Completed,0
ENG-00654,Sprint 6,2024-11-21,2024-11-24,Completed,3
ENG-00654,Sprint 7,2024-12-21,2024-12-23,Completed,2
ENG-00654,Sprint 8,2025-01-21,2025-01-25,Delayed,4
ENG-00654,Sprint 9,2025-02-21,2025-02-27,Delayed,6
ENG-00654,Sprint 10,2025-03-21,2025-03-23,Completed,2
ENG-00655,Sprint 1,2025-01-21,2025-01-21,Completed,0
ENG-00655,Sprint 2,2025-02-21,2025-02-21,Completed,0
ENG-00655,Sprint 3,2025-03-21,2025-03-25,Delayed,4
ENG-00655,Sprint 4,2025-04-21,2025-04-21,Completed,0
ENG-00655,Sprint 5,2025-05-21,2025-05-25,Delayed,4
ENG-00655,Sprint 6,2025-06-21,2025-06-22,Completed,1
ENG-00655,Sprint 7,2025-07-21,2025-07-26,Delayed,5
ENG-00655,Sprint 8,2025-08-21,2025-08-24,Completed,3
ENG-00655,Sprint 9,2025-09-21,2025-09-25,Delayed,4
ENG-00655,Sprint 10,2025-10-21,2025-10-22,Completed,1
ENG-00655,Sprint 11,2025-11-21,2025-11-23,Completed,2
ENG-00656,Sprint 1,2024-08-21,2024-08-25,Delayed,4
ENG-00656,Sprint 2,2024-09-21,2024-09-24,Completed,3
ENG-00656,Sprint 3,2024-10-21,2024-10-26,Delayed,5
ENG-00656,Sprint 4,2024-11-21,2024-11-21,Completed,0
ENG-00656,Sprint 5,2024-12-21,2024-12-23,Completed,2
ENG-00656,Sprint 6,2025-01-21,2025-01-25,Delayed,4
ENG-00656,Sprint 7,2025-02-21,2025-02-21,Completed,0
ENG-00656,Sprint 8,2025-03-21,2025-03-25,Delayed,4
ENG-00656,Sprint 9,2025-04-21,2025-04-23,Completed,2
ENG-00656,Sprint 10,2025-05-21,2025-05-22,Completed,1
ENG-00657,Sprint 1,2025-04-21,2025-04-27,Delayed,6
ENG-00657,Sprint 2,2025-05-21,2025-05-25,Delayed,4
ENG-00657,Sprint 3,2025-06-21,2025-06-30,Delayed,9
ENG-00657,Sprint 4,2025-07-21,2025-07-25,Delayed,4
ENG-00657,Sprint 5,2025-08-21,2025-08-24,Completed,3
ENG-00657,Sprint 6,2025-09-21,2025-09-27,Delayed,6
ENG-00657,Sprint 7,2025-10-21,2025-10-22,Completed,1
ENG-00657,Sprint 8,2025-11-21,2025-11-21,Completed,0
ENG-00657,Sprint 9,2025-12-21,2025-12-22,Completed,1
ENG-00657,Sprint 10,2026-01-21,2026-01-24,Completed,3
ENG-00657,Sprint 11,2026-02-21,2026-02-25,Delayed,4
ENG-00658,Sprint 1,2026-02-21,2026-02-21,Completed,0
ENG-00658,Sprint 2,2026-03-21,2026-03-21,Completed,0
ENG-00658,Sprint 3,2026-04-21,2026-04-25,Delayed,4
ENG-00658,Sprint 4,2026-05-21,2026-05-28,Delayed,7
ENG-00659,Sprint 1,2024-10-21,2024-10-22,Completed,1
ENG-00659,Sprint 2,2024-11-21,2024-11-23,Completed,2
ENG-00659,Sprint 3,2024-12-21,2024-12-25,Delayed,4
ENG-00659,Sprint 4,2025-01-21,2025-01-25,Delayed,4
ENG-00659,Sprint 5,2025-02-21,2025-03-01,Delayed,8
ENG-00659,Sprint 6,2025-03-21,2025-03-21,Completed,0
ENG-00659,Sprint 7,2025-04-21,2025-04-22,Completed,1
ENG-00659,Sprint 8,2025-05-21,2025-05-25,Delayed,4
ENG-00659,Sprint 9,2025-06-21,2025-06-21,Completed,0
ENG-00659,Sprint 10,2025-07-21,2025-07-23,Completed,2
ENG-00660,Sprint 1,2025-01-21,2025-01-26,Delayed,5
ENG-00660,Sprint 2,2025-02-21,2025-02-25,Delayed,4
ENG-00660,Sprint 3,2025-03-21,2025-03-29,Delayed,8
ENG-00660,Sprint 4,2025-04-21,2025-04-28,Delayed,7
ENG-00660,Sprint 5,2025-05-21,2025-06-01,Delayed,11
ENG-00661,Sprint 1,2025-05-21,2025-05-25,Delayed,4
ENG-00661,Sprint 2,2025-06-21,2025-06-21,Completed,0
ENG-00661,Sprint 3,2025-07-21,2025-07-23,Completed,2
ENG-00661,Sprint 4,2025-08-21,2025-08-29,Delayed,8
ENG-00661,Sprint 5,2025-09-21,2025-09-21,Completed,0
ENG-00661,Sprint 6,2025-10-21,2025-10-22,Completed,1
ENG-00661,Sprint 7,2025-11-21,2025-11-24,Completed,3
ENG-00661,Sprint 8,2025-12-21,2025-12-27,Delayed,6
ENG-00661,Sprint 9,2026-01-21,2026-01-22,Completed,1
ENG-00661,Sprint 10,2026-02-21,2026-02-23,Completed,2
ENG-00661,Sprint 11,2026-03-21,2026-03-21,Completed,0
ENG-00661,Sprint 12,2026-04-21,2026-04-27,Delayed,6
ENG-00662,Sprint 1,2024-03-21,2024-03-30,Delayed,9
ENG-00662,Sprint 2,2024-04-21,2024-04-26,Delayed,5
ENG-00662,Sprint 3,2024-05-21,2024-05-22,Completed,1
ENG-00662,Sprint 4,2024-06-21,2024-06-21,Completed,0
ENG-00662,Sprint 5,2024-07-21,2024-07-23,Completed,2
ENG-00662,Sprint 6,2024-08-21,2024-08-21,Completed,0
ENG-00662,Sprint 7,2024-09-21,2024-09-23,Completed,2
ENG-00662,Sprint 8,2024-10-21,2024-10-22,Completed,1
ENG-00662,Sprint 9,2024-11-21,2024-11-25,Delayed,4
ENG-00662,Sprint 10,2024-12-21,2024-12-21,Completed,0
ENG-00662,Sprint 11,2025-01-21,2025-01-24,Completed,3
ENG-00662,Sprint 12,2025-02-21,2025-02-21,Completed,0
ENG-00662,Sprint 13,2025-03-21,2025-03-27,Delayed,6
ENG-00663,Sprint 1,2025-02-21,2025-02-21,Completed,0
ENG-00663,Sprint 2,2025-03-21,2025-03-24,Completed,3
ENG-00663,Sprint 3,2025-04-21,2025-04-21,Completed,0
ENG-00663,Sprint 4,2025-05-21,2025-05-24,Completed,3
ENG-00663,Sprint 5,2025-06-21,2025-06-26,Delayed,5
ENG-00664,Sprint 1,2026-06-21,2026-06-21,Completed,0
ENG-00664,Sprint 2,2026-07-21,2026-07-31,Delayed,10
ENG-00664,Sprint 3,2026-08-21,2026-09-02,Delayed,12
ENG-00664,Sprint 4,2026-09-21,2026-09-27,Delayed,6
ENG-00664,Sprint 5,2026-10-21,2026-10-27,Delayed,6
ENG-00664,Sprint 6,2026-11-21,2026-11-23,Completed,2
ENG-00664,Sprint 7,2026-12-21,2026-12-25,Delayed,4
ENG-00664,Sprint 8,2027-01-21,2027-01-24,Completed,3
ENG-00664,Sprint 9,2027-02-21,2027-02-22,Completed,1
ENG-00665,Sprint 1,2024-04-21,2024-04-22,Completed,1
ENG-00665,Sprint 2,2024-05-21,2024-05-21,Completed,0
ENG-00665,Sprint 3,2024-06-21,2024-06-27,Delayed,6
ENG-00665,Sprint 4,2024-07-21,2024-07-22,Completed,1
ENG-00665,Sprint 5,2024-08-21,2024-08-26,Delayed,5
ENG-00665,Sprint 6,2024-09-21,2024-09-21,Completed,0
ENG-00665,Sprint 7,2024-10-21,2024-10-21,Completed,0
ENG-00665,Sprint 8,2024-11-21,2024-11-24,Completed,3
ENG-00665,Sprint 9,2024-12-21,2024-12-21,Completed,0
ENG-00665,Sprint 10,2025-01-21,2025-01-21,Completed,0
ENG-00665,Sprint 11,2025-02-21,2025-02-21,Completed,0
ENG-00665,Sprint 12,2025-03-21,2025-03-21,Completed,0
ENG-00665,Sprint 13,2025-04-21,2025-04-21,Completed,0
ENG-00666,Sprint 1,2024-06-21,2024-06-24,Completed,3
ENG-00666,Sprint 2,2024-07-21,2024-07-21,Completed,0
ENG-00666,Sprint 3,2024-08-21,2024-08-21,Completed,0
ENG-00666,Sprint 4,2024-09-21,2024-09-23,Completed,2
ENG-00666,Sprint 5,2024-10-21,2024-10-21,Completed,0
ENG-00666,Sprint 6,2024-11-21,2024-11-22,Completed,1
ENG-00666,Sprint 7,2024-12-21,2024-12-21,Completed,0
ENG-00666,Sprint 8,2025-01-21,2025-01-21,Completed,0
ENG-00666,Sprint 9,2025-02-21,2025-02-23,Completed,2
ENG-00666,Sprint 10,2025-03-21,2025-03-21,Completed,0
ENG-00666,Sprint 11,2025-04-21,2025-04-21,Completed,0
ENG-00667,Sprint 1,2025-04-21,2025-04-23,Completed,2
ENG-00667,Sprint 2,2025-05-21,2025-05-21,Completed,0
ENG-00667,Sprint 3,2025-06-21,2025-06-22,Completed,1
ENG-00667,Sprint 4,2025-07-21,2025-07-25,Delayed,4
ENG-00667,Sprint 5,2025-08-21,2025-08-24,Completed,3
ENG-00667,Sprint 6,2025-09-21,2025-09-23,Completed,2
ENG-00667,Sprint 7,2025-10-21,2025-10-23,Completed,2
ENG-00667,Sprint 8,2025-11-21,2025-11-21,Completed,0
ENG-00667,Sprint 9,2025-12-21,2025-12-25,Delayed,4
ENG-00668,Sprint 1,2025-12-21,2025-12-24,Completed,3
ENG-00668,Sprint 2,2026-01-21,2026-01-25,Delayed,4
ENG-00668,Sprint 3,2026-02-21,2026-02-23,Completed,2
ENG-00668,Sprint 4,2026-03-21,2026-03-23,Completed,2
ENG-00668,Sprint 5,2026-04-21,2026-04-21,Completed,0
ENG-00668,Sprint 6,2026-05-21,2026-05-29,Delayed,8
ENG-00668,Sprint 7,2026-06-21,2026-06-21,Completed,0
ENG-00668,Sprint 8,2026-07-21,2026-07-22,Completed,1
ENG-00668,Sprint 9,2026-08-21,2026-08-22,Completed,1
ENG-00669,Sprint 1,2025-05-21,2025-05-21,Completed,0
ENG-00669,Sprint 2,2025-06-21,2025-06-30,Delayed,9
ENG-00669,Sprint 3,2025-07-21,2025-07-21,Completed,0
ENG-00669,Sprint 4,2025-08-21,2025-09-04,Delayed,14
ENG-00670,Sprint 1,2025-01-21,2025-01-24,Completed,3
ENG-00670,Sprint 2,2025-02-21,2025-02-25,Delayed,4
ENG-00670,Sprint 3,2025-03-21,2025-03-27,Delayed,6
ENG-00670,Sprint 4,2025-04-21,2025-04-21,Completed,0
ENG-00670,Sprint 5,2025-05-21,2025-05-26,Delayed,5
ENG-00670,Sprint 6,2025-06-21,2025-06-22,Completed,1
ENG-00670,Sprint 7,2025-07-21,2025-07-22,Completed,1
ENG-00670,Sprint 8,2025-08-21,2025-08-23,Completed,2
ENG-00670,Sprint 9,2025-09-21,2025-09-22,Completed,1
ENG-00670,Sprint 10,2025-10-21,2025-10-23,Completed,2
ENG-00671,Sprint 1,2024-06-21,2024-06-22,Completed,1
ENG-00671,Sprint 2,2024-07-21,2024-07-23,Completed,2
ENG-00671,Sprint 3,2024-08-21,2024-08-25,Delayed,4
ENG-00671,Sprint 4,2024-09-21,2024-09-21,Completed,0
ENG-00671,Sprint 5,2024-10-21,2024-10-23,Completed,2
ENG-00671,Sprint 6,2024-11-21,2024-11-21,Completed,0
ENG-00671,Sprint 7,2024-12-21,2024-12-25,Delayed,4
ENG-00671,Sprint 8,2025-01-21,2025-01-28,Delayed,7
ENG-00671,Sprint 9,2025-02-21,2025-02-23,Completed,2
ENG-00671,Sprint 10,2025-03-21,2025-03-26,Delayed,5
ENG-00671,Sprint 11,2025-04-21,2025-04-21,Completed,0
ENG-00671,Sprint 12,2025-05-21,2025-05-24,Completed,3
ENG-00672,Sprint 1,2025-03-21,2025-03-21,Completed,0
ENG-00672,Sprint 2,2025-04-21,2025-04-21,Completed,0
ENG-00672,Sprint 3,2025-05-21,2025-05-22,Completed,1
ENG-00672,Sprint 4,2025-06-21,2025-06-27,Delayed,6
ENG-00672,Sprint 5,2025-07-21,2025-07-24,Completed,3
ENG-00672,Sprint 6,2025-08-21,2025-08-25,Delayed,4
ENG-00672,Sprint 7,2025-09-21,2025-09-24,Completed,3
ENG-00673,Sprint 1,2026-03-21,2026-03-21,Completed,0
ENG-00673,Sprint 2,2026-04-21,2026-04-26,Delayed,5
ENG-00673,Sprint 3,2026-05-21,2026-05-24,Completed,3
ENG-00673,Sprint 4,2026-06-21,2026-06-26,Delayed,5
ENG-00673,Sprint 5,2026-07-21,2026-07-27,Delayed,6
ENG-00673,Sprint 6,2026-08-21,2026-08-24,Completed,3
ENG-00673,Sprint 7,2026-09-21,2026-09-22,Completed,1
ENG-00673,Sprint 8,2026-10-21,2026-10-25,Delayed,4
ENG-00674,Sprint 1,2025-09-21,2025-09-23,Completed,2
ENG-00674,Sprint 2,2025-10-21,2025-10-22,Completed,1
ENG-00674,Sprint 3,2025-11-21,2025-11-25,Delayed,4
ENG-00674,Sprint 4,2025-12-21,2025-12-21,Completed,0
ENG-00674,Sprint 5,2026-01-21,2026-01-22,Completed,1
ENG-00674,Sprint 6,2026-02-21,2026-02-28,Delayed,7
ENG-00674,Sprint 7,2026-03-21,2026-03-28,Delayed,7
ENG-00674,Sprint 8,2026-04-21,2026-04-21,Completed,0
ENG-00674,Sprint 9,2026-05-21,2026-05-25,Delayed,4
ENG-00674,Sprint 10,2026-06-21,2026-06-27,Delayed,6
ENG-00675,Sprint 1,2024-10-21,2024-10-22,Completed,1
ENG-00675,Sprint 2,2024-11-21,2024-11-22,Completed,1
ENG-00675,Sprint 3,2024-12-21,2024-12-26,Delayed,5
ENG-00675,Sprint 4,2025-01-21,2025-01-26,Delayed,5
ENG-00675,Sprint 5,2025-02-21,2025-02-23,Completed,2
ENG-00675,Sprint 6,2025-03-21,2025-03-21,Completed,0
ENG-00675,Sprint 7,2025-04-21,2025-04-21,Completed,0
ENG-00675,Sprint 8,2025-05-21,2025-05-21,Completed,0
ENG-00675,Sprint 9,2025-06-21,2025-06-23,Completed,2
ENG-00675,Sprint 10,2025-07-21,2025-07-24,Completed,3
ENG-00676,Sprint 1,2026-06-21,2026-06-23,Completed,2
ENG-00676,Sprint 2,2026-07-21,2026-07-23,Completed,2
ENG-00676,Sprint 3,2026-08-21,2026-08-21,Completed,0
ENG-00677,Sprint 1,2024-04-21,2024-04-23,Completed,2
ENG-00677,Sprint 2,2024-05-21,2024-05-27,Delayed,6
ENG-00677,Sprint 3,2024-06-21,2024-06-26,Delayed,5
ENG-00677,Sprint 4,2024-07-21,2024-07-30,Delayed,9
ENG-00677,Sprint 5,2024-08-21,2024-08-24,Completed,3
ENG-00677,Sprint 6,2024-09-21,2024-09-24,Completed,3
ENG-00677,Sprint 7,2024-10-21,2024-10-23,Completed,2
ENG-00677,Sprint 8,2024-11-21,2024-11-26,Delayed,5
ENG-00677,Sprint 9,2024-12-21,2024-12-21,Completed,0
ENG-00678,Sprint 1,2026-01-21,2026-01-22,Completed,1
ENG-00678,Sprint 2,2026-02-21,2026-02-21,Completed,0
ENG-00678,Sprint 3,2026-03-21,2026-03-30,Delayed,9
ENG-00678,Sprint 4,2026-04-21,2026-04-21,Completed,0
ENG-00678,Sprint 5,2026-05-21,2026-05-21,Completed,0
ENG-00678,Sprint 6,2026-06-21,2026-06-21,Completed,0
ENG-00678,Sprint 7,2026-07-21,2026-07-21,Completed,0
ENG-00678,Sprint 8,2026-08-21,2026-08-21,Completed,0
ENG-00679,Sprint 1,2024-04-21,2024-04-21,Completed,0
ENG-00679,Sprint 2,2024-05-21,2024-05-22,Completed,1
ENG-00679,Sprint 3,2024-06-21,2024-06-22,Completed,1
ENG-00679,Sprint 4,2024-07-21,2024-07-22,Completed,1
ENG-00679,Sprint 5,2024-08-21,2024-08-21,Completed,0
ENG-00679,Sprint 6,2024-09-21,2024-09-24,Completed,3
ENG-00679,Sprint 7,2024-10-21,2024-11-01,Delayed,11
ENG-00679,Sprint 8,2024-11-21,2024-11-21,Completed,0
ENG-00679,Sprint 9,2024-12-21,2024-12-27,Delayed,6
ENG-00679,Sprint 10,2025-01-21,2025-01-30,Delayed,9
ENG-00680,Sprint 1,2024-03-21,2024-03-25,Delayed,4
ENG-00680,Sprint 2,2024-04-21,2024-04-25,Delayed,4
ENG-00680,Sprint 3,2024-05-21,2024-05-21,Completed,0
ENG-00680,Sprint 4,2024-06-21,2024-06-26,Delayed,5
ENG-00680,Sprint 5,2024-07-21,2024-07-21,Completed,0
ENG-00680,Sprint 6,2024-08-21,2024-08-28,Delayed,7
ENG-00680,Sprint 7,2024-09-21,2024-09-29,Delayed,8
ENG-00680,Sprint 8,2024-10-21,2024-10-21,Completed,0
ENG-00680,Sprint 9,2024-11-21,2024-11-23,Completed,2
ENG-00680,Sprint 10,2024-12-21,2024-12-27,Delayed,6
ENG-00680,Sprint 11,2025-01-21,2025-01-24,Completed,3
ENG-00680,Sprint 12,2025-02-21,2025-02-22,Completed,1
ENG-00680,Sprint 13,2025-03-21,2025-03-26,Delayed,5
ENG-00681,Sprint 1,2026-02-21,2026-02-21,Completed,0
ENG-00681,Sprint 2,2026-03-21,2026-03-27,Delayed,6
ENG-00681,Sprint 3,2026-04-21,2026-04-25,Delayed,4
ENG-00681,Sprint 4,2026-05-21,2026-05-23,Completed,2
ENG-00681,Sprint 5,2026-06-21,2026-06-21,Completed,0
ENG-00681,Sprint 6,2026-07-21,2026-07-23,Completed,2
ENG-00681,Sprint 7,2026-08-21,2026-08-25,Delayed,4
ENG-00681,Sprint 8,2026-09-21,2026-09-27,Delayed,6
ENG-00681,Sprint 9,2026-10-21,2026-10-31,Delayed,10
ENG-00681,Sprint 10,2026-11-21,2026-12-02,Delayed,11
ENG-00682,Sprint 1,2024-09-21,2024-09-21,Completed,0
ENG-00682,Sprint 2,2024-10-21,2024-10-21,Completed,0
ENG-00682,Sprint 3,2024-11-21,2024-11-21,Completed,0
ENG-00682,Sprint 4,2024-12-21,2024-12-24,Completed,3
ENG-00682,Sprint 5,2025-01-21,2025-01-25,Delayed,4
ENG-00682,Sprint 6,2025-02-21,2025-02-24,Completed,3
ENG-00682,Sprint 7,2025-03-21,2025-03-22,Completed,1
ENG-00682,Sprint 8,2025-04-21,2025-04-21,Completed,0
ENG-00682,Sprint 9,2025-05-21,2025-05-24,Completed,3
ENG-00682,Sprint 10,2025-06-21,2025-06-21,Completed,0
ENG-00682,Sprint 11,2025-07-21,2025-07-21,Completed,0
ENG-00682,Sprint 12,2025-08-21,2025-08-24,Completed,3
ENG-00683,Sprint 1,2025-03-21,2025-03-22,Completed,1
ENG-00683,Sprint 2,2025-04-21,2025-04-21,Completed,0
ENG-00683,Sprint 3,2025-05-21,2025-05-21,Completed,0
ENG-00683,Sprint 4,2025-06-21,2025-06-26,Delayed,5
ENG-00683,Sprint 5,2025-07-21,2025-07-22,Completed,1
ENG-00683,Sprint 6,2025-08-21,2025-08-21,Completed,0
ENG-00683,Sprint 7,2025-09-21,2025-09-28,Delayed,7
ENG-00684,Sprint 1,2024-05-21,2024-05-24,Completed,3
ENG-00684,Sprint 2,2024-06-21,2024-06-24,Completed,3
ENG-00684,Sprint 3,2024-07-21,2024-07-28,Delayed,7
ENG-00684,Sprint 4,2024-08-21,2024-08-27,Delayed,6
ENG-00685,Sprint 1,2025-06-21,2025-06-23,Completed,2
ENG-00685,Sprint 2,2025-07-21,2025-07-24,Completed,3
ENG-00685,Sprint 3,2025-08-21,2025-08-21,Completed,0
ENG-00685,Sprint 4,2025-09-21,2025-09-21,Completed,0
ENG-00685,Sprint 5,2025-10-21,2025-10-23,Completed,2
ENG-00685,Sprint 6,2025-11-21,2025-11-21,Completed,0
ENG-00685,Sprint 7,2025-12-21,2025-12-23,Completed,2
ENG-00685,Sprint 8,2026-01-21,2026-01-28,Delayed,7
ENG-00685,Sprint 9,2026-02-21,2026-02-23,Completed,2
ENG-00685,Sprint 10,2026-03-21,2026-03-27,Delayed,6
ENG-00685,Sprint 11,2026-04-21,2026-04-21,Completed,0
ENG-00686,Sprint 1,2025-09-21,2025-09-22,Completed,1
ENG-00686,Sprint 2,2025-10-21,2025-10-21,Completed,0
ENG-00686,Sprint 3,2025-11-21,2025-11-21,Completed,0
ENG-00686,Sprint 4,2025-12-21,2025-12-23,Completed,2
ENG-00686,Sprint 5,2026-01-21,2026-01-21,Completed,0
ENG-00686,Sprint 6,2026-02-21,2026-02-21,Completed,0
ENG-00686,Sprint 7,2026-03-21,2026-03-21,Completed,0
ENG-00686,Sprint 8,2026-04-21,2026-04-25,Delayed,4
ENG-00686,Sprint 9,2026-05-21,2026-05-22,Completed,1
ENG-00686,Sprint 10,2026-06-21,2026-06-23,Completed,2
ENG-00687,Sprint 1,2024-04-21,2024-04-21,Completed,0
ENG-00687,Sprint 2,2024-05-21,2024-05-23,Completed,2
ENG-00687,Sprint 3,2024-06-21,2024-06-25,Delayed,4
ENG-00687,Sprint 4,2024-07-21,2024-07-21,Completed,0
ENG-00687,Sprint 5,2024-08-21,2024-08-21,Completed,0
ENG-00687,Sprint 6,2024-09-21,2024-09-21,Completed,0
ENG-00687,Sprint 7,2024-10-21,2024-10-23,Completed,2
ENG-00687,Sprint 8,2024-11-21,2024-11-21,Completed,0
ENG-00687,Sprint 9,2024-12-21,2024-12-21,Completed,0
ENG-00687,Sprint 10,2025-01-21,2025-01-25,Delayed,4
ENG-00687,Sprint 11,2025-02-21,2025-02-23,Completed,2
ENG-00688,Sprint 1,2025-12-21,2025-12-23,Completed,2
ENG-00688,Sprint 2,2026-01-21,2026-01-26,Delayed,5
ENG-00688,Sprint 3,2026-02-21,2026-02-21,Completed,0
ENG-00688,Sprint 4,2026-03-21,2026-03-21,Completed,0
ENG-00688,Sprint 5,2026-04-21,2026-04-21,Completed,0
ENG-00688,Sprint 6,2026-05-21,2026-05-21,Completed,0
ENG-00688,Sprint 7,2026-06-21,2026-06-24,Completed,3
ENG-00688,Sprint 8,2026-07-21,2026-07-21,Completed,0
ENG-00689,Sprint 1,2025-08-21,2025-08-25,Delayed,4
ENG-00689,Sprint 2,2025-09-21,2025-09-21,Completed,0
ENG-00689,Sprint 3,2025-10-21,2025-10-22,Completed,1
ENG-00689,Sprint 4,2025-11-21,2025-11-28,Delayed,7
ENG-00689,Sprint 5,2025-12-21,2025-12-27,Delayed,6
ENG-00690,Sprint 1,2024-06-21,2024-06-21,Completed,0
ENG-00690,Sprint 2,2024-07-21,2024-07-22,Completed,1
ENG-00690,Sprint 3,2024-08-21,2024-08-23,Completed,2
ENG-00690,Sprint 4,2024-09-21,2024-09-23,Completed,2
ENG-00690,Sprint 5,2024-10-21,2024-10-24,Completed,3
ENG-00690,Sprint 6,2024-11-21,2024-11-24,Completed,3
ENG-00690,Sprint 7,2024-12-21,2024-12-21,Completed,0
ENG-00690,Sprint 8,2025-01-21,2025-01-22,Completed,1
ENG-00690,Sprint 9,2025-02-21,2025-02-22,Completed,1
ENG-00690,Sprint 10,2025-03-21,2025-03-23,Completed,2
ENG-00691,Sprint 1,2024-08-21,2024-08-21,Completed,0
ENG-00691,Sprint 2,2024-09-21,2024-09-26,Delayed,5
ENG-00691,Sprint 3,2024-10-21,2024-10-26,Delayed,5
ENG-00691,Sprint 4,2024-11-21,2024-11-28,Delayed,7
ENG-00691,Sprint 5,2024-12-21,2024-12-24,Completed,3
ENG-00691,Sprint 6,2025-01-21,2025-01-30,Delayed,9
ENG-00691,Sprint 7,2025-02-21,2025-02-28,Delayed,7
ENG-00691,Sprint 8,2025-03-21,2025-03-24,Completed,3
ENG-00691,Sprint 9,2025-04-21,2025-04-26,Delayed,5
ENG-00691,Sprint 10,2025-05-21,2025-05-25,Delayed,4
ENG-00692,Sprint 1,2025-04-21,2025-04-21,Completed,0
ENG-00692,Sprint 2,2025-05-21,2025-05-29,Delayed,8
ENG-00692,Sprint 3,2025-06-21,2025-06-27,Delayed,6
ENG-00692,Sprint 4,2025-07-21,2025-07-21,Completed,0
ENG-00692,Sprint 5,2025-08-21,2025-08-31,Delayed,10
ENG-00692,Sprint 6,2025-09-21,2025-09-25,Delayed,4
ENG-00692,Sprint 7,2025-10-21,2025-10-26,Delayed,5
ENG-00692,Sprint 8,2025-11-21,2025-11-27,Delayed,6
ENG-00692,Sprint 9,2025-12-21,2025-12-22,Completed,1
ENG-00692,Sprint 10,2026-01-21,2026-01-22,Completed,1
ENG-00692,Sprint 11,2026-02-21,2026-02-24,Completed,3
ENG-00692,Sprint 12,2026-03-21,2026-03-23,Completed,2
ENG-00693,Sprint 1,2024-05-21,2024-05-25,Delayed,4
ENG-00693,Sprint 2,2024-06-21,2024-06-22,Completed,1
ENG-00693,Sprint 3,2024-07-21,2024-07-28,Delayed,7
ENG-00693,Sprint 4,2024-08-21,2024-08-28,Delayed,7
ENG-00693,Sprint 5,2024-09-21,2024-10-01,Delayed,10
ENG-00693,Sprint 6,2024-10-21,2024-10-24,Completed,3
ENG-00693,Sprint 7,2024-11-21,2024-11-27,Delayed,6
ENG-00693,Sprint 8,2024-12-21,2024-12-25,Delayed,4
ENG-00694,Sprint 1,2026-01-21,2026-01-26,Delayed,5
ENG-00694,Sprint 2,2026-02-21,2026-02-22,Completed,1
ENG-00694,Sprint 3,2026-03-21,2026-03-25,Delayed,4
ENG-00694,Sprint 4,2026-04-21,2026-04-26,Delayed,5
ENG-00694,Sprint 5,2026-05-21,2026-05-21,Completed,0
ENG-00694,Sprint 6,2026-06-21,2026-06-24,Completed,3
ENG-00694,Sprint 7,2026-07-21,2026-07-22,Completed,1
ENG-00695,Sprint 1,2025-05-21,2025-05-21,Completed,0
ENG-00695,Sprint 2,2025-06-21,2025-06-21,Completed,0
ENG-00695,Sprint 3,2025-07-21,2025-07-21,Completed,0
ENG-00695,Sprint 4,2025-08-21,2025-08-21,Completed,0
ENG-00695,Sprint 5,2025-09-21,2025-09-21,Completed,0
ENG-00695,Sprint 6,2025-10-21,2025-10-21,Completed,0
ENG-00695,Sprint 7,2025-11-21,2025-11-22,Completed,1
ENG-00695,Sprint 8,2025-12-21,2025-12-21,Completed,0
ENG-00695,Sprint 9,2026-01-21,2026-01-21,Completed,0
ENG-00695,Sprint 10,2026-02-21,2026-02-21,Completed,0
ENG-00695,Sprint 11,2026-03-21,2026-03-23,Completed,2
ENG-00695,Sprint 12,2026-04-21,2026-04-21,Completed,0
ENG-00696,Sprint 1,2025-11-21,2025-11-25,Delayed,4
ENG-00696,Sprint 2,2025-12-21,2025-12-21,Completed,0
ENG-00696,Sprint 3,2026-01-21,2026-01-21,Completed,0
ENG-00696,Sprint 4,2026-02-21,2026-02-21,Completed,0
ENG-00696,Sprint 5,2026-03-21,2026-03-24,Completed,3
ENG-00696,Sprint 6,2026-04-21,2026-04-22,Completed,1
ENG-00696,Sprint 7,2026-05-21,2026-05-24,Completed,3
ENG-00696,Sprint 8,2026-06-21,2026-06-23,Completed,2
ENG-00697,Sprint 1,2025-12-21,2025-12-27,Delayed,6
ENG-00697,Sprint 2,2026-01-21,2026-01-27,Delayed,6
ENG-00697,Sprint 3,2026-02-21,2026-02-23,Completed,2
ENG-00697,Sprint 4,2026-03-21,2026-03-27,Delayed,6
ENG-00697,Sprint 5,2026-04-21,2026-04-21,Completed,0
ENG-00698,Sprint 1,2024-04-21,2024-04-23,Completed,2
ENG-00698,Sprint 2,2024-05-21,2024-05-24,Completed,3
ENG-00698,Sprint 3,2024-06-21,2024-06-21,Completed,0
ENG-00698,Sprint 4,2024-07-21,2024-07-21,Completed,0
ENG-00698,Sprint 5,2024-08-21,2024-08-30,Delayed,9
ENG-00698,Sprint 6,2024-09-21,2024-09-26,Delayed,5
ENG-00699,Sprint 1,2025-02-21,2025-02-28,Delayed,7
ENG-00699,Sprint 2,2025-03-21,2025-03-22,Completed,1
ENG-00699,Sprint 3,2025-04-21,2025-04-23,Completed,2
ENG-00699,Sprint 4,2025-05-21,2025-05-23,Completed,2
ENG-00699,Sprint 5,2025-06-21,2025-06-21,Completed,0
ENG-00699,Sprint 6,2025-07-21,2025-07-25,Delayed,4
ENG-00699,Sprint 7,2025-08-21,2025-08-27,Delayed,6
ENG-00699,Sprint 8,2025-09-21,2025-09-28,Delayed,7
ENG-00699,Sprint 9,2025-10-21,2025-10-28,Delayed,7
ENG-00699,Sprint 10,2025-11-21,2025-11-24,Completed,3
ENG-00699,Sprint 11,2025-12-21,2025-12-23,Completed,2
ENG-00699,Sprint 12,2026-01-21,2026-01-25,Delayed,4
ENG-00700,Sprint 1,2025-03-21,2025-03-21,Completed,0
ENG-00700,Sprint 2,2025-04-21,2025-04-21,Completed,0
ENG-00700,Sprint 3,2025-05-21,2025-05-29,Delayed,8
ENG-00700,Sprint 4,2025-06-21,2025-06-28,Delayed,7
ENG-00701,Sprint 1,2024-04-21,2024-04-21,Completed,0
ENG-00701,Sprint 2,2024-05-21,2024-05-30,Delayed,9
ENG-00701,Sprint 3,2024-06-21,2024-06-23,Completed,2
ENG-00701,Sprint 4,2024-07-21,2024-07-28,Delayed,7
ENG-00701,Sprint 5,2024-08-21,2024-08-26,Delayed,5
ENG-00701,Sprint 6,2024-09-21,2024-09-21,Completed,0
ENG-00701,Sprint 7,2024-10-21,2024-10-21,Completed,0
ENG-00701,Sprint 8,2024-11-21,2024-11-21,Completed,0
ENG-00701,Sprint 9,2024-12-21,2024-12-21,Completed,0
ENG-00701,Sprint 10,2025-01-21,2025-01-25,Delayed,4
ENG-00701,Sprint 11,2025-02-21,2025-02-26,Delayed,5
ENG-00701,Sprint 12,2025-03-21,2025-03-25,Delayed,4
ENG-00701,Sprint 13,2025-04-21,2025-04-24,Completed,3
ENG-00702,Sprint 1,2026-05-21,2026-05-29,Delayed,8
ENG-00702,Sprint 2,2026-06-21,2026-06-27,Delayed,6
ENG-00702,Sprint 3,2026-07-21,2026-07-22,Completed,1
ENG-00702,Sprint 4,2026-08-21,2026-08-21,Completed,0
ENG-00703,Sprint 1,2024-08-21,2024-08-21,Completed,0
ENG-00703,Sprint 2,2024-09-21,2024-09-23,Completed,2
ENG-00703,Sprint 3,2024-10-21,2024-10-26,Delayed,5
ENG-00703,Sprint 4,2024-11-21,2024-11-21,Completed,0
ENG-00703,Sprint 5,2024-12-21,2024-12-23,Completed,2
ENG-00703,Sprint 6,2025-01-21,2025-01-21,Completed,0
ENG-00703,Sprint 7,2025-02-21,2025-02-21,Completed,0
ENG-00703,Sprint 8,2025-03-21,2025-03-21,Completed,0
ENG-00704,Sprint 1,2024-11-21,2024-11-21,Completed,0
ENG-00704,Sprint 2,2024-12-21,2024-12-25,Delayed,4
ENG-00704,Sprint 3,2025-01-21,2025-01-21,Completed,0
ENG-00704,Sprint 4,2025-02-21,2025-02-21,Completed,0
ENG-00704,Sprint 5,2025-03-21,2025-03-25,Delayed,4
ENG-00704,Sprint 6,2025-04-21,2025-04-21,Completed,0
ENG-00704,Sprint 7,2025-05-21,2025-05-21,Completed,0
ENG-00704,Sprint 8,2025-06-21,2025-06-21,Completed,0
ENG-00704,Sprint 9,2025-07-21,2025-07-27,Delayed,6
ENG-00705,Sprint 1,2026-06-21,2026-06-23,Completed,2
ENG-00705,Sprint 2,2026-07-21,2026-07-26,Delayed,5
ENG-00705,Sprint 3,2026-08-21,2026-08-25,Delayed,4
ENG-00706,Sprint 1,2024-06-21,2024-06-24,Completed,3
ENG-00706,Sprint 2,2024-07-21,2024-07-21,Completed,0
ENG-00706,Sprint 3,2024-08-21,2024-08-26,Delayed,5
ENG-00706,Sprint 4,2024-09-21,2024-09-27,Delayed,6
ENG-00706,Sprint 5,2024-10-21,2024-10-25,Delayed,4
ENG-00706,Sprint 6,2024-11-21,2024-12-05,Delayed,14
ENG-00706,Sprint 7,2024-12-21,2025-01-01,Delayed,11
ENG-00707,Sprint 1,2025-08-21,2025-08-21,Completed,0
ENG-00707,Sprint 2,2025-09-21,2025-09-22,Completed,1
ENG-00707,Sprint 3,2025-10-21,2025-10-21,Completed,0
ENG-00707,Sprint 4,2025-11-21,2025-11-21,Completed,0
ENG-00707,Sprint 5,2025-12-21,2025-12-26,Delayed,5
ENG-00707,Sprint 6,2026-01-21,2026-01-30,Delayed,9
ENG-00707,Sprint 7,2026-02-21,2026-02-21,Completed,0
ENG-00708,Sprint 1,2025-04-21,2025-04-23,Completed,2
ENG-00708,Sprint 2,2025-05-21,2025-05-21,Completed,0
ENG-00708,Sprint 3,2025-06-21,2025-06-22,Completed,1
ENG-00708,Sprint 4,2025-07-21,2025-07-23,Completed,2
ENG-00708,Sprint 5,2025-08-21,2025-08-26,Delayed,5
ENG-00708,Sprint 6,2025-09-21,2025-09-23,Completed,2
ENG-00708,Sprint 7,2025-10-21,2025-10-24,Completed,3
ENG-00708,Sprint 8,2025-11-21,2025-11-21,Completed,0
ENG-00708,Sprint 9,2025-12-21,2025-12-24,Completed,3
ENG-00708,Sprint 10,2026-01-21,2026-01-27,Delayed,6
ENG-00709,Sprint 1,2025-05-21,2025-05-25,Delayed,4
ENG-00709,Sprint 2,2025-06-21,2025-06-25,Delayed,4
ENG-00709,Sprint 3,2025-07-21,2025-07-21,Completed,0
ENG-00709,Sprint 4,2025-08-21,2025-08-29,Delayed,8
ENG-00709,Sprint 5,2025-09-21,2025-09-24,Completed,3
ENG-00709,Sprint 6,2025-10-21,2025-10-22,Completed,1
ENG-00709,Sprint 7,2025-11-21,2025-11-27,Delayed,6
ENG-00709,Sprint 8,2025-12-21,2025-12-25,Delayed,4
ENG-00709,Sprint 9,2026-01-21,2026-01-25,Delayed,4
ENG-00709,Sprint 10,2026-02-21,2026-02-27,Delayed,6
ENG-00709,Sprint 11,2026-03-21,2026-03-21,Completed,0
ENG-00709,Sprint 12,2026-04-21,2026-04-22,Completed,1
ENG-00710,Sprint 1,2026-03-21,2026-03-21,Completed,0
ENG-00710,Sprint 2,2026-04-21,2026-04-21,Completed,0
ENG-00710,Sprint 3,2026-05-21,2026-05-22,Completed,1
ENG-00710,Sprint 4,2026-06-21,2026-06-21,Completed,0
ENG-00710,Sprint 5,2026-07-21,2026-07-23,Completed,2
ENG-00710,Sprint 6,2026-08-21,2026-08-29,Delayed,8
ENG-00711,Sprint 1,2025-03-21,2025-03-21,Completed,0
ENG-00711,Sprint 2,2025-04-21,2025-04-24,Completed,3
ENG-00711,Sprint 3,2025-05-21,2025-05-21,Completed,0
ENG-00711,Sprint 4,2025-06-21,2025-06-24,Completed,3
ENG-00711,Sprint 5,2025-07-21,2025-07-21,Completed,0
ENG-00711,Sprint 6,2025-08-21,2025-08-21,Completed,0
ENG-00711,Sprint 7,2025-09-21,2025-09-22,Completed,1
ENG-00711,Sprint 8,2025-10-21,2025-10-22,Completed,1
ENG-00712,Sprint 1,2024-10-21,2024-10-27,Delayed,6
ENG-00712,Sprint 2,2024-11-21,2024-11-21,Completed,0
ENG-00712,Sprint 3,2024-12-21,2024-12-29,Delayed,8
ENG-00712,Sprint 4,2025-01-21,2025-01-23,Completed,2
ENG-00712,Sprint 5,2025-02-21,2025-02-24,Completed,3
ENG-00712,Sprint 6,2025-03-21,2025-03-23,Completed,2
ENG-00712,Sprint 7,2025-04-21,2025-04-26,Delayed,5
ENG-00712,Sprint 8,2025-05-21,2025-05-22,Completed,1
ENG-00713,Sprint 1,2025-12-21,2025-12-21,Completed,0
ENG-00713,Sprint 2,2026-01-21,2026-01-21,Completed,0
ENG-00713,Sprint 3,2026-02-21,2026-02-21,Completed,0
ENG-00713,Sprint 4,2026-03-21,2026-03-21,Completed,0
ENG-00713,Sprint 5,2026-04-21,2026-04-21,Completed,0
ENG-00713,Sprint 6,2026-05-21,2026-05-21,Completed,0
ENG-00713,Sprint 7,2026-06-21,2026-06-21,Completed,0
ENG-00714,Sprint 1,2025-05-21,2025-06-01,Delayed,11
ENG-00714,Sprint 2,2025-06-21,2025-06-25,Delayed,4
ENG-00714,Sprint 3,2025-07-21,2025-07-27,Delayed,6
ENG-00714,Sprint 4,2025-08-21,2025-08-22,Completed,1
ENG-00714,Sprint 5,2025-09-21,2025-09-24,Completed,3
ENG-00714,Sprint 6,2025-10-21,2025-10-25,Delayed,4
ENG-00714,Sprint 7,2025-11-21,2025-11-23,Completed,2
ENG-00714,Sprint 8,2025-12-21,2025-12-23,Completed,2
ENG-00714,Sprint 9,2026-01-21,2026-01-21,Completed,0
ENG-00714,Sprint 10,2026-02-21,2026-02-22,Completed,1
ENG-00714,Sprint 11,2026-03-21,2026-03-28,Delayed,7
ENG-00714,Sprint 12,2026-04-21,2026-04-21,Completed,0
ENG-00714,Sprint 13,2026-05-21,2026-05-29,Delayed,8
ENG-00715,Sprint 1,2024-08-21,2024-08-21,Completed,0
ENG-00715,Sprint 2,2024-09-21,2024-09-21,Completed,0
ENG-00715,Sprint 3,2024-10-21,2024-10-21,Completed,0
ENG-00715,Sprint 4,2024-11-21,2024-11-21,Completed,0
ENG-00715,Sprint 5,2024-12-21,2024-12-26,Delayed,5
ENG-00715,Sprint 6,2025-01-21,2025-01-21,Completed,0
ENG-00715,Sprint 7,2025-02-21,2025-02-21,Completed,0
ENG-00715,Sprint 8,2025-03-21,2025-03-24,Completed,3
ENG-00715,Sprint 9,2025-04-21,2025-04-21,Completed,0
ENG-00715,Sprint 10,2025-05-21,2025-05-21,Completed,0
ENG-00715,Sprint 11,2025-06-21,2025-06-23,Completed,2
ENG-00716,Sprint 1,2026-05-21,2026-05-21,Completed,0
ENG-00716,Sprint 2,2026-06-21,2026-06-22,Completed,1
ENG-00716,Sprint 3,2026-07-21,2026-07-21,Completed,0
ENG-00716,Sprint 4,2026-08-21,2026-08-26,Delayed,5
ENG-00716,Sprint 5,2026-09-21,2026-09-26,Delayed,5
ENG-00716,Sprint 6,2026-10-21,2026-10-28,Delayed,7
ENG-00717,Sprint 1,2025-02-21,2025-02-22,Completed,1
ENG-00717,Sprint 2,2025-03-21,2025-03-27,Delayed,6
ENG-00717,Sprint 3,2025-04-21,2025-04-29,Delayed,8
ENG-00717,Sprint 4,2025-05-21,2025-05-22,Completed,1
ENG-00717,Sprint 5,2025-06-21,2025-06-24,Completed,3
ENG-00717,Sprint 6,2025-07-21,2025-07-29,Delayed,8
ENG-00717,Sprint 7,2025-08-21,2025-08-23,Completed,2
ENG-00718,Sprint 1,2026-08-21,2026-08-21,Completed,0
ENG-00719,Sprint 1,2024-12-21,2024-12-22,Completed,1
ENG-00719,Sprint 2,2025-01-21,2025-01-24,Completed,3
ENG-00719,Sprint 3,2025-02-21,2025-02-22,Completed,1
ENG-00719,Sprint 4,2025-03-21,2025-03-21,Completed,0
ENG-00719,Sprint 5,2025-04-21,2025-04-21,Completed,0
ENG-00719,Sprint 6,2025-05-21,2025-05-21,Completed,0
ENG-00719,Sprint 7,2025-06-21,2025-06-21,Completed,0
ENG-00720,Sprint 1,2024-04-21,2024-04-28,Delayed,7
ENG-00720,Sprint 2,2024-05-21,2024-05-30,Delayed,9
ENG-00720,Sprint 3,2024-06-21,2024-06-24,Completed,3
ENG-00720,Sprint 4,2024-07-21,2024-07-28,Delayed,7
ENG-00720,Sprint 5,2024-08-21,2024-08-25,Delayed,4
ENG-00720,Sprint 6,2024-09-21,2024-09-27,Delayed,6
ENG-00720,Sprint 7,2024-10-21,2024-10-26,Delayed,5
ENG-00720,Sprint 8,2024-11-21,2024-11-27,Delayed,6
ENG-00720,Sprint 9,2024-12-21,2024-12-28,Delayed,7
ENG-00720,Sprint 10,2025-01-21,2025-01-27,Delayed,6
ENG-00720,Sprint 11,2025-02-21,2025-02-23,Completed,2
ENG-00720,Sprint 12,2025-03-21,2025-03-26,Delayed,5
ENG-00720,Sprint 13,2025-04-21,2025-04-21,Completed,0
ENG-00721,Sprint 1,2025-01-21,2025-01-22,Completed,1
ENG-00721,Sprint 2,2025-02-21,2025-02-24,Completed,3
ENG-00721,Sprint 3,2025-03-21,2025-03-21,Completed,0
ENG-00721,Sprint 4,2025-04-21,2025-04-21,Completed,0
ENG-00721,Sprint 5,2025-05-21,2025-05-22,Completed,1
ENG-00721,Sprint 6,2025-06-21,2025-06-26,Delayed,5
ENG-00721,Sprint 7,2025-07-21,2025-07-23,Completed,2
ENG-00721,Sprint 8,2025-08-21,2025-08-22,Completed,1
ENG-00721,Sprint 9,2025-09-21,2025-09-24,Completed,3
ENG-00721,Sprint 10,2025-10-21,2025-10-27,Delayed,6
ENG-00721,Sprint 11,2025-11-21,2025-11-26,Delayed,5
ENG-00721,Sprint 12,2025-12-21,2025-12-30,Delayed,9
ENG-00721,Sprint 13,2026-01-21,2026-01-21,Completed,0
ENG-00722,Sprint 1,2024-01-21,2024-01-22,Completed,1
ENG-00722,Sprint 2,2024-02-21,2024-02-25,Delayed,4
ENG-00722,Sprint 3,2024-03-21,2024-03-22,Completed,1
ENG-00722,Sprint 4,2024-04-21,2024-04-23,Completed,2
ENG-00722,Sprint 5,2024-05-21,2024-05-23,Completed,2
ENG-00722,Sprint 6,2024-06-21,2024-06-24,Completed,3
ENG-00722,Sprint 7,2024-07-21,2024-07-28,Delayed,7
ENG-00722,Sprint 8,2024-08-21,2024-08-28,Delayed,7
ENG-00722,Sprint 9,2024-09-21,2024-09-23,Completed,2
ENG-00722,Sprint 10,2024-10-21,2024-10-23,Completed,2
ENG-00722,Sprint 11,2024-11-21,2024-11-23,Completed,2
ENG-00722,Sprint 12,2024-12-21,2024-12-27,Delayed,6
ENG-00723,Sprint 1,2026-03-21,2026-03-21,Completed,0
ENG-00723,Sprint 2,2026-04-21,2026-04-23,Completed,2
ENG-00723,Sprint 3,2026-05-21,2026-05-25,Delayed,4
ENG-00723,Sprint 4,2026-06-21,2026-06-21,Completed,0
ENG-00723,Sprint 5,2026-07-21,2026-07-21,Completed,0
ENG-00723,Sprint 6,2026-08-21,2026-08-24,Completed,3
ENG-00724,Sprint 1,2026-07-21,2026-07-21,Completed,0
ENG-00724,Sprint 2,2026-08-21,2026-08-27,Delayed,6
ENG-00725,Sprint 1,2025-08-21,2025-08-22,Completed,1
ENG-00725,Sprint 2,2025-09-21,2025-09-21,Completed,0
ENG-00725,Sprint 3,2025-10-21,2025-10-23,Completed,2
ENG-00725,Sprint 4,2025-11-21,2025-11-28,Delayed,7
ENG-00725,Sprint 5,2025-12-21,2025-12-23,Completed,2
ENG-00725,Sprint 6,2026-01-21,2026-01-22,Completed,1
ENG-00725,Sprint 7,2026-02-21,2026-02-21,Completed,0
ENG-00726,Sprint 1,2025-11-21,2025-11-22,Completed,1
ENG-00726,Sprint 2,2025-12-21,2025-12-26,Delayed,5
ENG-00726,Sprint 3,2026-01-21,2026-01-27,Delayed,6
ENG-00726,Sprint 4,2026-02-21,2026-03-03,Delayed,10
ENG-00726,Sprint 5,2026-03-21,2026-03-27,Delayed,6
ENG-00726,Sprint 6,2026-04-21,2026-04-22,Completed,1
ENG-00726,Sprint 7,2026-05-21,2026-05-30,Delayed,9
ENG-00726,Sprint 8,2026-06-21,2026-06-23,Completed,2
ENG-00726,Sprint 9,2026-07-21,2026-07-24,Completed,3
ENG-00727,Sprint 1,2024-03-21,2024-03-23,Completed,2
ENG-00727,Sprint 2,2024-04-21,2024-04-25,Delayed,4
ENG-00727,Sprint 3,2024-05-21,2024-05-27,Delayed,6
ENG-00727,Sprint 4,2024-06-21,2024-06-21,Completed,0
ENG-00727,Sprint 5,2024-07-21,2024-07-24,Completed,3
ENG-00727,Sprint 6,2024-08-21,2024-08-23,Completed,2
ENG-00727,Sprint 7,2024-09-21,2024-09-24,Completed,3
ENG-00727,Sprint 8,2024-10-21,2024-10-29,Delayed,8
ENG-00727,Sprint 9,2024-11-21,2024-11-27,Delayed,6
ENG-00727,Sprint 10,2024-12-21,2024-12-21,Completed,0
ENG-00728,Sprint 1,2024-05-21,2024-05-21,Completed,0
ENG-00728,Sprint 2,2024-06-21,2024-06-25,Delayed,4
ENG-00728,Sprint 3,2024-07-21,2024-07-22,Completed,1
ENG-00728,Sprint 4,2024-08-21,2024-08-24,Completed,3
ENG-00728,Sprint 5,2024-09-21,2024-09-25,Delayed,4
ENG-00728,Sprint 6,2024-10-21,2024-10-21,Completed,0
ENG-00728,Sprint 7,2024-11-21,2024-11-23,Completed,2
ENG-00728,Sprint 8,2024-12-21,2024-12-22,Completed,1
ENG-00728,Sprint 9,2025-01-21,2025-01-24,Completed,3
ENG-00728,Sprint 10,2025-02-21,2025-02-23,Completed,2
ENG-00728,Sprint 11,2025-03-21,2025-03-21,Completed,0
ENG-00729,Sprint 1,2025-12-21,2025-12-24,Completed,3
ENG-00729,Sprint 2,2026-01-21,2026-01-21,Completed,0
ENG-00729,Sprint 3,2026-02-21,2026-02-25,Delayed,4
ENG-00729,Sprint 4,2026-03-21,2026-03-21,Completed,0
ENG-00729,Sprint 5,2026-04-21,2026-04-21,Completed,0
ENG-00729,Sprint 6,2026-05-21,2026-05-22,Completed,1
ENG-00729,Sprint 7,2026-06-21,2026-06-21,Completed,0
ENG-00729,Sprint 8,2026-07-21,2026-07-21,Completed,0
ENG-00730,Sprint 1,2025-08-21,2025-08-21,Completed,0
ENG-00730,Sprint 2,2025-09-21,2025-09-22,Completed,1
ENG-00730,Sprint 3,2025-10-21,2025-10-21,Completed,0
ENG-00730,Sprint 4,2025-11-21,2025-11-23,Completed,2
ENG-00730,Sprint 5,2025-12-21,2025-12-21,Completed,0
ENG-00730,Sprint 6,2026-01-21,2026-01-23,Completed,2
ENG-00730,Sprint 7,2026-02-21,2026-02-24,Completed,3
ENG-00730,Sprint 8,2026-03-21,2026-03-22,Completed,1
ENG-00730,Sprint 9,2026-04-21,2026-04-21,Completed,0
ENG-00730,Sprint 10,2026-05-21,2026-05-21,Completed,0
ENG-00730,Sprint 11,2026-06-21,2026-06-23,Completed,2
ENG-00730,Sprint 12,2026-07-21,2026-07-21,Completed,0
ENG-00730,Sprint 13,2026-08-21,2026-08-21,Completed,0
ENG-00731,Sprint 1,2026-03-21,2026-03-21,Completed,0
ENG-00731,Sprint 2,2026-04-21,2026-04-26,Delayed,5
ENG-00731,Sprint 3,2026-05-21,2026-05-21,Completed,0
ENG-00731,Sprint 4,2026-06-21,2026-06-25,Delayed,4
ENG-00731,Sprint 5,2026-07-21,2026-07-21,Completed,0
ENG-00731,Sprint 6,2026-08-21,2026-08-21,Completed,0
ENG-00732,Sprint 1,2024-02-21,2024-02-21,Completed,0
ENG-00732,Sprint 2,2024-03-21,2024-03-27,Delayed,6
ENG-00732,Sprint 3,2024-04-21,2024-04-25,Delayed,4
ENG-00732,Sprint 4,2024-05-21,2024-05-27,Delayed,6
ENG-00733,Sprint 1,2026-08-21,2026-08-22,Completed,1
ENG-00734,Sprint 1,2025-11-21,2025-11-21,Completed,0
ENG-00734,Sprint 2,2025-12-21,2025-12-24,Completed,3
ENG-00734,Sprint 3,2026-01-21,2026-01-27,Delayed,6
ENG-00734,Sprint 4,2026-02-21,2026-02-21,Completed,0
ENG-00734,Sprint 5,2026-03-21,2026-03-21,Completed,0
ENG-00734,Sprint 6,2026-04-21,2026-04-22,Completed,1
ENG-00734,Sprint 7,2026-05-21,2026-05-21,Completed,0
ENG-00734,Sprint 8,2026-06-21,2026-06-21,Completed,0
ENG-00734,Sprint 9,2026-07-21,2026-07-22,Completed,1
ENG-00735,Sprint 1,2025-07-21,2025-07-21,Completed,0
ENG-00735,Sprint 2,2025-08-21,2025-08-21,Completed,0
ENG-00735,Sprint 3,2025-09-21,2025-09-21,Completed,0
ENG-00735,Sprint 4,2025-10-21,2025-10-24,Completed,3
ENG-00735,Sprint 5,2025-11-21,2025-11-24,Completed,3
ENG-00735,Sprint 6,2025-12-21,2025-12-21,Completed,0
ENG-00735,Sprint 7,2026-01-21,2026-01-24,Completed,3
ENG-00735,Sprint 8,2026-02-21,2026-02-21,Completed,0
ENG-00735,Sprint 9,2026-03-21,2026-03-21,Completed,0
ENG-00735,Sprint 10,2026-04-21,2026-04-21,Completed,0
ENG-00736,Sprint 1,2024-10-21,2024-10-25,Delayed,4
ENG-00736,Sprint 2,2024-11-21,2024-11-30,Delayed,9
ENG-00736,Sprint 3,2024-12-21,2024-12-21,Completed,0
ENG-00736,Sprint 4,2025-01-21,2025-01-30,Delayed,9
ENG-00736,Sprint 5,2025-02-21,2025-02-24,Completed,3
ENG-00736,Sprint 6,2025-03-21,2025-03-25,Delayed,4
ENG-00736,Sprint 7,2025-04-21,2025-04-24,Completed,3
ENG-00736,Sprint 8,2025-05-21,2025-05-29,Delayed,8
ENG-00736,Sprint 9,2025-06-21,2025-06-24,Completed,3
ENG-00736,Sprint 10,2025-07-21,2025-08-01,Delayed,11
ENG-00737,Sprint 1,2025-12-21,2025-12-28,Delayed,7
ENG-00737,Sprint 2,2026-01-21,2026-01-23,Completed,2
ENG-00737,Sprint 3,2026-02-21,2026-02-21,Completed,0
ENG-00737,Sprint 4,2026-03-21,2026-03-25,Delayed,4
ENG-00737,Sprint 5,2026-04-21,2026-04-23,Completed,2
ENG-00737,Sprint 6,2026-05-21,2026-05-28,Delayed,7
ENG-00737,Sprint 7,2026-06-21,2026-06-24,Completed,3
ENG-00738,Sprint 1,2026-01-21,2026-01-23,Completed,2
ENG-00738,Sprint 2,2026-02-21,2026-02-23,Completed,2
ENG-00738,Sprint 3,2026-03-21,2026-03-26,Delayed,5
ENG-00738,Sprint 4,2026-04-21,2026-04-22,Completed,1
ENG-00738,Sprint 5,2026-05-21,2026-06-02,Delayed,12
ENG-00738,Sprint 6,2026-06-21,2026-06-28,Delayed,7
ENG-00738,Sprint 7,2026-07-21,2026-07-29,Delayed,8
ENG-00738,Sprint 8,2026-08-21,2026-08-28,Delayed,7
ENG-00739,Sprint 1,2025-11-21,2025-11-27,Delayed,6
ENG-00739,Sprint 2,2025-12-21,2025-12-25,Delayed,4
ENG-00739,Sprint 3,2026-01-21,2026-01-27,Delayed,6
ENG-00739,Sprint 4,2026-02-21,2026-03-02,Delayed,9
ENG-00740,Sprint 1,2026-06-21,2026-06-22,Completed,1
ENG-00740,Sprint 2,2026-07-21,2026-07-21,Completed,0
ENG-00740,Sprint 3,2026-08-21,2026-08-24,Completed,3
ENG-00740,Sprint 4,2026-09-21,2026-09-26,Delayed,5
ENG-00740,Sprint 5,2026-10-21,2026-10-29,Delayed,8
ENG-00741,Sprint 1,2026-07-21,2026-07-25,Delayed,4
ENG-00741,Sprint 2,2026-08-21,2026-08-24,Completed,3
ENG-00742,Sprint 1,2026-08-21,2026-08-23,Completed,2
ENG-00743,Sprint 1,2025-10-21,2025-10-24,Completed,3
ENG-00743,Sprint 2,2025-11-21,2025-11-21,Completed,0
ENG-00743,Sprint 3,2025-12-21,2025-12-21,Completed,0
ENG-00743,Sprint 4,2026-01-21,2026-01-28,Delayed,7
ENG-00743,Sprint 5,2026-02-21,2026-02-21,Completed,0
ENG-00743,Sprint 6,2026-03-21,2026-03-21,Completed,0
ENG-00743,Sprint 7,2026-04-21,2026-04-21,Completed,0
ENG-00743,Sprint 8,2026-05-21,2026-05-23,Completed,2
ENG-00743,Sprint 9,2026-06-21,2026-06-25,Delayed,4
ENG-00744,Sprint 1,2026-02-21,2026-02-21,Completed,0
ENG-00744,Sprint 2,2026-03-21,2026-03-21,Completed,0
ENG-00744,Sprint 3,2026-04-21,2026-04-21,Completed,0
ENG-00744,Sprint 4,2026-05-21,2026-05-21,Completed,0
ENG-00744,Sprint 5,2026-06-21,2026-06-21,Completed,0
ENG-00744,Sprint 6,2026-07-21,2026-07-21,Completed,0
ENG-00744,Sprint 7,2026-08-21,2026-08-21,Completed,0
ENG-00745,Sprint 1,2025-07-21,2025-07-26,Delayed,5
ENG-00745,Sprint 2,2025-08-21,2025-08-25,Delayed,4
ENG-00745,Sprint 3,2025-09-21,2025-09-28,Delayed,7
ENG-00745,Sprint 4,2025-10-21,2025-10-30,Delayed,9
ENG-00745,Sprint 5,2025-11-21,2025-12-02,Delayed,11
ENG-00745,Sprint 6,2025-12-21,2026-01-02,Delayed,12
ENG-00746,Sprint 1,2026-07-21,2026-07-21,Completed,0
ENG-00746,Sprint 2,2026-08-21,2026-08-28,Delayed,7
ENG-00747,Sprint 1,2025-02-21,2025-02-28,Delayed,7
ENG-00747,Sprint 2,2025-03-21,2025-03-29,Delayed,8
ENG-00747,Sprint 3,2025-04-21,2025-04-22,Completed,1
ENG-00747,Sprint 4,2025-05-21,2025-05-31,Delayed,10
ENG-00747,Sprint 5,2025-06-21,2025-06-24,Completed,3
ENG-00747,Sprint 6,2025-07-21,2025-07-26,Delayed,5
ENG-00747,Sprint 7,2025-08-21,2025-08-21,Completed,0
ENG-00747,Sprint 8,2025-09-21,2025-10-02,Delayed,11
ENG-00747,Sprint 9,2025-10-21,2025-10-26,Delayed,5
ENG-00748,Sprint 1,2026-08-21,2026-08-21,Completed,0
ENG-00749,Sprint 1,2026-06-21,2026-06-26,Delayed,5
ENG-00749,Sprint 2,2026-07-21,2026-07-22,Completed,1
ENG-00749,Sprint 3,2026-08-21,2026-08-26,Delayed,5
ENG-00750,Sprint 1,2024-11-21,2024-11-22,Completed,1
ENG-00750,Sprint 2,2024-12-21,2024-12-22,Completed,1
ENG-00750,Sprint 3,2025-01-21,2025-01-24,Completed,3
ENG-00750,Sprint 4,2025-02-21,2025-02-21,Completed,0
ENG-00750,Sprint 5,2025-03-21,2025-03-23,Completed,2
ENG-00750,Sprint 6,2025-04-21,2025-04-25,Delayed,4
ENG-00750,Sprint 7,2025-05-21,2025-05-22,Completed,1
ENG-00751,Sprint 1,2024-02-21,2024-02-21,Completed,0
ENG-00751,Sprint 2,2024-03-21,2024-03-21,Completed,0
ENG-00751,Sprint 3,2024-04-21,2024-04-22,Completed,1
ENG-00751,Sprint 4,2024-05-21,2024-05-22,Completed,1
ENG-00751,Sprint 5,2024-06-21,2024-06-21,Completed,0
ENG-00751,Sprint 6,2024-07-21,2024-07-21,Completed,0
ENG-00751,Sprint 7,2024-08-21,2024-08-28,Delayed,7
ENG-00752,Sprint 1,2026-02-21,2026-02-23,Completed,2
ENG-00752,Sprint 2,2026-03-21,2026-03-21,Completed,0
ENG-00752,Sprint 3,2026-04-21,2026-04-23,Completed,2
ENG-00752,Sprint 4,2026-05-21,2026-05-21,Completed,0
ENG-00752,Sprint 5,2026-06-21,2026-06-22,Completed,1
ENG-00752,Sprint 6,2026-07-21,2026-07-29,Delayed,8
ENG-00752,Sprint 7,2026-08-21,2026-08-21,Completed,0
ENG-00753,Sprint 1,2025-04-21,2025-04-22,Completed,1
ENG-00753,Sprint 2,2025-05-21,2025-05-21,Completed,0
ENG-00753,Sprint 3,2025-06-21,2025-06-21,Completed,0
ENG-00753,Sprint 4,2025-07-21,2025-07-21,Completed,0
ENG-00753,Sprint 5,2025-08-21,2025-08-24,Completed,3
ENG-00753,Sprint 6,2025-09-21,2025-09-21,Completed,0
ENG-00753,Sprint 7,2025-10-21,2025-10-21,Completed,0
ENG-00753,Sprint 8,2025-11-21,2025-11-22,Completed,1
ENG-00754,Sprint 1,2024-01-21,2024-01-21,Completed,0
ENG-00754,Sprint 2,2024-02-21,2024-02-21,Completed,0
ENG-00754,Sprint 3,2024-03-21,2024-03-21,Completed,0
ENG-00754,Sprint 4,2024-04-21,2024-04-21,Completed,0
ENG-00754,Sprint 5,2024-05-21,2024-05-24,Completed,3
ENG-00754,Sprint 6,2024-06-21,2024-06-21,Completed,0
ENG-00754,Sprint 7,2024-07-21,2024-07-26,Delayed,5
ENG-00754,Sprint 8,2024-08-21,2024-08-26,Delayed,5
ENG-00754,Sprint 9,2024-09-21,2024-09-21,Completed,0
ENG-00754,Sprint 10,2024-10-21,2024-10-23,Completed,2
ENG-00755,Sprint 1,2024-03-21,2024-03-22,Completed,1
ENG-00755,Sprint 2,2024-04-21,2024-04-21,Completed,0
ENG-00755,Sprint 3,2024-05-21,2024-05-23,Completed,2
ENG-00755,Sprint 4,2024-06-21,2024-06-21,Completed,0
ENG-00755,Sprint 5,2024-07-21,2024-07-21,Completed,0
ENG-00755,Sprint 6,2024-08-21,2024-08-25,Delayed,4
ENG-00755,Sprint 7,2024-09-21,2024-09-21,Completed,0
ENG-00755,Sprint 8,2024-10-21,2024-10-24,Completed,3
ENG-00755,Sprint 9,2024-11-21,2024-11-21,Completed,0
ENG-00755,Sprint 10,2024-12-21,2024-12-22,Completed,1
ENG-00755,Sprint 11,2025-01-21,2025-01-26,Delayed,5
ENG-00755,Sprint 12,2025-02-21,2025-02-22,Completed,1
ENG-00756,Sprint 1,2026-08-21,2026-08-22,Completed,1
ENG-00757,Sprint 1,2024-04-21,2024-04-21,Completed,0
ENG-00757,Sprint 2,2024-05-21,2024-05-21,Completed,0
ENG-00757,Sprint 3,2024-06-21,2024-06-21,Completed,0
ENG-00757,Sprint 4,2024-07-21,2024-07-21,Completed,0
ENG-00757,Sprint 5,2024-08-21,2024-08-22,Completed,1
ENG-00757,Sprint 6,2024-09-21,2024-09-21,Completed,0
ENG-00757,Sprint 7,2024-10-21,2024-10-24,Completed,3
ENG-00757,Sprint 8,2024-11-21,2024-11-26,Delayed,5
ENG-00757,Sprint 9,2024-12-21,2024-12-23,Completed,2
ENG-00758,Sprint 1,2025-08-21,2025-08-22,Completed,1
ENG-00758,Sprint 2,2025-09-21,2025-09-21,Completed,0
ENG-00758,Sprint 3,2025-10-21,2025-10-26,Delayed,5
ENG-00758,Sprint 4,2025-11-21,2025-11-21,Completed,0
ENG-00758,Sprint 5,2025-12-21,2025-12-21,Completed,0
ENG-00758,Sprint 6,2026-01-21,2026-01-25,Delayed,4
ENG-00758,Sprint 7,2026-02-21,2026-02-24,Completed,3
ENG-00758,Sprint 8,2026-03-21,2026-03-29,Delayed,8
ENG-00758,Sprint 9,2026-04-21,2026-05-01,Delayed,10
ENG-00758,Sprint 10,2026-05-21,2026-05-24,Completed,3
ENG-00758,Sprint 11,2026-06-21,2026-06-21,Completed,0
ENG-00758,Sprint 12,2026-07-21,2026-07-21,Completed,0
ENG-00758,Sprint 13,2026-08-21,2026-08-27,Delayed,6
ENG-00759,Sprint 1,2024-12-21,2024-12-24,Completed,3
ENG-00759,Sprint 2,2025-01-21,2025-01-28,Delayed,7
ENG-00759,Sprint 3,2025-02-21,2025-02-23,Completed,2
ENG-00759,Sprint 4,2025-03-21,2025-03-27,Delayed,6
ENG-00760,Sprint 1,2024-10-21,2024-10-21,Completed,0
ENG-00760,Sprint 2,2024-11-21,2024-11-23,Completed,2
ENG-00760,Sprint 3,2024-12-21,2024-12-21,Completed,0
ENG-00760,Sprint 4,2025-01-21,2025-01-24,Completed,3
ENG-00760,Sprint 5,2025-02-21,2025-02-21,Completed,0
ENG-00760,Sprint 6,2025-03-21,2025-03-25,Delayed,4
ENG-00760,Sprint 7,2025-04-21,2025-04-23,Completed,2
ENG-00760,Sprint 8,2025-05-21,2025-05-25,Delayed,4
ENG-00760,Sprint 9,2025-06-21,2025-06-22,Completed,1
ENG-00760,Sprint 10,2025-07-21,2025-07-21,Completed,0
ENG-00761,Sprint 1,2025-01-21,2025-01-22,Completed,1
ENG-00761,Sprint 2,2025-02-21,2025-02-21,Completed,0
ENG-00761,Sprint 3,2025-03-21,2025-03-24,Completed,3
ENG-00761,Sprint 4,2025-04-21,2025-05-01,Delayed,10
ENG-00761,Sprint 5,2025-05-21,2025-05-29,Delayed,8
ENG-00761,Sprint 6,2025-06-21,2025-06-26,Delayed,5
ENG-00762,Sprint 1,2024-10-21,2024-10-26,Delayed,5
ENG-00762,Sprint 2,2024-11-21,2024-11-27,Delayed,6
ENG-00762,Sprint 3,2024-12-21,2024-12-23,Completed,2
ENG-00762,Sprint 4,2025-01-21,2025-01-24,Completed,3
ENG-00762,Sprint 5,2025-02-21,2025-02-28,Delayed,7
ENG-00762,Sprint 6,2025-03-21,2025-03-25,Delayed,4
ENG-00762,Sprint 7,2025-04-21,2025-04-23,Completed,2
ENG-00762,Sprint 8,2025-05-21,2025-05-21,Completed,0
ENG-00762,Sprint 9,2025-06-21,2025-06-24,Completed,3
ENG-00763,Sprint 1,2025-09-21,2025-09-29,Delayed,8
ENG-00763,Sprint 2,2025-10-21,2025-10-24,Completed,3
ENG-00763,Sprint 3,2025-11-21,2025-11-22,Completed,1
ENG-00763,Sprint 4,2025-12-21,2025-12-24,Completed,3
ENG-00763,Sprint 5,2026-01-21,2026-01-31,Delayed,10
ENG-00764,Sprint 1,2025-04-21,2025-04-23,Completed,2
ENG-00764,Sprint 2,2025-05-21,2025-05-21,Completed,0
ENG-00764,Sprint 3,2025-06-21,2025-06-24,Completed,3
ENG-00764,Sprint 4,2025-07-21,2025-07-21,Completed,0
ENG-00764,Sprint 5,2025-08-21,2025-08-24,Completed,3
ENG-00764,Sprint 6,2025-09-21,2025-09-24,Completed,3
ENG-00764,Sprint 7,2025-10-21,2025-10-29,Delayed,8
ENG-00765,Sprint 1,2024-10-21,2024-10-23,Completed,2
ENG-00765,Sprint 2,2024-11-21,2024-11-21,Completed,0
ENG-00765,Sprint 3,2024-12-21,2024-12-21,Completed,0
ENG-00765,Sprint 4,2025-01-21,2025-01-29,Delayed,8
ENG-00765,Sprint 5,2025-02-21,2025-02-25,Delayed,4
ENG-00765,Sprint 6,2025-03-21,2025-03-22,Completed,1
ENG-00765,Sprint 7,2025-04-21,2025-04-22,Completed,1
ENG-00765,Sprint 8,2025-05-21,2025-05-24,Completed,3
ENG-00765,Sprint 9,2025-06-21,2025-06-22,Completed,1
ENG-00765,Sprint 10,2025-07-21,2025-07-26,Delayed,5
ENG-00765,Sprint 11,2025-08-21,2025-08-22,Completed,1
ENG-00765,Sprint 12,2025-09-21,2025-09-21,Completed,0
ENG-00765,Sprint 13,2025-10-21,2025-10-30,Delayed,9
ENG-00766,Sprint 1,2026-04-21,2026-05-01,Delayed,10
ENG-00766,Sprint 2,2026-05-21,2026-05-21,Completed,0
ENG-00766,Sprint 3,2026-06-21,2026-06-30,Delayed,9
ENG-00766,Sprint 4,2026-07-21,2026-07-22,Completed,1
ENG-00766,Sprint 5,2026-08-21,2026-08-25,Delayed,4
ENG-00767,Sprint 1,2025-05-21,2025-05-22,Completed,1
ENG-00767,Sprint 2,2025-06-21,2025-06-24,Completed,3
ENG-00767,Sprint 3,2025-07-21,2025-07-27,Delayed,6
ENG-00767,Sprint 4,2025-08-21,2025-09-02,Delayed,12
ENG-00767,Sprint 5,2025-09-21,2025-09-28,Delayed,7
ENG-00767,Sprint 6,2025-10-21,2025-10-27,Delayed,6
ENG-00768,Sprint 1,2025-04-21,2025-04-24,Completed,3
ENG-00768,Sprint 2,2025-05-21,2025-05-27,Delayed,6
ENG-00768,Sprint 3,2025-06-21,2025-06-29,Delayed,8
ENG-00768,Sprint 4,2025-07-21,2025-08-01,Delayed,11
ENG-00769,Sprint 1,2024-01-21,2024-01-26,Delayed,5
ENG-00769,Sprint 2,2024-02-21,2024-02-26,Delayed,5
ENG-00769,Sprint 3,2024-03-21,2024-03-25,Delayed,4
ENG-00769,Sprint 4,2024-04-21,2024-04-22,Completed,1
ENG-00769,Sprint 5,2024-05-21,2024-05-25,Delayed,4
ENG-00769,Sprint 6,2024-06-21,2024-06-27,Delayed,6
ENG-00769,Sprint 7,2024-07-21,2024-07-28,Delayed,7
ENG-00769,Sprint 8,2024-08-21,2024-08-25,Delayed,4
ENG-00769,Sprint 9,2024-09-21,2024-09-25,Delayed,4
ENG-00769,Sprint 10,2024-10-21,2024-10-29,Delayed,8
ENG-00769,Sprint 11,2024-11-21,2024-11-23,Completed,2
ENG-00769,Sprint 12,2024-12-21,2024-12-24,Completed,3
ENG-00770,Sprint 1,2025-08-21,2025-08-24,Completed,3
ENG-00770,Sprint 2,2025-09-21,2025-09-27,Delayed,6
ENG-00770,Sprint 3,2025-10-21,2025-10-25,Delayed,4
ENG-00770,Sprint 4,2025-11-21,2025-11-27,Delayed,6
ENG-00770,Sprint 5,2025-12-21,2025-12-28,Delayed,7
ENG-00771,Sprint 1,2025-01-21,2025-01-25,Delayed,4
ENG-00771,Sprint 2,2025-02-21,2025-02-21,Completed,0
ENG-00771,Sprint 3,2025-03-21,2025-03-23,Completed,2
ENG-00771,Sprint 4,2025-04-21,2025-04-21,Completed,0
ENG-00771,Sprint 5,2025-05-21,2025-05-21,Completed,0
ENG-00771,Sprint 6,2025-06-21,2025-06-27,Delayed,6
ENG-00771,Sprint 7,2025-07-21,2025-07-21,Completed,0
ENG-00771,Sprint 8,2025-08-21,2025-08-24,Completed,3
ENG-00771,Sprint 9,2025-09-21,2025-09-25,Delayed,4
ENG-00771,Sprint 10,2025-10-21,2025-10-28,Delayed,7
ENG-00772,Sprint 1,2024-11-21,2024-11-21,Completed,0
ENG-00772,Sprint 2,2024-12-21,2024-12-23,Completed,2
ENG-00772,Sprint 3,2025-01-21,2025-01-22,Completed,1
ENG-00772,Sprint 4,2025-02-21,2025-02-25,Delayed,4
ENG-00772,Sprint 5,2025-03-21,2025-03-27,Delayed,6
ENG-00772,Sprint 6,2025-04-21,2025-04-24,Completed,3
ENG-00772,Sprint 7,2025-05-21,2025-05-21,Completed,0
ENG-00772,Sprint 8,2025-06-21,2025-06-25,Delayed,4
ENG-00772,Sprint 9,2025-07-21,2025-07-23,Completed,2
ENG-00772,Sprint 10,2025-08-21,2025-08-21,Completed,0
ENG-00772,Sprint 11,2025-09-21,2025-09-21,Completed,0
ENG-00773,Sprint 1,2025-01-21,2025-01-21,Completed,0
ENG-00773,Sprint 2,2025-02-21,2025-02-22,Completed,1
ENG-00773,Sprint 3,2025-03-21,2025-03-21,Completed,0
ENG-00773,Sprint 4,2025-04-21,2025-04-22,Completed,1
ENG-00773,Sprint 5,2025-05-21,2025-05-22,Completed,1
ENG-00773,Sprint 6,2025-06-21,2025-06-24,Completed,3
ENG-00773,Sprint 7,2025-07-21,2025-07-21,Completed,0
ENG-00773,Sprint 8,2025-08-21,2025-08-21,Completed,0
ENG-00773,Sprint 9,2025-09-21,2025-09-21,Completed,0
ENG-00774,Sprint 1,2025-11-21,2025-11-24,Completed,3
ENG-00774,Sprint 2,2025-12-21,2025-12-31,Delayed,10
ENG-00774,Sprint 3,2026-01-21,2026-01-21,Completed,0
ENG-00774,Sprint 4,2026-02-21,2026-02-21,Completed,0
ENG-00774,Sprint 5,2026-03-21,2026-03-21,Completed,0
ENG-00774,Sprint 6,2026-04-21,2026-04-21,Completed,0
ENG-00774,Sprint 7,2026-05-21,2026-05-23,Completed,2
ENG-00774,Sprint 8,2026-06-21,2026-06-22,Completed,1
ENG-00774,Sprint 9,2026-07-21,2026-07-21,Completed,0
ENG-00775,Sprint 1,2026-08-21,2026-08-23,Completed,2
ENG-00776,Sprint 1,2026-04-21,2026-04-21,Completed,0
ENG-00776,Sprint 2,2026-05-21,2026-05-21,Completed,0
ENG-00776,Sprint 3,2026-06-21,2026-06-26,Delayed,5
ENG-00776,Sprint 4,2026-07-21,2026-07-21,Completed,0
ENG-00776,Sprint 5,2026-08-21,2026-08-21,Completed,0
ENG-00777,Sprint 1,2026-04-21,2026-04-27,Delayed,6
ENG-00777,Sprint 2,2026-05-21,2026-05-22,Completed,1
ENG-00777,Sprint 3,2026-06-21,2026-06-21,Completed,0
ENG-00777,Sprint 4,2026-07-21,2026-07-22,Completed,1
ENG-00777,Sprint 5,2026-08-21,2026-08-21,Completed,0
ENG-00778,Sprint 1,2024-09-21,2024-09-21,Completed,0
ENG-00778,Sprint 2,2024-10-21,2024-10-26,Delayed,5
ENG-00778,Sprint 3,2024-11-21,2024-11-21,Completed,0
ENG-00778,Sprint 4,2024-12-21,2024-12-21,Completed,0
ENG-00778,Sprint 5,2025-01-21,2025-01-21,Completed,0
ENG-00778,Sprint 6,2025-02-21,2025-02-23,Completed,2
ENG-00778,Sprint 7,2025-03-21,2025-03-21,Completed,0
ENG-00778,Sprint 8,2025-04-21,2025-04-23,Completed,2
ENG-00779,Sprint 1,2026-02-21,2026-02-21,Completed,0
ENG-00779,Sprint 2,2026-03-21,2026-03-24,Completed,3
ENG-00779,Sprint 3,2026-04-21,2026-04-30,Delayed,9
ENG-00779,Sprint 4,2026-05-21,2026-05-25,Delayed,4
ENG-00779,Sprint 5,2026-06-21,2026-06-23,Completed,2
ENG-00779,Sprint 6,2026-07-21,2026-07-24,Completed,3
ENG-00779,Sprint 7,2026-08-21,2026-08-24,Completed,3
ENG-00780,Sprint 1,2024-01-21,2024-01-21,Completed,0
ENG-00780,Sprint 2,2024-02-21,2024-02-26,Delayed,5
ENG-00780,Sprint 3,2024-03-21,2024-03-22,Completed,1
ENG-00780,Sprint 4,2024-04-21,2024-04-28,Delayed,7
ENG-00780,Sprint 5,2024-05-21,2024-05-24,Completed,3
ENG-00780,Sprint 6,2024-06-21,2024-06-22,Completed,1
ENG-00780,Sprint 7,2024-07-21,2024-07-21,Completed,0
ENG-00780,Sprint 8,2024-08-21,2024-08-24,Completed,3
ENG-00781,Sprint 1,2024-05-21,2024-05-21,Completed,0
ENG-00781,Sprint 2,2024-06-21,2024-06-28,Delayed,7
ENG-00781,Sprint 3,2024-07-21,2024-07-21,Completed,0
ENG-00781,Sprint 4,2024-08-21,2024-08-21,Completed,0
ENG-00781,Sprint 5,2024-09-21,2024-09-21,Completed,0
ENG-00781,Sprint 6,2024-10-21,2024-10-22,Completed,1
ENG-00781,Sprint 7,2024-11-21,2024-11-22,Completed,1
ENG-00781,Sprint 8,2024-12-21,2024-12-21,Completed,0
ENG-00781,Sprint 9,2025-01-21,2025-01-22,Completed,1
ENG-00782,Sprint 1,2026-03-21,2026-03-22,Completed,1
ENG-00782,Sprint 2,2026-04-21,2026-04-21,Completed,0
ENG-00782,Sprint 3,2026-05-21,2026-05-21,Completed,0
ENG-00782,Sprint 4,2026-06-21,2026-06-21,Completed,0
ENG-00782,Sprint 5,2026-07-21,2026-07-24,Completed,3
ENG-00782,Sprint 6,2026-08-21,2026-08-26,Delayed,5
ENG-00783,Sprint 1,2025-07-21,2025-07-22,Completed,1
ENG-00783,Sprint 2,2025-08-21,2025-08-21,Completed,0
ENG-00783,Sprint 3,2025-09-21,2025-09-23,Completed,2
ENG-00783,Sprint 4,2025-10-21,2025-10-23,Completed,2
ENG-00783,Sprint 5,2025-11-21,2025-11-22,Completed,1
ENG-00783,Sprint 6,2025-12-21,2025-12-21,Completed,0
ENG-00783,Sprint 7,2026-01-21,2026-01-21,Completed,0
ENG-00783,Sprint 8,2026-02-21,2026-02-26,Delayed,5
ENG-00784,Sprint 1,2025-09-21,2025-09-23,Completed,2
ENG-00784,Sprint 2,2025-10-21,2025-10-21,Completed,0
ENG-00784,Sprint 3,2025-11-21,2025-11-21,Completed,0
ENG-00784,Sprint 4,2025-12-21,2025-12-21,Completed,0
ENG-00784,Sprint 5,2026-01-21,2026-01-27,Delayed,6
ENG-00784,Sprint 6,2026-02-21,2026-02-22,Completed,1
ENG-00785,Sprint 1,2024-07-21,2024-07-21,Completed,0
ENG-00785,Sprint 2,2024-08-21,2024-08-21,Completed,0
ENG-00785,Sprint 3,2024-09-21,2024-09-21,Completed,0
ENG-00785,Sprint 4,2024-10-21,2024-10-24,Completed,3
ENG-00785,Sprint 5,2024-11-21,2024-11-24,Completed,3
ENG-00785,Sprint 6,2024-12-21,2024-12-21,Completed,0
ENG-00785,Sprint 7,2025-01-21,2025-01-23,Completed,2
ENG-00786,Sprint 1,2025-06-21,2025-06-21,Completed,0
ENG-00786,Sprint 2,2025-07-21,2025-07-21,Completed,0
ENG-00786,Sprint 3,2025-08-21,2025-08-21,Completed,0
ENG-00786,Sprint 4,2025-09-21,2025-09-21,Completed,0
ENG-00786,Sprint 5,2025-10-21,2025-10-21,Completed,0
ENG-00786,Sprint 6,2025-11-21,2025-11-26,Delayed,5
ENG-00786,Sprint 7,2025-12-21,2025-12-21,Completed,0
ENG-00786,Sprint 8,2026-01-21,2026-01-21,Completed,0
ENG-00787,Sprint 1,2026-05-21,2026-05-21,Completed,0
ENG-00787,Sprint 2,2026-06-21,2026-06-21,Completed,0
ENG-00787,Sprint 3,2026-07-21,2026-07-21,Completed,0
ENG-00787,Sprint 4,2026-08-21,2026-08-24,Completed,3
ENG-00788,Sprint 1,2024-06-21,2024-06-23,Completed,2
ENG-00788,Sprint 2,2024-07-21,2024-07-25,Delayed,4
ENG-00788,Sprint 3,2024-08-21,2024-08-25,Delayed,4
ENG-00788,Sprint 4,2024-09-21,2024-09-25,Delayed,4
ENG-00788,Sprint 5,2024-10-21,2024-10-22,Completed,1
ENG-00788,Sprint 6,2024-11-21,2024-11-25,Delayed,4
ENG-00789,Sprint 1,2026-01-21,2026-01-22,Completed,1
ENG-00789,Sprint 2,2026-02-21,2026-02-21,Completed,0
ENG-00789,Sprint 3,2026-03-21,2026-03-21,Completed,0
ENG-00789,Sprint 4,2026-04-21,2026-04-22,Completed,1
ENG-00789,Sprint 5,2026-05-21,2026-05-24,Completed,3
ENG-00789,Sprint 6,2026-06-21,2026-06-25,Delayed,4
ENG-00789,Sprint 7,2026-07-21,2026-07-21,Completed,0
ENG-00789,Sprint 8,2026-08-21,2026-08-25,Delayed,4
ENG-00790,Sprint 1,2024-03-21,2024-03-31,Delayed,10
ENG-00790,Sprint 2,2024-04-21,2024-04-21,Completed,0
ENG-00790,Sprint 3,2024-05-21,2024-05-21,Completed,0
ENG-00790,Sprint 4,2024-06-21,2024-06-26,Delayed,5
ENG-00790,Sprint 5,2024-07-21,2024-07-21,Completed,0
ENG-00790,Sprint 6,2024-08-21,2024-08-22,Completed,1
ENG-00790,Sprint 7,2024-09-21,2024-09-22,Completed,1
ENG-00790,Sprint 8,2024-10-21,2024-10-24,Completed,3
ENG-00790,Sprint 9,2024-11-21,2024-11-24,Completed,3
ENG-00790,Sprint 10,2024-12-21,2024-12-21,Completed,0
ENG-00790,Sprint 11,2025-01-21,2025-01-27,Delayed,6
ENG-00790,Sprint 12,2025-02-21,2025-02-23,Completed,2
ENG-00791,Sprint 1,2024-10-21,2024-10-29,Delayed,8
ENG-00791,Sprint 2,2024-11-21,2024-11-30,Delayed,9
ENG-00791,Sprint 3,2024-12-21,2024-12-30,Delayed,9
ENG-00791,Sprint 4,2025-01-21,2025-01-25,Delayed,4
ENG-00791,Sprint 5,2025-02-21,2025-02-28,Delayed,7
ENG-00792,Sprint 1,2026-08-21,2026-08-24,Completed,3
ENG-00792,Sprint 2,2026-09-21,2026-10-04,Delayed,13
ENG-00792,Sprint 3,2026-10-21,2026-10-26,Delayed,5
ENG-00792,Sprint 4,2026-11-21,2026-11-27,Delayed,6
ENG-00792,Sprint 5,2026-12-21,2026-12-30,Delayed,9
ENG-00792,Sprint 6,2027-01-21,2027-01-31,Delayed,10
ENG-00793,Sprint 1,2025-09-21,2025-09-21,Completed,0
ENG-00793,Sprint 2,2025-10-21,2025-10-22,Completed,1
ENG-00793,Sprint 3,2025-11-21,2025-11-21,Completed,0
ENG-00793,Sprint 4,2025-12-21,2025-12-21,Completed,0
ENG-00793,Sprint 5,2026-01-21,2026-01-21,Completed,0
ENG-00793,Sprint 6,2026-02-21,2026-02-21,Completed,0
ENG-00793,Sprint 7,2026-03-21,2026-03-23,Completed,2
ENG-00793,Sprint 8,2026-04-21,2026-04-21,Completed,0
ENG-00793,Sprint 9,2026-05-21,2026-05-23,Completed,2
ENG-00793,Sprint 10,2026-06-21,2026-06-21,Completed,0
ENG-00793,Sprint 11,2026-07-21,2026-07-21,Completed,0
ENG-00793,Sprint 12,2026-08-21,2026-08-24,Completed,3
ENG-00794,Sprint 1,2024-05-21,2024-05-25,Delayed,4
ENG-00794,Sprint 2,2024-06-21,2024-06-21,Completed,0
ENG-00794,Sprint 3,2024-07-21,2024-07-21,Completed,0
ENG-00794,Sprint 4,2024-08-21,2024-08-21,Completed,0
ENG-00794,Sprint 5,2024-09-21,2024-09-21,Completed,0
ENG-00794,Sprint 6,2024-10-21,2024-10-21,Completed,0
ENG-00794,Sprint 7,2024-11-21,2024-11-21,Completed,0
ENG-00794,Sprint 8,2024-12-21,2024-12-21,Completed,0
ENG-00794,Sprint 9,2025-01-21,2025-01-21,Completed,0
ENG-00794,Sprint 10,2025-02-21,2025-02-25,Delayed,4
ENG-00794,Sprint 11,2025-03-21,2025-03-22,Completed,1
ENG-00794,Sprint 12,2025-04-21,2025-04-21,Completed,0
ENG-00794,Sprint 13,2025-05-21,2025-05-23,Completed,2
ENG-00795,Sprint 1,2025-10-21,2025-10-23,Completed,2
ENG-00795,Sprint 2,2025-11-21,2025-11-23,Completed,2
ENG-00795,Sprint 3,2025-12-21,2025-12-22,Completed,1
ENG-00795,Sprint 4,2026-01-21,2026-01-26,Delayed,5
ENG-00795,Sprint 5,2026-02-21,2026-02-26,Delayed,5
ENG-00795,Sprint 6,2026-03-21,2026-03-23,Completed,2
ENG-00795,Sprint 7,2026-04-21,2026-04-26,Delayed,5
ENG-00795,Sprint 8,2026-05-21,2026-05-30,Delayed,9
ENG-00796,Sprint 1,2025-07-21,2025-07-21,Completed,0
ENG-00796,Sprint 2,2025-08-21,2025-08-21,Completed,0
ENG-00796,Sprint 3,2025-09-21,2025-09-21,Completed,0
ENG-00796,Sprint 4,2025-10-21,2025-10-27,Delayed,6
ENG-00797,Sprint 1,2024-08-21,2024-08-28,Delayed,7
ENG-00797,Sprint 2,2024-09-21,2024-09-27,Delayed,6
ENG-00797,Sprint 3,2024-10-21,2024-10-25,Delayed,4
ENG-00797,Sprint 4,2024-11-21,2024-11-24,Completed,3
ENG-00797,Sprint 5,2024-12-21,2024-12-22,Completed,1
ENG-00797,Sprint 6,2025-01-21,2025-01-24,Completed,3
ENG-00797,Sprint 7,2025-02-21,2025-02-21,Completed,0
ENG-00797,Sprint 8,2025-03-21,2025-03-22,Completed,1
ENG-00797,Sprint 9,2025-04-21,2025-04-21,Completed,0
ENG-00797,Sprint 10,2025-05-21,2025-05-27,Delayed,6
ENG-00797,Sprint 11,2025-06-21,2025-06-21,Completed,0
ENG-00797,Sprint 12,2025-07-21,2025-07-21,Completed,0
ENG-00797,Sprint 13,2025-08-21,2025-08-28,Delayed,7
ENG-00798,Sprint 1,2025-01-21,2025-01-21,Completed,0
ENG-00798,Sprint 2,2025-02-21,2025-02-24,Completed,3
ENG-00798,Sprint 3,2025-03-21,2025-03-23,Completed,2
ENG-00798,Sprint 4,2025-04-21,2025-04-24,Completed,3
ENG-00798,Sprint 5,2025-05-21,2025-05-24,Completed,3
ENG-00798,Sprint 6,2025-06-21,2025-06-22,Completed,1
ENG-00798,Sprint 7,2025-07-21,2025-07-27,Delayed,6
ENG-00799,Sprint 1,2025-10-21,2025-10-23,Completed,2
ENG-00799,Sprint 2,2025-11-21,2025-11-22,Completed,1
ENG-00799,Sprint 3,2025-12-21,2025-12-22,Completed,1
ENG-00799,Sprint 4,2026-01-21,2026-01-21,Completed,0
ENG-00799,Sprint 5,2026-02-21,2026-02-21,Completed,0
ENG-00799,Sprint 6,2026-03-21,2026-03-27,Delayed,6
ENG-00799,Sprint 7,2026-04-21,2026-04-21,Completed,0
ENG-00800,Sprint 1,2025-09-21,2025-09-23,Completed,2
ENG-00800,Sprint 2,2025-10-21,2025-10-30,Delayed,9
ENG-00800,Sprint 3,2025-11-21,2025-11-23,Completed,2
ENG-00800,Sprint 4,2025-12-21,2025-12-22,Completed,1
ENG-00800,Sprint 5,2026-01-21,2026-01-22,Completed,1
ENG-00800,Sprint 6,2026-02-21,2026-02-21,Completed,0
ENG-00800,Sprint 7,2026-03-21,2026-03-23,Completed,2
ENG-00801,Sprint 1,2024-03-21,2024-03-23,Completed,2
ENG-00801,Sprint 2,2024-04-21,2024-04-24,Completed,3
ENG-00801,Sprint 3,2024-05-21,2024-05-27,Delayed,6
ENG-00801,Sprint 4,2024-06-21,2024-06-27,Delayed,6
ENG-00801,Sprint 5,2024-07-21,2024-07-21,Completed,0
ENG-00801,Sprint 6,2024-08-21,2024-08-28,Delayed,7
ENG-00801,Sprint 7,2024-09-21,2024-09-26,Delayed,5
ENG-00801,Sprint 8,2024-10-21,2024-10-25,Delayed,4
ENG-00801,Sprint 9,2024-11-21,2024-11-25,Delayed,4
ENG-00801,Sprint 10,2024-12-21,2024-12-22,Completed,1
ENG-00801,Sprint 11,2025-01-21,2025-01-21,Completed,0
ENG-00801,Sprint 12,2025-02-21,2025-02-21,Completed,0
ENG-00802,Sprint 1,2026-04-21,2026-04-22,Completed,1
ENG-00802,Sprint 2,2026-05-21,2026-05-21,Completed,0
ENG-00802,Sprint 3,2026-06-21,2026-06-21,Completed,0
ENG-00802,Sprint 4,2026-07-21,2026-07-21,Completed,0
ENG-00802,Sprint 5,2026-08-21,2026-08-21,Completed,0
ENG-00803,Sprint 1,2024-11-21,2024-11-21,Completed,0
ENG-00803,Sprint 2,2024-12-21,2024-12-23,Completed,2
ENG-00803,Sprint 3,2025-01-21,2025-01-24,Completed,3
ENG-00803,Sprint 4,2025-02-21,2025-03-02,Delayed,9
ENG-00803,Sprint 5,2025-03-21,2025-03-26,Delayed,5
ENG-00803,Sprint 6,2025-04-21,2025-04-30,Delayed,9
ENG-00804,Sprint 1,2024-10-21,2024-10-21,Completed,0
ENG-00804,Sprint 2,2024-11-21,2024-11-24,Completed,3
ENG-00804,Sprint 3,2024-12-21,2024-12-22,Completed,1
ENG-00804,Sprint 4,2025-01-21,2025-01-22,Completed,1
ENG-00804,Sprint 5,2025-02-21,2025-03-03,Delayed,10
ENG-00805,Sprint 1,2026-08-21,2026-08-21,Completed,0
ENG-00806,Sprint 1,2025-06-21,2025-06-25,Delayed,4
ENG-00806,Sprint 2,2025-07-21,2025-07-21,Completed,0
ENG-00806,Sprint 3,2025-08-21,2025-08-25,Delayed,4
ENG-00806,Sprint 4,2025-09-21,2025-09-28,Delayed,7
ENG-00806,Sprint 5,2025-10-21,2025-10-26,Delayed,5
ENG-00806,Sprint 6,2025-11-21,2025-11-27,Delayed,6
ENG-00806,Sprint 7,2025-12-21,2025-12-30,Delayed,9
ENG-00806,Sprint 8,2026-01-21,2026-01-31,Delayed,10
ENG-00807,Sprint 1,2024-02-21,2024-02-21,Completed,0
ENG-00807,Sprint 2,2024-03-21,2024-03-23,Completed,2
ENG-00807,Sprint 3,2024-04-21,2024-04-21,Completed,0
ENG-00807,Sprint 4,2024-05-21,2024-05-21,Completed,0
ENG-00807,Sprint 5,2024-06-21,2024-06-26,Delayed,5
ENG-00807,Sprint 6,2024-07-21,2024-07-23,Completed,2
ENG-00807,Sprint 7,2024-08-21,2024-08-28,Delayed,7
ENG-00807,Sprint 8,2024-09-21,2024-09-28,Delayed,7
ENG-00808,Sprint 1,2026-05-21,2026-05-21,Completed,0
ENG-00808,Sprint 2,2026-06-21,2026-06-23,Completed,2
ENG-00808,Sprint 3,2026-07-21,2026-07-21,Completed,0
ENG-00808,Sprint 4,2026-08-21,2026-08-21,Completed,0
ENG-00809,Sprint 1,2025-10-21,2025-10-28,Delayed,7
ENG-00809,Sprint 2,2025-11-21,2025-11-26,Delayed,5
ENG-00809,Sprint 3,2025-12-21,2025-12-23,Completed,2
ENG-00809,Sprint 4,2026-01-21,2026-01-27,Delayed,6
ENG-00810,Sprint 1,2026-07-21,2026-07-24,Completed,3
ENG-00810,Sprint 2,2026-08-21,2026-08-21,Completed,0
ENG-00811,Sprint 1,2026-02-21,2026-02-25,Delayed,4
ENG-00811,Sprint 2,2026-03-21,2026-03-21,Completed,0
ENG-00811,Sprint 3,2026-04-21,2026-04-22,Completed,1
ENG-00811,Sprint 4,2026-05-21,2026-05-27,Delayed,6
ENG-00811,Sprint 5,2026-06-21,2026-06-29,Delayed,8
ENG-00811,Sprint 6,2026-07-21,2026-07-27,Delayed,6
ENG-00811,Sprint 7,2026-08-21,2026-08-23,Completed,2
ENG-00812,Sprint 1,2024-06-21,2024-06-22,Completed,1
ENG-00812,Sprint 2,2024-07-21,2024-07-25,Delayed,4
ENG-00812,Sprint 3,2024-08-21,2024-08-24,Completed,3
ENG-00812,Sprint 4,2024-09-21,2024-09-22,Completed,1
ENG-00812,Sprint 5,2024-10-21,2024-10-21,Completed,0
ENG-00812,Sprint 6,2024-11-21,2024-11-21,Completed,0
ENG-00812,Sprint 7,2024-12-21,2024-12-21,Completed,0
ENG-00812,Sprint 8,2025-01-21,2025-01-24,Completed,3
ENG-00812,Sprint 9,2025-02-21,2025-02-22,Completed,1
ENG-00812,Sprint 10,2025-03-21,2025-03-21,Completed,0
ENG-00812,Sprint 11,2025-04-21,2025-04-21,Completed,0
ENG-00812,Sprint 12,2025-05-21,2025-05-21,Completed,0
ENG-00813,Sprint 1,2025-01-21,2025-01-21,Completed,0
ENG-00813,Sprint 2,2025-02-21,2025-02-28,Delayed,7
ENG-00813,Sprint 3,2025-03-21,2025-03-24,Completed,3
ENG-00813,Sprint 4,2025-04-21,2025-04-23,Completed,2
ENG-00813,Sprint 5,2025-05-21,2025-05-21,Completed,0
ENG-00813,Sprint 6,2025-06-21,2025-06-23,Completed,2
ENG-00813,Sprint 7,2025-07-21,2025-07-25,Delayed,4
ENG-00813,Sprint 8,2025-08-21,2025-08-25,Delayed,4
ENG-00813,Sprint 9,2025-09-21,2025-09-25,Delayed,4
ENG-00814,Sprint 1,2024-08-21,2024-08-24,Completed,3
ENG-00814,Sprint 2,2024-09-21,2024-09-25,Delayed,4
ENG-00814,Sprint 3,2024-10-21,2024-10-25,Delayed,4
ENG-00814,Sprint 4,2024-11-21,2024-11-22,Completed,1
ENG-00814,Sprint 5,2024-12-21,2024-12-24,Completed,3
ENG-00814,Sprint 6,2025-01-21,2025-01-21,Completed,0
ENG-00814,Sprint 7,2025-02-21,2025-02-27,Delayed,6
ENG-00814,Sprint 8,2025-03-21,2025-03-21,Completed,0
ENG-00814,Sprint 9,2025-04-21,2025-04-21,Completed,0
ENG-00814,Sprint 10,2025-05-21,2025-05-27,Delayed,6
ENG-00814,Sprint 11,2025-06-21,2025-06-21,Completed,0
ENG-00814,Sprint 12,2025-07-21,2025-07-24,Completed,3
ENG-00814,Sprint 13,2025-08-21,2025-08-26,Delayed,5
ENG-00815,Sprint 1,2025-07-21,2025-07-23,Completed,2
ENG-00815,Sprint 2,2025-08-21,2025-08-26,Delayed,5
ENG-00815,Sprint 3,2025-09-21,2025-09-22,Completed,1
ENG-00815,Sprint 4,2025-10-21,2025-10-21,Completed,0
ENG-00815,Sprint 5,2025-11-21,2025-11-24,Completed,3
ENG-00815,Sprint 6,2025-12-21,2025-12-26,Delayed,5
ENG-00815,Sprint 7,2026-01-21,2026-01-21,Completed,0
ENG-00815,Sprint 8,2026-02-21,2026-02-22,Completed,1
ENG-00815,Sprint 9,2026-03-21,2026-03-23,Completed,2
ENG-00815,Sprint 10,2026-04-21,2026-04-23,Completed,2
ENG-00815,Sprint 11,2026-05-21,2026-05-22,Completed,1
ENG-00815,Sprint 12,2026-06-21,2026-06-22,Completed,1
ENG-00816,Sprint 1,2024-06-21,2024-06-21,Completed,0
ENG-00816,Sprint 2,2024-07-21,2024-07-21,Completed,0
ENG-00816,Sprint 3,2024-08-21,2024-08-26,Delayed,5
ENG-00816,Sprint 4,2024-09-21,2024-09-23,Completed,2
ENG-00816,Sprint 5,2024-10-21,2024-10-26,Delayed,5
ENG-00817,Sprint 1,2026-05-21,2026-05-21,Completed,0
ENG-00817,Sprint 2,2026-06-21,2026-06-22,Completed,1
ENG-00817,Sprint 3,2026-07-21,2026-07-21,Completed,0
ENG-00817,Sprint 4,2026-08-21,2026-08-31,Delayed,10
ENG-00818,Sprint 1,2025-06-21,2025-06-21,Completed,0
ENG-00818,Sprint 2,2025-07-21,2025-07-27,Delayed,6
ENG-00818,Sprint 3,2025-08-21,2025-08-24,Completed,3
ENG-00818,Sprint 4,2025-09-21,2025-09-22,Completed,1
ENG-00818,Sprint 5,2025-10-21,2025-10-21,Completed,0
ENG-00818,Sprint 6,2025-11-21,2025-11-21,Completed,0
ENG-00818,Sprint 7,2025-12-21,2025-12-26,Delayed,5
ENG-00818,Sprint 8,2026-01-21,2026-01-22,Completed,1
ENG-00818,Sprint 9,2026-02-21,2026-02-21,Completed,0
ENG-00818,Sprint 10,2026-03-21,2026-03-27,Delayed,6
ENG-00819,Sprint 1,2024-11-21,2024-11-22,Completed,1
ENG-00819,Sprint 2,2024-12-21,2024-12-21,Completed,0
ENG-00819,Sprint 3,2025-01-21,2025-01-22,Completed,1
ENG-00819,Sprint 4,2025-02-21,2025-02-28,Delayed,7
ENG-00819,Sprint 5,2025-03-21,2025-03-21,Completed,0
ENG-00819,Sprint 6,2025-04-21,2025-04-21,Completed,0
ENG-00819,Sprint 7,2025-05-21,2025-05-28,Delayed,7
ENG-00819,Sprint 8,2025-06-21,2025-06-29,Delayed,8
ENG-00819,Sprint 9,2025-07-21,2025-07-21,Completed,0
ENG-00819,Sprint 10,2025-08-21,2025-08-24,Completed,3
ENG-00819,Sprint 11,2025-09-21,2025-09-22,Completed,1
ENG-00819,Sprint 12,2025-10-21,2025-10-25,Delayed,4
ENG-00819,Sprint 13,2025-11-21,2025-11-23,Completed,2
ENG-00820,Sprint 1,2025-03-21,2025-03-25,Delayed,4
ENG-00820,Sprint 2,2025-04-21,2025-04-25,Delayed,4
ENG-00820,Sprint 3,2025-05-21,2025-05-27,Delayed,6
ENG-00820,Sprint 4,2025-06-21,2025-06-25,Delayed,4
ENG-00820,Sprint 5,2025-07-21,2025-07-25,Delayed,4
ENG-00820,Sprint 6,2025-08-21,2025-08-21,Completed,0
ENG-00820,Sprint 7,2025-09-21,2025-09-21,Completed,0
ENG-00821,Sprint 1,2024-05-21,2024-05-25,Delayed,4
ENG-00821,Sprint 2,2024-06-21,2024-06-25,Delayed,4
ENG-00821,Sprint 3,2024-07-21,2024-07-24,Completed,3
ENG-00821,Sprint 4,2024-08-21,2024-08-22,Completed,1
ENG-00821,Sprint 5,2024-09-21,2024-09-21,Completed,0
ENG-00821,Sprint 6,2024-10-21,2024-10-21,Completed,0
ENG-00821,Sprint 7,2024-11-21,2024-11-23,Completed,2
ENG-00821,Sprint 8,2024-12-21,2024-12-21,Completed,0
ENG-00821,Sprint 9,2025-01-21,2025-01-23,Completed,2
ENG-00822,Sprint 1,2024-04-21,2024-04-21,Completed,0
ENG-00822,Sprint 2,2024-05-21,2024-05-21,Completed,0
ENG-00822,Sprint 3,2024-06-21,2024-06-21,Completed,0
ENG-00822,Sprint 4,2024-07-21,2024-07-24,Completed,3
ENG-00822,Sprint 5,2024-08-21,2024-08-23,Completed,2
ENG-00822,Sprint 6,2024-09-21,2024-09-21,Completed,0
ENG-00822,Sprint 7,2024-10-21,2024-11-01,Delayed,11
ENG-00822,Sprint 8,2024-11-21,2024-11-22,Completed,1
ENG-00822,Sprint 9,2024-12-21,2024-12-23,Completed,2
ENG-00823,Sprint 1,2025-03-21,2025-03-21,Completed,0
ENG-00823,Sprint 2,2025-04-21,2025-04-25,Delayed,4
ENG-00823,Sprint 3,2025-05-21,2025-05-23,Completed,2
ENG-00823,Sprint 4,2025-06-21,2025-06-21,Completed,0
ENG-00823,Sprint 5,2025-07-21,2025-07-24,Completed,3
ENG-00823,Sprint 6,2025-08-21,2025-08-22,Completed,1
ENG-00823,Sprint 7,2025-09-21,2025-09-22,Completed,1
ENG-00823,Sprint 8,2025-10-21,2025-10-23,Completed,2
ENG-00823,Sprint 9,2025-11-21,2025-11-23,Completed,2
ENG-00824,Sprint 1,2025-09-21,2025-09-22,Completed,1
ENG-00824,Sprint 2,2025-10-21,2025-10-21,Completed,0
ENG-00824,Sprint 3,2025-11-21,2025-11-27,Delayed,6
ENG-00824,Sprint 4,2025-12-21,2025-12-25,Delayed,4
ENG-00824,Sprint 5,2026-01-21,2026-01-21,Completed,0
ENG-00824,Sprint 6,2026-02-21,2026-02-21,Completed,0
ENG-00824,Sprint 7,2026-03-21,2026-03-21,Completed,0
ENG-00824,Sprint 8,2026-04-21,2026-04-25,Delayed,4
ENG-00824,Sprint 9,2026-05-21,2026-05-24,Completed,3
ENG-00824,Sprint 10,2026-06-21,2026-06-21,Completed,0
ENG-00824,Sprint 11,2026-07-21,2026-07-25,Delayed,4
ENG-00824,Sprint 12,2026-08-21,2026-08-23,Completed,2
ENG-00825,Sprint 1,2024-12-21,2024-12-21,Completed,0
ENG-00825,Sprint 2,2025-01-21,2025-01-23,Completed,2
ENG-00825,Sprint 3,2025-02-21,2025-02-21,Completed,0
ENG-00825,Sprint 4,2025-03-21,2025-03-24,Completed,3
ENG-00825,Sprint 5,2025-04-21,2025-04-21,Completed,0
ENG-00825,Sprint 6,2025-05-21,2025-05-24,Completed,3
ENG-00825,Sprint 7,2025-06-21,2025-06-21,Completed,0
ENG-00825,Sprint 8,2025-07-21,2025-07-23,Completed,2
ENG-00825,Sprint 9,2025-08-21,2025-08-24,Completed,3
ENG-00825,Sprint 10,2025-09-21,2025-09-22,Completed,1
ENG-00825,Sprint 11,2025-10-21,2025-10-22,Completed,1
ENG-00826,Sprint 1,2026-07-21,2026-07-25,Delayed,4
ENG-00826,Sprint 2,2026-08-21,2026-08-22,Completed,1
ENG-00827,Sprint 1,2025-10-21,2025-10-26,Delayed,5
ENG-00827,Sprint 2,2025-11-21,2025-11-26,Delayed,5
ENG-00827,Sprint 3,2025-12-21,2025-12-21,Completed,0
ENG-00827,Sprint 4,2026-01-21,2026-01-22,Completed,1
ENG-00827,Sprint 5,2026-02-21,2026-02-21,Completed,0
ENG-00827,Sprint 6,2026-03-21,2026-03-21,Completed,0
ENG-00827,Sprint 7,2026-04-21,2026-04-26,Delayed,5
ENG-00827,Sprint 8,2026-05-21,2026-05-22,Completed,1
ENG-00827,Sprint 9,2026-06-21,2026-06-24,Completed,3
ENG-00827,Sprint 10,2026-07-21,2026-07-29,Delayed,8
ENG-00828,Sprint 1,2025-05-21,2025-05-25,Delayed,4
ENG-00828,Sprint 2,2025-06-21,2025-06-24,Completed,3
ENG-00828,Sprint 3,2025-07-21,2025-07-29,Delayed,8
ENG-00828,Sprint 4,2025-08-21,2025-08-23,Completed,2
ENG-00828,Sprint 5,2025-09-21,2025-09-29,Delayed,8
ENG-00828,Sprint 6,2025-10-21,2025-10-25,Delayed,4
ENG-00828,Sprint 7,2025-11-21,2025-11-25,Delayed,4
ENG-00828,Sprint 8,2025-12-21,2025-12-21,Completed,0
ENG-00828,Sprint 9,2026-01-21,2026-01-29,Delayed,8
ENG-00828,Sprint 10,2026-02-21,2026-02-25,Delayed,4
ENG-00829,Sprint 1,2024-06-21,2024-06-22,Completed,1
ENG-00829,Sprint 2,2024-07-21,2024-07-29,Delayed,8
ENG-00829,Sprint 3,2024-08-21,2024-08-22,Completed,1
ENG-00829,Sprint 4,2024-09-21,2024-09-23,Completed,2
ENG-00829,Sprint 5,2024-10-21,2024-10-25,Delayed,4
ENG-00829,Sprint 6,2024-11-21,2024-11-23,Completed,2
ENG-00829,Sprint 7,2024-12-21,2024-12-21,Completed,0
ENG-00830,Sprint 1,2025-01-21,2025-01-25,Delayed,4
ENG-00830,Sprint 2,2025-02-21,2025-02-25,Delayed,4
ENG-00830,Sprint 3,2025-03-21,2025-03-30,Delayed,9
ENG-00830,Sprint 4,2025-04-21,2025-04-23,Completed,2
ENG-00830,Sprint 5,2025-05-21,2025-05-30,Delayed,9
ENG-00831,Sprint 1,2025-07-21,2025-07-27,Delayed,6
ENG-00831,Sprint 2,2025-08-21,2025-08-21,Completed,0
ENG-00831,Sprint 3,2025-09-21,2025-09-27,Delayed,6
ENG-00831,Sprint 4,2025-10-21,2025-10-21,Completed,0
ENG-00831,Sprint 5,2025-11-21,2025-11-21,Completed,0
ENG-00831,Sprint 6,2025-12-21,2025-12-24,Completed,3
ENG-00831,Sprint 7,2026-01-21,2026-01-25,Delayed,4
ENG-00831,Sprint 8,2026-02-21,2026-02-25,Delayed,4
ENG-00831,Sprint 9,2026-03-21,2026-03-25,Delayed,4
ENG-00831,Sprint 10,2026-04-21,2026-04-22,Completed,1
ENG-00832,Sprint 1,2026-06-21,2026-06-21,Completed,0
ENG-00832,Sprint 2,2026-07-21,2026-07-26,Delayed,5
ENG-00832,Sprint 3,2026-08-21,2026-08-21,Completed,0
ENG-00833,Sprint 1,2025-10-21,2025-10-21,Completed,0
ENG-00833,Sprint 2,2025-11-21,2025-11-25,Delayed,4
ENG-00833,Sprint 3,2025-12-21,2025-12-27,Delayed,6
ENG-00833,Sprint 4,2026-01-21,2026-01-29,Delayed,8
ENG-00833,Sprint 5,2026-02-21,2026-02-21,Completed,0
ENG-00833,Sprint 6,2026-03-21,2026-03-23,Completed,2
ENG-00833,Sprint 7,2026-04-21,2026-04-23,Completed,2
ENG-00833,Sprint 8,2026-05-21,2026-05-23,Completed,2
ENG-00834,Sprint 1,2026-01-21,2026-01-27,Delayed,6
ENG-00834,Sprint 2,2026-02-21,2026-02-23,Completed,2
ENG-00834,Sprint 3,2026-03-21,2026-03-27,Delayed,6
ENG-00834,Sprint 4,2026-04-21,2026-04-21,Completed,0
ENG-00834,Sprint 5,2026-05-21,2026-05-24,Completed,3
ENG-00834,Sprint 6,2026-06-21,2026-06-23,Completed,2
ENG-00834,Sprint 7,2026-07-21,2026-07-24,Completed,3
ENG-00834,Sprint 8,2026-08-21,2026-08-29,Delayed,8
ENG-00835,Sprint 1,2026-06-21,2026-06-21,Completed,0
ENG-00835,Sprint 2,2026-07-21,2026-07-23,Completed,2
ENG-00835,Sprint 3,2026-08-21,2026-08-21,Completed,0
ENG-00835,Sprint 4,2026-09-21,2026-09-27,Delayed,6
ENG-00835,Sprint 5,2026-10-21,2026-10-26,Delayed,5
ENG-00835,Sprint 6,2026-11-21,2026-11-24,Completed,3
ENG-00836,Sprint 1,2025-07-21,2025-07-23,Completed,2
ENG-00836,Sprint 2,2025-08-21,2025-08-21,Completed,0
ENG-00836,Sprint 3,2025-09-21,2025-09-21,Completed,0
ENG-00836,Sprint 4,2025-10-21,2025-10-28,Delayed,7
ENG-00836,Sprint 5,2025-11-21,2025-11-23,Completed,2
ENG-00836,Sprint 6,2025-12-21,2025-12-27,Delayed,6
ENG-00836,Sprint 7,2026-01-21,2026-01-25,Delayed,4
ENG-00836,Sprint 8,2026-02-21,2026-02-22,Completed,1
ENG-00836,Sprint 9,2026-03-21,2026-03-23,Completed,2
ENG-00836,Sprint 10,2026-04-21,2026-04-21,Completed,0
ENG-00836,Sprint 11,2026-05-21,2026-05-21,Completed,0
ENG-00837,Sprint 1,2024-09-21,2024-09-29,Delayed,8
ENG-00837,Sprint 2,2024-10-21,2024-10-23,Completed,2
ENG-00837,Sprint 3,2024-11-21,2024-11-27,Delayed,6
ENG-00837,Sprint 4,2024-12-21,2024-12-26,Delayed,5
ENG-00837,Sprint 5,2025-01-21,2025-01-21,Completed,0
ENG-00837,Sprint 6,2025-02-21,2025-03-03,Delayed,10
ENG-00837,Sprint 7,2025-03-21,2025-03-29,Delayed,8
ENG-00838,Sprint 1,2026-05-21,2026-05-21,Completed,0
ENG-00838,Sprint 2,2026-06-21,2026-06-21,Completed,0
ENG-00838,Sprint 3,2026-07-21,2026-07-21,Completed,0
ENG-00838,Sprint 4,2026-08-21,2026-08-25,Delayed,4
ENG-00839,Sprint 1,2026-07-21,2026-07-21,Completed,0
ENG-00839,Sprint 2,2026-08-21,2026-08-25,Delayed,4
ENG-00840,Sprint 1,2026-03-21,2026-03-27,Delayed,6
ENG-00840,Sprint 2,2026-04-21,2026-04-25,Delayed,4
ENG-00840,Sprint 3,2026-05-21,2026-05-27,Delayed,6
ENG-00840,Sprint 4,2026-06-21,2026-06-22,Completed,1
ENG-00840,Sprint 5,2026-07-21,2026-07-23,Completed,2
ENG-00840,Sprint 6,2026-08-21,2026-08-21,Completed,0
ENG-00841,Sprint 1,2024-06-21,2024-06-21,Completed,0
ENG-00841,Sprint 2,2024-07-21,2024-07-24,Completed,3
ENG-00841,Sprint 3,2024-08-21,2024-08-25,Delayed,4
ENG-00841,Sprint 4,2024-09-21,2024-09-27,Delayed,6
ENG-00841,Sprint 5,2024-10-21,2024-10-22,Completed,1
ENG-00841,Sprint 6,2024-11-21,2024-11-22,Completed,1
ENG-00841,Sprint 7,2024-12-21,2024-12-21,Completed,0
ENG-00841,Sprint 8,2025-01-21,2025-01-21,Completed,0
ENG-00841,Sprint 9,2025-02-21,2025-02-22,Completed,1
ENG-00842,Sprint 1,2024-01-21,2024-01-21,Completed,0
ENG-00842,Sprint 2,2024-02-21,2024-02-25,Delayed,4
ENG-00842,Sprint 3,2024-03-21,2024-03-22,Completed,1
ENG-00842,Sprint 4,2024-04-21,2024-04-24,Completed,3
ENG-00842,Sprint 5,2024-05-21,2024-05-27,Delayed,6
ENG-00842,Sprint 6,2024-06-21,2024-06-21,Completed,0
ENG-00842,Sprint 7,2024-07-21,2024-07-22,Completed,1
ENG-00842,Sprint 8,2024-08-21,2024-08-21,Completed,0
ENG-00842,Sprint 9,2024-09-21,2024-09-24,Completed,3
ENG-00842,Sprint 10,2024-10-21,2024-10-27,Delayed,6
ENG-00842,Sprint 11,2024-11-21,2024-11-26,Delayed,5
ENG-00843,Sprint 1,2025-12-21,2025-12-23,Completed,2
ENG-00843,Sprint 2,2026-01-21,2026-01-25,Delayed,4
ENG-00843,Sprint 3,2026-02-21,2026-02-21,Completed,0
ENG-00843,Sprint 4,2026-03-21,2026-03-22,Completed,1
ENG-00843,Sprint 5,2026-04-21,2026-04-22,Completed,1
ENG-00843,Sprint 6,2026-05-21,2026-05-21,Completed,0
ENG-00843,Sprint 7,2026-06-21,2026-06-30,Delayed,9
ENG-00844,Sprint 1,2025-08-21,2025-08-23,Completed,2
ENG-00844,Sprint 2,2025-09-21,2025-09-27,Delayed,6
ENG-00844,Sprint 3,2025-10-21,2025-10-24,Completed,3
ENG-00844,Sprint 4,2025-11-21,2025-11-22,Completed,1
ENG-00844,Sprint 5,2025-12-21,2025-12-21,Completed,0
ENG-00844,Sprint 6,2026-01-21,2026-01-26,Delayed,5
ENG-00844,Sprint 7,2026-02-21,2026-02-28,Delayed,7
ENG-00844,Sprint 8,2026-03-21,2026-03-21,Completed,0
ENG-00844,Sprint 9,2026-04-21,2026-04-24,Completed,3
ENG-00844,Sprint 10,2026-05-21,2026-05-21,Completed,0
ENG-00844,Sprint 11,2026-06-21,2026-06-23,Completed,2
ENG-00844,Sprint 12,2026-07-21,2026-07-21,Completed,0
ENG-00844,Sprint 13,2026-08-21,2026-08-25,Delayed,4
ENG-00845,Sprint 1,2024-12-21,2024-12-24,Completed,3
ENG-00845,Sprint 2,2025-01-21,2025-01-24,Completed,3
ENG-00845,Sprint 3,2025-02-21,2025-02-28,Delayed,7
ENG-00845,Sprint 4,2025-03-21,2025-03-21,Completed,0
ENG-00845,Sprint 5,2025-04-21,2025-04-23,Completed,2
ENG-00845,Sprint 6,2025-05-21,2025-05-28,Delayed,7
ENG-00845,Sprint 7,2025-06-21,2025-06-21,Completed,0
ENG-00845,Sprint 8,2025-07-21,2025-07-23,Completed,2
ENG-00845,Sprint 9,2025-08-21,2025-08-25,Delayed,4
ENG-00845,Sprint 10,2025-09-21,2025-09-21,Completed,0
ENG-00845,Sprint 11,2025-10-21,2025-10-26,Delayed,5
ENG-00845,Sprint 12,2025-11-21,2025-11-23,Completed,2
ENG-00846,Sprint 1,2024-10-21,2024-10-25,Delayed,4
ENG-00846,Sprint 2,2024-11-21,2024-11-21,Completed,0
ENG-00846,Sprint 3,2024-12-21,2024-12-24,Completed,3
ENG-00846,Sprint 4,2025-01-21,2025-01-21,Completed,0
ENG-00846,Sprint 5,2025-02-21,2025-02-21,Completed,0
ENG-00846,Sprint 6,2025-03-21,2025-03-21,Completed,0
ENG-00846,Sprint 7,2025-04-21,2025-04-22,Completed,1
ENG-00847,Sprint 1,2026-03-21,2026-03-25,Delayed,4
ENG-00847,Sprint 2,2026-04-21,2026-04-21,Completed,0
ENG-00847,Sprint 3,2026-05-21,2026-05-22,Completed,1
ENG-00847,Sprint 4,2026-06-21,2026-06-25,Delayed,4
ENG-00847,Sprint 5,2026-07-21,2026-07-21,Completed,0
ENG-00847,Sprint 6,2026-08-21,2026-08-21,Completed,0
ENG-00848,Sprint 1,2025-11-21,2025-11-26,Delayed,5
ENG-00848,Sprint 2,2025-12-21,2025-12-22,Completed,1
ENG-00848,Sprint 3,2026-01-21,2026-01-22,Completed,1
ENG-00848,Sprint 4,2026-02-21,2026-02-22,Completed,1
ENG-00848,Sprint 5,2026-03-21,2026-03-24,Completed,3
ENG-00848,Sprint 6,2026-04-21,2026-04-21,Completed,0
ENG-00848,Sprint 7,2026-05-21,2026-05-22,Completed,1
ENG-00848,Sprint 8,2026-06-21,2026-06-21,Completed,0
ENG-00848,Sprint 9,2026-07-21,2026-07-21,Completed,0
ENG-00848,Sprint 10,2026-08-21,2026-08-21,Completed,0
ENG-00849,Sprint 1,2025-01-21,2025-01-28,Delayed,7
ENG-00849,Sprint 2,2025-02-21,2025-02-26,Delayed,5
ENG-00849,Sprint 3,2025-03-21,2025-03-28,Delayed,7
ENG-00849,Sprint 4,2025-04-21,2025-04-29,Delayed,8
ENG-00850,Sprint 1,2026-01-21,2026-01-21,Completed,0
ENG-00850,Sprint 2,2026-02-21,2026-02-24,Completed,3
ENG-00850,Sprint 3,2026-03-21,2026-03-22,Completed,1
ENG-00850,Sprint 4,2026-04-21,2026-04-21,Completed,0
ENG-00850,Sprint 5,2026-05-21,2026-05-23,Completed,2
ENG-00850,Sprint 6,2026-06-21,2026-06-21,Completed,0
ENG-00850,Sprint 7,2026-07-21,2026-07-21,Completed,0
ENG-00850,Sprint 8,2026-08-21,2026-08-22,Completed,1
ENG-00851,Sprint 1,2024-03-21,2024-03-21,Completed,0
ENG-00851,Sprint 2,2024-04-21,2024-04-22,Completed,1
ENG-00851,Sprint 3,2024-05-21,2024-05-24,Completed,3
ENG-00851,Sprint 4,2024-06-21,2024-06-26,Delayed,5
ENG-00851,Sprint 5,2024-07-21,2024-07-27,Delayed,6
ENG-00852,Sprint 1,2025-08-21,2025-08-21,Completed,0
ENG-00852,Sprint 2,2025-09-21,2025-09-23,Completed,2
ENG-00852,Sprint 3,2025-10-21,2025-10-24,Completed,3
ENG-00852,Sprint 4,2025-11-21,2025-11-24,Completed,3
ENG-00852,Sprint 5,2025-12-21,2025-12-21,Completed,0
ENG-00852,Sprint 6,2026-01-21,2026-01-21,Completed,0
ENG-00852,Sprint 7,2026-02-21,2026-02-24,Completed,3
ENG-00852,Sprint 8,2026-03-21,2026-03-21,Completed,0
ENG-00852,Sprint 9,2026-04-21,2026-04-23,Completed,2
ENG-00852,Sprint 10,2026-05-21,2026-05-21,Completed,0
ENG-00853,Sprint 1,2025-10-21,2025-10-21,Completed,0
ENG-00853,Sprint 2,2025-11-21,2025-11-21,Completed,0
ENG-00853,Sprint 3,2025-12-21,2025-12-22,Completed,1
ENG-00853,Sprint 4,2026-01-21,2026-01-28,Delayed,7
ENG-00853,Sprint 5,2026-02-21,2026-03-04,Delayed,11
ENG-00853,Sprint 6,2026-03-21,2026-03-27,Delayed,6
ENG-00854,Sprint 1,2024-09-21,2024-09-26,Delayed,5
ENG-00854,Sprint 2,2024-10-21,2024-10-22,Completed,1
ENG-00854,Sprint 3,2024-11-21,2024-11-21,Completed,0
ENG-00854,Sprint 4,2024-12-21,2024-12-21,Completed,0
ENG-00854,Sprint 5,2025-01-21,2025-01-21,Completed,0
ENG-00854,Sprint 6,2025-02-21,2025-02-22,Completed,1
ENG-00854,Sprint 7,2025-03-21,2025-03-24,Completed,3
ENG-00854,Sprint 8,2025-04-21,2025-04-22,Completed,1
ENG-00854,Sprint 9,2025-05-21,2025-05-28,Delayed,7
ENG-00854,Sprint 10,2025-06-21,2025-06-24,Completed,3
ENG-00855,Sprint 1,2026-07-21,2026-07-22,Completed,1
ENG-00855,Sprint 2,2026-08-21,2026-08-24,Completed,3
ENG-00855,Sprint 3,2026-09-21,2026-09-23,Completed,2
ENG-00855,Sprint 4,2026-10-21,2026-10-21,Completed,0
ENG-00855,Sprint 5,2026-11-21,2026-11-21,Completed,0
ENG-00855,Sprint 6,2026-12-21,2026-12-21,Completed,0
ENG-00855,Sprint 7,2027-01-21,2027-01-24,Completed,3
ENG-00855,Sprint 8,2027-02-21,2027-02-23,Completed,2
ENG-00855,Sprint 9,2027-03-21,2027-03-26,Delayed,5
ENG-00855,Sprint 10,2027-04-21,2027-04-25,Delayed,4
ENG-00856,Sprint 1,2025-06-21,2025-06-25,Delayed,4
ENG-00856,Sprint 2,2025-07-21,2025-07-21,Completed,0
ENG-00856,Sprint 3,2025-08-21,2025-08-27,Delayed,6
ENG-00856,Sprint 4,2025-09-21,2025-09-27,Delayed,6
ENG-00856,Sprint 5,2025-10-21,2025-10-26,Delayed,5
ENG-00856,Sprint 6,2025-11-21,2025-11-28,Delayed,7
ENG-00857,Sprint 1,2025-12-21,2025-12-26,Delayed,5
ENG-00857,Sprint 2,2026-01-21,2026-01-21,Completed,0
ENG-00857,Sprint 3,2026-02-21,2026-02-23,Completed,2
ENG-00857,Sprint 4,2026-03-21,2026-03-21,Completed,0
ENG-00857,Sprint 5,2026-04-21,2026-04-22,Completed,1
ENG-00857,Sprint 6,2026-05-21,2026-05-21,Completed,0
ENG-00857,Sprint 7,2026-06-21,2026-06-21,Completed,0
ENG-00857,Sprint 8,2026-07-21,2026-07-21,Completed,0
ENG-00857,Sprint 9,2026-08-21,2026-08-21,Completed,0
ENG-00858,Sprint 1,2025-10-21,2025-10-21,Completed,0
ENG-00858,Sprint 2,2025-11-21,2025-11-30,Delayed,9
ENG-00858,Sprint 3,2025-12-21,2025-12-27,Delayed,6
ENG-00858,Sprint 4,2026-01-21,2026-01-23,Completed,2
ENG-00858,Sprint 5,2026-02-21,2026-02-24,Completed,3
ENG-00858,Sprint 6,2026-03-21,2026-03-26,Delayed,5
ENG-00858,Sprint 7,2026-04-21,2026-04-21,Completed,0
ENG-00858,Sprint 8,2026-05-21,2026-05-21,Completed,0
ENG-00858,Sprint 9,2026-06-21,2026-06-21,Completed,0
ENG-00858,Sprint 10,2026-07-21,2026-07-23,Completed,2
ENG-00858,Sprint 11,2026-08-21,2026-08-21,Completed,0
ENG-00859,Sprint 1,2024-08-21,2024-08-22,Completed,1
ENG-00859,Sprint 2,2024-09-21,2024-09-22,Completed,1
ENG-00859,Sprint 3,2024-10-21,2024-10-25,Delayed,4
ENG-00859,Sprint 4,2024-11-21,2024-12-02,Delayed,11
ENG-00859,Sprint 5,2024-12-21,2024-12-28,Delayed,7
ENG-00859,Sprint 6,2025-01-21,2025-01-26,Delayed,5
ENG-00859,Sprint 7,2025-02-21,2025-03-03,Delayed,10
ENG-00860,Sprint 1,2026-08-21,2026-08-29,Delayed,8
ENG-00860,Sprint 2,2026-09-21,2026-10-01,Delayed,10
ENG-00860,Sprint 3,2026-10-21,2026-10-23,Completed,2
ENG-00860,Sprint 4,2026-11-21,2026-11-21,Completed,0
ENG-00860,Sprint 5,2026-12-21,2026-12-24,Completed,3
ENG-00860,Sprint 6,2027-01-21,2027-01-31,Delayed,10
ENG-00860,Sprint 7,2027-02-21,2027-03-01,Delayed,8
ENG-00860,Sprint 8,2027-03-21,2027-04-02,Delayed,12
ENG-00861,Sprint 1,2025-10-21,2025-10-24,Completed,3
ENG-00861,Sprint 2,2025-11-21,2025-11-26,Delayed,5
ENG-00861,Sprint 3,2025-12-21,2025-12-25,Delayed,4
ENG-00861,Sprint 4,2026-01-21,2026-01-27,Delayed,6
ENG-00862,Sprint 1,2026-05-21,2026-05-24,Completed,3
ENG-00862,Sprint 2,2026-06-21,2026-06-25,Delayed,4
ENG-00862,Sprint 3,2026-07-21,2026-07-25,Delayed,4
ENG-00862,Sprint 4,2026-08-21,2026-08-21,Completed,0
ENG-00862,Sprint 5,2026-09-21,2026-09-23,Completed,2
ENG-00862,Sprint 6,2026-10-21,2026-10-24,Completed,3
ENG-00862,Sprint 7,2026-11-21,2026-11-28,Delayed,7
ENG-00862,Sprint 8,2026-12-21,2026-12-24,Completed,3
ENG-00862,Sprint 9,2027-01-21,2027-01-30,Delayed,9
ENG-00863,Sprint 1,2025-09-21,2025-09-21,Completed,0
ENG-00863,Sprint 2,2025-10-21,2025-10-22,Completed,1
ENG-00863,Sprint 3,2025-11-21,2025-11-21,Completed,0
ENG-00863,Sprint 4,2025-12-21,2025-12-22,Completed,1
ENG-00863,Sprint 5,2026-01-21,2026-01-24,Completed,3
ENG-00863,Sprint 6,2026-02-21,2026-02-21,Completed,0
ENG-00863,Sprint 7,2026-03-21,2026-03-22,Completed,1
ENG-00863,Sprint 8,2026-04-21,2026-04-21,Completed,0
ENG-00863,Sprint 9,2026-05-21,2026-05-25,Delayed,4
ENG-00863,Sprint 10,2026-06-21,2026-06-22,Completed,1
ENG-00863,Sprint 11,2026-07-21,2026-07-28,Delayed,7
ENG-00863,Sprint 12,2026-08-21,2026-08-27,Delayed,6
ENG-00864,Sprint 1,2025-05-21,2025-05-24,Completed,3
ENG-00864,Sprint 2,2025-06-21,2025-06-28,Delayed,7
ENG-00864,Sprint 3,2025-07-21,2025-07-23,Completed,2
ENG-00864,Sprint 4,2025-08-21,2025-08-22,Completed,1
ENG-00864,Sprint 5,2025-09-21,2025-09-21,Completed,0
ENG-00864,Sprint 6,2025-10-21,2025-10-22,Completed,1
ENG-00864,Sprint 7,2025-11-21,2025-11-26,Delayed,5
ENG-00864,Sprint 8,2025-12-21,2025-12-22,Completed,1
ENG-00865,Sprint 1,2025-05-21,2025-05-25,Delayed,4
ENG-00865,Sprint 2,2025-06-21,2025-06-28,Delayed,7
ENG-00865,Sprint 3,2025-07-21,2025-07-27,Delayed,6
ENG-00865,Sprint 4,2025-08-21,2025-08-21,Completed,0
ENG-00865,Sprint 5,2025-09-21,2025-09-25,Delayed,4
ENG-00865,Sprint 6,2025-10-21,2025-10-25,Delayed,4
ENG-00865,Sprint 7,2025-11-21,2025-11-26,Delayed,5
ENG-00866,Sprint 1,2024-03-21,2024-03-24,Completed,3
ENG-00866,Sprint 2,2024-04-21,2024-04-22,Completed,1
ENG-00866,Sprint 3,2024-05-21,2024-05-21,Completed,0
ENG-00866,Sprint 4,2024-06-21,2024-06-22,Completed,1
ENG-00866,Sprint 5,2024-07-21,2024-07-21,Completed,0
ENG-00866,Sprint 6,2024-08-21,2024-08-21,Completed,0
ENG-00866,Sprint 7,2024-09-21,2024-09-21,Completed,0
ENG-00867,Sprint 1,2026-05-21,2026-05-21,Completed,0
ENG-00867,Sprint 2,2026-06-21,2026-06-24,Completed,3
ENG-00867,Sprint 3,2026-07-21,2026-07-22,Completed,1
ENG-00867,Sprint 4,2026-08-21,2026-08-28,Delayed,7
ENG-00867,Sprint 5,2026-09-21,2026-09-21,Completed,0
ENG-00868,Sprint 1,2025-06-21,2025-06-21,Completed,0
ENG-00868,Sprint 2,2025-07-21,2025-07-21,Completed,0
ENG-00868,Sprint 3,2025-08-21,2025-08-24,Completed,3
ENG-00868,Sprint 4,2025-09-21,2025-09-25,Delayed,4
ENG-00868,Sprint 5,2025-10-21,2025-10-21,Completed,0
ENG-00868,Sprint 6,2025-11-21,2025-11-23,Completed,2
ENG-00868,Sprint 7,2025-12-21,2025-12-22,Completed,1
ENG-00868,Sprint 8,2026-01-21,2026-01-30,Delayed,9
ENG-00868,Sprint 9,2026-02-21,2026-02-22,Completed,1
ENG-00868,Sprint 10,2026-03-21,2026-03-21,Completed,0
ENG-00868,Sprint 11,2026-04-21,2026-04-21,Completed,0
ENG-00869,Sprint 1,2024-10-21,2024-10-21,Completed,0
ENG-00869,Sprint 2,2024-11-21,2024-11-21,Completed,0
ENG-00869,Sprint 3,2024-12-21,2024-12-21,Completed,0
ENG-00869,Sprint 4,2025-01-21,2025-01-25,Delayed,4
ENG-00869,Sprint 5,2025-02-21,2025-02-24,Completed,3
ENG-00869,Sprint 6,2025-03-21,2025-03-21,Completed,0
ENG-00869,Sprint 7,2025-04-21,2025-04-21,Completed,0
ENG-00869,Sprint 8,2025-05-21,2025-05-26,Delayed,5
ENG-00869,Sprint 9,2025-06-21,2025-06-24,Completed,3
ENG-00869,Sprint 10,2025-07-21,2025-07-26,Delayed,5
ENG-00869,Sprint 11,2025-08-21,2025-08-21,Completed,0
ENG-00869,Sprint 12,2025-09-21,2025-09-27,Delayed,6
ENG-00870,Sprint 1,2026-07-21,2026-07-21,Completed,0
ENG-00870,Sprint 2,2026-08-21,2026-08-21,Completed,0
ENG-00871,Sprint 1,2026-02-21,2026-02-24,Completed,3
ENG-00871,Sprint 2,2026-03-21,2026-03-27,Delayed,6
ENG-00871,Sprint 3,2026-04-21,2026-04-27,Delayed,6
ENG-00871,Sprint 4,2026-05-21,2026-05-24,Completed,3
ENG-00871,Sprint 5,2026-06-21,2026-06-28,Delayed,7
ENG-00871,Sprint 6,2026-07-21,2026-07-26,Delayed,5
ENG-00871,Sprint 7,2026-08-21,2026-08-25,Delayed,4
ENG-00872,Sprint 1,2026-08-21,2026-08-22,Completed,1
ENG-00873,Sprint 1,2026-02-21,2026-02-23,Completed,2
ENG-00873,Sprint 2,2026-03-21,2026-03-29,Delayed,8
ENG-00873,Sprint 3,2026-04-21,2026-04-22,Completed,1
ENG-00873,Sprint 4,2026-05-21,2026-05-21,Completed,0
ENG-00873,Sprint 5,2026-06-21,2026-06-21,Completed,0
ENG-00873,Sprint 6,2026-07-21,2026-07-25,Delayed,4
ENG-00873,Sprint 7,2026-08-21,2026-08-26,Delayed,5
ENG-00874,Sprint 1,2025-05-21,2025-05-21,Completed,0
ENG-00874,Sprint 2,2025-06-21,2025-06-23,Completed,2
ENG-00874,Sprint 3,2025-07-21,2025-07-21,Completed,0
ENG-00874,Sprint 4,2025-08-21,2025-08-21,Completed,0
ENG-00874,Sprint 5,2025-09-21,2025-09-25,Delayed,4
ENG-00874,Sprint 6,2025-10-21,2025-10-26,Delayed,5
ENG-00874,Sprint 7,2025-11-21,2025-11-22,Completed,1
ENG-00874,Sprint 8,2025-12-21,2025-12-22,Completed,1
ENG-00874,Sprint 9,2026-01-21,2026-01-28,Delayed,7
ENG-00874,Sprint 10,2026-02-21,2026-02-25,Delayed,4
ENG-00874,Sprint 11,2026-03-21,2026-03-21,Completed,0
ENG-00874,Sprint 12,2026-04-21,2026-04-27,Delayed,6
ENG-00874,Sprint 13,2026-05-21,2026-05-24,Completed,3
ENG-00875,Sprint 1,2025-01-21,2025-01-26,Delayed,5
ENG-00875,Sprint 2,2025-02-21,2025-02-22,Completed,1
ENG-00875,Sprint 3,2025-03-21,2025-03-21,Completed,0
ENG-00875,Sprint 4,2025-04-21,2025-04-22,Completed,1
ENG-00875,Sprint 5,2025-05-21,2025-05-21,Completed,0
ENG-00875,Sprint 6,2025-06-21,2025-06-25,Delayed,4
ENG-00875,Sprint 7,2025-07-21,2025-07-22,Completed,1
ENG-00875,Sprint 8,2025-08-21,2025-08-21,Completed,0
ENG-00875,Sprint 9,2025-09-21,2025-09-24,Completed,3
ENG-00875,Sprint 10,2025-10-21,2025-10-21,Completed,0
ENG-00875,Sprint 11,2025-11-21,2025-11-21,Completed,0
ENG-00876,Sprint 1,2026-04-21,2026-04-25,Delayed,4
ENG-00876,Sprint 2,2026-05-21,2026-05-23,Completed,2
ENG-00876,Sprint 3,2026-06-21,2026-06-22,Completed,1
ENG-00876,Sprint 4,2026-07-21,2026-07-23,Completed,2
ENG-00876,Sprint 5,2026-08-21,2026-08-25,Delayed,4
ENG-00877,Sprint 1,2025-12-21,2025-12-23,Completed,2
ENG-00877,Sprint 2,2026-01-21,2026-01-21,Completed,0
ENG-00877,Sprint 3,2026-02-21,2026-02-22,Completed,1
ENG-00877,Sprint 4,2026-03-21,2026-03-21,Completed,0
ENG-00877,Sprint 5,2026-04-21,2026-04-24,Completed,3
ENG-00877,Sprint 6,2026-05-21,2026-05-21,Completed,0
ENG-00877,Sprint 7,2026-06-21,2026-06-25,Delayed,4
ENG-00877,Sprint 8,2026-07-21,2026-07-21,Completed,0
ENG-00877,Sprint 9,2026-08-21,2026-08-30,Delayed,9
ENG-00877,Sprint 10,2026-09-21,2026-09-25,Delayed,4
ENG-00878,Sprint 1,2026-07-21,2026-07-21,Completed,0
ENG-00878,Sprint 2,2026-08-21,2026-08-25,Delayed,4
ENG-00879,Sprint 1,2024-01-21,2024-01-28,Delayed,7
ENG-00879,Sprint 2,2024-02-21,2024-02-28,Delayed,7
ENG-00879,Sprint 3,2024-03-21,2024-03-28,Delayed,7
ENG-00879,Sprint 4,2024-04-21,2024-04-24,Completed,3
ENG-00880,Sprint 1,2024-05-21,2024-05-21,Completed,0
ENG-00880,Sprint 2,2024-06-21,2024-06-21,Completed,0
ENG-00880,Sprint 3,2024-07-21,2024-07-26,Delayed,5
ENG-00880,Sprint 4,2024-08-21,2024-08-21,Completed,0
ENG-00880,Sprint 5,2024-09-21,2024-09-22,Completed,1
ENG-00880,Sprint 6,2024-10-21,2024-10-26,Delayed,5
ENG-00880,Sprint 7,2024-11-21,2024-11-21,Completed,0
ENG-00880,Sprint 8,2024-12-21,2024-12-24,Completed,3
ENG-00880,Sprint 9,2025-01-21,2025-01-21,Completed,0
ENG-00880,Sprint 10,2025-02-21,2025-02-22,Completed,1
ENG-00881,Sprint 1,2026-07-21,2026-07-21,Completed,0
ENG-00881,Sprint 2,2026-08-21,2026-08-22,Completed,1
ENG-00881,Sprint 3,2026-09-21,2026-09-30,Delayed,9
ENG-00881,Sprint 4,2026-10-21,2026-10-23,Completed,2
ENG-00881,Sprint 5,2026-11-21,2026-11-30,Delayed,9
ENG-00882,Sprint 1,2026-01-21,2026-01-21,Completed,0
ENG-00882,Sprint 2,2026-02-21,2026-02-26,Delayed,5
ENG-00882,Sprint 3,2026-03-21,2026-03-27,Delayed,6
ENG-00882,Sprint 4,2026-04-21,2026-04-23,Completed,2
ENG-00882,Sprint 5,2026-05-21,2026-05-21,Completed,0
ENG-00882,Sprint 6,2026-06-21,2026-06-23,Completed,2
ENG-00882,Sprint 7,2026-07-21,2026-07-23,Completed,2
ENG-00882,Sprint 8,2026-08-21,2026-08-22,Completed,1
ENG-00883,Sprint 1,2026-01-21,2026-01-29,Delayed,8
ENG-00883,Sprint 2,2026-02-21,2026-02-25,Delayed,4
ENG-00883,Sprint 3,2026-03-21,2026-03-24,Completed,3
ENG-00883,Sprint 4,2026-04-21,2026-04-21,Completed,0
ENG-00883,Sprint 5,2026-05-21,2026-05-21,Completed,0
ENG-00883,Sprint 6,2026-06-21,2026-06-25,Delayed,4
ENG-00883,Sprint 7,2026-07-21,2026-07-23,Completed,2
ENG-00883,Sprint 8,2026-08-21,2026-08-23,Completed,2
ENG-00884,Sprint 1,2026-04-21,2026-04-25,Delayed,4
ENG-00884,Sprint 2,2026-05-21,2026-05-31,Delayed,10
ENG-00884,Sprint 3,2026-06-21,2026-07-05,Delayed,14
ENG-00884,Sprint 4,2026-07-21,2026-07-22,Completed,1
ENG-00885,Sprint 1,2024-12-21,2024-12-25,Delayed,4
ENG-00885,Sprint 2,2025-01-21,2025-01-24,Completed,3
ENG-00885,Sprint 3,2025-02-21,2025-02-21,Completed,0
ENG-00885,Sprint 4,2025-03-21,2025-03-21,Completed,0
ENG-00885,Sprint 5,2025-04-21,2025-04-21,Completed,0
ENG-00885,Sprint 6,2025-05-21,2025-05-21,Completed,0
ENG-00885,Sprint 7,2025-06-21,2025-06-21,Completed,0
ENG-00885,Sprint 8,2025-07-21,2025-07-21,Completed,0
ENG-00886,Sprint 1,2026-03-21,2026-03-22,Completed,1
ENG-00886,Sprint 2,2026-04-21,2026-04-21,Completed,0
ENG-00886,Sprint 3,2026-05-21,2026-05-26,Delayed,5
ENG-00886,Sprint 4,2026-06-21,2026-06-21,Completed,0
ENG-00886,Sprint 5,2026-07-21,2026-07-24,Completed,3
ENG-00886,Sprint 6,2026-08-21,2026-08-29,Delayed,8
ENG-00887,Sprint 1,2024-06-21,2024-06-21,Completed,0
ENG-00887,Sprint 2,2024-07-21,2024-07-23,Completed,2
ENG-00887,Sprint 3,2024-08-21,2024-08-21,Completed,0
ENG-00887,Sprint 4,2024-09-21,2024-09-24,Completed,3
ENG-00887,Sprint 5,2024-10-21,2024-10-22,Completed,1
ENG-00887,Sprint 6,2024-11-21,2024-11-21,Completed,0
ENG-00887,Sprint 7,2024-12-21,2024-12-22,Completed,1
ENG-00888,Sprint 1,2024-05-21,2024-05-21,Completed,0
ENG-00888,Sprint 2,2024-06-21,2024-06-22,Completed,1
ENG-00888,Sprint 3,2024-07-21,2024-07-23,Completed,2
ENG-00888,Sprint 4,2024-08-21,2024-08-26,Delayed,5
ENG-00888,Sprint 5,2024-09-21,2024-09-24,Completed,3
ENG-00888,Sprint 6,2024-10-21,2024-10-22,Completed,1
ENG-00888,Sprint 7,2024-11-21,2024-11-21,Completed,0
ENG-00888,Sprint 8,2024-12-21,2024-12-22,Completed,1
ENG-00888,Sprint 9,2025-01-21,2025-01-26,Delayed,5
ENG-00889,Sprint 1,2026-05-21,2026-05-24,Completed,3
ENG-00889,Sprint 2,2026-06-21,2026-06-21,Completed,0
ENG-00889,Sprint 3,2026-07-21,2026-07-24,Completed,3
ENG-00889,Sprint 4,2026-08-21,2026-08-21,Completed,0
ENG-00890,Sprint 1,2026-07-21,2026-07-21,Completed,0
ENG-00890,Sprint 2,2026-08-21,2026-08-21,Completed,0
ENG-00891,Sprint 1,2025-07-21,2025-07-21,Completed,0
ENG-00891,Sprint 2,2025-08-21,2025-08-21,Completed,0
ENG-00891,Sprint 3,2025-09-21,2025-09-21,Completed,0
ENG-00891,Sprint 4,2025-10-21,2025-10-26,Delayed,5
ENG-00891,Sprint 5,2025-11-21,2025-11-24,Completed,3
ENG-00891,Sprint 6,2025-12-21,2025-12-21,Completed,0
ENG-00891,Sprint 7,2026-01-21,2026-01-21,Completed,0
ENG-00892,Sprint 1,2025-06-21,2025-06-26,Delayed,5
ENG-00892,Sprint 2,2025-07-21,2025-08-01,Delayed,11
ENG-00892,Sprint 3,2025-08-21,2025-08-28,Delayed,7
ENG-00892,Sprint 4,2025-09-21,2025-09-29,Delayed,8
ENG-00892,Sprint 5,2025-10-21,2025-10-31,Delayed,10
ENG-00893,Sprint 1,2025-02-21,2025-02-26,Delayed,5
ENG-00893,Sprint 2,2025-03-21,2025-03-22,Completed,1
ENG-00893,Sprint 3,2025-04-21,2025-04-21,Completed,0
ENG-00893,Sprint 4,2025-05-21,2025-05-22,Completed,1
ENG-00893,Sprint 5,2025-06-21,2025-06-21,Completed,0
ENG-00893,Sprint 6,2025-07-21,2025-07-21,Completed,0
ENG-00893,Sprint 7,2025-08-21,2025-08-24,Completed,3
ENG-00893,Sprint 8,2025-09-21,2025-09-21,Completed,0
ENG-00893,Sprint 9,2025-10-21,2025-10-21,Completed,0
ENG-00893,Sprint 10,2025-11-21,2025-11-28,Delayed,7
ENG-00894,Sprint 1,2025-06-21,2025-06-28,Delayed,7
ENG-00894,Sprint 2,2025-07-21,2025-07-21,Completed,0
ENG-00894,Sprint 3,2025-08-21,2025-08-21,Completed,0
ENG-00894,Sprint 4,2025-09-21,2025-09-21,Completed,0
ENG-00894,Sprint 5,2025-10-21,2025-10-22,Completed,1
ENG-00894,Sprint 6,2025-11-21,2025-11-21,Completed,0
ENG-00894,Sprint 7,2025-12-21,2025-12-27,Delayed,6
ENG-00894,Sprint 8,2026-01-21,2026-01-23,Completed,2
ENG-00894,Sprint 9,2026-02-21,2026-02-25,Delayed,4
ENG-00895,Sprint 1,2024-11-21,2024-11-27,Delayed,6
ENG-00895,Sprint 2,2024-12-21,2024-12-21,Completed,0
ENG-00895,Sprint 3,2025-01-21,2025-01-21,Completed,0
ENG-00895,Sprint 4,2025-02-21,2025-02-27,Delayed,6
ENG-00895,Sprint 5,2025-03-21,2025-03-27,Delayed,6
ENG-00895,Sprint 6,2025-04-21,2025-04-21,Completed,0
ENG-00895,Sprint 7,2025-05-21,2025-05-21,Completed,0
ENG-00895,Sprint 8,2025-06-21,2025-06-29,Delayed,8
ENG-00895,Sprint 9,2025-07-21,2025-07-22,Completed,1
ENG-00895,Sprint 10,2025-08-21,2025-08-21,Completed,0
ENG-00895,Sprint 11,2025-09-21,2025-09-24,Completed,3
ENG-00896,Sprint 1,2024-03-21,2024-03-24,Completed,3
ENG-00896,Sprint 2,2024-04-21,2024-04-23,Completed,2
ENG-00896,Sprint 3,2024-05-21,2024-05-26,Delayed,5
ENG-00896,Sprint 4,2024-06-21,2024-06-21,Completed,0
ENG-00896,Sprint 5,2024-07-21,2024-07-26,Delayed,5
ENG-00896,Sprint 6,2024-08-21,2024-08-21,Completed,0
ENG-00896,Sprint 7,2024-09-21,2024-09-21,Completed,0
ENG-00896,Sprint 8,2024-10-21,2024-10-26,Delayed,5
ENG-00896,Sprint 9,2024-11-21,2024-12-01,Delayed,10
ENG-00897,Sprint 1,2025-08-21,2025-08-21,Completed,0
ENG-00897,Sprint 2,2025-09-21,2025-09-25,Delayed,4
ENG-00897,Sprint 3,2025-10-21,2025-10-21,Completed,0
ENG-00897,Sprint 4,2025-11-21,2025-11-21,Completed,0
ENG-00897,Sprint 5,2025-12-21,2025-12-22,Completed,1
ENG-00897,Sprint 6,2026-01-21,2026-01-21,Completed,0
ENG-00897,Sprint 7,2026-02-21,2026-02-21,Completed,0
ENG-00897,Sprint 8,2026-03-21,2026-03-23,Completed,2
ENG-00897,Sprint 9,2026-04-21,2026-04-21,Completed,0
ENG-00897,Sprint 10,2026-05-21,2026-05-21,Completed,0
ENG-00897,Sprint 11,2026-06-21,2026-06-21,Completed,0
ENG-00898,Sprint 1,2026-05-21,2026-05-25,Delayed,4
ENG-00898,Sprint 2,2026-06-21,2026-06-21,Completed,0
ENG-00898,Sprint 3,2026-07-21,2026-07-23,Completed,2
ENG-00898,Sprint 4,2026-08-21,2026-08-23,Completed,2
ENG-00899,Sprint 1,2024-06-21,2024-06-21,Completed,0
ENG-00899,Sprint 2,2024-07-21,2024-07-28,Delayed,7
ENG-00899,Sprint 3,2024-08-21,2024-08-26,Delayed,5
ENG-00899,Sprint 4,2024-09-21,2024-09-22,Completed,1
ENG-00899,Sprint 5,2024-10-21,2024-10-21,Completed,0
ENG-00899,Sprint 6,2024-11-21,2024-11-21,Completed,0
ENG-00899,Sprint 7,2024-12-21,2024-12-22,Completed,1
ENG-00899,Sprint 8,2025-01-21,2025-01-22,Completed,1
ENG-00900,Sprint 1,2024-03-21,2024-03-23,Completed,2
ENG-00900,Sprint 2,2024-04-21,2024-04-21,Completed,0
ENG-00900,Sprint 3,2024-05-21,2024-05-23,Completed,2
ENG-00900,Sprint 4,2024-06-21,2024-07-01,Delayed,10
ENG-00900,Sprint 5,2024-07-21,2024-07-21,Completed,0
ENG-00900,Sprint 6,2024-08-21,2024-08-23,Completed,2
ENG-00900,Sprint 7,2024-09-21,2024-09-21,Completed,0
ENG-00900,Sprint 8,2024-10-21,2024-10-25,Delayed,4
ENG-00900,Sprint 9,2024-11-21,2024-11-23,Completed,2
ENG-00900,Sprint 10,2024-12-21,2024-12-21,Completed,0
ENG-00900,Sprint 11,2025-01-21,2025-01-22,Completed,1
ENG-00901,Sprint 1,2025-10-21,2025-10-21,Completed,0
ENG-00901,Sprint 2,2025-11-21,2025-11-21,Completed,0
ENG-00901,Sprint 3,2025-12-21,2025-12-23,Completed,2
ENG-00901,Sprint 4,2026-01-21,2026-01-28,Delayed,7
ENG-00901,Sprint 5,2026-02-21,2026-02-22,Completed,1
ENG-00901,Sprint 6,2026-03-21,2026-03-29,Delayed,8
ENG-00902,Sprint 1,2026-01-21,2026-01-24,Completed,3
ENG-00902,Sprint 2,2026-02-21,2026-02-21,Completed,0
ENG-00902,Sprint 3,2026-03-21,2026-03-23,Completed,2
ENG-00902,Sprint 4,2026-04-21,2026-04-22,Completed,1
ENG-00902,Sprint 5,2026-05-21,2026-05-22,Completed,1
ENG-00902,Sprint 6,2026-06-21,2026-06-21,Completed,0
ENG-00902,Sprint 7,2026-07-21,2026-07-21,Completed,0
ENG-00902,Sprint 8,2026-08-21,2026-08-21,Completed,0
ENG-00903,Sprint 1,2024-09-21,2024-09-21,Completed,0
ENG-00903,Sprint 2,2024-10-21,2024-10-21,Completed,0
ENG-00903,Sprint 3,2024-11-21,2024-11-21,Completed,0
ENG-00903,Sprint 4,2024-12-21,2024-12-24,Completed,3
ENG-00903,Sprint 5,2025-01-21,2025-01-22,Completed,1
ENG-00903,Sprint 6,2025-02-21,2025-02-21,Completed,0
ENG-00903,Sprint 7,2025-03-21,2025-03-21,Completed,0
ENG-00904,Sprint 1,2024-07-21,2024-07-21,Completed,0
ENG-00904,Sprint 2,2024-08-21,2024-08-21,Completed,0
ENG-00904,Sprint 3,2024-09-21,2024-09-22,Completed,1
ENG-00904,Sprint 4,2024-10-21,2024-10-21,Completed,0
ENG-00904,Sprint 5,2024-11-21,2024-11-24,Completed,3
ENG-00904,Sprint 6,2024-12-21,2024-12-21,Completed,0
ENG-00904,Sprint 7,2025-01-21,2025-01-25,Delayed,4
ENG-00905,Sprint 1,2026-04-21,2026-04-21,Completed,0
ENG-00905,Sprint 2,2026-05-21,2026-05-21,Completed,0
ENG-00905,Sprint 3,2026-06-21,2026-06-24,Completed,3
ENG-00905,Sprint 4,2026-07-21,2026-07-24,Completed,3
ENG-00905,Sprint 5,2026-08-21,2026-08-24,Completed,3
ENG-00905,Sprint 6,2026-09-21,2026-09-22,Completed,1
ENG-00905,Sprint 7,2026-10-21,2026-10-21,Completed,0
ENG-00905,Sprint 8,2026-11-21,2026-11-27,Delayed,6
ENG-00905,Sprint 9,2026-12-21,2026-12-27,Delayed,6
ENG-00905,Sprint 10,2027-01-21,2027-01-27,Delayed,6
ENG-00905,Sprint 11,2027-02-21,2027-02-23,Completed,2
ENG-00906,Sprint 1,2024-05-21,2024-05-25,Delayed,4
ENG-00906,Sprint 2,2024-06-21,2024-06-23,Completed,2
ENG-00906,Sprint 3,2024-07-21,2024-07-22,Completed,1
ENG-00906,Sprint 4,2024-08-21,2024-08-21,Completed,0
ENG-00906,Sprint 5,2024-09-21,2024-10-01,Delayed,10
ENG-00906,Sprint 6,2024-10-21,2024-10-27,Delayed,6
ENG-00906,Sprint 7,2024-11-21,2024-11-27,Delayed,6
ENG-00906,Sprint 8,2024-12-21,2024-12-24,Completed,3
ENG-00906,Sprint 9,2025-01-21,2025-01-21,Completed,0
ENG-00906,Sprint 10,2025-02-21,2025-02-22,Completed,1
ENG-00906,Sprint 11,2025-03-21,2025-03-22,Completed,1
ENG-00906,Sprint 12,2025-04-21,2025-04-21,Completed,0
ENG-00907,Sprint 1,2025-09-21,2025-09-29,Delayed,8
ENG-00907,Sprint 2,2025-10-21,2025-10-26,Delayed,5
ENG-00907,Sprint 3,2025-11-21,2025-11-21,Completed,0
ENG-00907,Sprint 4,2025-12-21,2025-12-22,Completed,1
ENG-00907,Sprint 5,2026-01-21,2026-01-26,Delayed,5
ENG-00907,Sprint 6,2026-02-21,2026-02-24,Completed,3
ENG-00907,Sprint 7,2026-03-21,2026-03-21,Completed,0
ENG-00907,Sprint 8,2026-04-21,2026-04-21,Completed,0
ENG-00907,Sprint 9,2026-05-21,2026-05-21,Completed,0
ENG-00907,Sprint 10,2026-06-21,2026-06-28,Delayed,7
ENG-00907,Sprint 11,2026-07-21,2026-07-26,Delayed,5
ENG-00908,Sprint 1,2025-11-21,2025-11-23,Completed,2
ENG-00908,Sprint 2,2025-12-21,2025-12-23,Completed,2
ENG-00908,Sprint 3,2026-01-21,2026-01-27,Delayed,6
ENG-00908,Sprint 4,2026-02-21,2026-03-03,Delayed,10
ENG-00909,Sprint 1,2025-04-21,2025-04-25,Delayed,4
ENG-00909,Sprint 2,2025-05-21,2025-05-28,Delayed,7
ENG-00909,Sprint 3,2025-06-21,2025-06-25,Delayed,4
ENG-00909,Sprint 4,2025-07-21,2025-07-28,Delayed,7
ENG-00909,Sprint 5,2025-08-21,2025-08-27,Delayed,6
ENG-00910,Sprint 1,2026-08-21,2026-08-26,Delayed,5
ENG-00911,Sprint 1,2025-03-21,2025-03-23,Completed,2
ENG-00911,Sprint 2,2025-04-21,2025-04-21,Completed,0
ENG-00911,Sprint 3,2025-05-21,2025-05-24,Completed,3
ENG-00911,Sprint 4,2025-06-21,2025-06-26,Delayed,5
ENG-00911,Sprint 5,2025-07-21,2025-07-28,Delayed,7
ENG-00911,Sprint 6,2025-08-21,2025-08-23,Completed,2
ENG-00911,Sprint 7,2025-09-21,2025-09-25,Delayed,4
ENG-00912,Sprint 1,2025-12-21,2025-12-21,Completed,0
ENG-00912,Sprint 2,2026-01-21,2026-01-21,Completed,0
ENG-00912,Sprint 3,2026-02-21,2026-02-21,Completed,0
ENG-00912,Sprint 4,2026-03-21,2026-03-26,Delayed,5
ENG-00912,Sprint 5,2026-04-21,2026-04-27,Delayed,6
ENG-00912,Sprint 6,2026-05-21,2026-05-25,Delayed,4
ENG-00912,Sprint 7,2026-06-21,2026-06-22,Completed,1
ENG-00912,Sprint 8,2026-07-21,2026-07-21,Completed,0
ENG-00912,Sprint 9,2026-08-21,2026-08-21,Completed,0
ENG-00913,Sprint 1,2024-11-21,2024-11-21,Completed,0
ENG-00913,Sprint 2,2024-12-21,2024-12-28,Delayed,7
ENG-00913,Sprint 3,2025-01-21,2025-01-23,Completed,2
ENG-00913,Sprint 4,2025-02-21,2025-02-24,Completed,3
ENG-00913,Sprint 5,2025-03-21,2025-03-21,Completed,0
ENG-00913,Sprint 6,2025-04-21,2025-04-27,Delayed,6
ENG-00913,Sprint 7,2025-05-21,2025-05-22,Completed,1
ENG-00913,Sprint 8,2025-06-21,2025-06-21,Completed,0
ENG-00913,Sprint 9,2025-07-21,2025-07-25,Delayed,4
ENG-00913,Sprint 10,2025-08-21,2025-08-23,Completed,2
ENG-00913,Sprint 11,2025-09-21,2025-09-21,Completed,0
ENG-00914,Sprint 1,2026-05-21,2026-05-26,Delayed,5
ENG-00914,Sprint 2,2026-06-21,2026-06-24,Completed,3
ENG-00914,Sprint 3,2026-07-21,2026-07-24,Completed,3
ENG-00914,Sprint 4,2026-08-21,2026-08-28,Delayed,7
ENG-00915,Sprint 1,2024-10-21,2024-10-23,Completed,2
ENG-00915,Sprint 2,2024-11-21,2024-11-21,Completed,0
ENG-00915,Sprint 3,2024-12-21,2024-12-21,Completed,0
ENG-00915,Sprint 4,2025-01-21,2025-01-23,Completed,2
ENG-00915,Sprint 5,2025-02-21,2025-02-22,Completed,1
ENG-00915,Sprint 6,2025-03-21,2025-03-21,Completed,0
ENG-00915,Sprint 7,2025-04-21,2025-04-22,Completed,1
ENG-00915,Sprint 8,2025-05-21,2025-05-21,Completed,0
ENG-00916,Sprint 1,2025-07-21,2025-07-21,Completed,0
ENG-00916,Sprint 2,2025-08-21,2025-08-21,Completed,0
ENG-00916,Sprint 3,2025-09-21,2025-09-25,Delayed,4
ENG-00916,Sprint 4,2025-10-21,2025-10-21,Completed,0
ENG-00916,Sprint 5,2025-11-21,2025-11-21,Completed,0
ENG-00916,Sprint 6,2025-12-21,2025-12-21,Completed,0
ENG-00916,Sprint 7,2026-01-21,2026-01-21,Completed,0
ENG-00916,Sprint 8,2026-02-21,2026-02-21,Completed,0
ENG-00916,Sprint 9,2026-03-21,2026-03-21,Completed,0
ENG-00916,Sprint 10,2026-04-21,2026-04-21,Completed,0
ENG-00917,Sprint 1,2025-08-21,2025-08-24,Completed,3
ENG-00917,Sprint 2,2025-09-21,2025-09-21,Completed,0
ENG-00917,Sprint 3,2025-10-21,2025-10-21,Completed,0
ENG-00917,Sprint 4,2025-11-21,2025-11-21,Completed,0
ENG-00917,Sprint 5,2025-12-21,2025-12-23,Completed,2
ENG-00917,Sprint 6,2026-01-21,2026-01-22,Completed,1
ENG-00917,Sprint 7,2026-02-21,2026-02-22,Completed,1
ENG-00917,Sprint 8,2026-03-21,2026-03-29,Delayed,8
ENG-00917,Sprint 9,2026-04-21,2026-04-24,Completed,3
ENG-00918,Sprint 1,2025-11-21,2025-11-24,Completed,3
ENG-00918,Sprint 2,2025-12-21,2025-12-27,Delayed,6
ENG-00918,Sprint 3,2026-01-21,2026-01-21,Completed,0
ENG-00918,Sprint 4,2026-02-21,2026-02-23,Completed,2
ENG-00918,Sprint 5,2026-03-21,2026-03-31,Delayed,10
ENG-00918,Sprint 6,2026-04-21,2026-04-21,Completed,0
ENG-00918,Sprint 7,2026-05-21,2026-05-27,Delayed,6
ENG-00918,Sprint 8,2026-06-21,2026-06-23,Completed,2
ENG-00918,Sprint 9,2026-07-21,2026-07-28,Delayed,7
ENG-00918,Sprint 10,2026-08-21,2026-08-27,Delayed,6
ENG-00919,Sprint 1,2026-06-21,2026-06-23,Completed,2
ENG-00919,Sprint 2,2026-07-21,2026-07-22,Completed,1
ENG-00919,Sprint 3,2026-08-21,2026-08-23,Completed,2
ENG-00920,Sprint 1,2024-07-21,2024-07-21,Completed,0
ENG-00920,Sprint 2,2024-08-21,2024-08-25,Delayed,4
ENG-00920,Sprint 3,2024-09-21,2024-09-23,Completed,2
ENG-00920,Sprint 4,2024-10-21,2024-10-24,Completed,3
ENG-00920,Sprint 5,2024-11-21,2024-11-24,Completed,3
ENG-00920,Sprint 6,2024-12-21,2024-12-25,Delayed,4
ENG-00920,Sprint 7,2025-01-21,2025-01-21,Completed,0
ENG-00920,Sprint 8,2025-02-21,2025-02-21,Completed,0
ENG-00920,Sprint 9,2025-03-21,2025-03-22,Completed,1
ENG-00920,Sprint 10,2025-04-21,2025-04-26,Delayed,5
ENG-00920,Sprint 11,2025-05-21,2025-05-21,Completed,0
ENG-00921,Sprint 1,2025-12-21,2025-12-25,Delayed,4
ENG-00921,Sprint 2,2026-01-21,2026-01-25,Delayed,4
ENG-00921,Sprint 3,2026-02-21,2026-02-27,Delayed,6
ENG-00921,Sprint 4,2026-03-21,2026-03-21,Completed,0
ENG-00921,Sprint 5,2026-04-21,2026-04-21,Completed,0
ENG-00921,Sprint 6,2026-05-21,2026-05-21,Completed,0
ENG-00921,Sprint 7,2026-06-21,2026-06-29,Delayed,8
ENG-00921,Sprint 8,2026-07-21,2026-07-21,Completed,0
ENG-00921,Sprint 9,2026-08-21,2026-08-24,Completed,3
ENG-00922,Sprint 1,2026-02-21,2026-02-25,Delayed,4
ENG-00922,Sprint 2,2026-03-21,2026-03-26,Delayed,5
ENG-00922,Sprint 3,2026-04-21,2026-04-22,Completed,1
ENG-00922,Sprint 4,2026-05-21,2026-05-27,Delayed,6
ENG-00922,Sprint 5,2026-06-21,2026-06-21,Completed,0
ENG-00922,Sprint 6,2026-07-21,2026-07-22,Completed,1
ENG-00922,Sprint 7,2026-08-21,2026-08-21,Completed,0
ENG-00923,Sprint 1,2025-07-21,2025-07-22,Completed,1
ENG-00923,Sprint 2,2025-08-21,2025-08-21,Completed,0
ENG-00923,Sprint 3,2025-09-21,2025-09-21,Completed,0
ENG-00923,Sprint 4,2025-10-21,2025-10-21,Completed,0
ENG-00923,Sprint 5,2025-11-21,2025-11-24,Completed,3
ENG-00923,Sprint 6,2025-12-21,2025-12-24,Completed,3
ENG-00923,Sprint 7,2026-01-21,2026-01-21,Completed,0
ENG-00923,Sprint 8,2026-02-21,2026-02-24,Completed,3
ENG-00924,Sprint 1,2026-08-21,2026-08-22,Completed,1
ENG-00925,Sprint 1,2024-02-21,2024-02-23,Completed,2
ENG-00925,Sprint 2,2024-03-21,2024-03-27,Delayed,6
ENG-00925,Sprint 3,2024-04-21,2024-04-25,Delayed,4
ENG-00925,Sprint 4,2024-05-21,2024-05-23,Completed,2
ENG-00925,Sprint 5,2024-06-21,2024-07-03,Delayed,12
ENG-00926,Sprint 1,2024-05-21,2024-05-24,Completed,3
ENG-00926,Sprint 2,2024-06-21,2024-06-28,Delayed,7
ENG-00926,Sprint 3,2024-07-21,2024-07-27,Delayed,6
ENG-00926,Sprint 4,2024-08-21,2024-08-22,Completed,1
ENG-00927,Sprint 1,2024-11-21,2024-11-27,Delayed,6
ENG-00927,Sprint 2,2024-12-21,2024-12-24,Completed,3
ENG-00927,Sprint 3,2025-01-21,2025-01-21,Completed,0
ENG-00927,Sprint 4,2025-02-21,2025-02-23,Completed,2
ENG-00927,Sprint 5,2025-03-21,2025-03-21,Completed,0
ENG-00927,Sprint 6,2025-04-21,2025-04-23,Completed,2
ENG-00927,Sprint 7,2025-05-21,2025-06-02,Delayed,12
ENG-00928,Sprint 1,2025-06-21,2025-06-28,Delayed,7
ENG-00928,Sprint 2,2025-07-21,2025-07-26,Delayed,5
ENG-00928,Sprint 3,2025-08-21,2025-08-25,Delayed,4
ENG-00928,Sprint 4,2025-09-21,2025-09-30,Delayed,9
ENG-00929,Sprint 1,2026-02-21,2026-02-28,Delayed,7
ENG-00929,Sprint 2,2026-03-21,2026-03-23,Completed,2
ENG-00929,Sprint 3,2026-04-21,2026-04-28,Delayed,7
ENG-00929,Sprint 4,2026-05-21,2026-05-24,Completed,3
ENG-00929,Sprint 5,2026-06-21,2026-06-23,Completed,2
ENG-00929,Sprint 6,2026-07-21,2026-07-24,Completed,3
ENG-00929,Sprint 7,2026-08-21,2026-08-29,Delayed,8
ENG-00930,Sprint 1,2025-08-21,2025-08-26,Delayed,5
ENG-00930,Sprint 2,2025-09-21,2025-09-23,Completed,2
ENG-00930,Sprint 3,2025-10-21,2025-10-22,Completed,1
ENG-00930,Sprint 4,2025-11-21,2025-11-26,Delayed,5
ENG-00930,Sprint 5,2025-12-21,2025-12-25,Delayed,4
ENG-00930,Sprint 6,2026-01-21,2026-01-26,Delayed,5
ENG-00930,Sprint 7,2026-02-21,2026-02-21,Completed,0
ENG-00930,Sprint 8,2026-03-21,2026-03-21,Completed,0
ENG-00930,Sprint 9,2026-04-21,2026-04-21,Completed,0
ENG-00931,Sprint 1,2025-11-21,2025-11-21,Completed,0
ENG-00931,Sprint 2,2025-12-21,2025-12-23,Completed,2
ENG-00931,Sprint 3,2026-01-21,2026-01-21,Completed,0
ENG-00931,Sprint 4,2026-02-21,2026-02-28,Delayed,7
ENG-00931,Sprint 5,2026-03-21,2026-03-27,Delayed,6
ENG-00931,Sprint 6,2026-04-21,2026-04-29,Delayed,8
ENG-00932,Sprint 1,2024-04-21,2024-04-24,Completed,3
ENG-00932,Sprint 2,2024-05-21,2024-05-22,Completed,1
ENG-00932,Sprint 3,2024-06-21,2024-06-21,Completed,0
ENG-00932,Sprint 4,2024-07-21,2024-07-23,Completed,2
ENG-00932,Sprint 5,2024-08-21,2024-08-21,Completed,0
ENG-00932,Sprint 6,2024-09-21,2024-10-02,Delayed,11
ENG-00932,Sprint 7,2024-10-21,2024-10-25,Delayed,4
ENG-00933,Sprint 1,2025-07-21,2025-07-21,Completed,0
ENG-00933,Sprint 2,2025-08-21,2025-08-21,Completed,0
ENG-00933,Sprint 3,2025-09-21,2025-09-21,Completed,0
ENG-00933,Sprint 4,2025-10-21,2025-10-23,Completed,2
ENG-00933,Sprint 5,2025-11-21,2025-11-22,Completed,1
ENG-00933,Sprint 6,2025-12-21,2025-12-21,Completed,0
ENG-00933,Sprint 7,2026-01-21,2026-01-21,Completed,0
ENG-00933,Sprint 8,2026-02-21,2026-02-21,Completed,0
ENG-00933,Sprint 9,2026-03-21,2026-03-21,Completed,0
ENG-00933,Sprint 10,2026-04-21,2026-04-21,Completed,0
ENG-00933,Sprint 11,2026-05-21,2026-05-21,Completed,0
ENG-00933,Sprint 12,2026-06-21,2026-06-24,Completed,3
ENG-00934,Sprint 1,2025-03-21,2025-03-24,Completed,3
ENG-00934,Sprint 2,2025-04-21,2025-04-21,Completed,0
ENG-00934,Sprint 3,2025-05-21,2025-05-26,Delayed,5
ENG-00934,Sprint 4,2025-06-21,2025-06-21,Completed,0
ENG-00934,Sprint 5,2025-07-21,2025-07-21,Completed,0
ENG-00934,Sprint 6,2025-08-21,2025-08-26,Delayed,5
ENG-00934,Sprint 7,2025-09-21,2025-09-21,Completed,0
ENG-00934,Sprint 8,2025-10-21,2025-10-25,Delayed,4
ENG-00934,Sprint 9,2025-11-21,2025-11-21,Completed,0
ENG-00934,Sprint 10,2025-12-21,2025-12-25,Delayed,4
ENG-00935,Sprint 1,2025-08-21,2025-08-21,Completed,0
ENG-00935,Sprint 2,2025-09-21,2025-09-21,Completed,0
ENG-00935,Sprint 3,2025-10-21,2025-10-21,Completed,0
ENG-00935,Sprint 4,2025-11-21,2025-11-23,Completed,2
ENG-00935,Sprint 5,2025-12-21,2025-12-21,Completed,0
ENG-00935,Sprint 6,2026-01-21,2026-01-24,Completed,3
ENG-00935,Sprint 7,2026-02-21,2026-02-21,Completed,0
ENG-00936,Sprint 1,2024-04-21,2024-04-21,Completed,0
ENG-00936,Sprint 2,2024-05-21,2024-05-24,Completed,3
ENG-00936,Sprint 3,2024-06-21,2024-06-26,Delayed,5
ENG-00936,Sprint 4,2024-07-21,2024-07-23,Completed,2
ENG-00936,Sprint 5,2024-08-21,2024-08-25,Delayed,4
ENG-00936,Sprint 6,2024-09-21,2024-09-30,Delayed,9
ENG-00937,Sprint 1,2024-01-21,2024-01-22,Completed,1
ENG-00937,Sprint 2,2024-02-21,2024-02-25,Delayed,4
ENG-00937,Sprint 3,2024-03-21,2024-04-03,Delayed,13
ENG-00937,Sprint 4,2024-04-21,2024-04-24,Completed,3
ENG-00937,Sprint 5,2024-05-21,2024-05-31,Delayed,10
ENG-00938,Sprint 1,2025-11-21,2025-11-22,Completed,1
ENG-00938,Sprint 2,2025-12-21,2025-12-26,Delayed,5
ENG-00938,Sprint 3,2026-01-21,2026-01-21,Completed,0
ENG-00938,Sprint 4,2026-02-21,2026-02-25,Delayed,4
ENG-00938,Sprint 5,2026-03-21,2026-03-21,Completed,0
ENG-00938,Sprint 6,2026-04-21,2026-04-23,Completed,2
ENG-00938,Sprint 7,2026-05-21,2026-05-26,Delayed,5
ENG-00939,Sprint 1,2025-10-21,2025-10-29,Delayed,8
ENG-00939,Sprint 2,2025-11-21,2025-11-28,Delayed,7
ENG-00939,Sprint 3,2025-12-21,2025-12-24,Completed,3
ENG-00939,Sprint 4,2026-01-21,2026-01-27,Delayed,6
ENG-00939,Sprint 5,2026-02-21,2026-02-26,Delayed,5
ENG-00939,Sprint 6,2026-03-21,2026-03-28,Delayed,7
ENG-00939,Sprint 7,2026-04-21,2026-04-27,Delayed,6
ENG-00939,Sprint 8,2026-05-21,2026-05-29,Delayed,8
ENG-00939,Sprint 9,2026-06-21,2026-07-02,Delayed,11
ENG-00940,Sprint 1,2026-06-21,2026-06-27,Delayed,6
ENG-00940,Sprint 2,2026-07-21,2026-07-24,Completed,3
ENG-00940,Sprint 3,2026-08-21,2026-08-21,Completed,0
ENG-00941,Sprint 1,2025-04-21,2025-04-21,Completed,0
ENG-00941,Sprint 2,2025-05-21,2025-05-24,Completed,3
ENG-00941,Sprint 3,2025-06-21,2025-06-21,Completed,0
ENG-00941,Sprint 4,2025-07-21,2025-07-22,Completed,1
ENG-00941,Sprint 5,2025-08-21,2025-08-25,Delayed,4
ENG-00941,Sprint 6,2025-09-21,2025-09-21,Completed,0
ENG-00941,Sprint 7,2025-10-21,2025-10-21,Completed,0
ENG-00941,Sprint 8,2025-11-21,2025-11-23,Completed,2
ENG-00941,Sprint 9,2025-12-21,2025-12-21,Completed,0
ENG-00941,Sprint 10,2026-01-21,2026-01-25,Delayed,4
ENG-00941,Sprint 11,2026-02-21,2026-02-22,Completed,1
ENG-00941,Sprint 12,2026-03-21,2026-03-27,Delayed,6
ENG-00942,Sprint 1,2024-03-21,2024-03-25,Delayed,4
ENG-00942,Sprint 2,2024-04-21,2024-04-22,Completed,1
ENG-00942,Sprint 3,2024-05-21,2024-05-21,Completed,0
ENG-00942,Sprint 4,2024-06-21,2024-06-21,Completed,0
ENG-00942,Sprint 5,2024-07-21,2024-07-27,Delayed,6
ENG-00942,Sprint 6,2024-08-21,2024-08-24,Completed,3
ENG-00942,Sprint 7,2024-09-21,2024-09-21,Completed,0
ENG-00943,Sprint 1,2024-09-21,2024-09-21,Completed,0
ENG-00943,Sprint 2,2024-10-21,2024-10-25,Delayed,4
ENG-00943,Sprint 3,2024-11-21,2024-11-27,Delayed,6
ENG-00943,Sprint 4,2024-12-21,2024-12-31,Delayed,10
ENG-00944,Sprint 1,2024-01-21,2024-01-21,Completed,0
ENG-00944,Sprint 2,2024-02-21,2024-02-22,Completed,1
ENG-00944,Sprint 3,2024-03-21,2024-03-21,Completed,0
ENG-00944,Sprint 4,2024-04-21,2024-04-21,Completed,0
ENG-00944,Sprint 5,2024-05-21,2024-05-27,Delayed,6
ENG-00944,Sprint 6,2024-06-21,2024-06-21,Completed,0
ENG-00944,Sprint 7,2024-07-21,2024-07-24,Completed,3
ENG-00944,Sprint 8,2024-08-21,2024-08-21,Completed,0
ENG-00944,Sprint 9,2024-09-21,2024-09-25,Delayed,4
ENG-00944,Sprint 10,2024-10-21,2024-10-22,Completed,1
ENG-00944,Sprint 11,2024-11-21,2024-11-28,Delayed,7
ENG-00944,Sprint 12,2024-12-21,2024-12-22,Completed,1
ENG-00945,Sprint 1,2025-08-21,2025-08-21,Completed,0
ENG-00945,Sprint 2,2025-09-21,2025-09-24,Completed,3
ENG-00945,Sprint 3,2025-10-21,2025-10-21,Completed,0
ENG-00945,Sprint 4,2025-11-21,2025-11-23,Completed,2
ENG-00945,Sprint 5,2025-12-21,2025-12-21,Completed,0
ENG-00945,Sprint 6,2026-01-21,2026-01-21,Completed,0
ENG-00945,Sprint 7,2026-02-21,2026-02-21,Completed,0
ENG-00945,Sprint 8,2026-03-21,2026-03-23,Completed,2
ENG-00945,Sprint 9,2026-04-21,2026-04-24,Completed,3
ENG-00945,Sprint 10,2026-05-21,2026-05-21,Completed,0
ENG-00946,Sprint 1,2024-03-21,2024-03-21,Completed,0
ENG-00946,Sprint 2,2024-04-21,2024-04-21,Completed,0
ENG-00946,Sprint 3,2024-05-21,2024-05-28,Delayed,7
ENG-00946,Sprint 4,2024-06-21,2024-06-25,Delayed,4
ENG-00946,Sprint 5,2024-07-21,2024-07-21,Completed,0
ENG-00946,Sprint 6,2024-08-21,2024-08-28,Delayed,7
ENG-00946,Sprint 7,2024-09-21,2024-09-21,Completed,0
ENG-00947,Sprint 1,2025-04-21,2025-04-22,Completed,1
ENG-00947,Sprint 2,2025-05-21,2025-05-21,Completed,0
ENG-00947,Sprint 3,2025-06-21,2025-06-25,Delayed,4
ENG-00947,Sprint 4,2025-07-21,2025-07-24,Completed,3
ENG-00947,Sprint 5,2025-08-21,2025-08-27,Delayed,6
ENG-00947,Sprint 6,2025-09-21,2025-09-21,Completed,0
ENG-00947,Sprint 7,2025-10-21,2025-10-25,Delayed,4
ENG-00947,Sprint 8,2025-11-21,2025-11-30,Delayed,9
ENG-00948,Sprint 1,2024-01-21,2024-01-25,Delayed,4
ENG-00948,Sprint 2,2024-02-21,2024-02-28,Delayed,7
ENG-00948,Sprint 3,2024-03-21,2024-03-28,Delayed,7
ENG-00948,Sprint 4,2024-04-21,2024-04-24,Completed,3
ENG-00948,Sprint 5,2024-05-21,2024-05-22,Completed,1
ENG-00948,Sprint 6,2024-06-21,2024-06-21,Completed,0
ENG-00948,Sprint 7,2024-07-21,2024-07-25,Delayed,4
ENG-00948,Sprint 8,2024-08-21,2024-08-25,Delayed,4
ENG-00948,Sprint 9,2024-09-21,2024-09-25,Delayed,4
ENG-00948,Sprint 10,2024-10-21,2024-10-23,Completed,2
ENG-00948,Sprint 11,2024-11-21,2024-11-24,Completed,3
ENG-00948,Sprint 12,2024-12-21,2024-12-23,Completed,2
ENG-00949,Sprint 1,2025-03-21,2025-03-24,Completed,3
ENG-00949,Sprint 2,2025-04-21,2025-04-22,Completed,1
ENG-00949,Sprint 3,2025-05-21,2025-05-22,Completed,1
ENG-00949,Sprint 4,2025-06-21,2025-06-21,Completed,0
ENG-00949,Sprint 5,2025-07-21,2025-07-21,Completed,0
ENG-00949,Sprint 6,2025-08-21,2025-08-21,Completed,0
ENG-00949,Sprint 7,2025-09-21,2025-09-21,Completed,0
ENG-00950,Sprint 1,2026-04-21,2026-04-25,Delayed,4
ENG-00950,Sprint 2,2026-05-21,2026-05-21,Completed,0
ENG-00950,Sprint 3,2026-06-21,2026-06-21,Completed,0
ENG-00950,Sprint 4,2026-07-21,2026-07-22,Completed,1
ENG-00950,Sprint 5,2026-08-21,2026-08-23,Completed,2
ENG-00951,Sprint 1,2024-10-21,2024-10-24,Completed,3
ENG-00951,Sprint 2,2024-11-21,2024-11-24,Completed,3
ENG-00951,Sprint 3,2024-12-21,2024-12-25,Delayed,4
ENG-00951,Sprint 4,2025-01-21,2025-01-26,Delayed,5
ENG-00951,Sprint 5,2025-02-21,2025-02-25,Delayed,4
ENG-00951,Sprint 6,2025-03-21,2025-03-22,Completed,1
ENG-00951,Sprint 7,2025-04-21,2025-05-01,Delayed,10
ENG-00951,Sprint 8,2025-05-21,2025-05-21,Completed,0
ENG-00951,Sprint 9,2025-06-21,2025-06-22,Completed,1
ENG-00951,Sprint 10,2025-07-21,2025-07-27,Delayed,6
ENG-00951,Sprint 11,2025-08-21,2025-08-30,Delayed,9
ENG-00952,Sprint 1,2024-02-21,2024-02-21,Completed,0
ENG-00952,Sprint 2,2024-03-21,2024-03-23,Completed,2
ENG-00952,Sprint 3,2024-04-21,2024-04-22,Completed,1
ENG-00952,Sprint 4,2024-05-21,2024-05-21,Completed,0
ENG-00952,Sprint 5,2024-06-21,2024-06-21,Completed,0
ENG-00952,Sprint 6,2024-07-21,2024-07-21,Completed,0
ENG-00952,Sprint 7,2024-08-21,2024-08-23,Completed,2
ENG-00952,Sprint 8,2024-09-21,2024-09-22,Completed,1
ENG-00953,Sprint 1,2026-07-21,2026-07-23,Completed,2
ENG-00953,Sprint 2,2026-08-21,2026-08-23,Completed,2
ENG-00954,Sprint 1,2024-01-21,2024-01-22,Completed,1
ENG-00954,Sprint 2,2024-02-21,2024-02-22,Completed,1
ENG-00954,Sprint 3,2024-03-21,2024-03-21,Completed,0
ENG-00954,Sprint 4,2024-04-21,2024-04-21,Completed,0
ENG-00954,Sprint 5,2024-05-21,2024-05-27,Delayed,6
ENG-00954,Sprint 6,2024-06-21,2024-06-25,Delayed,4
ENG-00954,Sprint 7,2024-07-21,2024-07-24,Completed,3
ENG-00954,Sprint 8,2024-08-21,2024-08-28,Delayed,7
ENG-00954,Sprint 9,2024-09-21,2024-09-25,Delayed,4
ENG-00954,Sprint 10,2024-10-21,2024-10-22,Completed,1
ENG-00955,Sprint 1,2024-12-21,2024-12-28,Delayed,7
ENG-00955,Sprint 2,2025-01-21,2025-01-26,Delayed,5
ENG-00955,Sprint 3,2025-02-21,2025-02-25,Delayed,4
ENG-00955,Sprint 4,2025-03-21,2025-03-23,Completed,2
ENG-00955,Sprint 5,2025-04-21,2025-04-21,Completed,0
ENG-00955,Sprint 6,2025-05-21,2025-05-24,Completed,3
ENG-00955,Sprint 7,2025-06-21,2025-06-21,Completed,0
ENG-00955,Sprint 8,2025-07-21,2025-07-21,Completed,0
ENG-00955,Sprint 9,2025-08-21,2025-08-24,Completed,3
ENG-00955,Sprint 10,2025-09-21,2025-09-24,Completed,3
ENG-00955,Sprint 11,2025-10-21,2025-10-25,Delayed,4
ENG-00955,Sprint 12,2025-11-21,2025-11-23,Completed,2
ENG-00955,Sprint 13,2025-12-21,2025-12-21,Completed,0
ENG-00956,Sprint 1,2024-12-21,2024-12-26,Delayed,5
ENG-00956,Sprint 2,2025-01-21,2025-01-26,Delayed,5
ENG-00956,Sprint 3,2025-02-21,2025-02-23,Completed,2
ENG-00956,Sprint 4,2025-03-21,2025-03-25,Delayed,4
ENG-00956,Sprint 5,2025-04-21,2025-04-23,Completed,2
ENG-00956,Sprint 6,2025-05-21,2025-05-21,Completed,0
ENG-00956,Sprint 7,2025-06-21,2025-06-22,Completed,1
ENG-00956,Sprint 8,2025-07-21,2025-07-21,Completed,0
ENG-00956,Sprint 9,2025-08-21,2025-08-22,Completed,1
ENG-00956,Sprint 10,2025-09-21,2025-09-26,Delayed,5
ENG-00956,Sprint 11,2025-10-21,2025-10-25,Delayed,4
ENG-00956,Sprint 12,2025-11-21,2025-11-28,Delayed,7
ENG-00957,Sprint 1,2025-05-21,2025-05-21,Completed,0
ENG-00957,Sprint 2,2025-06-21,2025-06-21,Completed,0
ENG-00957,Sprint 3,2025-07-21,2025-07-22,Completed,1
ENG-00957,Sprint 4,2025-08-21,2025-08-23,Completed,2
ENG-00957,Sprint 5,2025-09-21,2025-09-29,Delayed,8
ENG-00958,Sprint 1,2024-12-21,2024-12-21,Completed,0
ENG-00958,Sprint 2,2025-01-21,2025-01-23,Completed,2
ENG-00958,Sprint 3,2025-02-21,2025-02-21,Completed,0
ENG-00958,Sprint 4,2025-03-21,2025-03-21,Completed,0
ENG-00958,Sprint 5,2025-04-21,2025-04-21,Completed,0
ENG-00958,Sprint 6,2025-05-21,2025-05-24,Completed,3
ENG-00958,Sprint 7,2025-06-21,2025-06-23,Completed,2
ENG-00958,Sprint 8,2025-07-21,2025-07-23,Completed,2
ENG-00959,Sprint 1,2025-09-21,2025-09-23,Completed,2
ENG-00959,Sprint 2,2025-10-21,2025-10-24,Completed,3
ENG-00959,Sprint 3,2025-11-21,2025-11-21,Completed,0
ENG-00959,Sprint 4,2025-12-21,2025-12-27,Delayed,6
ENG-00959,Sprint 5,2026-01-21,2026-01-26,Delayed,5
ENG-00959,Sprint 6,2026-02-21,2026-02-23,Completed,2
ENG-00959,Sprint 7,2026-03-21,2026-03-29,Delayed,8
ENG-00959,Sprint 8,2026-04-21,2026-04-28,Delayed,7
ENG-00959,Sprint 9,2026-05-21,2026-05-23,Completed,2
ENG-00959,Sprint 10,2026-06-21,2026-06-23,Completed,2
ENG-00959,Sprint 11,2026-07-21,2026-07-29,Delayed,8
ENG-00959,Sprint 12,2026-08-21,2026-08-27,Delayed,6
ENG-00960,Sprint 1,2025-01-21,2025-01-24,Completed,3
ENG-00960,Sprint 2,2025-02-21,2025-02-21,Completed,0
ENG-00960,Sprint 3,2025-03-21,2025-03-26,Delayed,5
ENG-00960,Sprint 4,2025-04-21,2025-04-21,Completed,0
ENG-00960,Sprint 5,2025-05-21,2025-05-23,Completed,2
ENG-00960,Sprint 6,2025-06-21,2025-06-21,Completed,0
ENG-00960,Sprint 7,2025-07-21,2025-07-21,Completed,0
ENG-00960,Sprint 8,2025-08-21,2025-08-26,Delayed,5
ENG-00960,Sprint 9,2025-09-21,2025-09-24,Completed,3
ENG-00960,Sprint 10,2025-10-21,2025-10-25,Delayed,4
ENG-00961,Sprint 1,2024-01-21,2024-01-24,Completed,3
ENG-00961,Sprint 2,2024-02-21,2024-02-24,Completed,3
ENG-00961,Sprint 3,2024-03-21,2024-03-25,Delayed,4
ENG-00961,Sprint 4,2024-04-21,2024-04-21,Completed,0
ENG-00961,Sprint 5,2024-05-21,2024-05-21,Completed,0
ENG-00961,Sprint 6,2024-06-21,2024-06-24,Completed,3
ENG-00961,Sprint 7,2024-07-21,2024-07-22,Completed,1
ENG-00961,Sprint 8,2024-08-21,2024-08-23,Completed,2
ENG-00962,Sprint 1,2025-07-21,2025-07-25,Delayed,4
ENG-00962,Sprint 2,2025-08-21,2025-08-25,Delayed,4
ENG-00962,Sprint 3,2025-09-21,2025-09-26,Delayed,5
ENG-00962,Sprint 4,2025-10-21,2025-10-27,Delayed,6
ENG-00962,Sprint 5,2025-11-21,2025-11-25,Delayed,4
ENG-00962,Sprint 6,2025-12-21,2025-12-25,Delayed,4
ENG-00962,Sprint 7,2026-01-21,2026-01-21,Completed,0
ENG-00962,Sprint 8,2026-02-21,2026-02-28,Delayed,7
ENG-00962,Sprint 9,2026-03-21,2026-03-21,Completed,0
ENG-00962,Sprint 10,2026-04-21,2026-05-06,Delayed,15
ENG-00962,Sprint 11,2026-05-21,2026-05-29,Delayed,8
ENG-00962,Sprint 12,2026-06-21,2026-06-23,Completed,2
ENG-00963,Sprint 1,2026-07-21,2026-07-24,Completed,3
ENG-00963,Sprint 2,2026-08-21,2026-08-22,Completed,1
ENG-00964,Sprint 1,2025-03-21,2025-03-21,Completed,0
ENG-00964,Sprint 2,2025-04-21,2025-04-21,Completed,0
ENG-00964,Sprint 3,2025-05-21,2025-05-23,Completed,2
ENG-00964,Sprint 4,2025-06-21,2025-06-24,Completed,3
ENG-00964,Sprint 5,2025-07-21,2025-07-27,Delayed,6
ENG-00964,Sprint 6,2025-08-21,2025-08-25,Delayed,4
ENG-00965,Sprint 1,2024-04-21,2024-04-22,Completed,1
ENG-00965,Sprint 2,2024-05-21,2024-05-21,Completed,0
ENG-00965,Sprint 3,2024-06-21,2024-06-28,Delayed,7
ENG-00965,Sprint 4,2024-07-21,2024-07-25,Delayed,4
ENG-00965,Sprint 5,2024-08-21,2024-08-21,Completed,0
ENG-00965,Sprint 6,2024-09-21,2024-09-23,Completed,2
ENG-00965,Sprint 7,2024-10-21,2024-10-22,Completed,1
ENG-00965,Sprint 8,2024-11-21,2024-11-24,Completed,3
ENG-00965,Sprint 9,2024-12-21,2024-12-21,Completed,0
ENG-00965,Sprint 10,2025-01-21,2025-01-23,Completed,2
ENG-00965,Sprint 11,2025-02-21,2025-02-24,Completed,3
ENG-00965,Sprint 12,2025-03-21,2025-03-24,Completed,3
ENG-00966,Sprint 1,2024-05-21,2024-05-23,Completed,2
ENG-00966,Sprint 2,2024-06-21,2024-06-25,Delayed,4
ENG-00966,Sprint 3,2024-07-21,2024-07-23,Completed,2
ENG-00966,Sprint 4,2024-08-21,2024-08-24,Completed,3
ENG-00966,Sprint 5,2024-09-21,2024-09-22,Completed,1
ENG-00966,Sprint 6,2024-10-21,2024-10-30,Delayed,9
ENG-00966,Sprint 7,2024-11-21,2024-11-27,Delayed,6
ENG-00967,Sprint 1,2024-10-21,2024-10-21,Completed,0
ENG-00967,Sprint 2,2024-11-21,2024-11-25,Delayed,4
ENG-00967,Sprint 3,2024-12-21,2024-12-22,Completed,1
ENG-00967,Sprint 4,2025-01-21,2025-01-23,Completed,2
ENG-00967,Sprint 5,2025-02-21,2025-02-23,Completed,2
ENG-00967,Sprint 6,2025-03-21,2025-03-25,Delayed,4
ENG-00967,Sprint 7,2025-04-21,2025-04-21,Completed,0
ENG-00967,Sprint 8,2025-05-21,2025-05-21,Completed,0
ENG-00968,Sprint 1,2024-04-21,2024-04-21,Completed,0
ENG-00968,Sprint 2,2024-05-21,2024-05-22,Completed,1
ENG-00968,Sprint 3,2024-06-21,2024-06-21,Completed,0
ENG-00968,Sprint 4,2024-07-21,2024-07-23,Completed,2
ENG-00968,Sprint 5,2024-08-21,2024-08-25,Delayed,4
ENG-00968,Sprint 6,2024-09-21,2024-09-21,Completed,0
ENG-00968,Sprint 7,2024-10-21,2024-10-23,Completed,2
ENG-00968,Sprint 8,2024-11-21,2024-11-21,Completed,0
ENG-00968,Sprint 9,2024-12-21,2024-12-22,Completed,1
ENG-00968,Sprint 10,2025-01-21,2025-01-27,Delayed,6
ENG-00968,Sprint 11,2025-02-21,2025-02-22,Completed,1
ENG-00969,Sprint 1,2025-08-21,2025-08-28,Delayed,7
ENG-00969,Sprint 2,2025-09-21,2025-09-26,Delayed,5
ENG-00969,Sprint 3,2025-10-21,2025-10-24,Completed,3
ENG-00969,Sprint 4,2025-11-21,2025-11-21,Completed,0
ENG-00969,Sprint 5,2025-12-21,2025-12-25,Delayed,4
ENG-00969,Sprint 6,2026-01-21,2026-01-21,Completed,0
ENG-00969,Sprint 7,2026-02-21,2026-02-21,Completed,0
ENG-00969,Sprint 8,2026-03-21,2026-03-26,Delayed,5
ENG-00969,Sprint 9,2026-04-21,2026-04-21,Completed,0
ENG-00969,Sprint 10,2026-05-21,2026-05-22,Completed,1
ENG-00969,Sprint 11,2026-06-21,2026-06-30,Delayed,9
ENG-00969,Sprint 12,2026-07-21,2026-07-23,Completed,2
ENG-00970,Sprint 1,2025-05-21,2025-05-21,Completed,0
ENG-00970,Sprint 2,2025-06-21,2025-06-24,Completed,3
ENG-00970,Sprint 3,2025-07-21,2025-07-21,Completed,0
ENG-00970,Sprint 4,2025-08-21,2025-08-24,Completed,3
ENG-00970,Sprint 5,2025-09-21,2025-09-26,Delayed,5
ENG-00971,Sprint 1,2024-07-21,2024-07-21,Completed,0
ENG-00971,Sprint 2,2024-08-21,2024-08-21,Completed,0
ENG-00971,Sprint 3,2024-09-21,2024-09-21,Completed,0
ENG-00971,Sprint 4,2024-10-21,2024-10-25,Delayed,4
ENG-00971,Sprint 5,2024-11-21,2024-11-22,Completed,1
ENG-00971,Sprint 6,2024-12-21,2024-12-22,Completed,1
ENG-00971,Sprint 7,2025-01-21,2025-01-24,Completed,3
ENG-00971,Sprint 8,2025-02-21,2025-02-21,Completed,0
ENG-00971,Sprint 9,2025-03-21,2025-03-21,Completed,0
ENG-00971,Sprint 10,2025-04-21,2025-04-27,Delayed,6
ENG-00971,Sprint 11,2025-05-21,2025-05-23,Completed,2
ENG-00972,Sprint 1,2024-03-21,2024-03-26,Delayed,5
ENG-00972,Sprint 2,2024-04-21,2024-04-22,Completed,1
ENG-00972,Sprint 3,2024-05-21,2024-05-23,Completed,2
ENG-00972,Sprint 4,2024-06-21,2024-06-21,Completed,0
ENG-00972,Sprint 5,2024-07-21,2024-07-25,Delayed,4
ENG-00972,Sprint 6,2024-08-21,2024-08-21,Completed,0
ENG-00972,Sprint 7,2024-09-21,2024-09-25,Delayed,4
ENG-00972,Sprint 8,2024-10-21,2024-10-24,Completed,3
ENG-00972,Sprint 9,2024-11-21,2024-11-21,Completed,0
ENG-00973,Sprint 1,2026-06-21,2026-06-24,Completed,3
ENG-00973,Sprint 2,2026-07-21,2026-07-23,Completed,2
ENG-00973,Sprint 3,2026-08-21,2026-08-25,Delayed,4
ENG-00974,Sprint 1,2026-05-21,2026-05-21,Completed,0
ENG-00974,Sprint 2,2026-06-21,2026-06-24,Completed,3
ENG-00974,Sprint 3,2026-07-21,2026-07-22,Completed,1
ENG-00974,Sprint 4,2026-08-21,2026-08-22,Completed,1
ENG-00975,Sprint 1,2025-07-21,2025-07-21,Completed,0
ENG-00975,Sprint 2,2025-08-21,2025-08-21,Completed,0
ENG-00975,Sprint 3,2025-09-21,2025-09-23,Completed,2
ENG-00975,Sprint 4,2025-10-21,2025-10-21,Completed,0
ENG-00975,Sprint 5,2025-11-21,2025-11-21,Completed,0
ENG-00975,Sprint 6,2025-12-21,2025-12-21,Completed,0
ENG-00975,Sprint 7,2026-01-21,2026-01-21,Completed,0
ENG-00975,Sprint 8,2026-02-21,2026-02-21,Completed,0
ENG-00975,Sprint 9,2026-03-21,2026-03-22,Completed,1
ENG-00975,Sprint 10,2026-04-21,2026-04-21,Completed,0
ENG-00975,Sprint 11,2026-05-21,2026-05-25,Delayed,4
ENG-00975,Sprint 12,2026-06-21,2026-06-22,Completed,1
ENG-00976,Sprint 1,2024-03-21,2024-03-23,Completed,2
ENG-00976,Sprint 2,2024-04-21,2024-04-21,Completed,0
ENG-00976,Sprint 3,2024-05-21,2024-05-22,Completed,1
ENG-00976,Sprint 4,2024-06-21,2024-06-21,Completed,0
ENG-00976,Sprint 5,2024-07-21,2024-07-21,Completed,0
ENG-00976,Sprint 6,2024-08-21,2024-08-21,Completed,0
ENG-00976,Sprint 7,2024-09-21,2024-09-21,Completed,0
ENG-00976,Sprint 8,2024-10-21,2024-10-24,Completed,3
ENG-00976,Sprint 9,2024-11-21,2024-11-22,Completed,1
ENG-00977,Sprint 1,2024-10-21,2024-10-21,Completed,0
ENG-00977,Sprint 2,2024-11-21,2024-11-22,Completed,1
ENG-00977,Sprint 3,2024-12-21,2024-12-21,Completed,0
ENG-00977,Sprint 4,2025-01-21,2025-01-26,Delayed,5
ENG-00977,Sprint 5,2025-02-21,2025-02-21,Completed,0
ENG-00977,Sprint 6,2025-03-21,2025-03-28,Delayed,7
ENG-00977,Sprint 7,2025-04-21,2025-04-27,Delayed,6
ENG-00977,Sprint 8,2025-05-21,2025-05-21,Completed,0
ENG-00977,Sprint 9,2025-06-21,2025-06-25,Delayed,4
ENG-00978,Sprint 1,2024-03-21,2024-03-23,Completed,2
ENG-00978,Sprint 2,2024-04-21,2024-04-25,Delayed,4
ENG-00978,Sprint 3,2024-05-21,2024-05-23,Completed,2
ENG-00978,Sprint 4,2024-06-21,2024-06-23,Completed,2
ENG-00978,Sprint 5,2024-07-21,2024-07-21,Completed,0
ENG-00978,Sprint 6,2024-08-21,2024-08-23,Completed,2
ENG-00978,Sprint 7,2024-09-21,2024-09-26,Delayed,5
ENG-00978,Sprint 8,2024-10-21,2024-10-22,Completed,1
ENG-00978,Sprint 9,2024-11-21,2024-11-23,Completed,2
ENG-00978,Sprint 10,2024-12-21,2024-12-25,Delayed,4
ENG-00979,Sprint 1,2025-08-21,2025-08-25,Delayed,4
ENG-00979,Sprint 2,2025-09-21,2025-09-22,Completed,1
ENG-00979,Sprint 3,2025-10-21,2025-10-27,Delayed,6
ENG-00979,Sprint 4,2025-11-21,2025-11-22,Completed,1
ENG-00979,Sprint 5,2025-12-21,2025-12-25,Delayed,4
ENG-00979,Sprint 6,2026-01-21,2026-01-22,Completed,1
ENG-00979,Sprint 7,2026-02-21,2026-02-21,Completed,0
ENG-00979,Sprint 8,2026-03-21,2026-03-25,Delayed,4
ENG-00979,Sprint 9,2026-04-21,2026-04-21,Completed,0
ENG-00979,Sprint 10,2026-05-21,2026-05-24,Completed,3
ENG-00980,Sprint 1,2024-09-21,2024-09-28,Delayed,7
ENG-00980,Sprint 2,2024-10-21,2024-10-25,Delayed,4
ENG-00980,Sprint 3,2024-11-21,2024-11-23,Completed,2
ENG-00980,Sprint 4,2024-12-21,2024-12-25,Delayed,4
ENG-00980,Sprint 5,2025-01-21,2025-01-22,Completed,1
ENG-00980,Sprint 6,2025-02-21,2025-02-24,Completed,3
ENG-00980,Sprint 7,2025-03-21,2025-03-24,Completed,3
ENG-00980,Sprint 8,2025-04-21,2025-04-21,Completed,0
ENG-00980,Sprint 9,2025-05-21,2025-05-21,Completed,0
ENG-00980,Sprint 10,2025-06-21,2025-06-27,Delayed,6
ENG-00981,Sprint 1,2025-08-21,2025-08-25,Delayed,4
ENG-00981,Sprint 2,2025-09-21,2025-09-21,Completed,0
ENG-00981,Sprint 3,2025-10-21,2025-10-25,Delayed,4
ENG-00981,Sprint 4,2025-11-21,2025-11-21,Completed,0
ENG-00981,Sprint 5,2025-12-21,2025-12-26,Delayed,5
ENG-00981,Sprint 6,2026-01-21,2026-01-21,Completed,0
ENG-00981,Sprint 7,2026-02-21,2026-02-21,Completed,0
ENG-00982,Sprint 1,2026-01-21,2026-01-25,Delayed,4
ENG-00982,Sprint 2,2026-02-21,2026-02-24,Completed,3
ENG-00982,Sprint 3,2026-03-21,2026-03-31,Delayed,10
ENG-00982,Sprint 4,2026-04-21,2026-04-27,Delayed,6
ENG-00982,Sprint 5,2026-05-21,2026-06-03,Delayed,13
ENG-00982,Sprint 6,2026-06-21,2026-06-29,Delayed,8
ENG-00983,Sprint 1,2024-04-21,2024-04-29,Delayed,8
ENG-00983,Sprint 2,2024-05-21,2024-05-21,Completed,0
ENG-00983,Sprint 3,2024-06-21,2024-06-22,Completed,1
ENG-00983,Sprint 4,2024-07-21,2024-07-24,Completed,3
ENG-00983,Sprint 5,2024-08-21,2024-08-24,Completed,3
ENG-00983,Sprint 6,2024-09-21,2024-09-24,Completed,3
ENG-00983,Sprint 7,2024-10-21,2024-10-22,Completed,1
ENG-00983,Sprint 8,2024-11-21,2024-11-24,Completed,3
ENG-00983,Sprint 9,2024-12-21,2024-12-24,Completed,3
ENG-00983,Sprint 10,2025-01-21,2025-01-21,Completed,0
ENG-00984,Sprint 1,2024-12-21,2024-12-23,Completed,2
ENG-00984,Sprint 2,2025-01-21,2025-01-24,Completed,3
ENG-00984,Sprint 3,2025-02-21,2025-02-26,Delayed,5
ENG-00984,Sprint 4,2025-03-21,2025-03-21,Completed,0
ENG-00984,Sprint 5,2025-04-21,2025-04-25,Delayed,4
ENG-00984,Sprint 6,2025-05-21,2025-05-24,Completed,3
ENG-00984,Sprint 7,2025-06-21,2025-06-25,Delayed,4
ENG-00984,Sprint 8,2025-07-21,2025-07-21,Completed,0
ENG-00985,Sprint 1,2025-01-21,2025-01-24,Completed,3
ENG-00985,Sprint 2,2025-02-21,2025-02-22,Completed,1
ENG-00985,Sprint 3,2025-03-21,2025-03-21,Completed,0
ENG-00985,Sprint 4,2025-04-21,2025-04-21,Completed,0
ENG-00985,Sprint 5,2025-05-21,2025-05-27,Delayed,6
ENG-00985,Sprint 6,2025-06-21,2025-06-25,Delayed,4
ENG-00986,Sprint 1,2026-05-21,2026-05-25,Delayed,4
ENG-00986,Sprint 2,2026-06-21,2026-06-26,Delayed,5
ENG-00986,Sprint 3,2026-07-21,2026-07-27,Delayed,6
ENG-00986,Sprint 4,2026-08-21,2026-08-23,Completed,2
ENG-00987,Sprint 1,2026-02-21,2026-02-23,Completed,2
ENG-00987,Sprint 2,2026-03-21,2026-03-21,Completed,0
ENG-00987,Sprint 3,2026-04-21,2026-04-23,Completed,2
ENG-00987,Sprint 4,2026-05-21,2026-05-24,Completed,3
ENG-00987,Sprint 5,2026-06-21,2026-06-22,Completed,1
ENG-00987,Sprint 6,2026-07-21,2026-07-25,Delayed,4
ENG-00987,Sprint 7,2026-08-21,2026-08-21,Completed,0
ENG-00988,Sprint 1,2024-08-21,2024-08-21,Completed,0
ENG-00988,Sprint 2,2024-09-21,2024-09-21,Completed,0
ENG-00988,Sprint 3,2024-10-21,2024-10-25,Delayed,4
ENG-00988,Sprint 4,2024-11-21,2024-11-29,Delayed,8
ENG-00988,Sprint 5,2024-12-21,2024-12-31,Delayed,10
ENG-00988,Sprint 6,2025-01-21,2025-02-08,Delayed,18
ENG-00989,Sprint 1,2025-07-21,2025-07-21,Completed,0
ENG-00989,Sprint 2,2025-08-21,2025-08-26,Delayed,5
ENG-00989,Sprint 3,2025-09-21,2025-09-27,Delayed,6
ENG-00989,Sprint 4,2025-10-21,2025-10-22,Completed,1
ENG-00989,Sprint 5,2025-11-21,2025-11-26,Delayed,5
ENG-00989,Sprint 6,2025-12-21,2025-12-22,Completed,1
ENG-00989,Sprint 7,2026-01-21,2026-01-26,Delayed,5
ENG-00989,Sprint 8,2026-02-21,2026-02-25,Delayed,4
ENG-00989,Sprint 9,2026-03-21,2026-03-21,Completed,0
ENG-00989,Sprint 10,2026-04-21,2026-04-23,Completed,2
ENG-00989,Sprint 11,2026-05-21,2026-05-25,Delayed,4
ENG-00989,Sprint 12,2026-06-21,2026-06-26,Delayed,5
ENG-00990,Sprint 1,2025-09-21,2025-09-21,Completed,0
ENG-00990,Sprint 2,2025-10-21,2025-10-22,Completed,1
ENG-00990,Sprint 3,2025-11-21,2025-11-25,Delayed,4
ENG-00990,Sprint 4,2025-12-21,2025-12-23,Completed,2
ENG-00990,Sprint 5,2026-01-21,2026-01-25,Delayed,4
ENG-00990,Sprint 6,2026-02-21,2026-02-23,Completed,2
ENG-00990,Sprint 7,2026-03-21,2026-03-21,Completed,0
ENG-00990,Sprint 8,2026-04-21,2026-04-21,Completed,0
ENG-00990,Sprint 9,2026-05-21,2026-05-24,Completed,3
ENG-00990,Sprint 10,2026-06-21,2026-06-21,Completed,0
ENG-00991,Sprint 1,2026-01-21,2026-01-22,Completed,1
ENG-00991,Sprint 2,2026-02-21,2026-02-21,Completed,0
ENG-00991,Sprint 3,2026-03-21,2026-03-24,Completed,3
ENG-00991,Sprint 4,2026-04-21,2026-04-27,Delayed,6
ENG-00991,Sprint 5,2026-05-21,2026-05-28,Delayed,7
ENG-00992,Sprint 1,2025-11-21,2025-11-24,Completed,3
ENG-00992,Sprint 2,2025-12-21,2025-12-25,Delayed,4
ENG-00992,Sprint 3,2026-01-21,2026-01-23,Completed,2
ENG-00992,Sprint 4,2026-02-21,2026-02-24,Completed,3
ENG-00992,Sprint 5,2026-03-21,2026-03-22,Completed,1
ENG-00992,Sprint 6,2026-04-21,2026-04-25,Delayed,4
ENG-00992,Sprint 7,2026-05-21,2026-05-27,Delayed,6
ENG-00992,Sprint 8,2026-06-21,2026-06-21,Completed,0
ENG-00992,Sprint 9,2026-07-21,2026-07-25,Delayed,4
ENG-00992,Sprint 10,2026-08-21,2026-08-21,Completed,0
ENG-00993,Sprint 1,2024-11-21,2024-11-21,Completed,0
ENG-00993,Sprint 2,2024-12-21,2024-12-26,Delayed,5
ENG-00993,Sprint 3,2025-01-21,2025-01-21,Completed,0
ENG-00993,Sprint 4,2025-02-21,2025-02-24,Completed,3
ENG-00993,Sprint 5,2025-03-21,2025-03-21,Completed,0
ENG-00993,Sprint 6,2025-04-21,2025-04-23,Completed,2
ENG-00993,Sprint 7,2025-05-21,2025-05-21,Completed,0
ENG-00993,Sprint 8,2025-06-21,2025-06-24,Completed,3
ENG-00993,Sprint 9,2025-07-21,2025-07-21,Completed,0
ENG-00993,Sprint 10,2025-08-21,2025-08-21,Completed,0
ENG-00993,Sprint 11,2025-09-21,2025-09-25,Delayed,4
ENG-00993,Sprint 12,2025-10-21,2025-10-21,Completed,0
ENG-00994,Sprint 1,2026-04-21,2026-04-21,Completed,0
ENG-00994,Sprint 2,2026-05-21,2026-05-21,Completed,0
ENG-00994,Sprint 3,2026-06-21,2026-06-21,Completed,0
ENG-00994,Sprint 4,2026-07-21,2026-07-21,Completed,0
ENG-00994,Sprint 5,2026-08-21,2026-08-27,Delayed,6
ENG-00995,Sprint 1,2026-08-21,2026-08-21,Completed,0
ENG-00996,Sprint 1,2025-03-21,2025-03-28,Delayed,7
ENG-00996,Sprint 2,2025-04-21,2025-04-23,Completed,2
ENG-00996,Sprint 3,2025-05-21,2025-05-23,Completed,2
ENG-00996,Sprint 4,2025-06-21,2025-06-21,Completed,0
ENG-00996,Sprint 5,2025-07-21,2025-07-21,Completed,0
ENG-00996,Sprint 6,2025-08-21,2025-08-24,Completed,3
ENG-00996,Sprint 7,2025-09-21,2025-09-21,Completed,0
ENG-00996,Sprint 8,2025-10-21,2025-10-22,Completed,1
ENG-00996,Sprint 9,2025-11-21,2025-11-27,Delayed,6
ENG-00996,Sprint 10,2025-12-21,2025-12-23,Completed,2
ENG-00997,Sprint 1,2025-04-21,2025-04-21,Completed,0
ENG-00997,Sprint 2,2025-05-21,2025-05-21,Completed,0
ENG-00997,Sprint 3,2025-06-21,2025-06-22,Completed,1
ENG-00997,Sprint 4,2025-07-21,2025-07-30,Delayed,9
ENG-00997,Sprint 5,2025-08-21,2025-08-21,Completed,0
ENG-00997,Sprint 6,2025-09-21,2025-09-21,Completed,0
ENG-00997,Sprint 7,2025-10-21,2025-10-22,Completed,1
ENG-00997,Sprint 8,2025-11-21,2025-11-21,Completed,0
ENG-00997,Sprint 9,2025-12-21,2025-12-23,Completed,2
ENG-00997,Sprint 10,2026-01-21,2026-01-21,Completed,0
ENG-00997,Sprint 11,2026-02-21,2026-02-26,Delayed,5
ENG-00997,Sprint 12,2026-03-21,2026-03-21,Completed,0
ENG-00998,Sprint 1,2024-06-21,2024-06-21,Completed,0
ENG-00998,Sprint 2,2024-07-21,2024-07-21,Completed,0
ENG-00998,Sprint 3,2024-08-21,2024-08-21,Completed,0
ENG-00998,Sprint 4,2024-09-21,2024-09-21,Completed,0
ENG-00998,Sprint 5,2024-10-21,2024-10-21,Completed,0
ENG-00998,Sprint 6,2024-11-21,2024-11-21,Completed,0
ENG-00998,Sprint 7,2024-12-21,2024-12-21,Completed,0
ENG-00998,Sprint 8,2025-01-21,2025-01-22,Completed,1
ENG-00998,Sprint 9,2025-02-21,2025-02-21,Completed,0
ENG-00999,Sprint 1,2026-04-21,2026-04-23,Completed,2
ENG-00999,Sprint 2,2026-05-21,2026-05-29,Delayed,8
ENG-00999,Sprint 3,2026-06-21,2026-06-27,Delayed,6
ENG-00999,Sprint 4,2026-07-21,2026-07-24,Completed,3
ENG-00999,Sprint 5,2026-08-21,2026-08-24,Completed,3
ENG-01000,Sprint 1,2025-12-21,2025-12-23,Completed,2
ENG-01000,Sprint 2,2026-01-21,2026-01-21,Completed,0
ENG-01000,Sprint 3,2026-02-21,2026-02-27,Delayed,6
ENG-01000,Sprint 4,2026-03-21,2026-03-23,Completed,2
ENG-01000,Sprint 5,2026-04-21,2026-04-26,Delayed,5
ENG-01000,Sprint 6,2026-05-21,2026-05-26,Delayed,5
ENG-01000,Sprint 7,2026-06-21,2026-06-23,Completed,2
ENG-01000,Sprint 8,2026-07-21,2026-07-24,Completed,3
ENG-01001,Sprint 1,2024-12-21,2024-12-21,Completed,0
ENG-01001,Sprint 2,2025-01-21,2025-01-21,Completed,0
ENG-01001,Sprint 3,2025-02-21,2025-02-24,Completed,3
ENG-01001,Sprint 4,2025-03-21,2025-03-21,Completed,0
ENG-01001,Sprint 5,2025-04-21,2025-04-22,Completed,1
ENG-01001,Sprint 6,2025-05-21,2025-05-24,Completed,3
ENG-01001,Sprint 7,2025-06-21,2025-06-24,Completed,3
ENG-01001,Sprint 8,2025-07-21,2025-07-21,Completed,0
ENG-01001,Sprint 9,2025-08-21,2025-08-21,Completed,0
ENG-01001,Sprint 10,2025-09-21,2025-09-21,Completed,0
ENG-01001,Sprint 11,2025-10-21,2025-10-21,Completed,0
ENG-01001,Sprint 12,2025-11-21,2025-11-21,Completed,0
ENG-01002,Sprint 1,2024-09-21,2024-09-25,Delayed,4
ENG-01002,Sprint 2,2024-10-21,2024-10-27,Delayed,6
ENG-01002,Sprint 3,2024-11-21,2024-11-27,Delayed,6
ENG-01002,Sprint 4,2024-12-21,2024-12-29,Delayed,8
ENG-01002,Sprint 5,2025-01-21,2025-01-27,Delayed,6
ENG-01002,Sprint 6,2025-02-21,2025-02-24,Completed,3
ENG-01002,Sprint 7,2025-03-21,2025-03-22,Completed,1
ENG-01002,Sprint 8,2025-04-21,2025-04-22,Completed,1
ENG-01002,Sprint 9,2025-05-21,2025-05-22,Completed,1
ENG-01002,Sprint 10,2025-06-21,2025-06-24,Completed,3
ENG-01002,Sprint 11,2025-07-21,2025-07-29,Delayed,8
ENG-01003,Sprint 1,2025-06-21,2025-06-24,Completed,3
ENG-01003,Sprint 2,2025-07-21,2025-07-23,Completed,2
ENG-01003,Sprint 3,2025-08-21,2025-08-22,Completed,1
ENG-01003,Sprint 4,2025-09-21,2025-09-24,Completed,3
ENG-01003,Sprint 5,2025-10-21,2025-10-25,Delayed,4
ENG-01003,Sprint 6,2025-11-21,2025-11-27,Delayed,6
ENG-01003,Sprint 7,2025-12-21,2025-12-23,Completed,2
ENG-01003,Sprint 8,2026-01-21,2026-01-23,Completed,2
ENG-01003,Sprint 9,2026-02-21,2026-02-21,Completed,0
ENG-01003,Sprint 10,2026-03-21,2026-03-24,Completed,3
ENG-01003,Sprint 11,2026-04-21,2026-04-24,Completed,3
ENG-01004,Sprint 1,2026-03-21,2026-03-25,Delayed,4
ENG-01004,Sprint 2,2026-04-21,2026-04-28,Delayed,7
ENG-01004,Sprint 3,2026-05-21,2026-05-30,Delayed,9
ENG-01004,Sprint 4,2026-06-21,2026-06-27,Delayed,6
ENG-01004,Sprint 5,2026-07-21,2026-08-02,Delayed,12
ENG-01005,Sprint 1,2026-02-21,2026-02-25,Delayed,4
ENG-01005,Sprint 2,2026-03-21,2026-03-21,Completed,0
ENG-01005,Sprint 3,2026-04-21,2026-04-22,Completed,1
ENG-01005,Sprint 4,2026-05-21,2026-05-25,Delayed,4
ENG-01005,Sprint 5,2026-06-21,2026-06-26,Delayed,5
ENG-01005,Sprint 6,2026-07-21,2026-08-01,Delayed,11
ENG-01005,Sprint 7,2026-08-21,2026-09-01,Delayed,11
ENG-01006,Sprint 1,2026-02-21,2026-02-21,Completed,0
ENG-01006,Sprint 2,2026-03-21,2026-03-23,Completed,2
ENG-01006,Sprint 3,2026-04-21,2026-04-26,Delayed,5
ENG-01006,Sprint 4,2026-05-21,2026-05-21,Completed,0
ENG-01006,Sprint 5,2026-06-21,2026-06-25,Delayed,4
ENG-01006,Sprint 6,2026-07-21,2026-07-24,Completed,3
ENG-01006,Sprint 7,2026-08-21,2026-08-21,Completed,0
ENG-01007,Sprint 1,2026-06-21,2026-06-26,Delayed,5
ENG-01007,Sprint 2,2026-07-21,2026-07-21,Completed,0
ENG-01007,Sprint 3,2026-08-21,2026-08-31,Delayed,10
ENG-01007,Sprint 4,2026-09-21,2026-09-29,Delayed,8
ENG-01008,Sprint 1,2024-08-21,2024-08-22,Completed,1
ENG-01008,Sprint 2,2024-09-21,2024-09-21,Completed,0
ENG-01008,Sprint 3,2024-10-21,2024-10-22,Completed,1
ENG-01008,Sprint 4,2024-11-21,2024-11-21,Completed,0
ENG-01008,Sprint 5,2024-12-21,2024-12-24,Completed,3
ENG-01008,Sprint 6,2025-01-21,2025-01-29,Delayed,8
ENG-01008,Sprint 7,2025-02-21,2025-02-25,Delayed,4
ENG-01008,Sprint 8,2025-03-21,2025-03-24,Completed,3
ENG-01008,Sprint 9,2025-04-21,2025-04-21,Completed,0
ENG-01008,Sprint 10,2025-05-21,2025-05-21,Completed,0
ENG-01008,Sprint 11,2025-06-21,2025-06-23,Completed,2
ENG-01008,Sprint 12,2025-07-21,2025-07-21,Completed,0
ENG-01009,Sprint 1,2026-05-21,2026-05-21,Completed,0
ENG-01009,Sprint 2,2026-06-21,2026-06-26,Delayed,5
ENG-01009,Sprint 3,2026-07-21,2026-07-23,Completed,2
ENG-01009,Sprint 4,2026-08-21,2026-08-21,Completed,0
ENG-01009,Sprint 5,2026-09-21,2026-09-23,Completed,2
ENG-01009,Sprint 6,2026-10-21,2026-10-24,Completed,3
ENG-01009,Sprint 7,2026-11-21,2026-11-26,Delayed,5
ENG-01009,Sprint 8,2026-12-21,2026-12-21,Completed,0
ENG-01009,Sprint 9,2027-01-21,2027-01-24,Completed,3
ENG-01009,Sprint 10,2027-02-21,2027-02-25,Delayed,4
ENG-01010,Sprint 1,2024-01-21,2024-01-21,Completed,0
ENG-01010,Sprint 2,2024-02-21,2024-02-21,Completed,0
ENG-01010,Sprint 3,2024-03-21,2024-03-22,Completed,1
ENG-01010,Sprint 4,2024-04-21,2024-04-22,Completed,1
ENG-01010,Sprint 5,2024-05-21,2024-05-22,Completed,1
ENG-01010,Sprint 6,2024-06-21,2024-06-21,Completed,0
ENG-01010,Sprint 7,2024-07-21,2024-07-21,Completed,0
ENG-01010,Sprint 8,2024-08-21,2024-08-26,Delayed,5
ENG-01011,Sprint 1,2024-07-21,2024-07-21,Completed,0
ENG-01011,Sprint 2,2024-08-21,2024-08-21,Completed,0
ENG-01011,Sprint 3,2024-09-21,2024-09-21,Completed,0
ENG-01011,Sprint 4,2024-10-21,2024-10-21,Completed,0
ENG-01011,Sprint 5,2024-11-21,2024-11-21,Completed,0
ENG-01011,Sprint 6,2024-12-21,2024-12-23,Completed,2
ENG-01011,Sprint 7,2025-01-21,2025-01-21,Completed,0
ENG-01011,Sprint 8,2025-02-21,2025-02-23,Completed,2
ENG-01011,Sprint 9,2025-03-21,2025-03-26,Delayed,5
ENG-01011,Sprint 10,2025-04-21,2025-04-24,Completed,3
ENG-01011,Sprint 11,2025-05-21,2025-05-21,Completed,0
ENG-01012,Sprint 1,2025-02-21,2025-02-27,Delayed,6
ENG-01012,Sprint 2,2025-03-21,2025-03-21,Completed,0
ENG-01012,Sprint 3,2025-04-21,2025-04-23,Completed,2
ENG-01012,Sprint 4,2025-05-21,2025-05-24,Completed,3
ENG-01012,Sprint 5,2025-06-21,2025-06-21,Completed,0
ENG-01012,Sprint 6,2025-07-21,2025-07-22,Completed,1
ENG-01012,Sprint 7,2025-08-21,2025-08-26,Delayed,5
ENG-01012,Sprint 8,2025-09-21,2025-09-23,Completed,2
ENG-01012,Sprint 9,2025-10-21,2025-10-21,Completed,0
ENG-01012,Sprint 10,2025-11-21,2025-11-27,Delayed,6
ENG-01012,Sprint 11,2025-12-21,2025-12-26,Delayed,5
ENG-01012,Sprint 12,2026-01-21,2026-01-25,Delayed,4
ENG-01013,Sprint 1,2025-03-21,2025-03-21,Completed,0
ENG-01013,Sprint 2,2025-04-21,2025-04-24,Completed,3
ENG-01013,Sprint 3,2025-05-21,2025-05-25,Delayed,4
ENG-01013,Sprint 4,2025-06-21,2025-06-25,Delayed,4
ENG-01013,Sprint 5,2025-07-21,2025-07-21,Completed,0
ENG-01013,Sprint 6,2025-08-21,2025-08-21,Completed,0
ENG-01013,Sprint 7,2025-09-21,2025-09-22,Completed,1
ENG-01013,Sprint 8,2025-10-21,2025-10-22,Completed,1
ENG-01013,Sprint 9,2025-11-21,2025-11-21,Completed,0
ENG-01014,Sprint 1,2026-01-21,2026-01-21,Completed,0
ENG-01014,Sprint 2,2026-02-21,2026-02-24,Completed,3
ENG-01014,Sprint 3,2026-03-21,2026-03-26,Delayed,5
ENG-01014,Sprint 4,2026-04-21,2026-04-27,Delayed,6
ENG-01014,Sprint 5,2026-05-21,2026-05-21,Completed,0
ENG-01014,Sprint 6,2026-06-21,2026-06-21,Completed,0
ENG-01014,Sprint 7,2026-07-21,2026-07-30,Delayed,9
ENG-01014,Sprint 8,2026-08-21,2026-08-21,Completed,0
ENG-01015,Sprint 1,2026-05-21,2026-05-25,Delayed,4
ENG-01015,Sprint 2,2026-06-21,2026-06-21,Completed,0
ENG-01015,Sprint 3,2026-07-21,2026-07-24,Completed,3
ENG-01015,Sprint 4,2026-08-21,2026-08-23,Completed,2
ENG-01016,Sprint 1,2024-01-21,2024-01-24,Completed,3
ENG-01016,Sprint 2,2024-02-21,2024-02-22,Completed,1
ENG-01016,Sprint 3,2024-03-21,2024-03-24,Completed,3
ENG-01016,Sprint 4,2024-04-21,2024-04-25,Delayed,4
ENG-01016,Sprint 5,2024-05-21,2024-05-22,Completed,1
ENG-01016,Sprint 6,2024-06-21,2024-06-24,Completed,3
ENG-01016,Sprint 7,2024-07-21,2024-07-27,Delayed,6
ENG-01016,Sprint 8,2024-08-21,2024-08-24,Completed,3
ENG-01016,Sprint 9,2024-09-21,2024-09-24,Completed,3
ENG-01017,Sprint 1,2025-12-21,2025-12-21,Completed,0
ENG-01017,Sprint 2,2026-01-21,2026-01-21,Completed,0
ENG-01017,Sprint 3,2026-02-21,2026-02-21,Completed,0
ENG-01017,Sprint 4,2026-03-21,2026-03-26,Delayed,5
ENG-01017,Sprint 5,2026-04-21,2026-04-25,Delayed,4
ENG-01017,Sprint 6,2026-05-21,2026-05-22,Completed,1
ENG-01017,Sprint 7,2026-06-21,2026-06-21,Completed,0
ENG-01017,Sprint 8,2026-07-21,2026-07-28,Delayed,7
ENG-01017,Sprint 9,2026-08-21,2026-08-21,Completed,0
ENG-01018,Sprint 1,2025-09-21,2025-09-27,Delayed,6
ENG-01018,Sprint 2,2025-10-21,2025-10-21,Completed,0
ENG-01018,Sprint 3,2025-11-21,2025-11-21,Completed,0
ENG-01018,Sprint 4,2025-12-21,2025-12-25,Delayed,4
ENG-01018,Sprint 5,2026-01-21,2026-01-30,Delayed,9
ENG-01018,Sprint 6,2026-02-21,2026-02-23,Completed,2
ENG-01018,Sprint 7,2026-03-21,2026-03-22,Completed,1
ENG-01018,Sprint 8,2026-04-21,2026-04-21,Completed,0
ENG-01018,Sprint 9,2026-05-21,2026-05-21,Completed,0
ENG-01018,Sprint 10,2026-06-21,2026-06-24,Completed,3
ENG-01018,Sprint 11,2026-07-21,2026-07-29,Delayed,8
ENG-01018,Sprint 12,2026-08-21,2026-08-23,Completed,2
ENG-01019,Sprint 1,2026-03-21,2026-03-27,Delayed,6
ENG-01019,Sprint 2,2026-04-21,2026-04-26,Delayed,5
ENG-01019,Sprint 3,2026-05-21,2026-05-21,Completed,0
ENG-01019,Sprint 4,2026-06-21,2026-06-29,Delayed,8
ENG-01019,Sprint 5,2026-07-21,2026-07-21,Completed,0
ENG-01019,Sprint 6,2026-08-21,2026-08-22,Completed,1
ENG-01020,Sprint 1,2024-02-21,2024-02-21,Completed,0
ENG-01020,Sprint 2,2024-03-21,2024-03-23,Completed,2
ENG-01020,Sprint 3,2024-04-21,2024-04-26,Delayed,5
ENG-01020,Sprint 4,2024-05-21,2024-05-21,Completed,0
ENG-01020,Sprint 5,2024-06-21,2024-06-21,Completed,0
ENG-01020,Sprint 6,2024-07-21,2024-07-24,Completed,3
ENG-01020,Sprint 7,2024-08-21,2024-08-23,Completed,2
ENG-01021,Sprint 1,2024-06-21,2024-06-24,Completed,3
ENG-01021,Sprint 2,2024-07-21,2024-07-22,Completed,1
ENG-01021,Sprint 3,2024-08-21,2024-08-23,Completed,2
ENG-01021,Sprint 4,2024-09-21,2024-09-23,Completed,2
ENG-01021,Sprint 5,2024-10-21,2024-10-28,Delayed,7
ENG-01021,Sprint 6,2024-11-21,2024-11-23,Completed,2
ENG-01021,Sprint 7,2024-12-21,2024-12-26,Delayed,5
ENG-01021,Sprint 8,2025-01-21,2025-01-31,Delayed,10
ENG-01022,Sprint 1,2025-10-21,2025-10-22,Completed,1
ENG-01022,Sprint 2,2025-11-21,2025-11-24,Completed,3
ENG-01022,Sprint 3,2025-12-21,2025-12-22,Completed,1
ENG-01022,Sprint 4,2026-01-21,2026-01-23,Completed,2
ENG-01022,Sprint 5,2026-02-21,2026-02-27,Delayed,6
ENG-01022,Sprint 6,2026-03-21,2026-03-21,Completed,0
ENG-01022,Sprint 7,2026-04-21,2026-04-21,Completed,0
ENG-01022,Sprint 8,2026-05-21,2026-05-22,Completed,1
ENG-01022,Sprint 9,2026-06-21,2026-06-21,Completed,0
ENG-01023,Sprint 1,2026-01-21,2026-01-24,Completed,3
ENG-01023,Sprint 2,2026-02-21,2026-02-21,Completed,0
ENG-01023,Sprint 3,2026-03-21,2026-03-23,Completed,2
ENG-01023,Sprint 4,2026-04-21,2026-04-25,Delayed,4
ENG-01023,Sprint 5,2026-05-21,2026-05-22,Completed,1
ENG-01023,Sprint 6,2026-06-21,2026-06-23,Completed,2
ENG-01023,Sprint 7,2026-07-21,2026-07-21,Completed,0
ENG-01023,Sprint 8,2026-08-21,2026-08-24,Completed,3
ENG-01024,Sprint 1,2025-08-21,2025-08-21,Completed,0
ENG-01024,Sprint 2,2025-09-21,2025-09-22,Completed,1
ENG-01024,Sprint 3,2025-10-21,2025-10-23,Completed,2
ENG-01024,Sprint 4,2025-11-21,2025-11-21,Completed,0
ENG-01024,Sprint 5,2025-12-21,2025-12-25,Delayed,4
ENG-01024,Sprint 6,2026-01-21,2026-01-21,Completed,0
ENG-01024,Sprint 7,2026-02-21,2026-02-26,Delayed,5
ENG-01024,Sprint 8,2026-03-21,2026-03-25,Delayed,4
ENG-01024,Sprint 9,2026-04-21,2026-04-21,Completed,0
ENG-01025,Sprint 1,2026-05-21,2026-05-21,Completed,0
ENG-01025,Sprint 2,2026-06-21,2026-06-21,Completed,0
ENG-01025,Sprint 3,2026-07-21,2026-07-21,Completed,0
ENG-01025,Sprint 4,2026-08-21,2026-08-21,Completed,0
ENG-01026,Sprint 1,2025-10-21,2025-10-21,Completed,0
ENG-01026,Sprint 2,2025-11-21,2025-11-22,Completed,1
ENG-01026,Sprint 3,2025-12-21,2025-12-21,Completed,0
ENG-01026,Sprint 4,2026-01-21,2026-01-21,Completed,0
ENG-01026,Sprint 5,2026-02-21,2026-02-27,Delayed,6
ENG-01027,Sprint 1,2026-03-21,2026-03-24,Completed,3
ENG-01027,Sprint 2,2026-04-21,2026-04-28,Delayed,7
ENG-01027,Sprint 3,2026-05-21,2026-05-23,Completed,2
ENG-01027,Sprint 4,2026-06-21,2026-06-28,Delayed,7
ENG-01027,Sprint 5,2026-07-21,2026-07-31,Delayed,10
ENG-01028,Sprint 1,2024-03-21,2024-03-21,Completed,0
ENG-01028,Sprint 2,2024-04-21,2024-04-28,Delayed,7
ENG-01028,Sprint 3,2024-05-21,2024-05-26,Delayed,5
ENG-01028,Sprint 4,2024-06-21,2024-06-25,Delayed,4
ENG-01028,Sprint 5,2024-07-21,2024-07-26,Delayed,5
ENG-01028,Sprint 6,2024-08-21,2024-08-23,Completed,2
ENG-01028,Sprint 7,2024-09-21,2024-09-25,Delayed,4
ENG-01029,Sprint 1,2026-06-21,2026-06-21,Completed,0
ENG-01029,Sprint 2,2026-07-21,2026-07-21,Completed,0
ENG-01029,Sprint 3,2026-08-21,2026-08-22,Completed,1
ENG-01029,Sprint 4,2026-09-21,2026-09-23,Completed,2
ENG-01029,Sprint 5,2026-10-21,2026-10-29,Delayed,8
ENG-01030,Sprint 1,2025-04-21,2025-04-21,Completed,0
ENG-01030,Sprint 2,2025-05-21,2025-05-24,Completed,3
ENG-01030,Sprint 3,2025-06-21,2025-06-21,Completed,0
ENG-01030,Sprint 4,2025-07-21,2025-07-28,Delayed,7
ENG-01030,Sprint 5,2025-08-21,2025-08-24,Completed,3
ENG-01031,Sprint 1,2026-08-21,2026-08-22,Completed,1
ENG-01032,Sprint 1,2025-03-21,2025-03-27,Delayed,6
ENG-01032,Sprint 2,2025-04-21,2025-04-21,Completed,0
ENG-01032,Sprint 3,2025-05-21,2025-05-26,Delayed,5
ENG-01032,Sprint 4,2025-06-21,2025-06-24,Completed,3
ENG-01032,Sprint 5,2025-07-21,2025-07-21,Completed,0
ENG-01032,Sprint 6,2025-08-21,2025-08-24,Completed,3
ENG-01032,Sprint 7,2025-09-21,2025-09-24,Completed,3
ENG-01032,Sprint 8,2025-10-21,2025-10-21,Completed,0
ENG-01032,Sprint 9,2025-11-21,2025-11-27,Delayed,6
ENG-01032,Sprint 10,2025-12-21,2025-12-21,Completed,0
ENG-01032,Sprint 11,2026-01-21,2026-01-26,Delayed,5
ENG-01033,Sprint 1,2025-05-21,2025-05-21,Completed,0
ENG-01033,Sprint 2,2025-06-21,2025-06-24,Completed,3
ENG-01033,Sprint 3,2025-07-21,2025-07-23,Completed,2
ENG-01033,Sprint 4,2025-08-21,2025-08-25,Delayed,4
ENG-01034,Sprint 1,2026-07-21,2026-07-24,Completed,3
ENG-01034,Sprint 2,2026-08-21,2026-08-30,Delayed,9
ENG-01034,Sprint 3,2026-09-21,2026-09-28,Delayed,7
ENG-01034,Sprint 4,2026-10-21,2026-10-30,Delayed,9
ENG-01035,Sprint 1,2025-05-21,2025-05-25,Delayed,4
ENG-01035,Sprint 2,2025-06-21,2025-06-21,Completed,0
ENG-01035,Sprint 3,2025-07-21,2025-07-24,Completed,3
ENG-01035,Sprint 4,2025-08-21,2025-08-21,Completed,0
ENG-01035,Sprint 5,2025-09-21,2025-09-28,Delayed,7
ENG-01035,Sprint 6,2025-10-21,2025-10-24,Completed,3
ENG-01035,Sprint 7,2025-11-21,2025-11-25,Delayed,4
ENG-01035,Sprint 8,2025-12-21,2025-12-21,Completed,0
ENG-01035,Sprint 9,2026-01-21,2026-01-21,Completed,0
ENG-01035,Sprint 10,2026-02-21,2026-02-25,Delayed,4
ENG-01035,Sprint 11,2026-03-21,2026-03-21,Completed,0
ENG-01036,Sprint 1,2024-01-21,2024-01-21,Completed,0
ENG-01036,Sprint 2,2024-02-21,2024-02-23,Completed,2
ENG-01036,Sprint 3,2024-03-21,2024-03-24,Completed,3
ENG-01036,Sprint 4,2024-04-21,2024-04-28,Delayed,7
ENG-01037,Sprint 1,2025-04-21,2025-04-21,Completed,0
ENG-01037,Sprint 2,2025-05-21,2025-05-22,Completed,1
ENG-01037,Sprint 3,2025-06-21,2025-06-24,Completed,3
ENG-01037,Sprint 4,2025-07-21,2025-07-28,Delayed,7
ENG-01037,Sprint 5,2025-08-21,2025-08-23,Completed,2
ENG-01037,Sprint 6,2025-09-21,2025-09-28,Delayed,7
ENG-01037,Sprint 7,2025-10-21,2025-10-28,Delayed,7
ENG-01038,Sprint 1,2024-09-21,2024-09-24,Completed,3
ENG-01038,Sprint 2,2024-10-21,2024-10-21,Completed,0
ENG-01038,Sprint 3,2024-11-21,2024-11-21,Completed,0
ENG-01038,Sprint 4,2024-12-21,2024-12-21,Completed,0
ENG-01038,Sprint 5,2025-01-21,2025-01-25,Delayed,4
ENG-01038,Sprint 6,2025-02-21,2025-02-21,Completed,0
ENG-01038,Sprint 7,2025-03-21,2025-03-24,Completed,3
ENG-01038,Sprint 8,2025-04-21,2025-04-21,Completed,0
ENG-01038,Sprint 9,2025-05-21,2025-05-25,Delayed,4
ENG-01038,Sprint 10,2025-06-21,2025-06-22,Completed,1
ENG-01038,Sprint 11,2025-07-21,2025-07-21,Completed,0
ENG-01039,Sprint 1,2025-11-21,2025-11-21,Completed,0
ENG-01039,Sprint 2,2025-12-21,2025-12-21,Completed,0
ENG-01039,Sprint 3,2026-01-21,2026-01-25,Delayed,4
ENG-01039,Sprint 4,2026-02-21,2026-02-22,Completed,1
ENG-01039,Sprint 5,2026-03-21,2026-03-21,Completed,0
ENG-01039,Sprint 6,2026-04-21,2026-04-23,Completed,2
ENG-01039,Sprint 7,2026-05-21,2026-05-25,Delayed,4
ENG-01039,Sprint 8,2026-06-21,2026-06-21,Completed,0
ENG-01039,Sprint 9,2026-07-21,2026-07-22,Completed,1
ENG-01039,Sprint 10,2026-08-21,2026-08-21,Completed,0
ENG-01040,Sprint 1,2024-03-21,2024-03-23,Completed,2
ENG-01040,Sprint 2,2024-04-21,2024-04-23,Completed,2
ENG-01040,Sprint 3,2024-05-21,2024-05-22,Completed,1
ENG-01040,Sprint 4,2024-06-21,2024-06-21,Completed,0
ENG-01040,Sprint 5,2024-07-21,2024-07-25,Delayed,4
ENG-01040,Sprint 6,2024-08-21,2024-08-21,Completed,0
ENG-01040,Sprint 7,2024-09-21,2024-09-24,Completed,3
ENG-01040,Sprint 8,2024-10-21,2024-10-26,Delayed,5
ENG-01040,Sprint 9,2024-11-21,2024-11-26,Delayed,5
ENG-01040,Sprint 10,2024-12-21,2024-12-21,Completed,0
ENG-01040,Sprint 11,2025-01-21,2025-01-21,Completed,0
ENG-01041,Sprint 1,2024-02-21,2024-02-21,Completed,0
ENG-01041,Sprint 2,2024-03-21,2024-03-23,Completed,2
ENG-01041,Sprint 3,2024-04-21,2024-04-25,Delayed,4
ENG-01041,Sprint 4,2024-05-21,2024-05-22,Completed,1
ENG-01041,Sprint 5,2024-06-21,2024-06-21,Completed,0
ENG-01041,Sprint 6,2024-07-21,2024-07-24,Completed,3
ENG-01041,Sprint 7,2024-08-21,2024-08-22,Completed,1
ENG-01042,Sprint 1,2024-05-21,2024-05-25,Delayed,4
ENG-01042,Sprint 2,2024-06-21,2024-06-21,Completed,0
ENG-01042,Sprint 3,2024-07-21,2024-07-21,Completed,0
ENG-01042,Sprint 4,2024-08-21,2024-08-27,Delayed,6
ENG-01042,Sprint 5,2024-09-21,2024-09-21,Completed,0
ENG-01042,Sprint 6,2024-10-21,2024-10-23,Completed,2
ENG-01042,Sprint 7,2024-11-21,2024-11-22,Completed,1
ENG-01042,Sprint 8,2024-12-21,2024-12-25,Delayed,4
ENG-01042,Sprint 9,2025-01-21,2025-01-23,Completed,2
ENG-01043,Sprint 1,2024-10-21,2024-10-21,Completed,0
ENG-01043,Sprint 2,2024-11-21,2024-11-23,Completed,2
ENG-01043,Sprint 3,2024-12-21,2024-12-26,Delayed,5
ENG-01043,Sprint 4,2025-01-21,2025-01-21,Completed,0
ENG-01043,Sprint 5,2025-02-21,2025-02-21,Completed,0
ENG-01043,Sprint 6,2025-03-21,2025-03-26,Delayed,5
ENG-01043,Sprint 7,2025-04-21,2025-04-24,Completed,3
ENG-01043,Sprint 8,2025-05-21,2025-05-26,Delayed,5
ENG-01043,Sprint 9,2025-06-21,2025-06-22,Completed,1
ENG-01043,Sprint 10,2025-07-21,2025-07-26,Delayed,5
ENG-01043,Sprint 11,2025-08-21,2025-08-26,Delayed,5
ENG-01043,Sprint 12,2025-09-21,2025-09-28,Delayed,7
ENG-01043,Sprint 13,2025-10-21,2025-10-26,Delayed,5
ENG-01044,Sprint 1,2024-02-21,2024-02-21,Completed,0
ENG-01044,Sprint 2,2024-03-21,2024-03-22,Completed,1
ENG-01044,Sprint 3,2024-04-21,2024-04-28,Delayed,7
ENG-01044,Sprint 4,2024-05-21,2024-05-21,Completed,0
ENG-01044,Sprint 5,2024-06-21,2024-06-21,Completed,0
ENG-01044,Sprint 6,2024-07-21,2024-07-29,Delayed,8
ENG-01044,Sprint 7,2024-08-21,2024-08-25,Delayed,4
ENG-01044,Sprint 8,2024-09-21,2024-09-28,Delayed,7
ENG-01044,Sprint 9,2024-10-21,2024-10-24,Completed,3
ENG-01045,Sprint 1,2024-06-21,2024-06-23,Completed,2
ENG-01045,Sprint 2,2024-07-21,2024-07-26,Delayed,5
ENG-01045,Sprint 3,2024-08-21,2024-08-23,Completed,2
ENG-01045,Sprint 4,2024-09-21,2024-09-21,Completed,0
ENG-01045,Sprint 5,2024-10-21,2024-10-23,Completed,2
ENG-01045,Sprint 6,2024-11-21,2024-11-22,Completed,1
ENG-01045,Sprint 7,2024-12-21,2024-12-23,Completed,2
ENG-01045,Sprint 8,2025-01-21,2025-01-30,Delayed,9
ENG-01045,Sprint 9,2025-02-21,2025-02-21,Completed,0
ENG-01046,Sprint 1,2026-02-21,2026-02-25,Delayed,4
ENG-01046,Sprint 2,2026-03-21,2026-03-26,Delayed,5
ENG-01046,Sprint 3,2026-04-21,2026-04-24,Completed,3
ENG-01046,Sprint 4,2026-05-21,2026-05-27,Delayed,6
ENG-01046,Sprint 5,2026-06-21,2026-06-23,Completed,2
ENG-01046,Sprint 6,2026-07-21,2026-07-28,Delayed,7
ENG-01046,Sprint 7,2026-08-21,2026-08-26,Delayed,5
ENG-01047,Sprint 1,2024-01-21,2024-01-27,Delayed,6
ENG-01047,Sprint 2,2024-02-21,2024-02-27,Delayed,6
ENG-01047,Sprint 3,2024-03-21,2024-03-22,Completed,1
ENG-01047,Sprint 4,2024-04-21,2024-04-21,Completed,0
ENG-01047,Sprint 5,2024-05-21,2024-05-23,Completed,2
ENG-01047,Sprint 6,2024-06-21,2024-06-25,Delayed,4
ENG-01047,Sprint 7,2024-07-21,2024-07-22,Completed,1
ENG-01048,Sprint 1,2024-09-21,2024-09-21,Completed,0
ENG-01048,Sprint 2,2024-10-21,2024-10-21,Completed,0
ENG-01048,Sprint 3,2024-11-21,2024-11-28,Delayed,7
ENG-01048,Sprint 4,2024-12-21,2024-12-27,Delayed,6
ENG-01048,Sprint 5,2025-01-21,2025-01-21,Completed,0
ENG-01048,Sprint 6,2025-02-21,2025-02-22,Completed,1
ENG-01048,Sprint 7,2025-03-21,2025-03-23,Completed,2
ENG-01048,Sprint 8,2025-04-21,2025-04-26,Delayed,5
ENG-01048,Sprint 9,2025-05-21,2025-05-21,Completed,0
ENG-01048,Sprint 10,2025-06-21,2025-06-24,Completed,3
ENG-01048,Sprint 11,2025-07-21,2025-07-22,Completed,1
ENG-01049,Sprint 1,2026-07-21,2026-07-25,Delayed,4
ENG-01049,Sprint 2,2026-08-21,2026-08-23,Completed,2
ENG-01049,Sprint 3,2026-09-21,2026-09-22,Completed,1
ENG-01049,Sprint 4,2026-10-21,2026-10-22,Completed,1
ENG-01049,Sprint 5,2026-11-21,2026-11-30,Delayed,9
ENG-01050,Sprint 1,2024-02-21,2024-02-22,Completed,1
ENG-01050,Sprint 2,2024-03-21,2024-03-21,Completed,0
ENG-01050,Sprint 3,2024-04-21,2024-04-21,Completed,0
ENG-01050,Sprint 4,2024-05-21,2024-05-21,Completed,0
ENG-01050,Sprint 5,2024-06-21,2024-06-25,Delayed,4
ENG-01050,Sprint 6,2024-07-21,2024-07-21,Completed,0
ENG-01050,Sprint 7,2024-08-21,2024-08-25,Delayed,4
ENG-01050,Sprint 8,2024-09-21,2024-09-25,Delayed,4
ENG-01050,Sprint 9,2024-10-21,2024-10-24,Completed,3
ENG-01050,Sprint 10,2024-11-21,2024-11-26,Delayed,5
ENG-01050,Sprint 11,2024-12-21,2024-12-21,Completed,0
ENG-01050,Sprint 12,2025-01-21,2025-01-21,Completed,0
ENG-01051,Sprint 1,2026-02-21,2026-02-21,Completed,0
ENG-01051,Sprint 2,2026-03-21,2026-03-22,Completed,1
ENG-01051,Sprint 3,2026-04-21,2026-04-21,Completed,0
ENG-01051,Sprint 4,2026-05-21,2026-05-28,Delayed,7
ENG-01051,Sprint 5,2026-06-21,2026-06-21,Completed,0
ENG-01051,Sprint 6,2026-07-21,2026-07-21,Completed,0
ENG-01051,Sprint 7,2026-08-21,2026-08-21,Completed,0
ENG-01051,Sprint 8,2026-09-21,2026-09-26,Delayed,5
ENG-01052,Sprint 1,2025-01-21,2025-01-21,Completed,0
ENG-01052,Sprint 2,2025-02-21,2025-02-21,Completed,0
ENG-01052,Sprint 3,2025-03-21,2025-03-23,Completed,2
ENG-01052,Sprint 4,2025-04-21,2025-04-21,Completed,0
ENG-01052,Sprint 5,2025-05-21,2025-05-30,Delayed,9
ENG-01052,Sprint 6,2025-06-21,2025-06-30,Delayed,9
ENG-01052,Sprint 7,2025-07-21,2025-07-28,Delayed,7
ENG-01053,Sprint 1,2024-12-21,2024-12-21,Completed,0
ENG-01053,Sprint 2,2025-01-21,2025-01-26,Delayed,5
ENG-01053,Sprint 3,2025-02-21,2025-02-22,Completed,1
ENG-01053,Sprint 4,2025-03-21,2025-03-23,Completed,2
ENG-01053,Sprint 5,2025-04-21,2025-05-02,Delayed,11
ENG-01054,Sprint 1,2025-12-21,2025-12-21,Completed,0
ENG-01054,Sprint 2,2026-01-21,2026-01-21,Completed,0
ENG-01054,Sprint 3,2026-02-21,2026-02-23,Completed,2
ENG-01054,Sprint 4,2026-03-21,2026-03-28,Delayed,7
ENG-01054,Sprint 5,2026-04-21,2026-04-21,Completed,0
ENG-01054,Sprint 6,2026-05-21,2026-05-21,Completed,0
ENG-01054,Sprint 7,2026-06-21,2026-06-26,Delayed,5
ENG-01054,Sprint 8,2026-07-21,2026-07-25,Delayed,4
ENG-01054,Sprint 9,2026-08-21,2026-08-21,Completed,0
ENG-01055,Sprint 1,2025-08-21,2025-08-26,Delayed,5
ENG-01055,Sprint 2,2025-09-21,2025-09-29,Delayed,8
ENG-01055,Sprint 3,2025-10-21,2025-10-23,Completed,2
ENG-01055,Sprint 4,2025-11-21,2025-11-29,Delayed,8
ENG-01056,Sprint 1,2024-10-21,2024-10-25,Delayed,4
ENG-01056,Sprint 2,2024-11-21,2024-11-23,Completed,2
ENG-01056,Sprint 3,2024-12-21,2024-12-21,Completed,0
ENG-01056,Sprint 4,2025-01-21,2025-01-24,Completed,3
ENG-01056,Sprint 5,2025-02-21,2025-02-26,Delayed,5
ENG-01056,Sprint 6,2025-03-21,2025-03-21,Completed,0
ENG-01056,Sprint 7,2025-04-21,2025-04-21,Completed,0
ENG-01056,Sprint 8,2025-05-21,2025-05-25,Delayed,4
ENG-01056,Sprint 9,2025-06-21,2025-06-23,Completed,2
ENG-01056,Sprint 10,2025-07-21,2025-07-23,Completed,2
ENG-01056,Sprint 11,2025-08-21,2025-08-27,Delayed,6
ENG-01056,Sprint 12,2025-09-21,2025-09-24,Completed,3
ENG-01056,Sprint 13,2025-10-21,2025-10-26,Delayed,5
ENG-01057,Sprint 1,2024-08-21,2024-08-21,Completed,0
ENG-01057,Sprint 2,2024-09-21,2024-09-21,Completed,0
ENG-01057,Sprint 3,2024-10-21,2024-10-26,Delayed,5
ENG-01057,Sprint 4,2024-11-21,2024-11-26,Delayed,5
ENG-01057,Sprint 5,2024-12-21,2024-12-22,Completed,1
ENG-01057,Sprint 6,2025-01-21,2025-01-28,Delayed,7
ENG-01057,Sprint 7,2025-02-21,2025-02-27,Delayed,6
ENG-01057,Sprint 8,2025-03-21,2025-03-28,Delayed,7
ENG-01058,Sprint 1,2025-10-21,2025-10-21,Completed,0
ENG-01058,Sprint 2,2025-11-21,2025-11-26,Delayed,5
ENG-01058,Sprint 3,2025-12-21,2025-12-21,Completed,0
ENG-01058,Sprint 4,2026-01-21,2026-01-21,Completed,0
ENG-01058,Sprint 5,2026-02-21,2026-02-21,Completed,0
ENG-01058,Sprint 6,2026-03-21,2026-03-21,Completed,0
ENG-01058,Sprint 7,2026-04-21,2026-04-21,Completed,0
ENG-01058,Sprint 8,2026-05-21,2026-05-25,Delayed,4
ENG-01058,Sprint 9,2026-06-21,2026-06-21,Completed,0
ENG-01058,Sprint 10,2026-07-21,2026-07-22,Completed,1
ENG-01058,Sprint 11,2026-08-21,2026-08-23,Completed,2
ENG-01059,Sprint 1,2026-04-21,2026-04-25,Delayed,4
ENG-01059,Sprint 2,2026-05-21,2026-05-23,Completed,2
ENG-01059,Sprint 3,2026-06-21,2026-06-22,Completed,1
ENG-01059,Sprint 4,2026-07-21,2026-07-28,Delayed,7
ENG-01059,Sprint 5,2026-08-21,2026-08-22,Completed,1
ENG-01060,Sprint 1,2024-11-21,2024-11-21,Completed,0
ENG-01060,Sprint 2,2024-12-21,2024-12-21,Completed,0
ENG-01060,Sprint 3,2025-01-21,2025-01-21,Completed,0
ENG-01060,Sprint 4,2025-02-21,2025-02-21,Completed,0
ENG-01060,Sprint 5,2025-03-21,2025-03-21,Completed,0
ENG-01060,Sprint 6,2025-04-21,2025-04-23,Completed,2
ENG-01060,Sprint 7,2025-05-21,2025-05-23,Completed,2
ENG-01060,Sprint 8,2025-06-21,2025-06-21,Completed,0
ENG-01061,Sprint 1,2025-05-21,2025-05-21,Completed,0
ENG-01061,Sprint 2,2025-06-21,2025-06-24,Completed,3
ENG-01061,Sprint 3,2025-07-21,2025-07-25,Delayed,4
ENG-01061,Sprint 4,2025-08-21,2025-08-27,Delayed,6
ENG-01061,Sprint 5,2025-09-21,2025-09-28,Delayed,7
ENG-01061,Sprint 6,2025-10-21,2025-10-28,Delayed,7
ENG-01061,Sprint 7,2025-11-21,2025-11-28,Delayed,7
ENG-01061,Sprint 8,2025-12-21,2025-12-29,Delayed,8
ENG-01062,Sprint 1,2024-06-21,2024-06-24,Completed,3
ENG-01062,Sprint 2,2024-07-21,2024-07-21,Completed,0
ENG-01062,Sprint 3,2024-08-21,2024-08-25,Delayed,4
ENG-01062,Sprint 4,2024-09-21,2024-09-21,Completed,0
ENG-01062,Sprint 5,2024-10-21,2024-10-23,Completed,2
ENG-01062,Sprint 6,2024-11-21,2024-11-21,Completed,0
ENG-01062,Sprint 7,2024-12-21,2024-12-22,Completed,1
ENG-01062,Sprint 8,2025-01-21,2025-01-21,Completed,0
ENG-01062,Sprint 9,2025-02-21,2025-02-21,Completed,0
ENG-01063,Sprint 1,2024-04-21,2024-04-23,Completed,2
ENG-01063,Sprint 2,2024-05-21,2024-05-24,Completed,3
ENG-01063,Sprint 3,2024-06-21,2024-06-24,Completed,3
ENG-01063,Sprint 4,2024-07-21,2024-07-24,Completed,3
ENG-01063,Sprint 5,2024-08-21,2024-08-21,Completed,0
ENG-01063,Sprint 6,2024-09-21,2024-09-21,Completed,0
ENG-01063,Sprint 7,2024-10-21,2024-10-22,Completed,1
ENG-01063,Sprint 8,2024-11-21,2024-11-24,Completed,3
ENG-01064,Sprint 1,2026-07-21,2026-07-27,Delayed,6
ENG-01064,Sprint 2,2026-08-21,2026-08-25,Delayed,4
ENG-01065,Sprint 1,2024-11-21,2024-11-21,Completed,0
ENG-01065,Sprint 2,2024-12-21,2024-12-25,Delayed,4
ENG-01065,Sprint 3,2025-01-21,2025-01-21,Completed,0
ENG-01065,Sprint 4,2025-02-21,2025-02-25,Delayed,4
ENG-01065,Sprint 5,2025-03-21,2025-03-21,Completed,0
ENG-01065,Sprint 6,2025-04-21,2025-04-21,Completed,0
ENG-01065,Sprint 7,2025-05-21,2025-05-22,Completed,1
ENG-01065,Sprint 8,2025-06-21,2025-06-21,Completed,0
ENG-01065,Sprint 9,2025-07-21,2025-07-24,Completed,3
ENG-01066,Sprint 1,2025-05-21,2025-05-22,Completed,1
ENG-01066,Sprint 2,2025-06-21,2025-06-21,Completed,0
ENG-01066,Sprint 3,2025-07-21,2025-07-21,Completed,0
ENG-01066,Sprint 4,2025-08-21,2025-08-23,Completed,2
ENG-01066,Sprint 5,2025-09-21,2025-09-21,Completed,0
ENG-01066,Sprint 6,2025-10-21,2025-10-22,Completed,1
ENG-01066,Sprint 7,2025-11-21,2025-11-26,Delayed,5
ENG-01066,Sprint 8,2025-12-21,2025-12-21,Completed,0
ENG-01067,Sprint 1,2026-07-21,2026-07-21,Completed,0
ENG-01067,Sprint 2,2026-08-21,2026-08-21,Completed,0
ENG-01068,Sprint 1,2024-09-21,2024-09-24,Completed,3
ENG-01068,Sprint 2,2024-10-21,2024-10-23,Completed,2
ENG-01068,Sprint 3,2024-11-21,2024-11-21,Completed,0
ENG-01068,Sprint 4,2024-12-21,2024-12-21,Completed,0
ENG-01068,Sprint 5,2025-01-21,2025-01-23,Completed,2
ENG-01068,Sprint 6,2025-02-21,2025-02-21,Completed,0
ENG-01068,Sprint 7,2025-03-21,2025-03-21,Completed,0
ENG-01068,Sprint 8,2025-04-21,2025-04-21,Completed,0
ENG-01068,Sprint 9,2025-05-21,2025-05-25,Delayed,4
ENG-01068,Sprint 10,2025-06-21,2025-06-21,Completed,0
ENG-01069,Sprint 1,2026-07-21,2026-07-30,Delayed,9
ENG-01069,Sprint 2,2026-08-21,2026-08-21,Completed,0
ENG-01069,Sprint 3,2026-09-21,2026-09-27,Delayed,6
ENG-01069,Sprint 4,2026-10-21,2026-10-28,Delayed,7
ENG-01069,Sprint 5,2026-11-21,2026-11-25,Delayed,4
ENG-01070,Sprint 1,2025-12-21,2025-12-26,Delayed,5
ENG-01070,Sprint 2,2026-01-21,2026-01-24,Completed,3
ENG-01070,Sprint 3,2026-02-21,2026-02-21,Completed,0
ENG-01070,Sprint 4,2026-03-21,2026-03-24,Completed,3
ENG-01070,Sprint 5,2026-04-21,2026-04-23,Completed,2
ENG-01070,Sprint 6,2026-05-21,2026-05-24,Completed,3
ENG-01070,Sprint 7,2026-06-21,2026-06-24,Completed,3
ENG-01071,Sprint 1,2024-02-21,2024-02-24,Completed,3
ENG-01071,Sprint 2,2024-03-21,2024-03-21,Completed,0
ENG-01071,Sprint 3,2024-04-21,2024-04-24,Completed,3
ENG-01071,Sprint 4,2024-05-21,2024-05-23,Completed,2
ENG-01071,Sprint 5,2024-06-21,2024-06-30,Delayed,9
ENG-01071,Sprint 6,2024-07-21,2024-07-28,Delayed,7
ENG-01072,Sprint 1,2025-12-21,2025-12-23,Completed,2
ENG-01072,Sprint 2,2026-01-21,2026-01-24,Completed,3
ENG-01072,Sprint 3,2026-02-21,2026-02-23,Completed,2
ENG-01072,Sprint 4,2026-03-21,2026-03-21,Completed,0
ENG-01072,Sprint 5,2026-04-21,2026-04-21,Completed,0
ENG-01072,Sprint 6,2026-05-21,2026-05-21,Completed,0
ENG-01072,Sprint 7,2026-06-21,2026-06-21,Completed,0
ENG-01072,Sprint 8,2026-07-21,2026-07-21,Completed,0
ENG-01072,Sprint 9,2026-08-21,2026-08-22,Completed,1
ENG-01073,Sprint 1,2025-11-21,2025-11-24,Completed,3
ENG-01073,Sprint 2,2025-12-21,2025-12-22,Completed,1
ENG-01073,Sprint 3,2026-01-21,2026-01-21,Completed,0
ENG-01073,Sprint 4,2026-02-21,2026-02-22,Completed,1
ENG-01073,Sprint 5,2026-03-21,2026-03-21,Completed,0
ENG-01073,Sprint 6,2026-04-21,2026-04-23,Completed,2
ENG-01073,Sprint 7,2026-05-21,2026-05-24,Completed,3
ENG-01073,Sprint 8,2026-06-21,2026-06-21,Completed,0
ENG-01073,Sprint 9,2026-07-21,2026-07-22,Completed,1
ENG-01073,Sprint 10,2026-08-21,2026-08-21,Completed,0
ENG-01074,Sprint 1,2025-05-21,2025-05-21,Completed,0
ENG-01074,Sprint 2,2025-06-21,2025-06-23,Completed,2
ENG-01074,Sprint 3,2025-07-21,2025-07-31,Delayed,10
ENG-01074,Sprint 4,2025-08-21,2025-08-22,Completed,1
ENG-01074,Sprint 5,2025-09-21,2025-09-24,Completed,3
ENG-01074,Sprint 6,2025-10-21,2025-10-21,Completed,0
ENG-01074,Sprint 7,2025-11-21,2025-11-24,Completed,3
ENG-01074,Sprint 8,2025-12-21,2025-12-26,Delayed,5
ENG-01074,Sprint 9,2026-01-21,2026-01-26,Delayed,5
ENG-01074,Sprint 10,2026-02-21,2026-02-23,Completed,2
ENG-01074,Sprint 11,2026-03-21,2026-03-24,Completed,3
ENG-01074,Sprint 12,2026-04-21,2026-04-21,Completed,0
ENG-01074,Sprint 13,2026-05-21,2026-05-21,Completed,0
ENG-01075,Sprint 1,2025-06-21,2025-06-23,Completed,2
ENG-01075,Sprint 2,2025-07-21,2025-07-27,Delayed,6
ENG-01075,Sprint 3,2025-08-21,2025-08-21,Completed,0
ENG-01075,Sprint 4,2025-09-21,2025-09-22,Completed,1
ENG-01075,Sprint 5,2025-10-21,2025-10-21,Completed,0
ENG-01075,Sprint 6,2025-11-21,2025-11-21,Completed,0
ENG-01075,Sprint 7,2025-12-21,2025-12-26,Delayed,5
ENG-01075,Sprint 8,2026-01-21,2026-01-25,Delayed,4
ENG-01075,Sprint 9,2026-02-21,2026-02-21,Completed,0
ENG-01076,Sprint 1,2025-09-21,2025-09-25,Delayed,4
ENG-01076,Sprint 2,2025-10-21,2025-10-25,Delayed,4
ENG-01076,Sprint 3,2025-11-21,2025-11-21,Completed,0
ENG-01076,Sprint 4,2025-12-21,2025-12-26,Delayed,5
ENG-01076,Sprint 5,2026-01-21,2026-01-22,Completed,1
ENG-01076,Sprint 6,2026-02-21,2026-02-21,Completed,0
ENG-01076,Sprint 7,2026-03-21,2026-03-21,Completed,0
ENG-01077,Sprint 1,2025-03-21,2025-03-21,Completed,0
ENG-01077,Sprint 2,2025-04-21,2025-04-21,Completed,0
ENG-01077,Sprint 3,2025-05-21,2025-05-21,Completed,0
ENG-01077,Sprint 4,2025-06-21,2025-06-21,Completed,0
ENG-01077,Sprint 5,2025-07-21,2025-07-23,Completed,2
ENG-01077,Sprint 6,2025-08-21,2025-08-23,Completed,2
ENG-01077,Sprint 7,2025-09-21,2025-09-25,Delayed,4
ENG-01077,Sprint 8,2025-10-21,2025-10-22,Completed,1
ENG-01077,Sprint 9,2025-11-21,2025-11-27,Delayed,6
ENG-01077,Sprint 10,2025-12-21,2025-12-29,Delayed,8
ENG-01078,Sprint 1,2025-03-21,2025-03-27,Delayed,6
ENG-01078,Sprint 2,2025-04-21,2025-04-27,Delayed,6
ENG-01078,Sprint 3,2025-05-21,2025-05-26,Delayed,5
ENG-01078,Sprint 4,2025-06-21,2025-06-28,Delayed,7
ENG-01078,Sprint 5,2025-07-21,2025-07-21,Completed,0
ENG-01078,Sprint 6,2025-08-21,2025-08-29,Delayed,8
ENG-01078,Sprint 7,2025-09-21,2025-09-25,Delayed,4
ENG-01078,Sprint 8,2025-10-21,2025-10-25,Delayed,4
ENG-01078,Sprint 9,2025-11-21,2025-11-28,Delayed,7
ENG-01078,Sprint 10,2025-12-21,2025-12-30,Delayed,9
ENG-01078,Sprint 11,2026-01-21,2026-02-01,Delayed,11
ENG-01079,Sprint 1,2026-08-21,2026-08-21,Completed,0
ENG-01079,Sprint 2,2026-09-21,2026-09-22,Completed,1
ENG-01079,Sprint 3,2026-10-21,2026-10-23,Completed,2
ENG-01079,Sprint 4,2026-11-21,2026-11-22,Completed,1
ENG-01079,Sprint 5,2026-12-21,2026-12-27,Delayed,6
ENG-01079,Sprint 6,2027-01-21,2027-01-28,Delayed,7
ENG-01080,Sprint 1,2026-07-21,2026-07-22,Completed,1
ENG-01080,Sprint 2,2026-08-21,2026-08-27,Delayed,6
ENG-01081,Sprint 1,2025-01-21,2025-01-21,Completed,0
ENG-01081,Sprint 2,2025-02-21,2025-02-25,Delayed,4
ENG-01081,Sprint 3,2025-03-21,2025-03-23,Completed,2
ENG-01081,Sprint 4,2025-04-21,2025-04-26,Delayed,5
ENG-01081,Sprint 5,2025-05-21,2025-05-28,Delayed,7
ENG-01081,Sprint 6,2025-06-21,2025-06-22,Completed,1
ENG-01081,Sprint 7,2025-07-21,2025-07-22,Completed,1
ENG-01081,Sprint 8,2025-08-21,2025-08-28,Delayed,7
ENG-01081,Sprint 9,2025-09-21,2025-09-26,Delayed,5
ENG-01082,Sprint 1,2024-05-21,2024-05-24,Completed,3
ENG-01082,Sprint 2,2024-06-21,2024-06-22,Completed,1
ENG-01082,Sprint 3,2024-07-21,2024-07-21,Completed,0
ENG-01082,Sprint 4,2024-08-21,2024-08-21,Completed,0
ENG-01082,Sprint 5,2024-09-21,2024-09-27,Delayed,6
ENG-01082,Sprint 6,2024-10-21,2024-10-21,Completed,0
ENG-01082,Sprint 7,2024-11-21,2024-11-24,Completed,3
ENG-01082,Sprint 8,2024-12-21,2024-12-21,Completed,0
ENG-01082,Sprint 9,2025-01-21,2025-01-23,Completed,2
ENG-01082,Sprint 10,2025-02-21,2025-02-23,Completed,2
ENG-01083,Sprint 1,2024-06-21,2024-06-26,Delayed,5
ENG-01083,Sprint 2,2024-07-21,2024-07-21,Completed,0
ENG-01083,Sprint 3,2024-08-21,2024-08-21,Completed,0
ENG-01083,Sprint 4,2024-09-21,2024-09-21,Completed,0
ENG-01083,Sprint 5,2024-10-21,2024-10-21,Completed,0
ENG-01083,Sprint 6,2024-11-21,2024-11-21,Completed,0
ENG-01083,Sprint 7,2024-12-21,2024-12-26,Delayed,5
ENG-01084,Sprint 1,2026-06-21,2026-06-26,Delayed,5
ENG-01084,Sprint 2,2026-07-21,2026-07-26,Delayed,5
ENG-01084,Sprint 3,2026-08-21,2026-08-23,Completed,2
ENG-01085,Sprint 1,2024-05-21,2024-05-23,Completed,2
ENG-01085,Sprint 2,2024-06-21,2024-06-25,Delayed,4
ENG-01085,Sprint 3,2024-07-21,2024-07-23,Completed,2
ENG-01085,Sprint 4,2024-08-21,2024-08-26,Delayed,5
ENG-01085,Sprint 5,2024-09-21,2024-09-24,Completed,3
ENG-01085,Sprint 6,2024-10-21,2024-10-22,Completed,1
ENG-01085,Sprint 7,2024-11-21,2024-11-26,Delayed,5
ENG-01085,Sprint 8,2024-12-21,2024-12-22,Completed,1
ENG-01085,Sprint 9,2025-01-21,2025-01-23,Completed,2
ENG-01085,Sprint 10,2025-02-21,2025-02-21,Completed,0
ENG-01085,Sprint 11,2025-03-21,2025-03-21,Completed,0
ENG-01085,Sprint 12,2025-04-21,2025-04-22,Completed,1
ENG-01086,Sprint 1,2025-03-21,2025-03-22,Completed,1
ENG-01086,Sprint 2,2025-04-21,2025-04-24,Completed,3
ENG-01086,Sprint 3,2025-05-21,2025-05-31,Delayed,10
ENG-01086,Sprint 4,2025-06-21,2025-06-25,Delayed,4
ENG-01086,Sprint 5,2025-07-21,2025-07-26,Delayed,5
ENG-01086,Sprint 6,2025-08-21,2025-08-24,Completed,3
ENG-01086,Sprint 7,2025-09-21,2025-09-21,Completed,0
ENG-01086,Sprint 8,2025-10-21,2025-10-21,Completed,0
ENG-01086,Sprint 9,2025-11-21,2025-11-22,Completed,1
ENG-01086,Sprint 10,2025-12-21,2025-12-21,Completed,0
ENG-01086,Sprint 11,2026-01-21,2026-01-21,Completed,0
ENG-01086,Sprint 12,2026-02-21,2026-02-22,Completed,1
ENG-01086,Sprint 13,2026-03-21,2026-03-21,Completed,0
ENG-01087,Sprint 1,2025-08-21,2025-08-21,Completed,0
ENG-01087,Sprint 2,2025-09-21,2025-09-23,Completed,2
ENG-01087,Sprint 3,2025-10-21,2025-10-21,Completed,0
ENG-01087,Sprint 4,2025-11-21,2025-11-22,Completed,1
ENG-01087,Sprint 5,2025-12-21,2025-12-26,Delayed,5
ENG-01087,Sprint 6,2026-01-21,2026-01-21,Completed,0
ENG-01087,Sprint 7,2026-02-21,2026-02-21,Completed,0
ENG-01088,Sprint 1,2026-06-21,2026-06-22,Completed,1
ENG-01088,Sprint 2,2026-07-21,2026-07-23,Completed,2
ENG-01088,Sprint 3,2026-08-21,2026-08-22,Completed,1
ENG-01089,Sprint 1,2024-09-21,2024-09-22,Completed,1
ENG-01089,Sprint 2,2024-10-21,2024-10-24,Completed,3
ENG-01089,Sprint 3,2024-11-21,2024-11-27,Delayed,6
ENG-01089,Sprint 4,2024-12-21,2024-12-28,Delayed,7
ENG-01089,Sprint 5,2025-01-21,2025-01-23,Completed,2
ENG-01089,Sprint 6,2025-02-21,2025-02-21,Completed,0
ENG-01089,Sprint 7,2025-03-21,2025-03-21,Completed,0
ENG-01089,Sprint 8,2025-04-21,2025-04-26,Delayed,5
ENG-01089,Sprint 9,2025-05-21,2025-05-24,Completed,3
ENG-01089,Sprint 10,2025-06-21,2025-06-21,Completed,0
ENG-01089,Sprint 11,2025-07-21,2025-07-21,Completed,0
ENG-01090,Sprint 1,2026-03-21,2026-03-26,Delayed,5
ENG-01090,Sprint 2,2026-04-21,2026-04-21,Completed,0
ENG-01090,Sprint 3,2026-05-21,2026-05-29,Delayed,8
ENG-01090,Sprint 4,2026-06-21,2026-06-24,Completed,3
ENG-01090,Sprint 5,2026-07-21,2026-07-25,Delayed,4
ENG-01090,Sprint 6,2026-08-21,2026-08-21,Completed,0
ENG-01091,Sprint 1,2024-08-21,2024-08-28,Delayed,7
ENG-01091,Sprint 2,2024-09-21,2024-09-27,Delayed,6
ENG-01091,Sprint 3,2024-10-21,2024-10-23,Completed,2
ENG-01091,Sprint 4,2024-11-21,2024-11-21,Completed,0
ENG-01091,Sprint 5,2024-12-21,2024-12-24,Completed,3
ENG-01091,Sprint 6,2025-01-21,2025-01-24,Completed,3
ENG-01091,Sprint 7,2025-02-21,2025-02-23,Completed,2
ENG-01091,Sprint 8,2025-03-21,2025-03-23,Completed,2
ENG-01092,Sprint 1,2024-11-21,2024-11-26,Delayed,5
ENG-01092,Sprint 2,2024-12-21,2024-12-23,Completed,2
ENG-01092,Sprint 3,2025-01-21,2025-01-26,Delayed,5
ENG-01092,Sprint 4,2025-02-21,2025-02-21,Completed,0
ENG-01092,Sprint 5,2025-03-21,2025-03-24,Completed,3
ENG-01092,Sprint 6,2025-04-21,2025-04-22,Completed,1
ENG-01092,Sprint 7,2025-05-21,2025-05-21,Completed,0
ENG-01093,Sprint 1,2025-05-21,2025-05-21,Completed,0
ENG-01093,Sprint 2,2025-06-21,2025-06-23,Completed,2
ENG-01093,Sprint 3,2025-07-21,2025-07-24,Completed,3
ENG-01093,Sprint 4,2025-08-21,2025-08-24,Completed,3
ENG-01093,Sprint 5,2025-09-21,2025-09-21,Completed,0
ENG-01093,Sprint 6,2025-10-21,2025-10-22,Completed,1
ENG-01093,Sprint 7,2025-11-21,2025-11-21,Completed,0
ENG-01093,Sprint 8,2025-12-21,2025-12-21,Completed,0
ENG-01093,Sprint 9,2026-01-21,2026-01-21,Completed,0
ENG-01093,Sprint 10,2026-02-21,2026-02-21,Completed,0
ENG-01093,Sprint 11,2026-03-21,2026-03-21,Completed,0
ENG-01093,Sprint 12,2026-04-21,2026-04-25,Delayed,4
ENG-01094,Sprint 1,2024-03-21,2024-03-23,Completed,2
ENG-01094,Sprint 2,2024-04-21,2024-04-21,Completed,0
ENG-01094,Sprint 3,2024-05-21,2024-05-25,Delayed,4
ENG-01094,Sprint 4,2024-06-21,2024-06-23,Completed,2
ENG-01094,Sprint 5,2024-07-21,2024-07-24,Completed,3
ENG-01094,Sprint 6,2024-08-21,2024-08-27,Delayed,6
ENG-01094,Sprint 7,2024-09-21,2024-09-22,Completed,1
ENG-01094,Sprint 8,2024-10-21,2024-10-21,Completed,0
ENG-01094,Sprint 9,2024-11-21,2024-11-26,Delayed,5
ENG-01094,Sprint 10,2024-12-21,2024-12-26,Delayed,5
ENG-01095,Sprint 1,2025-09-21,2025-09-27,Delayed,6
ENG-01095,Sprint 2,2025-10-21,2025-10-23,Completed,2
ENG-01095,Sprint 3,2025-11-21,2025-11-22,Completed,1
ENG-01095,Sprint 4,2025-12-21,2025-12-23,Completed,2
ENG-01095,Sprint 5,2026-01-21,2026-01-21,Completed,0
ENG-01095,Sprint 6,2026-02-21,2026-02-21,Completed,0
ENG-01095,Sprint 7,2026-03-21,2026-03-25,Delayed,4
ENG-01096,Sprint 1,2024-10-21,2024-10-25,Delayed,4
ENG-01096,Sprint 2,2024-11-21,2024-11-21,Completed,0
ENG-01096,Sprint 3,2024-12-21,2024-12-22,Completed,1
ENG-01096,Sprint 4,2025-01-21,2025-01-23,Completed,2
ENG-01096,Sprint 5,2025-02-21,2025-02-26,Delayed,5
ENG-01096,Sprint 6,2025-03-21,2025-03-22,Completed,1
ENG-01096,Sprint 7,2025-04-21,2025-04-21,Completed,0
ENG-01097,Sprint 1,2025-03-21,2025-03-27,Delayed,6
ENG-01097,Sprint 2,2025-04-21,2025-04-23,Completed,2
ENG-01097,Sprint 3,2025-05-21,2025-05-23,Completed,2
ENG-01097,Sprint 4,2025-06-21,2025-06-22,Completed,1
ENG-01097,Sprint 5,2025-07-21,2025-07-21,Completed,0
ENG-01097,Sprint 6,2025-08-21,2025-08-21,Completed,0
ENG-01097,Sprint 7,2025-09-21,2025-09-28,Delayed,7
ENG-01097,Sprint 8,2025-10-21,2025-10-22,Completed,1
ENG-01097,Sprint 9,2025-11-21,2025-11-24,Completed,3
ENG-01097,Sprint 10,2025-12-21,2025-12-22,Completed,1
ENG-01097,Sprint 11,2026-01-21,2026-01-21,Completed,0
ENG-01097,Sprint 12,2026-02-21,2026-02-21,Completed,0
ENG-01097,Sprint 13,2026-03-21,2026-03-25,Delayed,4
ENG-01098,Sprint 1,2024-06-21,2024-06-25,Delayed,4
ENG-01098,Sprint 2,2024-07-21,2024-07-27,Delayed,6
ENG-01098,Sprint 3,2024-08-21,2024-08-22,Completed,1
ENG-01098,Sprint 4,2024-09-21,2024-09-24,Completed,3
ENG-01098,Sprint 5,2024-10-21,2024-10-21,Completed,0
ENG-01098,Sprint 6,2024-11-21,2024-11-21,Completed,0
ENG-01098,Sprint 7,2024-12-21,2024-12-25,Delayed,4
ENG-01098,Sprint 8,2025-01-21,2025-01-26,Delayed,5
ENG-01098,Sprint 9,2025-02-21,2025-03-03,Delayed,10
ENG-01099,Sprint 1,2024-04-21,2024-04-25,Delayed,4
ENG-01099,Sprint 2,2024-05-21,2024-05-21,Completed,0
ENG-01099,Sprint 3,2024-06-21,2024-06-27,Delayed,6
ENG-01099,Sprint 4,2024-07-21,2024-07-21,Completed,0
ENG-01099,Sprint 5,2024-08-21,2024-08-27,Delayed,6
ENG-01099,Sprint 6,2024-09-21,2024-09-26,Delayed,5
ENG-01099,Sprint 7,2024-10-21,2024-10-23,Completed,2
ENG-01100,Sprint 1,2025-10-21,2025-10-24,Completed,3
ENG-01100,Sprint 2,2025-11-21,2025-11-25,Delayed,4
ENG-01100,Sprint 3,2025-12-21,2025-12-24,Completed,3
ENG-01100,Sprint 4,2026-01-21,2026-01-26,Delayed,5
ENG-01100,Sprint 5,2026-02-21,2026-02-23,Completed,2
ENG-01100,Sprint 6,2026-03-21,2026-04-01,Delayed,11
ENG-01100,Sprint 7,2026-04-21,2026-05-02,Delayed,11
ENG-01101,Sprint 1,2025-05-21,2025-05-26,Delayed,5
ENG-01101,Sprint 2,2025-06-21,2025-06-26,Delayed,5
ENG-01101,Sprint 3,2025-07-21,2025-07-21,Completed,0
ENG-01101,Sprint 4,2025-08-21,2025-08-28,Delayed,7
ENG-01101,Sprint 5,2025-09-21,2025-09-23,Completed,2
ENG-01101,Sprint 6,2025-10-21,2025-10-24,Completed,3
ENG-01101,Sprint 7,2025-11-21,2025-11-21,Completed,0
ENG-01102,Sprint 1,2025-12-21,2025-12-21,Completed,0
ENG-01102,Sprint 2,2026-01-21,2026-01-25,Delayed,4
ENG-01102,Sprint 3,2026-02-21,2026-02-21,Completed,0
ENG-01102,Sprint 4,2026-03-21,2026-03-23,Completed,2
ENG-01102,Sprint 5,2026-04-21,2026-04-21,Completed,0
ENG-01102,Sprint 6,2026-05-21,2026-05-21,Completed,0
ENG-01102,Sprint 7,2026-06-21,2026-06-28,Delayed,7
ENG-01102,Sprint 8,2026-07-21,2026-07-21,Completed,0
ENG-01102,Sprint 9,2026-08-21,2026-08-21,Completed,0
ENG-01103,Sprint 1,2026-07-21,2026-07-21,Completed,0
ENG-01103,Sprint 2,2026-08-21,2026-08-25,Delayed,4
ENG-01104,Sprint 1,2024-04-21,2024-04-27,Delayed,6
ENG-01104,Sprint 2,2024-05-21,2024-05-25,Delayed,4
ENG-01104,Sprint 3,2024-06-21,2024-06-21,Completed,0
ENG-01104,Sprint 4,2024-07-21,2024-07-23,Completed,2
ENG-01104,Sprint 5,2024-08-21,2024-08-27,Delayed,6
ENG-01104,Sprint 6,2024-09-21,2024-09-28,Delayed,7
ENG-01104,Sprint 7,2024-10-21,2024-10-24,Completed,3
ENG-01105,Sprint 1,2026-01-21,2026-01-22,Completed,1
ENG-01105,Sprint 2,2026-02-21,2026-02-22,Completed,1
ENG-01105,Sprint 3,2026-03-21,2026-03-28,Delayed,7
ENG-01105,Sprint 4,2026-04-21,2026-04-21,Completed,0
ENG-01105,Sprint 5,2026-05-21,2026-05-22,Completed,1
ENG-01105,Sprint 6,2026-06-21,2026-06-21,Completed,0
ENG-01105,Sprint 7,2026-07-21,2026-07-22,Completed,1
ENG-01105,Sprint 8,2026-08-21,2026-08-30,Delayed,9
ENG-01106,Sprint 1,2025-03-21,2025-03-21,Completed,0
ENG-01106,Sprint 2,2025-04-21,2025-04-21,Completed,0
ENG-01106,Sprint 3,2025-05-21,2025-05-27,Delayed,6
ENG-01106,Sprint 4,2025-06-21,2025-06-24,Completed,3
ENG-01106,Sprint 5,2025-07-21,2025-07-21,Completed,0
ENG-01106,Sprint 6,2025-08-21,2025-08-25,Delayed,4
ENG-01106,Sprint 7,2025-09-21,2025-09-21,Completed,0
ENG-01106,Sprint 8,2025-10-21,2025-10-21,Completed,0
ENG-01106,Sprint 9,2025-11-21,2025-11-23,Completed,2
ENG-01107,Sprint 1,2025-05-21,2025-05-21,Completed,0
ENG-01107,Sprint 2,2025-06-21,2025-06-22,Completed,1
ENG-01107,Sprint 3,2025-07-21,2025-07-21,Completed,0
ENG-01107,Sprint 4,2025-08-21,2025-08-21,Completed,0
ENG-01107,Sprint 5,2025-09-21,2025-09-21,Completed,0
ENG-01107,Sprint 6,2025-10-21,2025-10-21,Completed,0
ENG-01107,Sprint 7,2025-11-21,2025-11-23,Completed,2
ENG-01107,Sprint 8,2025-12-21,2025-12-25,Delayed,4
ENG-01107,Sprint 9,2026-01-21,2026-01-21,Completed,0
ENG-01107,Sprint 10,2026-02-21,2026-02-22,Completed,1
ENG-01107,Sprint 11,2026-03-21,2026-03-25,Delayed,4
ENG-01108,Sprint 1,2024-07-21,2024-07-25,Delayed,4
ENG-01108,Sprint 2,2024-08-21,2024-08-23,Completed,2
ENG-01108,Sprint 3,2024-09-21,2024-09-21,Completed,0
ENG-01108,Sprint 4,2024-10-21,2024-10-21,Completed,0
ENG-01108,Sprint 5,2024-11-21,2024-11-21,Completed,0
ENG-01108,Sprint 6,2024-12-21,2024-12-22,Completed,1
ENG-01108,Sprint 7,2025-01-21,2025-01-21,Completed,0
ENG-01108,Sprint 8,2025-02-21,2025-02-21,Completed,0
ENG-01109,Sprint 1,2024-01-21,2024-01-24,Completed,3
ENG-01109,Sprint 2,2024-02-21,2024-02-21,Completed,0
ENG-01109,Sprint 3,2024-03-21,2024-03-23,Completed,2
ENG-01109,Sprint 4,2024-04-21,2024-04-26,Delayed,5
ENG-01109,Sprint 5,2024-05-21,2024-05-24,Completed,3
ENG-01109,Sprint 6,2024-06-21,2024-06-21,Completed,0
ENG-01109,Sprint 7,2024-07-21,2024-07-23,Completed,2
ENG-01109,Sprint 8,2024-08-21,2024-08-21,Completed,0
ENG-01109,Sprint 9,2024-09-21,2024-09-23,Completed,2
ENG-01109,Sprint 10,2024-10-21,2024-10-22,Completed,1
ENG-01109,Sprint 11,2024-11-21,2024-11-21,Completed,0
ENG-01109,Sprint 12,2024-12-21,2024-12-28,Delayed,7
ENG-01110,Sprint 1,2025-01-21,2025-01-24,Completed,3
ENG-01110,Sprint 2,2025-02-21,2025-02-25,Delayed,4
ENG-01110,Sprint 3,2025-03-21,2025-03-27,Delayed,6
ENG-01110,Sprint 4,2025-04-21,2025-04-24,Completed,3
ENG-01110,Sprint 5,2025-05-21,2025-05-26,Delayed,5
ENG-01110,Sprint 6,2025-06-21,2025-06-23,Completed,2
ENG-01110,Sprint 7,2025-07-21,2025-07-29,Delayed,8
ENG-01110,Sprint 8,2025-08-21,2025-08-28,Delayed,7
ENG-01111,Sprint 1,2024-01-21,2024-01-22,Completed,1
ENG-01111,Sprint 2,2024-02-21,2024-02-21,Completed,0
ENG-01111,Sprint 3,2024-03-21,2024-03-22,Completed,1
ENG-01111,Sprint 4,2024-04-21,2024-04-23,Completed,2
ENG-01111,Sprint 5,2024-05-21,2024-05-24,Completed,3
ENG-01111,Sprint 6,2024-06-21,2024-06-21,Completed,0
ENG-01111,Sprint 7,2024-07-21,2024-07-22,Completed,1
ENG-01111,Sprint 8,2024-08-21,2024-08-24,Completed,3
ENG-01111,Sprint 9,2024-09-21,2024-09-24,Completed,3
ENG-01112,Sprint 1,2025-02-21,2025-02-26,Delayed,5
ENG-01112,Sprint 2,2025-03-21,2025-03-26,Delayed,5
ENG-01112,Sprint 3,2025-04-21,2025-04-25,Delayed,4
ENG-01112,Sprint 4,2025-05-21,2025-05-21,Completed,0
ENG-01112,Sprint 5,2025-06-21,2025-06-25,Delayed,4
ENG-01112,Sprint 6,2025-07-21,2025-07-21,Completed,0
ENG-01112,Sprint 7,2025-08-21,2025-08-31,Delayed,10
ENG-01112,Sprint 8,2025-09-21,2025-09-23,Completed,2
ENG-01112,Sprint 9,2025-10-21,2025-10-26,Delayed,5
ENG-01112,Sprint 10,2025-11-21,2025-11-21,Completed,0
ENG-01112,Sprint 11,2025-12-21,2025-12-23,Completed,2
ENG-01112,Sprint 12,2026-01-21,2026-01-23,Completed,2
ENG-01113,Sprint 1,2025-09-21,2025-09-22,Completed,1
ENG-01113,Sprint 2,2025-10-21,2025-10-21,Completed,0
ENG-01113,Sprint 3,2025-11-21,2025-11-23,Completed,2
ENG-01113,Sprint 4,2025-12-21,2025-12-27,Delayed,6
ENG-01113,Sprint 5,2026-01-21,2026-01-21,Completed,0
ENG-01113,Sprint 6,2026-02-21,2026-02-21,Completed,0
ENG-01113,Sprint 7,2026-03-21,2026-03-21,Completed,0
ENG-01113,Sprint 8,2026-04-21,2026-04-21,Completed,0
ENG-01113,Sprint 9,2026-05-21,2026-05-21,Completed,0
ENG-01114,Sprint 1,2026-02-21,2026-03-01,Delayed,8
ENG-01114,Sprint 2,2026-03-21,2026-03-21,Completed,0
ENG-01114,Sprint 3,2026-04-21,2026-04-22,Completed,1
ENG-01114,Sprint 4,2026-05-21,2026-05-28,Delayed,7
ENG-01114,Sprint 5,2026-06-21,2026-06-23,Completed,2
ENG-01114,Sprint 6,2026-07-21,2026-07-23,Completed,2
ENG-01114,Sprint 7,2026-08-21,2026-08-29,Delayed,8
ENG-01115,Sprint 1,2024-09-21,2024-09-21,Completed,0
ENG-01115,Sprint 2,2024-10-21,2024-10-21,Completed,0
ENG-01115,Sprint 3,2024-11-21,2024-11-25,Delayed,4
ENG-01115,Sprint 4,2024-12-21,2024-12-26,Delayed,5
ENG-01115,Sprint 5,2025-01-21,2025-01-22,Completed,1
ENG-01115,Sprint 6,2025-02-21,2025-02-21,Completed,0
ENG-01115,Sprint 7,2025-03-21,2025-03-23,Completed,2
ENG-01115,Sprint 8,2025-04-21,2025-04-23,Completed,2
ENG-01115,Sprint 9,2025-05-21,2025-05-30,Delayed,9
ENG-01115,Sprint 10,2025-06-21,2025-06-21,Completed,0
ENG-01116,Sprint 1,2025-04-21,2025-04-25,Delayed,4
ENG-01116,Sprint 2,2025-05-21,2025-05-21,Completed,0
ENG-01116,Sprint 3,2025-06-21,2025-06-21,Completed,0
ENG-01116,Sprint 4,2025-07-21,2025-07-21,Completed,0
ENG-01116,Sprint 5,2025-08-21,2025-08-27,Delayed,6
ENG-01116,Sprint 6,2025-09-21,2025-09-24,Completed,3
ENG-01116,Sprint 7,2025-10-21,2025-10-22,Completed,1
ENG-01116,Sprint 8,2025-11-21,2025-11-24,Completed,3
ENG-01116,Sprint 9,2025-12-21,2025-12-22,Completed,1
ENG-01116,Sprint 10,2026-01-21,2026-01-24,Completed,3
ENG-01117,Sprint 1,2026-01-21,2026-01-26,Delayed,5
ENG-01117,Sprint 2,2026-02-21,2026-02-24,Completed,3
ENG-01117,Sprint 3,2026-03-21,2026-03-27,Delayed,6
ENG-01117,Sprint 4,2026-04-21,2026-04-22,Completed,1
ENG-01117,Sprint 5,2026-05-21,2026-05-22,Completed,1
ENG-01118,Sprint 1,2024-03-21,2024-03-25,Delayed,4
ENG-01118,Sprint 2,2024-04-21,2024-04-22,Completed,1
ENG-01118,Sprint 3,2024-05-21,2024-05-23,Completed,2
ENG-01118,Sprint 4,2024-06-21,2024-06-21,Completed,0
ENG-01118,Sprint 5,2024-07-21,2024-07-21,Completed,0
ENG-01118,Sprint 6,2024-08-21,2024-08-21,Completed,0
ENG-01118,Sprint 7,2024-09-21,2024-09-21,Completed,0
ENG-01118,Sprint 8,2024-10-21,2024-10-23,Completed,2
ENG-01118,Sprint 9,2024-11-21,2024-11-23,Completed,2
ENG-01118,Sprint 10,2024-12-21,2024-12-27,Delayed,6
ENG-01119,Sprint 1,2024-11-21,2024-11-21,Completed,0
ENG-01119,Sprint 2,2024-12-21,2024-12-25,Delayed,4
ENG-01119,Sprint 3,2025-01-21,2025-01-21,Completed,0
ENG-01119,Sprint 4,2025-02-21,2025-02-21,Completed,0
ENG-01119,Sprint 5,2025-03-21,2025-03-21,Completed,0
ENG-01119,Sprint 6,2025-04-21,2025-04-23,Completed,2
ENG-01119,Sprint 7,2025-05-21,2025-05-25,Delayed,4
ENG-01120,Sprint 1,2025-04-21,2025-04-21,Completed,0
ENG-01120,Sprint 2,2025-05-21,2025-05-21,Completed,0
ENG-01120,Sprint 3,2025-06-21,2025-06-21,Completed,0
ENG-01120,Sprint 4,2025-07-21,2025-07-23,Completed,2
ENG-01120,Sprint 5,2025-08-21,2025-08-21,Completed,0
ENG-01120,Sprint 6,2025-09-21,2025-09-21,Completed,0
ENG-01120,Sprint 7,2025-10-21,2025-10-25,Delayed,4
ENG-01120,Sprint 8,2025-11-21,2025-11-21,Completed,0
ENG-01120,Sprint 9,2025-12-21,2025-12-28,Delayed,7
ENG-01120,Sprint 10,2026-01-21,2026-01-22,Completed,1
ENG-01120,Sprint 11,2026-02-21,2026-03-01,Delayed,8
ENG-01120,Sprint 12,2026-03-21,2026-03-24,Completed,3
ENG-01121,Sprint 1,2024-02-21,2024-02-25,Delayed,4
ENG-01121,Sprint 2,2024-03-21,2024-03-24,Completed,3
ENG-01121,Sprint 3,2024-04-21,2024-04-24,Completed,3
ENG-01121,Sprint 4,2024-05-21,2024-05-27,Delayed,6
ENG-01121,Sprint 5,2024-06-21,2024-06-21,Completed,0
ENG-01121,Sprint 6,2024-07-21,2024-07-26,Delayed,5
ENG-01121,Sprint 7,2024-08-21,2024-08-22,Completed,1
ENG-01121,Sprint 8,2024-09-21,2024-09-25,Delayed,4
ENG-01121,Sprint 9,2024-10-21,2024-10-23,Completed,2
ENG-01121,Sprint 10,2024-11-21,2024-11-24,Completed,3
ENG-01121,Sprint 11,2024-12-21,2024-12-25,Delayed,4
ENG-01121,Sprint 12,2025-01-21,2025-01-21,Completed,0
ENG-01122,Sprint 1,2024-01-21,2024-01-24,Completed,3
ENG-01122,Sprint 2,2024-02-21,2024-02-24,Completed,3
ENG-01122,Sprint 3,2024-03-21,2024-03-25,Delayed,4
ENG-01122,Sprint 4,2024-04-21,2024-04-24,Completed,3
ENG-01122,Sprint 5,2024-05-21,2024-05-21,Completed,0
ENG-01122,Sprint 6,2024-06-21,2024-06-21,Completed,0
ENG-01122,Sprint 7,2024-07-21,2024-07-21,Completed,0
ENG-01122,Sprint 8,2024-08-21,2024-08-26,Delayed,5
ENG-01122,Sprint 9,2024-09-21,2024-09-27,Delayed,6
ENG-01122,Sprint 10,2024-10-21,2024-10-21,Completed,0
ENG-01123,Sprint 1,2026-05-21,2026-05-21,Completed,0
ENG-01123,Sprint 2,2026-06-21,2026-06-22,Completed,1
ENG-01123,Sprint 3,2026-07-21,2026-07-22,Completed,1
ENG-01123,Sprint 4,2026-08-21,2026-08-21,Completed,0
ENG-01124,Sprint 1,2024-03-21,2024-03-21,Completed,0
ENG-01124,Sprint 2,2024-04-21,2024-04-21,Completed,0
ENG-01124,Sprint 3,2024-05-21,2024-05-22,Completed,1
ENG-01124,Sprint 4,2024-06-21,2024-06-26,Delayed,5
ENG-01124,Sprint 5,2024-07-21,2024-07-25,Delayed,4
ENG-01124,Sprint 6,2024-08-21,2024-08-29,Delayed,8
ENG-01124,Sprint 7,2024-09-21,2024-09-23,Completed,2
ENG-01124,Sprint 8,2024-10-21,2024-10-27,Delayed,6
ENG-01125,Sprint 1,2026-03-21,2026-03-21,Completed,0
ENG-01125,Sprint 2,2026-04-21,2026-04-22,Completed,1
ENG-01125,Sprint 3,2026-05-21,2026-05-28,Delayed,7
ENG-01125,Sprint 4,2026-06-21,2026-06-21,Completed,0
ENG-01125,Sprint 5,2026-07-21,2026-07-21,Completed,0
ENG-01125,Sprint 6,2026-08-21,2026-08-22,Completed,1
ENG-01126,Sprint 1,2026-06-21,2026-06-21,Completed,0
ENG-01126,Sprint 2,2026-07-21,2026-07-24,Completed,3
ENG-01126,Sprint 3,2026-08-21,2026-08-26,Delayed,5
ENG-01127,Sprint 1,2025-10-21,2025-10-31,Delayed,10
ENG-01127,Sprint 2,2025-11-21,2025-11-21,Completed,0
ENG-01127,Sprint 3,2025-12-21,2025-12-29,Delayed,8
ENG-01127,Sprint 4,2026-01-21,2026-01-26,Delayed,5
ENG-01127,Sprint 5,2026-02-21,2026-02-21,Completed,0
ENG-01127,Sprint 6,2026-03-21,2026-03-21,Completed,0
ENG-01127,Sprint 7,2026-04-21,2026-04-27,Delayed,6
ENG-01127,Sprint 8,2026-05-21,2026-05-25,Delayed,4
ENG-01128,Sprint 1,2025-02-21,2025-02-21,Completed,0
ENG-01128,Sprint 2,2025-03-21,2025-03-22,Completed,1
ENG-01128,Sprint 3,2025-04-21,2025-04-25,Delayed,4
ENG-01128,Sprint 4,2025-05-21,2025-05-25,Delayed,4
ENG-01128,Sprint 5,2025-06-21,2025-06-21,Completed,0
ENG-01128,Sprint 6,2025-07-21,2025-07-21,Completed,0
ENG-01128,Sprint 7,2025-08-21,2025-08-25,Delayed,4
ENG-01128,Sprint 8,2025-09-21,2025-09-21,Completed,0
ENG-01128,Sprint 9,2025-10-21,2025-10-25,Delayed,4
ENG-01128,Sprint 10,2025-11-21,2025-11-21,Completed,0
ENG-01128,Sprint 11,2025-12-21,2025-12-24,Completed,3
ENG-01128,Sprint 12,2026-01-21,2026-01-21,Completed,0
ENG-01128,Sprint 13,2026-02-21,2026-02-26,Delayed,5
ENG-01129,Sprint 1,2024-09-21,2024-09-22,Completed,1
ENG-01129,Sprint 2,2024-10-21,2024-10-22,Completed,1
ENG-01129,Sprint 3,2024-11-21,2024-11-23,Completed,2
ENG-01129,Sprint 4,2024-12-21,2024-12-24,Completed,3
ENG-01129,Sprint 5,2025-01-21,2025-01-23,Completed,2
ENG-01129,Sprint 6,2025-02-21,2025-02-23,Completed,2
ENG-01130,Sprint 1,2025-05-21,2025-05-23,Completed,2
ENG-01130,Sprint 2,2025-06-21,2025-06-21,Completed,0
ENG-01130,Sprint 3,2025-07-21,2025-07-30,Delayed,9
ENG-01130,Sprint 4,2025-08-21,2025-09-04,Delayed,14
ENG-01131,Sprint 1,2025-09-21,2025-09-25,Delayed,4
ENG-01131,Sprint 2,2025-10-21,2025-10-24,Completed,3
ENG-01131,Sprint 3,2025-11-21,2025-11-21,Completed,0
ENG-01131,Sprint 4,2025-12-21,2025-12-21,Completed,0
ENG-01131,Sprint 5,2026-01-21,2026-01-21,Completed,0
ENG-01131,Sprint 6,2026-02-21,2026-02-21,Completed,0
ENG-01131,Sprint 7,2026-03-21,2026-03-25,Delayed,4
ENG-01131,Sprint 8,2026-04-21,2026-04-22,Completed,1
ENG-01131,Sprint 9,2026-05-21,2026-05-23,Completed,2
ENG-01132,Sprint 1,2025-05-21,2025-05-23,Completed,2
ENG-01132,Sprint 2,2025-06-21,2025-06-25,Delayed,4
ENG-01132,Sprint 3,2025-07-21,2025-07-21,Completed,0
ENG-01132,Sprint 4,2025-08-21,2025-08-25,Delayed,4
ENG-01132,Sprint 5,2025-09-21,2025-09-21,Completed,0
ENG-01132,Sprint 6,2025-10-21,2025-10-22,Completed,1
ENG-01132,Sprint 7,2025-11-21,2025-11-25,Delayed,4
ENG-01132,Sprint 8,2025-12-21,2025-12-23,Completed,2
ENG-01132,Sprint 9,2026-01-21,2026-01-24,Completed,3
ENG-01133,Sprint 1,2025-08-21,2025-08-22,Completed,1
ENG-01133,Sprint 2,2025-09-21,2025-09-21,Completed,0
ENG-01133,Sprint 3,2025-10-21,2025-10-24,Completed,3
ENG-01133,Sprint 4,2025-11-21,2025-11-24,Completed,3
ENG-01133,Sprint 5,2025-12-21,2025-12-21,Completed,0
ENG-01133,Sprint 6,2026-01-21,2026-01-22,Completed,1
ENG-01133,Sprint 7,2026-02-21,2026-02-25,Delayed,4
ENG-01134,Sprint 1,2024-02-21,2024-02-22,Completed,1
ENG-01134,Sprint 2,2024-03-21,2024-03-23,Completed,2
ENG-01134,Sprint 3,2024-04-21,2024-04-29,Delayed,8
ENG-01134,Sprint 4,2024-05-21,2024-06-02,Delayed,12
ENG-01135,Sprint 1,2024-05-21,2024-05-23,Completed,2
ENG-01135,Sprint 2,2024-06-21,2024-07-03,Delayed,12
ENG-01135,Sprint 3,2024-07-21,2024-07-22,Completed,1
ENG-01135,Sprint 4,2024-08-21,2024-08-23,Completed,2
ENG-01135,Sprint 5,2024-09-21,2024-09-22,Completed,1
ENG-01135,Sprint 6,2024-10-21,2024-10-22,Completed,1
ENG-01135,Sprint 7,2024-11-21,2024-11-25,Delayed,4
ENG-01135,Sprint 8,2024-12-21,2024-12-26,Delayed,5
ENG-01136,Sprint 1,2024-05-21,2024-05-24,Completed,3
ENG-01136,Sprint 2,2024-06-21,2024-06-21,Completed,0
ENG-01136,Sprint 3,2024-07-21,2024-07-21,Completed,0
ENG-01136,Sprint 4,2024-08-21,2024-08-21,Completed,0
ENG-01136,Sprint 5,2024-09-21,2024-09-24,Completed,3
ENG-01136,Sprint 6,2024-10-21,2024-10-21,Completed,0
ENG-01136,Sprint 7,2024-11-21,2024-11-21,Completed,0
ENG-01136,Sprint 8,2024-12-21,2024-12-27,Delayed,6
ENG-01136,Sprint 9,2025-01-21,2025-01-25,Delayed,4
ENG-01136,Sprint 10,2025-02-21,2025-02-21,Completed,0
ENG-01137,Sprint 1,2025-10-21,2025-10-23,Completed,2
ENG-01137,Sprint 2,2025-11-21,2025-11-22,Completed,1
ENG-01137,Sprint 3,2025-12-21,2025-12-23,Completed,2
ENG-01137,Sprint 4,2026-01-21,2026-01-25,Delayed,4
ENG-01137,Sprint 5,2026-02-21,2026-02-21,Completed,0
ENG-01137,Sprint 6,2026-03-21,2026-03-31,Delayed,10
ENG-01137,Sprint 7,2026-04-21,2026-04-26,Delayed,5
ENG-01137,Sprint 8,2026-05-21,2026-05-23,Completed,2
ENG-01137,Sprint 9,2026-06-21,2026-06-21,Completed,0
ENG-01138,Sprint 1,2026-05-21,2026-05-26,Delayed,5
ENG-01138,Sprint 2,2026-06-21,2026-06-26,Delayed,5
ENG-01138,Sprint 3,2026-07-21,2026-07-21,Completed,0
ENG-01138,Sprint 4,2026-08-21,2026-08-23,Completed,2
ENG-01139,Sprint 1,2026-04-21,2026-04-27,Delayed,6
ENG-01139,Sprint 2,2026-05-21,2026-05-21,Completed,0
ENG-01139,Sprint 3,2026-06-21,2026-06-21,Completed,0
ENG-01139,Sprint 4,2026-07-21,2026-07-24,Completed,3
ENG-01139,Sprint 5,2026-08-21,2026-08-21,Completed,0
ENG-01140,Sprint 1,2024-09-21,2024-09-24,Completed,3
ENG-01140,Sprint 2,2024-10-21,2024-10-24,Completed,3
ENG-01140,Sprint 3,2024-11-21,2024-11-21,Completed,0
ENG-01140,Sprint 4,2024-12-21,2024-12-25,Delayed,4
ENG-01140,Sprint 5,2025-01-21,2025-01-23,Completed,2
ENG-01140,Sprint 6,2025-02-21,2025-02-21,Completed,0
ENG-01140,Sprint 7,2025-03-21,2025-03-25,Delayed,4
ENG-01140,Sprint 8,2025-04-21,2025-04-26,Delayed,5
ENG-01140,Sprint 9,2025-05-21,2025-05-25,Delayed,4
ENG-01141,Sprint 1,2025-09-21,2025-09-21,Completed,0
ENG-01141,Sprint 2,2025-10-21,2025-10-27,Delayed,6
ENG-01141,Sprint 3,2025-11-21,2025-11-21,Completed,0
ENG-01141,Sprint 4,2025-12-21,2025-12-27,Delayed,6
ENG-01141,Sprint 5,2026-01-21,2026-01-27,Delayed,6
ENG-01141,Sprint 6,2026-02-21,2026-03-01,Delayed,8
ENG-01141,Sprint 7,2026-03-21,2026-03-22,Completed,1
ENG-01141,Sprint 8,2026-04-21,2026-04-30,Delayed,9
ENG-01142,Sprint 1,2026-08-21,2026-08-22,Completed,1
ENG-01143,Sprint 1,2024-09-21,2024-09-21,Completed,0
ENG-01143,Sprint 2,2024-10-21,2024-10-23,Completed,2
ENG-01143,Sprint 3,2024-11-21,2024-11-21,Completed,0
ENG-01143,Sprint 4,2024-12-21,2024-12-21,Completed,0
ENG-01143,Sprint 5,2025-01-21,2025-01-21,Completed,0
ENG-01143,Sprint 6,2025-02-21,2025-02-25,Delayed,4
ENG-01143,Sprint 7,2025-03-21,2025-03-26,Delayed,5
ENG-01144,Sprint 1,2025-05-21,2025-05-22,Completed,1
ENG-01144,Sprint 2,2025-06-21,2025-06-25,Delayed,4
ENG-01144,Sprint 3,2025-07-21,2025-07-22,Completed,1
ENG-01144,Sprint 4,2025-08-21,2025-08-25,Delayed,4
ENG-01144,Sprint 5,2025-09-21,2025-09-27,Delayed,6
ENG-01144,Sprint 6,2025-10-21,2025-10-25,Delayed,4
ENG-01145,Sprint 1,2024-04-21,2024-04-23,Completed,2
ENG-01145,Sprint 2,2024-05-21,2024-05-23,Completed,2
ENG-01145,Sprint 3,2024-06-21,2024-06-23,Completed,2
ENG-01145,Sprint 4,2024-07-21,2024-07-21,Completed,0
ENG-01145,Sprint 5,2024-08-21,2024-08-21,Completed,0
ENG-01145,Sprint 6,2024-09-21,2024-09-21,Completed,0
ENG-01145,Sprint 7,2024-10-21,2024-10-21,Completed,0
ENG-01145,Sprint 8,2024-11-21,2024-11-21,Completed,0
ENG-01145,Sprint 9,2024-12-21,2024-12-24,Completed,3
ENG-01145,Sprint 10,2025-01-21,2025-01-21,Completed,0
ENG-01146,Sprint 1,2025-06-21,2025-06-26,Delayed,5
ENG-01146,Sprint 2,2025-07-21,2025-07-23,Completed,2
ENG-01146,Sprint 3,2025-08-21,2025-08-21,Completed,0
ENG-01146,Sprint 4,2025-09-21,2025-09-21,Completed,0
ENG-01146,Sprint 5,2025-10-21,2025-10-21,Completed,0
ENG-01146,Sprint 6,2025-11-21,2025-11-26,Delayed,5
ENG-01146,Sprint 7,2025-12-21,2025-12-25,Delayed,4
ENG-01147,Sprint 1,2024-01-21,2024-01-22,Completed,1
ENG-01147,Sprint 2,2024-02-21,2024-02-23,Completed,2
ENG-01147,Sprint 3,2024-03-21,2024-03-23,Completed,2
ENG-01147,Sprint 4,2024-04-21,2024-04-21,Completed,0
ENG-01147,Sprint 5,2024-05-21,2024-05-21,Completed,0
ENG-01147,Sprint 6,2024-06-21,2024-06-21,Completed,0
ENG-01147,Sprint 7,2024-07-21,2024-07-21,Completed,0
ENG-01147,Sprint 8,2024-08-21,2024-08-22,Completed,1
ENG-01147,Sprint 9,2024-09-21,2024-09-21,Completed,0
ENG-01147,Sprint 10,2024-10-21,2024-10-22,Completed,1
ENG-01147,Sprint 11,2024-11-21,2024-11-23,Completed,2
ENG-01148,Sprint 1,2024-10-21,2024-10-25,Delayed,4
ENG-01148,Sprint 2,2024-11-21,2024-11-21,Completed,0
ENG-01148,Sprint 3,2024-12-21,2024-12-23,Completed,2
ENG-01148,Sprint 4,2025-01-21,2025-01-28,Delayed,7
ENG-01148,Sprint 5,2025-02-21,2025-02-24,Completed,3
ENG-01148,Sprint 6,2025-03-21,2025-03-24,Completed,3
ENG-01148,Sprint 7,2025-04-21,2025-04-23,Completed,2
ENG-01148,Sprint 8,2025-05-21,2025-05-23,Completed,2
ENG-01149,Sprint 1,2024-07-21,2024-07-21,Completed,0
ENG-01149,Sprint 2,2024-08-21,2024-08-24,Completed,3
ENG-01149,Sprint 3,2024-09-21,2024-09-21,Completed,0
ENG-01149,Sprint 4,2024-10-21,2024-10-22,Completed,1
ENG-01149,Sprint 5,2024-11-21,2024-11-23,Completed,2
ENG-01149,Sprint 6,2024-12-21,2024-12-21,Completed,0
ENG-01149,Sprint 7,2025-01-21,2025-01-21,Completed,0
ENG-01149,Sprint 8,2025-02-21,2025-02-24,Completed,3
ENG-01150,Sprint 1,2025-12-21,2025-12-21,Completed,0
ENG-01150,Sprint 2,2026-01-21,2026-01-22,Completed,1
ENG-01150,Sprint 3,2026-02-21,2026-02-21,Completed,0
ENG-01150,Sprint 4,2026-03-21,2026-03-22,Completed,1
ENG-01150,Sprint 5,2026-04-21,2026-04-23,Completed,2
ENG-01150,Sprint 6,2026-05-21,2026-05-25,Delayed,4
ENG-01150,Sprint 7,2026-06-21,2026-06-25,Delayed,4
ENG-01150,Sprint 8,2026-07-21,2026-07-24,Completed,3
ENG-01150,Sprint 9,2026-08-21,2026-08-21,Completed,0
ENG-01151,Sprint 1,2025-01-21,2025-01-26,Delayed,5
ENG-01151,Sprint 2,2025-02-21,2025-02-25,Delayed,4
ENG-01151,Sprint 3,2025-03-21,2025-04-01,Delayed,11
ENG-01151,Sprint 4,2025-04-21,2025-04-28,Delayed,7
ENG-01152,Sprint 1,2024-04-21,2024-04-26,Delayed,5
ENG-01152,Sprint 2,2024-05-21,2024-05-21,Completed,0
ENG-01152,Sprint 3,2024-06-21,2024-06-27,Delayed,6
ENG-01152,Sprint 4,2024-07-21,2024-07-28,Delayed,7
ENG-01152,Sprint 5,2024-08-21,2024-08-26,Delayed,5
ENG-01152,Sprint 6,2024-09-21,2024-09-24,Completed,3
ENG-01152,Sprint 7,2024-10-21,2024-10-26,Delayed,5
ENG-01152,Sprint 8,2024-11-21,2024-11-24,Completed,3
ENG-01152,Sprint 9,2024-12-21,2024-12-25,Delayed,4
ENG-01152,Sprint 10,2025-01-21,2025-01-25,Delayed,4
ENG-01152,Sprint 11,2025-02-21,2025-02-24,Completed,3
ENG-01153,Sprint 1,2024-08-21,2024-08-21,Completed,0
ENG-01153,Sprint 2,2024-09-21,2024-09-25,Delayed,4
ENG-01153,Sprint 3,2024-10-21,2024-10-25,Delayed,4
ENG-01153,Sprint 4,2024-11-21,2024-11-23,Completed,2
ENG-01153,Sprint 5,2024-12-21,2024-12-21,Completed,0
ENG-01153,Sprint 6,2025-01-21,2025-01-29,Delayed,8
ENG-01153,Sprint 7,2025-02-21,2025-02-28,Delayed,7
ENG-01153,Sprint 8,2025-03-21,2025-03-24,Completed,3
ENG-01153,Sprint 9,2025-04-21,2025-04-23,Completed,2
ENG-01153,Sprint 10,2025-05-21,2025-05-27,Delayed,6
ENG-01154,Sprint 1,2025-08-21,2025-08-25,Delayed,4
ENG-01154,Sprint 2,2025-09-21,2025-09-29,Delayed,8
ENG-01154,Sprint 3,2025-10-21,2025-10-25,Delayed,4
ENG-01154,Sprint 4,2025-11-21,2025-11-26,Delayed,5
ENG-01154,Sprint 5,2025-12-21,2025-12-28,Delayed,7
ENG-01154,Sprint 6,2026-01-21,2026-01-28,Delayed,7
ENG-01154,Sprint 7,2026-02-21,2026-02-27,Delayed,6
ENG-01154,Sprint 8,2026-03-21,2026-03-22,Completed,1
ENG-01154,Sprint 9,2026-04-21,2026-04-27,Delayed,6
ENG-01154,Sprint 10,2026-05-21,2026-05-26,Delayed,5
ENG-01154,Sprint 11,2026-06-21,2026-07-03,Delayed,12
ENG-01154,Sprint 12,2026-07-21,2026-07-25,Delayed,4
ENG-01154,Sprint 13,2026-08-21,2026-08-21,Completed,0
ENG-01155,Sprint 1,2026-06-21,2026-06-25,Delayed,4
ENG-01155,Sprint 2,2026-07-21,2026-07-24,Completed,3
ENG-01155,Sprint 3,2026-08-21,2026-08-29,Delayed,8
ENG-01156,Sprint 1,2024-04-21,2024-04-21,Completed,0
ENG-01156,Sprint 2,2024-05-21,2024-05-21,Completed,0
ENG-01156,Sprint 3,2024-06-21,2024-06-23,Completed,2
ENG-01156,Sprint 4,2024-07-21,2024-07-21,Completed,0
ENG-01156,Sprint 5,2024-08-21,2024-08-21,Completed,0
ENG-01156,Sprint 6,2024-09-21,2024-09-24,Completed,3
ENG-01156,Sprint 7,2024-10-21,2024-10-27,Delayed,6
ENG-01156,Sprint 8,2024-11-21,2024-11-30,Delayed,9
ENG-01157,Sprint 1,2024-03-21,2024-03-25,Delayed,4
ENG-01157,Sprint 2,2024-04-21,2024-04-21,Completed,0
ENG-01157,Sprint 3,2024-05-21,2024-05-22,Completed,1
ENG-01157,Sprint 4,2024-06-21,2024-06-21,Completed,0
ENG-01157,Sprint 5,2024-07-21,2024-07-22,Completed,1
ENG-01157,Sprint 6,2024-08-21,2024-08-27,Delayed,6
ENG-01157,Sprint 7,2024-09-21,2024-09-21,Completed,0
ENG-01157,Sprint 8,2024-10-21,2024-10-21,Completed,0
ENG-01157,Sprint 9,2024-11-21,2024-11-21,Completed,0
ENG-01157,Sprint 10,2024-12-21,2024-12-24,Completed,3
ENG-01158,Sprint 1,2024-07-21,2024-07-21,Completed,0
ENG-01158,Sprint 2,2024-08-21,2024-08-21,Completed,0
ENG-01158,Sprint 3,2024-09-21,2024-09-28,Delayed,7
ENG-01158,Sprint 4,2024-10-21,2024-10-21,Completed,0
ENG-01158,Sprint 5,2024-11-21,2024-11-23,Completed,2
ENG-01158,Sprint 6,2024-12-21,2024-12-24,Completed,3
ENG-01158,Sprint 7,2025-01-21,2025-01-27,Delayed,6
ENG-01158,Sprint 8,2025-02-21,2025-02-21,Completed,0
ENG-01158,Sprint 9,2025-03-21,2025-03-21,Completed,0
ENG-01158,Sprint 10,2025-04-21,2025-04-22,Completed,1
ENG-01159,Sprint 1,2024-12-21,2024-12-25,Delayed,4
ENG-01159,Sprint 2,2025-01-21,2025-01-27,Delayed,6
ENG-01159,Sprint 3,2025-02-21,2025-02-21,Completed,0
ENG-01159,Sprint 4,2025-03-21,2025-03-22,Completed,1
ENG-01159,Sprint 5,2025-04-21,2025-04-21,Completed,0
ENG-01159,Sprint 6,2025-05-21,2025-05-21,Completed,0
ENG-01159,Sprint 7,2025-06-21,2025-06-21,Completed,0
ENG-01159,Sprint 8,2025-07-21,2025-07-26,Delayed,5
ENG-01159,Sprint 9,2025-08-21,2025-08-21,Completed,0
ENG-01159,Sprint 10,2025-09-21,2025-09-23,Completed,2
ENG-01159,Sprint 11,2025-10-21,2025-10-21,Completed,0
ENG-01159,Sprint 12,2025-11-21,2025-11-22,Completed,1
ENG-01159,Sprint 13,2025-12-21,2025-12-21,Completed,0
ENG-01160,Sprint 1,2026-02-21,2026-02-23,Completed,2
ENG-01160,Sprint 2,2026-03-21,2026-03-21,Completed,0
ENG-01160,Sprint 3,2026-04-21,2026-04-23,Completed,2
ENG-01160,Sprint 4,2026-05-21,2026-05-21,Completed,0
ENG-01160,Sprint 5,2026-06-21,2026-06-21,Completed,0
ENG-01160,Sprint 6,2026-07-21,2026-07-25,Delayed,4
ENG-01160,Sprint 7,2026-08-21,2026-08-24,Completed,3
ENG-01161,Sprint 1,2026-04-21,2026-04-26,Delayed,5
ENG-01161,Sprint 2,2026-05-21,2026-05-24,Completed,3
ENG-01161,Sprint 3,2026-06-21,2026-06-24,Completed,3
ENG-01161,Sprint 4,2026-07-21,2026-07-23,Completed,2
ENG-01161,Sprint 5,2026-08-21,2026-08-26,Delayed,5
ENG-01162,Sprint 1,2025-06-21,2025-06-24,Completed,3
ENG-01162,Sprint 2,2025-07-21,2025-07-28,Delayed,7
ENG-01162,Sprint 3,2025-08-21,2025-08-31,Delayed,10
ENG-01162,Sprint 4,2025-09-21,2025-09-29,Delayed,8
ENG-01162,Sprint 5,2025-10-21,2025-10-24,Completed,3
ENG-01162,Sprint 6,2025-11-21,2025-11-23,Completed,2
ENG-01162,Sprint 7,2025-12-21,2025-12-26,Delayed,5
ENG-01162,Sprint 8,2026-01-21,2026-01-29,Delayed,8
ENG-01162,Sprint 9,2026-02-21,2026-02-23,Completed,2
ENG-01163,Sprint 1,2024-07-21,2024-07-22,Completed,1
ENG-01163,Sprint 2,2024-08-21,2024-08-21,Completed,0
ENG-01163,Sprint 3,2024-09-21,2024-09-30,Delayed,9
ENG-01163,Sprint 4,2024-10-21,2024-10-21,Completed,0
ENG-01163,Sprint 5,2024-11-21,2024-11-28,Delayed,7
ENG-01163,Sprint 6,2024-12-21,2024-12-21,Completed,0
ENG-01163,Sprint 7,2025-01-21,2025-01-21,Completed,0
ENG-01163,Sprint 8,2025-02-21,2025-02-22,Completed,1
ENG-01163,Sprint 9,2025-03-21,2025-03-21,Completed,0
ENG-01163,Sprint 10,2025-04-21,2025-04-27,Delayed,6
ENG-01164,Sprint 1,2026-08-21,2026-08-26,Delayed,5
ENG-01165,Sprint 1,2024-02-21,2024-02-24,Completed,3
ENG-01165,Sprint 2,2024-03-21,2024-03-21,Completed,0
ENG-01165,Sprint 3,2024-04-21,2024-04-22,Completed,1
ENG-01165,Sprint 4,2024-05-21,2024-05-22,Completed,1
ENG-01165,Sprint 5,2024-06-21,2024-06-22,Completed,1
ENG-01165,Sprint 6,2024-07-21,2024-07-21,Completed,0
ENG-01165,Sprint 7,2024-08-21,2024-08-22,Completed,1
ENG-01165,Sprint 8,2024-09-21,2024-09-21,Completed,0
ENG-01165,Sprint 9,2024-10-21,2024-10-25,Delayed,4
ENG-01165,Sprint 10,2024-11-21,2024-11-25,Delayed,4
ENG-01165,Sprint 11,2024-12-21,2024-12-22,Completed,1
ENG-01165,Sprint 12,2025-01-21,2025-01-21,Completed,0
ENG-01166,Sprint 1,2024-01-21,2024-01-29,Delayed,8
ENG-01166,Sprint 2,2024-02-21,2024-02-21,Completed,0
ENG-01166,Sprint 3,2024-03-21,2024-03-21,Completed,0
ENG-01166,Sprint 4,2024-04-21,2024-04-25,Delayed,4
ENG-01166,Sprint 5,2024-05-21,2024-05-21,Completed,0
ENG-01166,Sprint 6,2024-06-21,2024-06-23,Completed,2
ENG-01166,Sprint 7,2024-07-21,2024-07-23,Completed,2
ENG-01167,Sprint 1,2024-04-21,2024-04-29,Delayed,8
ENG-01167,Sprint 2,2024-05-21,2024-05-24,Completed,3
ENG-01167,Sprint 3,2024-06-21,2024-06-29,Delayed,8
ENG-01167,Sprint 4,2024-07-21,2024-07-23,Completed,2
ENG-01167,Sprint 5,2024-08-21,2024-08-21,Completed,0
ENG-01167,Sprint 6,2024-09-21,2024-09-21,Completed,0
ENG-01167,Sprint 7,2024-10-21,2024-10-21,Completed,0
ENG-01167,Sprint 8,2024-11-21,2024-11-25,Delayed,4
ENG-01167,Sprint 9,2024-12-21,2024-12-21,Completed,0
ENG-01167,Sprint 10,2025-01-21,2025-01-23,Completed,2
ENG-01167,Sprint 11,2025-02-21,2025-02-22,Completed,1
ENG-01168,Sprint 1,2026-04-21,2026-04-27,Delayed,6
ENG-01168,Sprint 2,2026-05-21,2026-05-24,Completed,3
ENG-01168,Sprint 3,2026-06-21,2026-06-21,Completed,0
ENG-01168,Sprint 4,2026-07-21,2026-07-23,Completed,2
ENG-01168,Sprint 5,2026-08-21,2026-08-21,Completed,0
ENG-01169,Sprint 1,2025-06-21,2025-06-22,Completed,1
ENG-01169,Sprint 2,2025-07-21,2025-07-21,Completed,0
ENG-01169,Sprint 3,2025-08-21,2025-08-26,Delayed,5
ENG-01169,Sprint 4,2025-09-21,2025-09-24,Completed,3
ENG-01169,Sprint 5,2025-10-21,2025-10-21,Completed,0
ENG-01169,Sprint 6,2025-11-21,2025-11-21,Completed,0
ENG-01169,Sprint 7,2025-12-21,2025-12-21,Completed,0
ENG-01169,Sprint 8,2026-01-21,2026-01-24,Completed,3
ENG-01169,Sprint 9,2026-02-21,2026-02-21,Completed,0
ENG-01169,Sprint 10,2026-03-21,2026-03-21,Completed,0
ENG-01170,Sprint 1,2026-02-21,2026-02-21,Completed,0
ENG-01170,Sprint 2,2026-03-21,2026-03-22,Completed,1
ENG-01170,Sprint 3,2026-04-21,2026-04-21,Completed,0
ENG-01170,Sprint 4,2026-05-21,2026-05-21,Completed,0
ENG-01170,Sprint 5,2026-06-21,2026-06-23,Completed,2
ENG-01170,Sprint 6,2026-07-21,2026-07-23,Completed,2
ENG-01170,Sprint 7,2026-08-21,2026-08-24,Completed,3
ENG-01171,Sprint 1,2025-01-21,2025-02-02,Delayed,12
ENG-01171,Sprint 2,2025-02-21,2025-02-21,Completed,0
ENG-01171,Sprint 3,2025-03-21,2025-03-21,Completed,0
ENG-01171,Sprint 4,2025-04-21,2025-05-01,Delayed,10
ENG-01171,Sprint 5,2025-05-21,2025-05-28,Delayed,7
ENG-01171,Sprint 6,2025-06-21,2025-06-21,Completed,0
ENG-01171,Sprint 7,2025-07-21,2025-07-26,Delayed,5
ENG-01171,Sprint 8,2025-08-21,2025-08-27,Delayed,6
ENG-01172,Sprint 1,2024-04-21,2024-04-21,Completed,0
ENG-01172,Sprint 2,2024-05-21,2024-05-21,Completed,0
ENG-01172,Sprint 3,2024-06-21,2024-06-22,Completed,1
ENG-01172,Sprint 4,2024-07-21,2024-07-26,Delayed,5
ENG-01172,Sprint 5,2024-08-21,2024-08-21,Completed,0
ENG-01172,Sprint 6,2024-09-21,2024-09-26,Delayed,5
ENG-01172,Sprint 7,2024-10-21,2024-10-24,Completed,3
ENG-01172,Sprint 8,2024-11-21,2024-11-21,Completed,0
ENG-01172,Sprint 9,2024-12-21,2024-12-28,Delayed,7
ENG-01172,Sprint 10,2025-01-21,2025-01-23,Completed,2
ENG-01172,Sprint 11,2025-02-21,2025-02-23,Completed,2
ENG-01173,Sprint 1,2026-01-21,2026-01-24,Completed,3
ENG-01173,Sprint 2,2026-02-21,2026-02-21,Completed,0
ENG-01173,Sprint 3,2026-03-21,2026-03-26,Delayed,5
ENG-01173,Sprint 4,2026-04-21,2026-04-23,Completed,2
ENG-01173,Sprint 5,2026-05-21,2026-05-26,Delayed,5
ENG-01173,Sprint 6,2026-06-21,2026-06-21,Completed,0
ENG-01173,Sprint 7,2026-07-21,2026-07-24,Completed,3
ENG-01173,Sprint 8,2026-08-21,2026-08-21,Completed,0
ENG-01174,Sprint 1,2025-05-21,2025-05-21,Completed,0
ENG-01174,Sprint 2,2025-06-21,2025-06-25,Delayed,4
ENG-01174,Sprint 3,2025-07-21,2025-07-22,Completed,1
ENG-01174,Sprint 4,2025-08-21,2025-08-21,Completed,0
ENG-01174,Sprint 5,2025-09-21,2025-09-21,Completed,0
ENG-01174,Sprint 6,2025-10-21,2025-10-21,Completed,0
ENG-01174,Sprint 7,2025-11-21,2025-11-24,Completed,3
ENG-01174,Sprint 8,2025-12-21,2025-12-21,Completed,0
ENG-01174,Sprint 9,2026-01-21,2026-01-21,Completed,0
ENG-01174,Sprint 10,2026-02-21,2026-02-21,Completed,0
ENG-01175,Sprint 1,2025-01-21,2025-01-23,Completed,2
ENG-01175,Sprint 2,2025-02-21,2025-02-22,Completed,1
ENG-01175,Sprint 3,2025-03-21,2025-03-28,Delayed,7
ENG-01175,Sprint 4,2025-04-21,2025-04-23,Completed,2
ENG-01176,Sprint 1,2025-04-21,2025-04-26,Delayed,5
ENG-01176,Sprint 2,2025-05-21,2025-05-26,Delayed,5
ENG-01176,Sprint 3,2025-06-21,2025-06-23,Completed,2
ENG-01176,Sprint 4,2025-07-21,2025-07-22,Completed,1
ENG-01176,Sprint 5,2025-08-21,2025-08-22,Completed,1
ENG-01176,Sprint 6,2025-09-21,2025-10-02,Delayed,11
ENG-01177,Sprint 1,2026-02-21,2026-02-26,Delayed,5
ENG-01177,Sprint 2,2026-03-21,2026-03-23,Completed,2
ENG-01177,Sprint 3,2026-04-21,2026-04-21,Completed,0
ENG-01177,Sprint 4,2026-05-21,2026-05-23,Completed,2
ENG-01177,Sprint 5,2026-06-21,2026-06-24,Completed,3
ENG-01177,Sprint 6,2026-07-21,2026-07-21,Completed,0
ENG-01177,Sprint 7,2026-08-21,2026-08-25,Delayed,4
ENG-01178,Sprint 1,2025-08-21,2025-08-25,Delayed,4
ENG-01178,Sprint 2,2025-09-21,2025-09-25,Delayed,4
ENG-01178,Sprint 3,2025-10-21,2025-10-24,Completed,3
ENG-01178,Sprint 4,2025-11-21,2025-11-22,Completed,1
ENG-01178,Sprint 5,2025-12-21,2025-12-25,Delayed,4
ENG-01178,Sprint 6,2026-01-21,2026-01-21,Completed,0
ENG-01178,Sprint 7,2026-02-21,2026-02-21,Completed,0
ENG-01178,Sprint 8,2026-03-21,2026-03-24,Completed,3
ENG-01178,Sprint 9,2026-04-21,2026-04-21,Completed,0
ENG-01178,Sprint 10,2026-05-21,2026-05-22,Completed,1
ENG-01178,Sprint 11,2026-06-21,2026-06-24,Completed,3
ENG-01179,Sprint 1,2026-05-21,2026-05-27,Delayed,6
ENG-01179,Sprint 2,2026-06-21,2026-06-22,Completed,1
ENG-01179,Sprint 3,2026-07-21,2026-07-23,Completed,2
ENG-01179,Sprint 4,2026-08-21,2026-08-25,Delayed,4
ENG-01180,Sprint 1,2026-05-21,2026-05-21,Completed,0
ENG-01180,Sprint 2,2026-06-21,2026-06-23,Completed,2
ENG-01180,Sprint 3,2026-07-21,2026-07-21,Completed,0
ENG-01180,Sprint 4,2026-08-21,2026-08-21,Completed,0
ENG-01181,Sprint 1,2026-08-21,2026-08-28,Delayed,7
ENG-01182,Sprint 1,2024-10-21,2024-10-23,Completed,2
ENG-01182,Sprint 2,2024-11-21,2024-11-23,Completed,2
ENG-01182,Sprint 3,2024-12-21,2024-12-22,Completed,1
ENG-01182,Sprint 4,2025-01-21,2025-01-30,Delayed,9
ENG-01182,Sprint 5,2025-02-21,2025-02-27,Delayed,6
ENG-01182,Sprint 6,2025-03-21,2025-03-23,Completed,2
ENG-01182,Sprint 7,2025-04-21,2025-04-21,Completed,0
ENG-01182,Sprint 8,2025-05-21,2025-05-27,Delayed,6
ENG-01182,Sprint 9,2025-06-21,2025-06-21,Completed,0
ENG-01182,Sprint 10,2025-07-21,2025-07-22,Completed,1
ENG-01182,Sprint 11,2025-08-21,2025-08-21,Completed,0
ENG-01183,Sprint 1,2024-02-21,2024-02-21,Completed,0
ENG-01183,Sprint 2,2024-03-21,2024-03-25,Delayed,4
ENG-01183,Sprint 3,2024-04-21,2024-04-22,Completed,1
ENG-01183,Sprint 4,2024-05-21,2024-05-26,Delayed,5
ENG-01183,Sprint 5,2024-06-21,2024-06-22,Completed,1
ENG-01183,Sprint 6,2024-07-21,2024-07-22,Completed,1
ENG-01183,Sprint 7,2024-08-21,2024-08-28,Delayed,7
ENG-01183,Sprint 8,2024-09-21,2024-09-23,Completed,2
ENG-01183,Sprint 9,2024-10-21,2024-10-22,Completed,1
ENG-01183,Sprint 10,2024-11-21,2024-11-21,Completed,0
ENG-01183,Sprint 11,2024-12-21,2024-12-21,Completed,0
ENG-01183,Sprint 12,2025-01-21,2025-01-21,Completed,0
ENG-01183,Sprint 13,2025-02-21,2025-02-21,Completed,0
ENG-01184,Sprint 1,2024-12-21,2024-12-26,Delayed,5
ENG-01184,Sprint 2,2025-01-21,2025-01-25,Delayed,4
ENG-01184,Sprint 3,2025-02-21,2025-02-21,Completed,0
ENG-01184,Sprint 4,2025-03-21,2025-03-21,Completed,0
ENG-01184,Sprint 5,2025-04-21,2025-04-21,Completed,0
ENG-01184,Sprint 6,2025-05-21,2025-05-24,Completed,3
ENG-01184,Sprint 7,2025-06-21,2025-06-21,Completed,0
ENG-01184,Sprint 8,2025-07-21,2025-07-24,Completed,3
ENG-01184,Sprint 9,2025-08-21,2025-08-24,Completed,3
ENG-01184,Sprint 10,2025-09-21,2025-09-21,Completed,0
ENG-01185,Sprint 1,2025-03-21,2025-03-21,Completed,0
ENG-01185,Sprint 2,2025-04-21,2025-04-21,Completed,0
ENG-01185,Sprint 3,2025-05-21,2025-05-24,Completed,3
ENG-01185,Sprint 4,2025-06-21,2025-06-24,Completed,3
ENG-01185,Sprint 5,2025-07-21,2025-07-27,Delayed,6
ENG-01186,Sprint 1,2024-11-21,2024-11-23,Completed,2
ENG-01186,Sprint 2,2024-12-21,2024-12-21,Completed,0
ENG-01186,Sprint 3,2025-01-21,2025-01-24,Completed,3
ENG-01186,Sprint 4,2025-02-21,2025-02-21,Completed,0
ENG-01186,Sprint 5,2025-03-21,2025-03-21,Completed,0
ENG-01186,Sprint 6,2025-04-21,2025-04-22,Completed,1
ENG-01186,Sprint 7,2025-05-21,2025-05-21,Completed,0
ENG-01186,Sprint 8,2025-06-21,2025-06-21,Completed,0
ENG-01186,Sprint 9,2025-07-21,2025-07-21,Completed,0
ENG-01186,Sprint 10,2025-08-21,2025-08-21,Completed,0
ENG-01186,Sprint 11,2025-09-21,2025-09-21,Completed,0
ENG-01187,Sprint 1,2025-06-21,2025-06-25,Delayed,4
ENG-01187,Sprint 2,2025-07-21,2025-07-28,Delayed,7
ENG-01187,Sprint 3,2025-08-21,2025-08-25,Delayed,4
ENG-01187,Sprint 4,2025-09-21,2025-09-22,Completed,1
ENG-01187,Sprint 5,2025-10-21,2025-10-23,Completed,2
ENG-01187,Sprint 6,2025-11-21,2025-11-23,Completed,2
ENG-01187,Sprint 7,2025-12-21,2025-12-21,Completed,0
ENG-01187,Sprint 8,2026-01-21,2026-01-24,Completed,3
ENG-01187,Sprint 9,2026-02-21,2026-03-02,Delayed,9
ENG-01188,Sprint 1,2025-07-21,2025-07-21,Completed,0
ENG-01188,Sprint 2,2025-08-21,2025-08-27,Delayed,6
ENG-01188,Sprint 3,2025-09-21,2025-09-21,Completed,0
ENG-01188,Sprint 4,2025-10-21,2025-10-23,Completed,2
ENG-01188,Sprint 5,2025-11-21,2025-11-23,Completed,2
ENG-01188,Sprint 6,2025-12-21,2025-12-26,Delayed,5
ENG-01188,Sprint 7,2026-01-21,2026-01-23,Completed,2
ENG-01188,Sprint 8,2026-02-21,2026-02-27,Delayed,6
ENG-01188,Sprint 9,2026-03-21,2026-03-25,Delayed,4
ENG-01188,Sprint 10,2026-04-21,2026-04-24,Completed,3
ENG-01189,Sprint 1,2024-09-21,2024-09-30,Delayed,9
ENG-01189,Sprint 2,2024-10-21,2024-10-25,Delayed,4
ENG-01189,Sprint 3,2024-11-21,2024-11-21,Completed,0
ENG-01189,Sprint 4,2024-12-21,2024-12-26,Delayed,5
ENG-01190,Sprint 1,2024-12-21,2024-12-21,Completed,0
ENG-01190,Sprint 2,2025-01-21,2025-01-21,Completed,0
ENG-01190,Sprint 3,2025-02-21,2025-02-23,Completed,2
ENG-01190,Sprint 4,2025-03-21,2025-03-21,Completed,0
ENG-01190,Sprint 5,2025-04-21,2025-04-24,Completed,3
ENG-01190,Sprint 6,2025-05-21,2025-05-21,Completed,0
ENG-01190,Sprint 7,2025-06-21,2025-06-22,Completed,1
ENG-01191,Sprint 1,2025-03-21,2025-03-23,Completed,2
ENG-01191,Sprint 2,2025-04-21,2025-04-27,Delayed,6
ENG-01191,Sprint 3,2025-05-21,2025-05-21,Completed,0
ENG-01191,Sprint 4,2025-06-21,2025-06-28,Delayed,7
ENG-01191,Sprint 5,2025-07-21,2025-07-22,Completed,1
ENG-01191,Sprint 6,2025-08-21,2025-08-21,Completed,0
ENG-01191,Sprint 7,2025-09-21,2025-09-21,Completed,0
ENG-01192,Sprint 1,2024-03-21,2024-03-21,Completed,0
ENG-01192,Sprint 2,2024-04-21,2024-04-21,Completed,0
ENG-01192,Sprint 3,2024-05-21,2024-05-25,Delayed,4
ENG-01192,Sprint 4,2024-06-21,2024-06-24,Completed,3
ENG-01193,Sprint 1,2026-01-21,2026-01-27,Delayed,6
ENG-01193,Sprint 2,2026-02-21,2026-02-27,Delayed,6
ENG-01193,Sprint 3,2026-03-21,2026-03-21,Completed,0
ENG-01193,Sprint 4,2026-04-21,2026-04-22,Completed,1
ENG-01193,Sprint 5,2026-05-21,2026-05-22,Completed,1
ENG-01193,Sprint 6,2026-06-21,2026-06-24,Completed,3
ENG-01193,Sprint 7,2026-07-21,2026-07-21,Completed,0
ENG-01193,Sprint 8,2026-08-21,2026-08-21,Completed,0
ENG-01194,Sprint 1,2024-02-21,2024-02-21,Completed,0
ENG-01194,Sprint 2,2024-03-21,2024-03-21,Completed,0
ENG-01194,Sprint 3,2024-04-21,2024-04-21,Completed,0
ENG-01194,Sprint 4,2024-05-21,2024-05-29,Delayed,8
ENG-01194,Sprint 5,2024-06-21,2024-06-22,Completed,1
ENG-01194,Sprint 6,2024-07-21,2024-07-21,Completed,0
ENG-01194,Sprint 7,2024-08-21,2024-08-23,Completed,2
ENG-01194,Sprint 8,2024-09-21,2024-09-21,Completed,0
ENG-01194,Sprint 9,2024-10-21,2024-10-21,Completed,0
ENG-01194,Sprint 10,2024-11-21,2024-11-21,Completed,0
ENG-01194,Sprint 11,2024-12-21,2024-12-23,Completed,2
ENG-01195,Sprint 1,2026-05-21,2026-05-26,Delayed,5
ENG-01195,Sprint 2,2026-06-21,2026-06-23,Completed,2
ENG-01195,Sprint 3,2026-07-21,2026-07-21,Completed,0
ENG-01195,Sprint 4,2026-08-21,2026-08-28,Delayed,7
ENG-01195,Sprint 5,2026-09-21,2026-09-21,Completed,0
ENG-01195,Sprint 6,2026-10-21,2026-10-22,Completed,1
ENG-01195,Sprint 7,2026-11-21,2026-11-24,Completed,3
ENG-01195,Sprint 8,2026-12-21,2026-12-24,Completed,3
ENG-01196,Sprint 1,2025-07-21,2025-07-25,Delayed,4
ENG-01196,Sprint 2,2025-08-21,2025-08-21,Completed,0
ENG-01196,Sprint 3,2025-09-21,2025-09-23,Completed,2
ENG-01196,Sprint 4,2025-10-21,2025-10-21,Completed,0
ENG-01196,Sprint 5,2025-11-21,2025-11-21,Completed,0
ENG-01196,Sprint 6,2025-12-21,2025-12-23,Completed,2
ENG-01196,Sprint 7,2026-01-21,2026-01-22,Completed,1
ENG-01196,Sprint 8,2026-02-21,2026-02-23,Completed,2
ENG-01197,Sprint 1,2025-08-21,2025-08-21,Completed,0
ENG-01197,Sprint 2,2025-09-21,2025-09-21,Completed,0
ENG-01197,Sprint 3,2025-10-21,2025-10-22,Completed,1
ENG-01197,Sprint 4,2025-11-21,2025-11-22,Completed,1
ENG-01197,Sprint 5,2025-12-21,2025-12-21,Completed,0
ENG-01197,Sprint 6,2026-01-21,2026-01-25,Delayed,4
ENG-01197,Sprint 7,2026-02-21,2026-02-24,Completed,3
ENG-01198,Sprint 1,2024-08-21,2024-08-22,Completed,1
ENG-01198,Sprint 2,2024-09-21,2024-09-21,Completed,0
ENG-01198,Sprint 3,2024-10-21,2024-10-21,Completed,0
ENG-01198,Sprint 4,2024-11-21,2024-11-24,Completed,3
ENG-01198,Sprint 5,2024-12-21,2024-12-27,Delayed,6
ENG-01198,Sprint 6,2025-01-21,2025-01-29,Delayed,8
ENG-01198,Sprint 7,2025-02-21,2025-02-21,Completed,0
ENG-01198,Sprint 8,2025-03-21,2025-03-21,Completed,0
ENG-01199,Sprint 1,2024-04-21,2024-04-24,Completed,3
ENG-01199,Sprint 2,2024-05-21,2024-05-29,Delayed,8
ENG-01199,Sprint 3,2024-06-21,2024-06-27,Delayed,6
ENG-01199,Sprint 4,2024-07-21,2024-07-23,Completed,2
ENG-01200,Sprint 1,2025-09-21,2025-09-21,Completed,0
ENG-01200,Sprint 2,2025-10-21,2025-10-21,Completed,0
ENG-01200,Sprint 3,2025-11-21,2025-11-24,Completed,3
ENG-01200,Sprint 4,2025-12-21,2025-12-21,Completed,0
ENG-01200,Sprint 5,2026-01-21,2026-01-21,Completed,0
ENG-01200,Sprint 6,2026-02-21,2026-02-23,Completed,2
ENG-01200,Sprint 7,2026-03-21,2026-03-21,Completed,0
ENG-01200,Sprint 8,2026-04-21,2026-04-22,Completed,1
ENG-01200,Sprint 9,2026-05-21,2026-05-21,Completed,0
