engagement_id,as_of_date,monthly_contract_value,remaining_months,contract_exposure,risk_probability,risk_adjusted_exposure,client_name,client_id,talent_id,role
ENG-00001,2024-11-01,849199.4,0,0.0,0.0778770764203572,0.0,Client 023,C-0023,T-0019,Data Engineer
ENG-00002,2024-10-01,2919287.51,3,8757862.53,0.9939621738678136,8704984.078754269,Client 012,C-0012,T-0161,BI Developer
ENG-00003,2025-04-01,871689.12,0,0.0,0.0119224291831724,0.0,Client 010,C-0010,T-0319,AI Engineer
ENG-00004,2026-08-01,1727105.82,3,5181317.46,0.2638218917331105,1366944.973966995,Client 023,C-0023,T-0274,AI Engineer
ENG-00005,2025-02-01,2473355.07,0,0.0,0.1622242025421963,0.0,Client 056,C-0056,T-0041,Data Engineer
ENG-00006,2025-11-01,2670167.58,0,0.0,0.0049404975827366,0.0,Client 057,C-0057,T-0281,Data Scientist
ENG-00007,2025-02-01,1385891.02,0,0.0,0.0649424965410132,0.0,Client 023,C-0023,T-0088,Data Analyst
ENG-00008,2025-06-01,2703625.01,0,0.0,0.0130929928254851,0.0,Client 031,C-0031,T-0253,AI Engineer
ENG-00009,2025-12-01,2328716.46,3,6986149.38,0.8667694723461694,6055381.0118341185,Client 060,C-0060,T-0288,Data Engineer
ENG-00010,2024-09-01,1863957.97,2,3727915.94,0.9906966669480108,3693233.8964203605,Client 015,C-0015,T-0319,AI Engineer
ENG-00011,2025-06-01,1651697.75,0,0.0,0.1084458695971947,0.0,Client 057,C-0057,T-0207,Data Scientist
ENG-00012,2026-08-01,1408984.67,3,4226954.01,0.0135077056917131,57096.45073948651,Client 007,C-0007,T-0205,ML Engineer
ENG-00013,2026-08-01,2584395.09,7,18090765.63,0.5515911680111382,9978706.544067454,Client 014,C-0014,T-0340,Data Analyst
ENG-00014,2024-06-01,1584376.04,4,6337504.16,0.9996017321503964,6334980.135846343,Client 021,C-0021,T-0375,Analytics Engineer
ENG-00015,2026-03-01,1046131.65,0,0.0,0.5373573600202839,0.0,Client 003,C-0003,T-0404,ML Engineer
ENG-00016,2025-11-01,1345848.94,2,2691697.88,0.7755836552887855,2087636.8807034746,Client 049,C-0049,T-0167,ML Engineer
ENG-00017,2026-08-01,831572.03,11,9147292.33,0.5598489837261463,5121102.314796473,Client 052,C-0052,T-0213,ML Engineer
ENG-00018,2025-09-01,2084522.66,5,10422613.299999999,0.8638350882293077,9003419.079585455,Client 024,C-0024,T-0166,ML Engineer
ENG-00019,2024-12-01,2133546.58,0,0.0,0.2118154220630301,0.0,Client 051,C-0051,T-0264,BI Developer
ENG-00020,2025-03-01,1233237.71,0,0.0,0.0675678194177958,0.0,Client 047,C-0047,T-0064,BI Developer
ENG-00021,2024-12-01,2251293.79,7,15759056.530000001,0.998310192840229,15732426.763444372,Client 049,C-0049,T-0216,ML Engineer
ENG-00022,2026-08-01,2586655.06,0,0.0,0.0545275280091262,0.0,Client 049,C-0049,T-0095,ML Engineer
ENG-00023,2026-12-01,3075038.03,4,12300152.12,0.998513663887802,12281869.959718514,Client 035,C-0035,T-0267,ML Engineer
ENG-00024,2025-04-01,2730765.78,0,0.0,0.0040993073572563,0.0,Client 007,C-0007,T-0426,Analytics Engineer
ENG-00025,2025-11-01,1056323.36,0,0.0,0.1130289990978397,0.0,Client 056,C-0056,T-0493,BI Developer
ENG-00026,2025-05-01,980874.3,4,3923497.2,0.9955386710358268,3905993.188300788,Client 037,C-0037,T-0224,Data Scientist
ENG-00027,2025-07-01,1834920.02,0,0.0,0.0089401075094323,0.0,Client 055,C-0055,T-0029,Analytics Engineer
ENG-00028,2026-08-01,2160018.83,6,12960112.98,0.0699281654117419,906276.9242203033,Client 058,C-0058,T-0114,ML Engineer
ENG-00029,2024-10-01,784934.34,0,0.0,0.3548836960790197,0.0,Client 012,C-0012,T-0053,BI Developer
ENG-00030,2025-08-01,1705494.72,0,0.0,0.0165096584796078,0.0,Client 025,C-0025,T-0380,Data Analyst
ENG-00031,2025-06-01,2285218.34,0,0.0,0.1008264230586526,0.0,Client 012,C-0012,T-0493,BI Developer
ENG-00032,2025-09-01,1054354.42,0,0.0,0.0148801538957971,0.0,Client 004,C-0004,T-0277,BI Developer
ENG-00033,2025-05-01,2048826.68,3,6146480.04,0.981262268613839,6031308.94804008,Client 058,C-0058,T-0089,Data Analyst
ENG-00034,2025-05-01,3515766.29,4,14063065.16,0.9761988847933488,13728348.525968198,Client 056,C-0056,T-0011,Data Engineer
ENG-00035,2025-04-01,2132318.11,0,0.0,0.0162294178988833,0.0,Client 056,C-0056,T-0489,ML Engineer
ENG-00036,2025-01-01,3447047.58,0,0.0,0.4411082391814733,0.0,Client 054,C-0054,T-0159,Data Engineer
ENG-00037,2025-01-01,2791218.1,0,0.0,0.6136715829021642,0.0,Client 039,C-0039,T-0057,AI Engineer
ENG-00038,2025-05-01,1511810.38,0,0.0,0.5463074042242075,0.0,Client 032,C-0032,T-0089,Data Analyst
ENG-00039,2025-03-01,2701981.26,0,0.0,0.476690932519832,0.0,Client 060,C-0060,T-0128,Data Scientist
ENG-00040,2025-08-01,1093796.94,0,0.0,0.1469570429887428,0.0,Client 034,C-0034,T-0328,Data Engineer
ENG-00041,2026-08-01,1019057.97,1,1019057.97,0.0318843237109608,32491.97419571458,Client 039,C-0039,T-0446,AI Engineer
ENG-00042,2024-04-01,1102643.33,3,3307929.99,0.985638272754572,3260422.401736649,Client 013,C-0013,T-0138,AI Engineer
ENG-00043,2026-06-01,3387282.88,0,0.0,0.2965466538392858,0.0,Client 045,C-0045,T-0344,Data Analyst
ENG-00044,2026-04-01,1743893.21,0,0.0,0.7982477919796528,0.0,Client 050,C-0050,T-0033,Data Engineer
ENG-00045,2026-08-01,3077391.81,1,3077391.81,0.0052239202379402,16076.049356330423,Client 041,C-0041,T-0006,Data Analyst
ENG-00046,2026-11-01,1772541.62,5,8862708.100000001,0.9996474209572362,8859583.294861808,Client 030,C-0030,T-0028,Data Scientist
ENG-00047,2026-03-01,1626645.05,2,3253290.1,0.9575018058757852,3115031.1457878137,Client 012,C-0012,T-0462,Analytics Engineer
ENG-00048,2025-10-01,1771166.68,0,0.0,0.0062989064401686,0.0,Client 003,C-0003,T-0291,Analytics Engineer
ENG-00049,2025-02-01,1110224.13,0,0.0,0.0062023629725177,0.0,Client 038,C-0038,T-0403,AI Engineer
ENG-00050,2026-02-01,2130684.86,7,14914794.02,0.9889950131392437,14750656.907779012,Client 041,C-0041,T-0011,Data Engineer
ENG-00051,2025-06-01,1385968.3,0,0.0,0.0007072223228328,0.0,Client 047,C-0047,T-0012,ML Engineer
ENG-00052,2025-01-01,1458412.97,0,0.0,0.4681942526630794,0.0,Client 058,C-0058,T-0425,Analytics Engineer
ENG-00053,2026-07-01,2865421.59,0,0.0,0.0073768522921311,0.0,Client 030,C-0030,T-0052,Data Engineer
ENG-00054,2026-03-01,2720951.6,0,0.0,0.0604452668786512,0.0,Client 050,C-0050,T-0078,AI Engineer
ENG-00055,2024-08-01,1213313.12,0,0.0,0.0956361553913348,0.0,Client 043,C-0043,T-0260,Data Scientist
ENG-00056,2025-04-01,1675673.48,0,0.0,0.0638235479051233,0.0,Client 017,C-0017,T-0304,Data Engineer
ENG-00057,2025-06-01,1345079.51,0,0.0,0.1444786286021515,0.0,Client 051,C-0051,T-0115,BI Developer
ENG-00058,2026-08-01,1654485.71,0,0.0,0.1373429886154654,0.0,Client 004,C-0004,T-0223,AI Engineer
ENG-00059,2025-04-01,1798710.15,0,0.0,0.0671090669565527,0.0,Client 036,C-0036,T-0338,ML Engineer
ENG-00060,2026-03-01,2814083.16,0,0.0,0.1420019852964109,0.0,Client 057,C-0057,T-0222,Data Analyst
ENG-00061,2026-02-01,2247246.8,4,8988987.2,0.997094982725932,8962874.036907623,Client 040,C-0040,T-0192,AI Engineer
ENG-00062,2025-01-01,2310056.43,0,0.0,0.0099892321257791,0.0,Client 057,C-0057,T-0036,ML Engineer
ENG-00063,2026-08-01,2853703.48,3,8561110.44,0.1588543182702934,1359969.3625828915,Client 004,C-0004,T-0226,BI Developer
ENG-00064,2025-06-01,2886973.54,2,5773947.08,0.9081620101782496,5243679.386835635,Client 032,C-0032,T-0402,BI Developer
ENG-00065,2025-04-01,3335733.83,0,0.0,0.0064365851714845,0.0,Client 047,C-0047,T-0314,Data Scientist
ENG-00066,2024-12-01,1059603.61,0,0.0,0.6889473080942855,0.0,Client 039,C-0039,T-0447,Data Scientist
ENG-00067,2024-10-01,2826724.41,3,8480173.23,0.1455003788450663,1233868.4176367896,Client 053,C-0053,T-0064,BI Developer
ENG-00068,2026-08-01,767924.58,7,5375472.06,0.0989062712080614,531667.8974377165,Client 028,C-0028,T-0006,Data Analyst
ENG-00069,2026-08-01,1419436.47,8,11355491.76,0.0422745921050545,480048.7823063074,Client 041,C-0041,T-0275,BI Developer
ENG-00070,2026-08-01,3486302.92,4,13945211.68,0.3823684966111734,5332209.625006176,Client 026,C-0026,T-0090,ML Engineer
ENG-00071,2025-12-01,2219764.77,2,4439529.54,0.9837054177706548,4367189.260850863,Client 053,C-0053,T-0297,ML Engineer
ENG-00072,2025-03-01,1897994.9,0,0.0,0.0658579945359666,0.0,Client 008,C-0008,T-0452,AI Engineer
ENG-00073,2026-02-01,1980469.62,0,0.0,0.278423476277899,0.0,Client 016,C-0016,T-0169,BI Developer
ENG-00074,2026-08-01,1346087.4,5,6730437.0,0.1156589690021095,778435.4043536509,Client 006,C-0006,T-0275,BI Developer
ENG-00075,2026-06-01,775513.51,0,0.0,0.0962450400886505,0.0,Client 043,C-0043,T-0341,Data Analyst
ENG-00076,2026-08-01,2352193.6,6,14113161.600000001,0.0117868623614247,166349.89326374442,Client 014,C-0014,T-0076,Analytics Engineer
ENG-00077,2026-08-01,3566994.74,4,14267978.96,0.0978790610374458,1396536.3835068326,Client 020,C-0020,T-0449,ML Engineer
ENG-00078,2026-08-01,2119312.42,7,14835186.94,0.8761543337131257,12997913.328925364,Client 051,C-0051,T-0102,Data Scientist
ENG-00079,2026-04-01,1339807.24,2,2679614.48,0.9864028370998172,2643179.3254057514,Client 022,C-0022,T-0405,AI Engineer
ENG-00080,2024-10-01,2241687.72,3,6725063.16,0.999554506497858,6722067.188060726,Client 009,C-0009,T-0330,ML Engineer
ENG-00081,2026-08-01,2146328.85,5,10731644.25,0.0244088522499396,261947.11889716386,Client 002,C-0002,T-0071,Analytics Engineer
ENG-00082,2025-11-01,2369555.86,0,0.0,0.0066291523219767,0.0,Client 014,C-0014,T-0363,AI Engineer
ENG-00083,2026-10-01,985174.09,2,1970348.18,0.988368555748482,1947430.18498825,Client 055,C-0055,T-0099,Data Engineer
ENG-00084,2025-07-01,1155460.63,0,0.0,0.0805581594580211,0.0,Client 033,C-0033,T-0300,Data Analyst
ENG-00085,2025-08-01,1738047.72,0,0.0,0.3508873163740716,0.0,Client 060,C-0060,T-0480,Analytics Engineer
ENG-00086,2025-01-01,856337.57,3,2569012.71,0.9720565541579408,2497225.642470553,Client 013,C-0013,T-0477,ML Engineer
ENG-00087,2026-08-01,1774730.86,0,0.0,0.5711232958588269,0.0,Client 022,C-0022,T-0436,AI Engineer
ENG-00088,2025-02-01,2463760.23,0,0.0,0.0067622064303766,0.0,Client 010,C-0010,T-0248,ML Engineer
ENG-00089,2025-10-01,1179882.98,7,8259180.859999999,0.9994557421961144,8254685.736363242,Client 024,C-0024,T-0280,Analytics Engineer
ENG-00090,2026-12-01,1255800.65,2,2511601.3,0.976647757801288,2452949.7781358,Client 034,C-0034,T-0151,AI Engineer
ENG-00091,2025-08-01,1387008.65,0,0.0,0.0133468610550124,0.0,Client 049,C-0049,T-0461,ML Engineer
ENG-00092,2026-11-01,797653.1,5,3988265.5,0.8626783912679307,3440590.465489389,Client 023,C-0023,T-0239,Analytics Engineer
ENG-00093,2025-09-01,1273463.46,0,0.0,0.0340347338299338,0.0,Client 047,C-0047,T-0386,Data Engineer
ENG-00094,2024-12-01,2521164.11,0,0.0,0.002250403163643,0.0,Client 038,C-0038,T-0180,ML Engineer
ENG-00095,2026-01-01,776215.19,4,3104860.76,0.5807396433359423,1803115.7303701625,Client 018,C-0018,T-0371,AI Engineer
ENG-00096,2025-12-01,1140023.14,0,0.0,0.0759904138348079,0.0,Client 055,C-0055,T-0113,Data Scientist
ENG-00097,2026-07-01,1315693.53,0,0.0,0.0648843566177327,0.0,Client 027,C-0027,T-0367,Data Scientist
ENG-00098,2024-09-01,2140097.93,2,4280195.86,0.9974201243920938,4269153.487103726,Client 010,C-0010,T-0023,Data Scientist
ENG-00099,2025-07-01,3486547.63,0,0.0,0.0013931825960073,0.0,Client 058,C-0058,T-0053,BI Developer
ENG-00100,2024-09-01,2319254.64,0,0.0,0.8024310732578259,0.0,Client 055,C-0055,T-0177,BI Developer
ENG-00101,2025-02-01,1779463.12,0,0.0,0.0284118445597519,0.0,Client 003,C-0003,T-0242,AI Engineer
ENG-00102,2025-02-01,2117863.18,0,0.0,0.23312607823949,0.0,Client 055,C-0055,T-0356,AI Engineer
ENG-00103,2025-07-01,2559327.99,5,12796639.950000001,0.9989591822278306,12783320.979715988,Client 057,C-0057,T-0180,ML Engineer
ENG-00104,2026-03-01,2768688.62,0,0.0,0.0275684049322251,0.0,Client 050,C-0050,T-0010,Data Analyst
ENG-00105,2025-07-01,1792540.57,0,0.0,0.8140644543993568,0.0,Client 016,C-0016,T-0163,Data Scientist
ENG-00106,2024-11-01,1101984.35,0,0.0,0.8853333836942242,0.0,Client 038,C-0038,T-0220,Data Analyst
ENG-00107,2026-08-01,2207939.51,6,13247637.059999999,0.0259050245392138,343180.3631258981,Client 033,C-0033,T-0272,AI Engineer
ENG-00108,2025-03-01,3344292.5,0,0.0,0.0207160700028732,0.0,Client 038,C-0038,T-0323,ML Engineer
ENG-00109,2026-06-01,1317480.89,0,0.0,0.0001293887620158,0.0,Client 037,C-0037,T-0124,BI Developer
ENG-00110,2025-04-01,803828.05,2,1607656.1,0.9328968662636716,1499777.337719676,Client 039,C-0039,T-0306,Data Analyst
ENG-00111,2026-05-01,2224143.78,0,0.0,0.7950582976864217,0.0,Client 031,C-0031,T-0316,ML Engineer
ENG-00112,2026-03-01,2790993.98,0,0.0,0.012562849417248,0.0,Client 042,C-0042,T-0389,ML Engineer
ENG-00113,2026-08-01,3457451.01,6,20744706.06,0.0061987877729836,128592.03027886678,Client 032,C-0032,T-0262,Analytics Engineer
ENG-00114,2025-02-01,1711733.94,0,0.0,0.1197826996073584,0.0,Client 001,C-0001,T-0406,Data Scientist
ENG-00115,2026-02-01,2115123.33,0,0.0,0.114923827303853,0.0,Client 003,C-0003,T-0111,ML Engineer
ENG-00116,2026-08-01,2329044.34,3,6987133.02,0.0004762316109048,3327.4936137207196,Client 058,C-0058,T-0356,AI Engineer
ENG-00117,2026-08-01,3420616.62,9,30785549.580000002,0.7771704857853,23925620.52225604,Client 055,C-0055,T-0023,Data Scientist
ENG-00118,2025-10-01,2089178.26,5,10445891.3,0.973302153217377,10167008.494564665,Client 036,C-0036,T-0052,Data Engineer
ENG-00119,2026-01-01,1094020.3,5,5470101.5,0.9776770335250028,5347992.607600668,Client 011,C-0011,T-0433,Analytics Engineer
ENG-00120,2025-09-01,797438.61,0,0.0,0.0035626597532382,0.0,Client 047,C-0047,T-0238,Data Analyst
ENG-00121,2025-11-01,1247990.77,0,0.0,0.0507838881073509,0.0,Client 009,C-0009,T-0311,AI Engineer
ENG-00122,2026-03-01,1394469.17,0,0.0,0.0707595085296373,0.0,Client 023,C-0023,T-0302,Data Analyst
ENG-00123,2026-01-01,2676381.39,0,0.0,0.0751829564541007,0.0,Client 020,C-0020,T-0348,Data Analyst
ENG-00124,2026-02-01,2186183.32,0,0.0,0.4641793711452645,0.0,Client 001,C-0001,T-0123,Data Engineer
ENG-00125,2026-08-01,3496277.57,9,31466498.13,0.7054582133182363,22198299.550171424,Client 049,C-0049,T-0090,ML Engineer
ENG-00126,2025-08-01,2124642.35,2,4249284.7,0.9993946707360708,4246712.483620323,Client 031,C-0031,T-0022,Data Engineer
ENG-00127,2025-08-01,1857810.51,0,0.0,0.2803165010891306,0.0,Client 019,C-0019,T-0433,Analytics Engineer
ENG-00128,2026-07-01,1022440.83,0,0.0,0.5944466211702331,0.0,Client 031,C-0031,T-0112,Data Analyst
ENG-00129,2026-08-01,2443799.87,6,14662799.22,0.0066989937677532,98226.00059259648,Client 001,C-0001,T-0288,Data Engineer
ENG-00130,2025-06-01,1402200.14,0,0.0,0.0484355542261839,0.0,Client 027,C-0027,T-0228,Analytics Engineer
ENG-00131,2025-10-01,1458559.84,0,0.0,0.0005471937144759,0.0,Client 032,C-0032,T-0082,Data Analyst
ENG-00132,2025-10-01,2051957.41,0,0.0,0.0709251559263824,0.0,Client 021,C-0021,T-0207,Data Scientist
ENG-00133,2026-08-01,1347296.86,4,5389187.44,0.0452253028889385,243727.6342992631,Client 050,C-0050,T-0042,ML Engineer
ENG-00134,2026-08-01,3470167.75,1,3470167.75,0.1166053882090522,404640.2576392832,Client 015,C-0015,T-0089,Data Analyst
ENG-00135,2024-07-01,967770.59,5,4838852.95,0.9508424873509218,4600986.974903346,Client 009,C-0009,T-0070,Data Analyst
ENG-00136,2024-10-01,2659034.36,3,7977103.08,0.9998397207575748,7975824.515961589,Client 032,C-0032,T-0413,Data Engineer
ENG-00137,2026-08-01,825371.98,5,4126859.9,0.3774635345753818,1557739.1245514066,Client 054,C-0054,T-0284,AI Engineer
ENG-00138,2025-06-01,810745.56,0,0.0,0.0009804052842847,0.0,Client 023,C-0023,T-0463,Data Engineer
ENG-00139,2025-09-01,1290589.03,0,0.0,0.0438248279385009,0.0,Client 003,C-0003,T-0218,Analytics Engineer
ENG-00140,2026-01-01,1058445.32,0,0.0,0.1039546671526627,0.0,Client 059,C-0059,T-0101,Analytics Engineer
ENG-00141,2026-08-01,2435273.36,8,19482186.88,0.8737180622896733,17021938.569958895,Client 027,C-0027,T-0305,AI Engineer
ENG-00142,2025-10-01,2160581.77,3,6481745.3100000005,0.98458308262741,6381816.778125558,Client 011,C-0011,T-0465,Data Analyst
ENG-00143,2026-04-01,1109286.99,0,0.0,0.0362635478956506,0.0,Client 037,C-0037,T-0267,ML Engineer
ENG-00144,2026-08-01,818237.66,4,3272950.64,0.0059548828623696,19490.037675517615,Client 020,C-0020,T-0009,AI Engineer
ENG-00145,2026-08-01,2293250.74,4,9173002.96,0.0589053060066401,540338.5463586155,Client 057,C-0057,T-0152,Data Engineer
ENG-00146,2026-01-01,1191925.44,0,0.0,0.0608226511648056,0.0,Client 018,C-0018,T-0463,Data Engineer
ENG-00147,2026-06-01,2285082.77,0,0.0,0.5773621154767878,0.0,Client 034,C-0034,T-0260,Data Scientist
ENG-00148,2025-03-01,1795015.48,0,0.0,0.7794142843013162,0.0,Client 033,C-0033,T-0476,AI Engineer
ENG-00149,2025-08-01,1782973.8,0,0.0,0.0146303972753571,0.0,Client 015,C-0015,T-0255,Data Scientist
ENG-00150,2026-03-01,2124627.5,0,0.0,0.0225562682441897,0.0,Client 030,C-0030,T-0007,AI Engineer
ENG-00151,2026-11-01,1271516.04,4,5086064.16,0.9984081715130868,5077968.018183844,Client 007,C-0007,T-0437,Analytics Engineer
ENG-00152,2026-08-01,1292948.71,1,1292948.71,0.4418186611265292,571248.867957473,Client 039,C-0039,T-0382,ML Engineer
ENG-00153,2026-05-01,3152129.77,4,12608519.08,0.9968151987642824,12568363.452853447,Client 046,C-0046,T-0358,AI Engineer
ENG-00154,2026-10-01,1013159.31,5,5065796.550000001,0.9997963054981296,5064764.675095172,Client 058,C-0058,T-0486,Data Analyst
ENG-00155,2024-11-01,3248178.1,0,0.0,0.0489183348795397,0.0,Client 020,C-0020,T-0099,Data Engineer
ENG-00156,2025-01-01,3065204.12,6,18391224.72,0.996860427693238,18333484.14018165,Client 018,C-0018,T-0453,BI Developer
ENG-00157,2024-08-01,860082.63,0,0.0,0.1221439393772012,0.0,Client 033,C-0033,T-0117,Data Engineer
ENG-00158,2026-09-01,2119884.45,3,6359653.350000001,0.9990778557840152,6353788.832447629,Client 042,C-0042,T-0486,Data Analyst
ENG-00159,2026-01-01,873188.67,0,0.0,0.1532407196356384,0.0,Client 060,C-0060,T-0096,AI Engineer
ENG-00160,2026-04-01,766124.15,0,0.0,0.0668997883681553,0.0,Client 002,C-0002,T-0276,Data Analyst
ENG-00161,2024-12-01,1640863.31,2,3281726.62,0.894152507807229,2934364.0872107414,Client 015,C-0015,T-0395,Data Engineer
ENG-00162,2026-08-01,3229831.5,4,12919326.0,0.972134223757204,12559318.952476263,Client 016,C-0016,T-0040,Data Analyst
ENG-00163,2026-08-01,1037700.43,2,2075400.86,0.0063431745259779,13164.629866344627,Client 016,C-0016,T-0034,BI Developer
ENG-00164,2025-01-01,2883864.07,2,5767728.14,0.999755637962912,5766318.72620234,Client 028,C-0028,T-0425,Analytics Engineer
ENG-00165,2025-02-01,2066280.62,0,0.0,0.0194473499094401,0.0,Client 053,C-0053,T-0031,Data Scientist
ENG-00166,2025-03-01,863115.54,2,1726231.08,0.9998732686171854,1726012.3123481742,Client 002,C-0002,T-0307,ML Engineer
ENG-00167,2024-07-01,1420000.94,6,8520005.64,0.9962128906257244,8487739.446771875,Client 049,C-0049,T-0470,ML Engineer
ENG-00168,2026-07-01,2132964.23,0,0.0,0.0249362647936621,0.0,Client 038,C-0038,T-0308,Analytics Engineer
ENG-00169,2026-08-01,900878.96,7,6306152.72,0.4455647493563857,2809799.3560898895,Client 037,C-0037,T-0241,Data Scientist
ENG-00170,2026-08-01,3007857.98,12,36094295.76,0.1869565058237534,6748063.415458717,Client 041,C-0041,T-0209,ML Engineer
ENG-00171,2026-08-01,1038394.05,6,6230364.300000001,0.0295786261295024,184285.61628029894,Client 007,C-0007,T-0320,AI Engineer
ENG-00172,2026-09-01,2180359.43,2,4360718.86,0.8488657187164478,3701664.749214269,Client 045,C-0045,T-0286,Data Scientist
ENG-00173,2026-03-01,3269546.95,0,0.0,0.0481303676273812,0.0,Client 015,C-0015,T-0251,BI Developer
ENG-00174,2026-04-01,2770023.01,0,0.0,0.0142202169901673,0.0,Client 031,C-0031,T-0077,AI Engineer
ENG-00175,2026-11-01,2744292.82,6,16465756.919999998,0.9996991250848174,16460802.786783276,Client 041,C-0041,T-0332,Data Scientist
ENG-00176,2024-12-01,3188381.37,2,6376762.74,0.985342493672534,6283295.299789701,Client 037,C-0037,T-0370,BI Developer
ENG-00177,2026-08-01,2100002.23,0,0.0,0.0002205974304189,0.0,Client 020,C-0020,T-0355,Data Scientist
ENG-00178,2026-08-01,798154.21,2,1596308.42,0.0373536334765113,59627.91963614886,Client 024,C-0024,T-0038,AI Engineer
ENG-00179,2026-08-01,1358954.47,3,4076863.41,0.0698116896186482,284612.7229965437,Client 029,C-0029,T-0352,BI Developer
ENG-00180,2025-07-01,1079101.02,0,0.0,0.0119926694661704,0.0,Client 003,C-0003,T-0365,AI Engineer
ENG-00181,2026-02-01,3333175.95,0,0.0,0.5629335646783286,0.0,Client 044,C-0044,T-0092,Data Scientist
ENG-00182,2026-08-01,1300835.88,4,5203343.52,0.0427030058227578,222198.40863236904,Client 006,C-0006,T-0425,Analytics Engineer
ENG-00183,2024-04-01,2917547.59,3,8752642.77,0.9899206700780112,8664421.99583186,Client 028,C-0028,T-0262,Analytics Engineer
ENG-00184,2025-10-01,1670922.35,3,5012767.050000001,0.997666552879716,5001070.023162523,Client 040,C-0040,T-0237,AI Engineer
ENG-00185,2026-08-01,1309404.62,1,1309404.62,0.000877572258901,1149.0971701888056,Client 005,C-0005,T-0362,AI Engineer
ENG-00186,2025-08-01,2248274.4,5,11241372.0,0.9959406464574776,11195739.296748988,Client 060,C-0060,T-0255,Data Scientist
ENG-00187,2025-01-01,948070.54,2,1896141.08,0.9880488017994352,1873479.9221366872,Client 023,C-0023,T-0273,AI Engineer
ENG-00188,2025-02-01,847554.58,0,0.0,0.0193424023454386,0.0,Client 001,C-0001,T-0157,Data Analyst
ENG-00189,2025-06-01,1010941.04,5,5054705.2,0.9907720159843364,5008060.461210509,Client 040,C-0040,T-0464,Data Engineer
ENG-00190,2025-02-01,1496419.36,0,0.0,0.0371189884448342,0.0,Client 034,C-0034,T-0485,AI Engineer
ENG-00191,2026-08-01,1361677.33,6,8170063.98,0.1145653106208127,936005.9176606133,Client 039,C-0039,T-0066,Data Analyst
ENG-00192,2025-01-01,2017422.37,0,0.0,0.0016046718920963,0.0,Client 046,C-0046,T-0367,Data Scientist
ENG-00193,2024-08-01,2456498.17,3,7369494.51,0.9931521419753516,7319029.257882094,Client 029,C-0029,T-0012,ML Engineer
ENG-00194,2024-07-01,2000167.95,5,10000839.75,0.9779098100067568,9779919.29983052,Client 050,C-0050,T-0185,Data Scientist
ENG-00195,2025-05-01,966947.71,0,0.0,0.0226487168646935,0.0,Client 023,C-0023,T-0485,AI Engineer
ENG-00196,2024-06-01,1292415.75,8,10339326.0,0.8994317184477864,9299517.751771877,Client 033,C-0033,T-0088,Data Analyst
ENG-00197,2026-08-01,930343.28,5,4651716.4,0.0323902660741343,150670.33189741414,Client 010,C-0010,T-0189,Data Analyst
ENG-00198,2024-12-01,1069878.28,0,0.0,0.8895635073981166,0.0,Client 038,C-0038,T-0110,Data Engineer
ENG-00199,2026-12-01,3184394.67,2,6368789.34,0.9852957929083136,6275141.342621315,Client 016,C-0016,T-0365,AI Engineer
ENG-00200,2026-01-01,2848563.28,3,8545689.84,0.9975003246045124,8524328.389369484,Client 042,C-0042,T-0232,AI Engineer
ENG-00201,2025-12-01,1346947.86,0,0.0,0.0259772486808448,0.0,Client 049,C-0049,T-0297,ML Engineer
ENG-00202,2026-08-01,2786720.23,2,5573440.46,0.1588340635094188,885252.1959896043,Client 052,C-0052,T-0472,ML Engineer
ENG-00203,2026-08-01,1308493.95,2,2616987.9,0.0012400639430128,3245.232334090787,Client 056,C-0056,T-0261,Data Analyst
ENG-00204,2026-08-01,1190041.53,1,1190041.53,0.0033261618603532,3958.2707493223684,Client 008,C-0008,T-0368,ML Engineer
ENG-00205,2026-08-01,1943505.1,6,11661030.600000001,0.1128197802108445,1315594.9093239324,Client 009,C-0009,T-0049,ML Engineer
ENG-00206,2026-01-01,2228446.62,5,11142233.100000001,0.9966783025430428,11105221.972646907,Client 056,C-0056,T-0108,BI Developer
ENG-00207,2024-08-01,2289677.43,0,0.0,0.186703818989146,0.0,Client 023,C-0023,T-0474,AI Engineer
ENG-00208,2026-01-01,949319.41,0,0.0,0.0994259768300681,0.0,Client 002,C-0002,T-0430,Data Analyst
ENG-00209,2026-11-01,2332541.48,3,6997624.4399999995,0.965312489931208,6754894.271779874,Client 018,C-0018,T-0329,Analytics Engineer
ENG-00210,2026-06-01,1840936.46,4,7363745.84,0.9988360872318528,7355175.082195433,Client 051,C-0051,T-0190,AI Engineer
ENG-00211,2025-07-01,1205178.31,0,0.0,0.0391126482234157,0.0,Client 022,C-0022,T-0100,BI Developer
ENG-00212,2026-08-01,2402790.15,3,7208370.449999999,0.0309671320258819,223222.5594166157,Client 005,C-0005,T-0426,Analytics Engineer
ENG-00213,2026-04-01,2195592.65,0,0.0,0.0004498040059852,0.0,Client 044,C-0044,T-0393,ML Engineer
ENG-00214,2026-09-01,2053574.98,2,4107149.96,0.9995398853584734,4105260.2001684583,Client 012,C-0012,T-0121,AI Engineer
ENG-00215,2025-09-01,1702056.39,0,0.0,0.0048367544157748,0.0,Client 022,C-0022,T-0295,Analytics Engineer
ENG-00216,2024-04-01,1016686.64,4,4066746.56,0.9834788741696682,3999559.328362171,Client 001,C-0001,T-0310,Analytics Engineer
ENG-00217,2024-12-01,2237240.78,0,0.0,0.0003898648689791,0.0,Client 037,C-0037,T-0239,Analytics Engineer
ENG-00218,2025-06-01,1332220.64,0,0.0,0.0308448322972778,0.0,Client 027,C-0027,T-0464,Data Engineer
ENG-00219,2026-07-01,3470779.81,0,0.0,0.6769920121255518,0.0,Client 053,C-0053,T-0063,Data Analyst
ENG-00220,2026-08-01,1428717.76,0,0.0,0.0079127234151624,0.0,Client 021,C-0021,T-0129,Data Analyst
ENG-00221,2026-08-01,1473210.69,6,8839264.14,0.99862979235537,8827152.512702469,Client 013,C-0013,T-0048,Analytics Engineer
ENG-00222,2025-07-01,3178268.0,0,0.0,0.0047907883711603,0.0,Client 010,C-0010,T-0347,Analytics Engineer
ENG-00223,2025-01-01,1416528.45,0,0.0,0.0888274598871992,0.0,Client 013,C-0013,T-0323,ML Engineer
ENG-00224,2026-08-01,2778766.37,6,16672598.22,0.0153911016663036,256609.65424545243,Client 028,C-0028,T-0494,AI Engineer
ENG-00225,2026-04-01,1707176.34,0,0.0,0.1898496235987644,0.0,Client 006,C-0006,T-0272,AI Engineer
ENG-00226,2026-05-01,1735217.23,0,0.0,0.1403360982469103,0.0,Client 025,C-0025,T-0076,Analytics Engineer
ENG-00227,2026-08-01,1002370.6,1,1002370.6,0.002700867354072,2707.270030221563,Client 052,C-0052,T-0226,BI Developer
ENG-00228,2026-08-01,997902.3,0,0.0,0.0052536474952169,0.0,Client 047,C-0047,T-0045,ML Engineer
ENG-00229,2025-12-01,1352294.66,0,0.0,0.0070509766342708,0.0,Client 039,C-0039,T-0336,Data Scientist
ENG-00230,2025-05-01,1276051.83,3,3828155.49,0.9843914350817232,3768403.4765170775,Client 054,C-0054,T-0338,ML Engineer
ENG-00231,2024-05-01,2868705.98,3,8606117.94,0.9993178512470487,8600247.287379477,Client 047,C-0047,T-0429,BI Developer
ENG-00232,2026-05-01,1010147.65,8,8081181.2,0.9723844005785308,7858014.537128492,Client 040,C-0040,T-0170,Data Analyst
ENG-00233,2025-07-01,2244009.43,0,0.0,0.937424242622722,0.0,Client 052,C-0052,T-0156,BI Developer
ENG-00234,2026-08-01,3274913.31,5,16374566.55,0.2432298033645707,3982782.602136577,Client 008,C-0008,T-0036,ML Engineer
ENG-00235,2025-01-01,3392874.35,0,0.0,0.017105396482206,0.0,Client 050,C-0050,T-0208,BI Developer
ENG-00236,2025-11-01,1126131.93,0,0.0,0.0156025909869581,0.0,Client 018,C-0018,T-0238,Data Analyst
ENG-00237,2025-03-01,2341685.24,0,0.0,0.0089214933584263,0.0,Client 044,C-0044,T-0378,Data Engineer
ENG-00238,2026-08-01,1268372.68,6,7610236.08,0.0320774015209832,244116.59840763322,Client 055,C-0055,T-0377,Data Engineer
ENG-00239,2026-08-01,2032623.14,4,8130492.56,0.0683967752344067,556099.4721713358,Client 030,C-0030,T-0071,Analytics Engineer
ENG-00240,2025-05-01,1105296.07,4,4421184.28,0.9694520133444696,4286126.001612919,Client 006,C-0006,T-0143,BI Developer
ENG-00241,2026-08-01,1162381.47,4,4649525.88,0.4081950816943817,1897913.596426742,Client 023,C-0023,T-0256,Data Scientist
ENG-00242,2026-08-01,1142833.55,12,13714002.600000001,0.0618439011604319,848127.4213083062,Client 025,C-0025,T-0168,Data Engineer
ENG-00243,2025-08-01,2114270.64,0,0.0,0.0359543721837858,0.0,Client 057,C-0057,T-0013,Data Engineer
ENG-00244,2026-08-01,1065095.05,6,6390570.300000001,0.0225622365458743,144185.5587716389,Client 057,C-0057,T-0423,Data Analyst
ENG-00245,2026-08-01,1127193.27,2,2254386.54,0.0085325368338929,19235.636190382367,Client 035,C-0035,T-0366,ML Engineer
ENG-00246,2026-07-01,1043720.41,4,4174881.64,0.96249890669864,4018319.014096225,Client 058,C-0058,T-0261,Data Analyst
ENG-00247,2025-12-01,883618.47,0,0.0,0.0034893538708262,0.0,Client 027,C-0027,T-0159,Data Engineer
ENG-00248,2024-11-01,2403766.89,2,4807533.78,0.9992274131758252,4803819.542744797,Client 025,C-0025,T-0422,AI Engineer
ENG-00249,2025-10-01,2422192.94,0,0.0,0.0084505810489485,0.0,Client 051,C-0051,T-0018,Data Analyst
ENG-00250,2025-10-01,1075761.08,0,0.0,0.106236982968176,0.0,Client 041,C-0041,T-0224,Data Scientist
ENG-00251,2026-02-01,3066091.43,0,0.0,0.0135494875144869,0.0,Client 032,C-0032,T-0401,Analytics Engineer
ENG-00252,2025-09-01,1739312.81,0,0.0,0.0087696228931806,0.0,Client 028,C-0028,T-0477,ML Engineer
ENG-00253,2024-11-01,2375805.63,0,0.0,0.0352665032904565,0.0,Client 043,C-0043,T-0126,ML Engineer
ENG-00254,2025-08-01,1318115.18,4,5272460.72,0.9745179795568216,5138107.768147104,Client 046,C-0046,T-0326,Data Engineer
ENG-00255,2024-09-01,2713102.87,0,0.0,0.0308461841977956,0.0,Client 030,C-0030,T-0095,ML Engineer
ENG-00256,2026-08-01,1008374.38,8,8066995.04,0.0094522560852061,76251.30295616742,Client 002,C-0002,T-0058,ML Engineer
ENG-00257,2025-04-01,2328940.08,0,0.0,0.4039631543243582,0.0,Client 007,C-0007,T-0177,BI Developer
ENG-00258,2025-10-01,2212663.46,3,6637990.38,0.9990176624423356,6631469.632742311,Client 009,C-0009,T-0443,BI Developer
ENG-00259,2026-08-01,2194335.06,3,6583005.18,0.0118513694401927,78017.62641488224,Client 028,C-0028,T-0345,Data Scientist
ENG-00260,2027-01-01,2048004.28,5,10240021.4,0.9978843061574936,10218356.649776887,Client 037,C-0037,T-0245,ML Engineer
ENG-00261,2024-10-01,1213302.03,0,0.0,0.0019235142911586,0.0,Client 049,C-0049,T-0142,BI Developer
ENG-00262,2026-08-01,1034349.58,11,11377845.379999999,0.0178219334579531,202775.2032572391,Client 014,C-0014,T-0071,Analytics Engineer
ENG-00263,2025-07-01,2184494.69,0,0.0,0.0074906884395441,0.0,Client 048,C-0048,T-0136,Data Analyst
ENG-00264,2026-07-01,3260762.1,0,0.0,0.0618981853938943,0.0,Client 040,C-0040,T-0077,AI Engineer
ENG-00265,2025-10-01,1073991.65,4,4295966.6,0.9847659744497248,4230521.735052471,Client 004,C-0004,T-0094,AI Engineer
ENG-00266,2026-03-01,1652476.25,0,0.0,0.0179815167452607,0.0,Client 022,C-0022,T-0344,Data Analyst
ENG-00267,2025-12-01,1971543.87,4,7886175.48,0.993234215754124,7832819.318177203,Client 019,C-0019,T-0067,Data Scientist
ENG-00268,2026-06-01,3028528.53,2,6057057.06,0.9916234479768604,6006319.806429785,Client 054,C-0054,T-0024,BI Developer
ENG-00269,2025-05-01,2565258.88,0,0.0,0.0814299679180725,0.0,Client 056,C-0056,T-0272,AI Engineer
ENG-00270,2026-06-01,2716352.99,0,0.0,0.0153098572494993,0.0,Client 050,C-0050,T-0144,Data Engineer
ENG-00271,2026-08-01,1092643.36,9,9833790.24,0.0049870305683516,49041.41252963762,Client 032,C-0032,T-0228,Analytics Engineer
ENG-00272,2025-03-01,2997853.11,2,5995706.22,0.9917766274622648,5946401.294126123,Client 030,C-0030,T-0070,Data Analyst
ENG-00273,2025-05-01,2767929.28,0,0.0,0.0589269969038563,0.0,Client 019,C-0019,T-0105,BI Developer
ENG-00274,2026-03-01,2576311.31,0,0.0,0.013069214795716,0.0,Client 047,C-0047,T-0221,AI Engineer
ENG-00275,2026-02-01,1031062.14,0,0.0,0.0011464900746408,0.0,Client 006,C-0006,T-0346,BI Developer
ENG-00276,2026-08-01,1701419.24,10,17014192.4,0.0036954482699032,62875.06786838017,Client 017,C-0017,T-0208,BI Developer
ENG-00277,2027-03-01,1650242.62,2,3300485.24,0.951714287237809,3141118.9577255095,Client 009,C-0009,T-0271,BI Developer
ENG-00278,2024-12-01,983756.27,0,0.0,0.0429251561618274,0.0,Client 030,C-0030,T-0261,Data Analyst
ENG-00279,2025-09-01,1923372.38,0,0.0,0.643362170304304,0.0,Client 018,C-0018,T-0135,BI Developer
ENG-00280,2026-12-01,1618359.69,2,3236719.38,0.9852847060161406,3189090.1027800445,Client 012,C-0012,T-0140,Data Engineer
ENG-00281,2024-08-01,2835062.43,0,0.0,0.1176405044026456,0.0,Client 023,C-0023,T-0213,ML Engineer
ENG-00282,2026-08-01,2056108.15,0,0.0,0.2164325704441402,0.0,Client 052,C-0052,T-0017,Analytics Engineer
ENG-00283,2026-01-01,1766688.42,0,0.0,0.6253157148982589,0.0,Client 034,C-0034,T-0343,Data Analyst
ENG-00284,2025-03-01,2603448.43,0,0.0,0.0669082565372766,0.0,Client 050,C-0050,T-0308,Analytics Engineer
ENG-00285,2026-07-01,1664131.05,2,3328262.1,0.9729832116179468,3238343.147164292,Client 055,C-0055,T-0154,Analytics Engineer
ENG-00286,2025-11-01,2745999.36,0,0.0,0.0183857838460962,0.0,Client 055,C-0055,T-0187,BI Developer
ENG-00287,2025-07-01,2372101.63,0,0.0,0.7396320644613191,0.0,Client 022,C-0022,T-0165,ML Engineer
ENG-00288,2026-03-01,1797245.28,0,0.0,0.0109189296609468,0.0,Client 053,C-0053,T-0326,Data Engineer
ENG-00289,2026-08-01,1573891.37,6,9443348.22,0.0004648818554175,4390.041241867147,Client 055,C-0055,T-0380,Data Analyst
ENG-00290,2026-02-01,2377784.47,0,0.0,0.0031277574254842,0.0,Client 058,C-0058,T-0055,ML Engineer
ENG-00291,2025-03-01,983486.63,3,2950459.89,0.9986179759045936,2946382.2833394897,Client 022,C-0022,T-0207,Data Scientist
ENG-00292,2025-04-01,3300704.27,0,0.0,0.0824007592632485,0.0,Client 014,C-0014,T-0007,AI Engineer
ENG-00293,2026-02-01,1367776.97,0,0.0,0.0954829096284162,0.0,Client 036,C-0036,T-0227,Data Engineer
ENG-00294,2025-03-01,1904868.54,0,0.0,0.6612536282052501,0.0,Client 056,C-0056,T-0125,Data Analyst
ENG-00295,2026-01-01,1229412.6,0,0.0,0.1259759311955348,0.0,Client 055,C-0055,T-0168,Data Engineer
ENG-00296,2025-01-01,1070866.73,0,0.0,0.0073547140332306,0.0,Client 035,C-0035,T-0229,Data Engineer
ENG-00297,2026-08-01,2558550.73,2,5117101.46,0.0085529944936409,43766.54061078181,Client 009,C-0009,T-0162,AI Engineer
ENG-00298,2024-12-01,1122241.46,0,0.0,0.0915621395703696,0.0,Client 026,C-0026,T-0198,BI Developer
ENG-00299,2024-11-01,1132681.44,2,2265362.88,0.996674040162354,2257828.3740434255,Client 043,C-0043,T-0383,Data Engineer
ENG-00300,2024-07-01,1030203.6,5,5151018.0,0.9999188971348292,5150600.237681653,Client 034,C-0034,T-0406,Data Scientist
ENG-00301,2026-07-01,1064639.15,0,0.0,0.0577674020672695,0.0,Client 021,C-0021,T-0003,Data Analyst
ENG-00302,2025-07-01,1407793.57,0,0.0,0.9164289918262328,0.0,Client 021,C-0021,T-0189,Data Analyst
ENG-00303,2026-08-01,2661131.2,0,0.0,0.0064980109691283,0.0,Client 004,C-0004,T-0424,Data Engineer
ENG-00304,2026-01-01,807036.46,0,0.0,0.0013608908898729,0.0,Client 018,C-0018,T-0266,ML Engineer
ENG-00305,2025-02-01,1072070.32,0,0.0,0.0143470792878246,0.0,Client 041,C-0041,T-0103,Analytics Engineer
ENG-00306,2025-01-01,1312365.83,3,3937097.49,0.99084457661676,3901051.6955779586,Client 015,C-0015,T-0297,ML Engineer
ENG-00307,2025-05-01,1023179.54,0,0.0,0.0576354564782338,0.0,Client 060,C-0060,T-0073,Data Analyst
ENG-00308,2025-05-01,938817.96,6,5632907.76,0.9578139460871546,5395277.609550555,Client 005,C-0005,T-0011,Data Engineer
ENG-00309,2025-12-01,1193812.0,3,3581436.0,0.9484814643829156,3396925.6618736917,Client 036,C-0036,T-0317,AI Engineer
ENG-00310,2026-08-01,2829468.75,5,14147343.75,0.0529259109480245,748761.055463591,Client 030,C-0030,T-0258,Data Scientist
ENG-00311,2026-08-01,1386433.42,7,9705033.94,0.0342680396717657,332572.48807175254,Client 050,C-0050,T-0379,Data Analyst
ENG-00312,2026-08-01,2663143.18,9,23968288.62,0.4407483323356599,10563983.238204775,Client 054,C-0054,T-0173,Data Engineer
ENG-00313,2026-06-01,1988537.34,0,0.0,0.0049868058233371,0.0,Client 033,C-0033,T-0428,BI Developer
ENG-00314,2024-12-01,2423535.16,4,9694140.64,0.7183894450179615,6964168.314295667,Client 038,C-0038,T-0211,BI Developer
ENG-00315,2025-02-01,1981297.12,0,0.0,0.0222370701571769,0.0,Client 042,C-0042,T-0370,BI Developer
ENG-00316,2025-12-01,1372593.98,0,0.0,0.050270575846488,0.0,Client 032,C-0032,T-0051,AI Engineer
ENG-00317,2025-07-01,1362067.31,0,0.0,0.0028085788388287,0.0,Client 012,C-0012,T-0049,ML Engineer
ENG-00318,2024-09-01,1015106.94,0,0.0,0.0550500252976301,0.0,Client 026,C-0026,T-0392,Data Scientist
ENG-00319,2024-10-01,3286027.84,3,9858083.52,0.9802845541707532,9663727.00838125,Client 015,C-0015,T-0417,AI Engineer
ENG-00320,2025-07-01,1636831.11,0,0.0,0.1282814529293682,0.0,Client 028,C-0028,T-0472,ML Engineer
ENG-00321,2025-10-01,1898537.74,2,3797075.48,0.9998939632953572,3796672.8506288207,Client 037,C-0037,T-0163,Data Scientist
ENG-00322,2026-03-01,1704760.11,2,3409520.22,0.1868237226001267,636979.259780803,Client 013,C-0013,T-0012,ML Engineer
ENG-00323,2025-05-01,929865.62,0,0.0,0.0701527472331275,0.0,Client 015,C-0015,T-0490,Analytics Engineer
ENG-00324,2026-04-01,2648860.63,5,13244303.149999999,0.6471431022420014,8570959.42752451,Client 050,C-0050,T-0301,Analytics Engineer
ENG-00325,2024-08-01,1608025.68,0,0.0,0.0153018075687311,0.0,Client 023,C-0023,T-0124,BI Developer
ENG-00326,2026-01-01,1778468.08,0,0.0,0.4758993693579517,0.0,Client 012,C-0012,T-0382,ML Engineer
ENG-00327,2025-08-01,2456590.02,4,9826360.08,0.9963589634174098,9790581.943475015,Client 043,C-0043,T-0452,AI Engineer
ENG-00328,2025-05-01,1029020.72,2,2058041.44,0.8406292066676198,1730049.7429962857,Client 043,C-0043,T-0143,BI Developer
ENG-00329,2026-08-01,2372690.06,0,0.0,0.0014217432070671,0.0,Client 050,C-0050,T-0385,Analytics Engineer
ENG-00330,2025-07-01,783429.2,0,0.0,0.5626166930093907,0.0,Client 046,C-0046,T-0394,Data Scientist
ENG-00331,2025-06-01,2735180.87,0,0.0,0.0018936459886722,0.0,Client 060,C-0060,T-0251,BI Developer
ENG-00332,2026-11-01,3144500.37,2,6289000.74,0.9877302773013498,6211836.444868594,Client 035,C-0035,T-0317,AI Engineer
ENG-00333,2026-08-01,3438633.28,4,13754533.12,0.0053822215504767,74029.94457520952,Client 018,C-0018,T-0135,BI Developer
ENG-00334,2024-12-01,2729014.36,0,0.0,0.0229949792875992,0.0,Client 052,C-0052,T-0465,Data Analyst
ENG-00335,2024-12-01,1352619.84,0,0.0,0.4414169979208306,0.0,Client 016,C-0016,T-0492,Data Scientist
ENG-00336,2026-07-01,2729043.0,3,8187129.0,0.9976617569802274,8167985.502763772,Client 018,C-0018,T-0491,AI Engineer
ENG-00337,2025-02-01,2660619.38,0,0.0,0.0034619890639343,0.0,Client 050,C-0050,T-0369,BI Developer
ENG-00338,2025-12-01,2987313.55,2,5974627.1,0.9976026551735684,5960303.858631956,Client 053,C-0053,T-0022,Data Engineer
ENG-00339,2025-10-01,3221332.75,0,0.0,0.0093797854684418,0.0,Client 021,C-0021,T-0184,Analytics Engineer
ENG-00340,2025-01-01,2765985.76,5,13829928.799999999,0.9453400627925078,13073985.760207912,Client 044,C-0044,T-0223,AI Engineer
ENG-00341,2025-10-01,2092654.36,0,0.0,0.7227629772505668,0.0,Client 056,C-0056,T-0480,Analytics Engineer
ENG-00342,2026-08-01,2270043.51,0,0.0,0.004485795353406,0.0,Client 048,C-0048,T-0274,AI Engineer
ENG-00343,2025-08-01,1538163.49,0,0.0,0.161788166543882,0.0,Client 001,C-0001,T-0269,Data Engineer
ENG-00344,2025-12-01,971172.54,4,3884690.16,0.9963428567937028,3870483.2917727865,Client 040,C-0040,T-0074,Data Engineer
ENG-00345,2025-11-01,2155566.25,0,0.0,0.008284440300641,0.0,Client 011,C-0011,T-0397,Data Engineer
ENG-00346,2026-07-01,831105.67,2,1662211.34,0.9907655791619402,1646861.7809646449,Client 051,C-0051,T-0169,BI Developer
ENG-00347,2026-08-01,1394361.45,7,9760530.15,0.1061245246201773,1035831.6222096578,Client 005,C-0005,T-0046,BI Developer
ENG-00348,2024-11-01,1723321.12,0,0.0,0.0101062543473239,0.0,Client 060,C-0060,T-0494,AI Engineer
ENG-00349,2026-08-01,1255367.53,1,1255367.53,0.0183497290227811,23035.653999498023,Client 011,C-0011,T-0096,AI Engineer
ENG-00350,2026-08-01,1959865.0,1,1959865.0,0.0198974157923858,38996.248801944195,Client 026,C-0026,T-0009,AI Engineer
ENG-00351,2025-09-01,3045662.94,0,0.0,0.6486432573390756,0.0,Client 015,C-0015,T-0039,Data Analyst
ENG-00352,2026-08-01,3496172.99,5,17480864.950000003,0.2238508393947567,3913106.2924038824,Client 049,C-0049,T-0227,Data Engineer
ENG-00353,2025-07-01,938081.2,0,0.0,0.0340328064478545,0.0,Client 024,C-0024,T-0052,Data Engineer
ENG-00354,2025-10-01,1140308.55,0,0.0,0.0314957131077244,0.0,Client 045,C-0045,T-0422,AI Engineer
ENG-00355,2026-08-01,1377913.49,4,5511653.96,0.0378845603291525,208806.5869610323,Client 005,C-0005,T-0257,Data Analyst
ENG-00356,2026-05-01,2500057.91,0,0.0,0.0497043081625387,0.0,Client 028,C-0028,T-0162,AI Engineer
ENG-00357,2025-06-01,2749511.18,0,0.0,0.0351297081032131,0.0,Client 055,C-0055,T-0002,Analytics Engineer
ENG-00358,2026-01-01,2695214.93,0,0.0,0.1974033468901575,0.0,Client 056,C-0056,T-0240,Data Analyst
ENG-00359,2025-11-01,1310598.95,0,0.0,0.4332659354388488,0.0,Client 013,C-0013,T-0076,Analytics Engineer
ENG-00360,2025-01-01,1561087.23,0,0.0,0.0007177271809776,0.0,Client 024,C-0024,T-0490,Analytics Engineer
ENG-00361,2025-02-01,1352007.98,0,0.0,0.0080202634192781,0.0,Client 025,C-0025,T-0146,Data Analyst
ENG-00362,2025-04-01,3168947.37,3,9506842.11,0.9981141484784736,9488913.617341945,Client 034,C-0034,T-0238,Data Analyst
ENG-00363,2024-10-01,3074255.61,0,0.0,0.4928479503006619,0.0,Client 033,C-0033,T-0010,Data Analyst
ENG-00364,2026-10-01,1535586.37,2,3071172.74,0.9984632110233468,3066452.9955877704,Client 007,C-0007,T-0066,Data Analyst
ENG-00365,2026-08-01,2819803.11,11,31017834.209999997,0.2529491268261612,7845934.079458131,Client 046,C-0046,T-0104,ML Engineer
ENG-00366,2026-07-01,923377.15,2,1846754.3,0.99415003198932,1835950.8464214143,Client 014,C-0014,T-0026,Analytics Engineer
ENG-00367,2026-08-01,867171.69,2,1734343.38,0.1153202717861627,200004.94995213204,Client 019,C-0019,T-0363,AI Engineer
ENG-00368,2025-05-01,1710551.74,0,0.0,0.1065868010482177,0.0,Client 051,C-0051,T-0473,AI Engineer
ENG-00369,2026-08-01,3309608.0,0,0.0,0.1047729304718915,0.0,Client 042,C-0042,T-0493,BI Developer
ENG-00370,2026-05-01,1618133.16,0,0.0,0.0216778114422338,0.0,Client 024,C-0024,T-0133,Data Scientist
ENG-00371,2026-08-01,2321285.96,8,18570287.68,0.0721650155700442,1340125.0995674,Client 055,C-0055,T-0395,Data Engineer
ENG-00372,2025-05-01,2335518.72,0,0.0,0.2180642886282252,0.0,Client 024,C-0024,T-0253,AI Engineer
ENG-00373,2026-08-01,2262391.72,3,6787175.16,0.0210316312897185,142745.36546385617,Client 034,C-0034,T-0023,Data Scientist
ENG-00374,2026-08-01,1941061.11,2,3882122.22,0.0196891210176689,76435.57419496146,Client 015,C-0015,T-0046,BI Developer
ENG-00375,2026-08-01,1263593.83,9,11372344.47,0.7480681775530095,8507289.002177946,Client 011,C-0011,T-0274,AI Engineer
ENG-00376,2024-10-01,1673779.66,7,11716457.62,0.9891011908778048,11588762.18481133,Client 030,C-0030,T-0212,BI Developer
ENG-00377,2026-06-01,1042059.78,0,0.0,0.2903936404065975,0.0,Client 034,C-0034,T-0005,Analytics Engineer
ENG-00378,2025-05-01,1414580.67,0,0.0,0.0195151931843589,0.0,Client 049,C-0049,T-0466,ML Engineer
ENG-00379,2026-08-01,905929.15,10,9059291.5,0.5480052421202425,4964539.231895355,Client 024,C-0024,T-0366,ML Engineer
ENG-00380,2026-03-01,1654381.92,0,0.0,0.0067435890118836,0.0,Client 054,C-0054,T-0252,BI Developer
ENG-00381,2025-01-01,809356.06,0,0.0,0.6266948121282463,0.0,Client 037,C-0037,T-0494,AI Engineer
ENG-00382,2025-06-01,1878088.03,0,0.0,0.1421755865373334,0.0,Client 005,C-0005,T-0486,Data Analyst
ENG-00383,2026-08-01,1680523.79,0,0.0,0.9754564357440448,0.0,Client 045,C-0045,T-0487,AI Engineer
ENG-00384,2026-08-01,1611676.2,5,8058381.0,0.0189826759262538,152969.63501328102,Client 035,C-0035,T-0130,AI Engineer
ENG-00385,2025-03-01,928693.37,2,1857386.74,0.977620260359583,1815818.9083472372,Client 024,C-0024,T-0441,AI Engineer
ENG-00386,2026-08-01,2146330.1,3,6438990.300000001,0.0196651248651693,126623.54825511394,Client 029,C-0029,T-0253,AI Engineer
ENG-00387,2026-08-01,3346883.33,4,13387533.32,0.073155191443362,979367.5629789876,Client 019,C-0019,T-0364,Data Analyst
ENG-00388,2024-08-01,2571102.65,2,5142205.3,0.8359145191743329,4298444.070845206,Client 037,C-0037,T-0430,Data Analyst
ENG-00389,2024-12-01,1350937.16,8,10807497.28,0.999819099041488,10805542.193382932,Client 035,C-0035,T-0082,Data Analyst
ENG-00390,2024-04-01,2954633.1,3,8863899.3,0.9973840734130378,8840711.990156975,Client 027,C-0027,T-0225,Data Analyst
ENG-00391,2025-09-01,3262711.86,0,0.0,0.0063250815801222,0.0,Client 018,C-0018,T-0065,ML Engineer
ENG-00392,2025-07-01,2675804.6,0,0.0,0.0103754052202955,0.0,Client 024,C-0024,T-0140,Data Engineer
ENG-00393,2026-09-01,1041815.69,3,3125447.07,0.999705242898802,3124525.822281699,Client 030,C-0030,T-0207,Data Scientist
ENG-00394,2025-12-01,2726625.69,4,10906502.76,0.9994703486056276,10900726.115605438,Client 029,C-0029,T-0428,BI Developer
ENG-00395,2026-08-01,1038077.83,9,9342700.469999999,0.0064731214385644,60476.43470644269,Client 019,C-0019,T-0432,Analytics Engineer
ENG-00396,2027-02-01,1967400.67,4,7869602.68,0.9668705309260174,7608886.921388409,Client 035,C-0035,T-0195,ML Engineer
ENG-00397,2025-07-01,888258.51,4,3553034.04,0.9955445242326816,3537203.5829343228,Client 014,C-0014,T-0165,ML Engineer
ENG-00398,2024-06-01,2572279.78,6,15433678.68,0.999523659339374,15426326.99130168,Client 031,C-0031,T-0266,ML Engineer
ENG-00399,2026-05-01,2758535.5,0,0.0,0.2735610936950857,0.0,Client 008,C-0008,T-0456,Data Engineer
ENG-00400,2026-08-01,1159518.9,6,6957113.399999999,0.2279184426862583,1585654.4517196994,Client 029,C-0029,T-0489,ML Engineer
ENG-00401,2025-03-01,1356792.51,0,0.0,0.0444156294218111,0.0,Client 048,C-0048,T-0114,ML Engineer
ENG-00402,2026-06-01,1374337.63,0,0.0,0.031672967568516,0.0,Client 050,C-0050,T-0094,AI Engineer
ENG-00403,2026-08-01,2133000.35,3,6399001.050000001,0.0121639988814925,77837.44161486934,Client 042,C-0042,T-0354,BI Developer
ENG-00404,2025-12-01,2610632.84,0,0.0,0.0043341612091448,0.0,Client 045,C-0045,T-0151,AI Engineer
ENG-00405,2025-07-01,2351060.33,0,0.0,0.167224539732371,0.0,Client 004,C-0004,T-0100,BI Developer
ENG-00406,2026-05-01,818496.25,0,0.0,0.3849789910219026,0.0,Client 021,C-0021,T-0016,Data Engineer
ENG-00407,2026-02-01,2135550.3,0,0.0,0.0129602772697722,0.0,Client 040,C-0040,T-0202,Data Scientist
ENG-00408,2026-08-01,2015291.69,2,4030583.38,0.0055379893855604,22321.32797605616,Client 049,C-0049,T-0196,Data Analyst
ENG-00409,2026-04-01,2214098.71,6,13284592.26,0.9962391379180788,13234630.740695583,Client 035,C-0035,T-0282,Data Engineer
ENG-00410,2024-10-01,898177.03,0,0.0,0.0008176985826107,0.0,Client 052,C-0052,T-0101,Analytics Engineer
ENG-00411,2025-11-01,2377163.38,0,0.0,0.0255057934913133,0.0,Client 017,C-0017,T-0358,AI Engineer
ENG-00412,2025-03-01,2141505.61,4,8566022.44,0.9949323674229008,8522612.985626893,Client 010,C-0010,T-0341,Data Analyst
ENG-00413,2026-08-01,1275146.25,7,8926023.75,0.1242269144627347,1108852.3888835884,Client 006,C-0006,T-0232,AI Engineer
ENG-00414,2026-02-01,3206008.56,0,0.0,0.2611563845340869,0.0,Client 035,C-0035,T-0091,ML Engineer
ENG-00415,2024-10-01,811225.81,0,0.0,0.032614579883662,0.0,Client 040,C-0040,T-0254,Analytics Engineer
ENG-00416,2025-04-01,2428666.96,0,0.0,0.140495362599827,0.0,Client 018,C-0018,T-0338,ML Engineer
ENG-00417,2026-02-01,1067940.88,0,0.0,0.1079683918791317,0.0,Client 048,C-0048,T-0187,BI Developer
ENG-00418,2026-07-01,2779993.11,0,0.0,0.7204768035423953,0.0,Client 045,C-0045,T-0132,Analytics Engineer
ENG-00419,2024-09-01,912746.64,0,0.0,0.075109447464909,0.0,Client 022,C-0022,T-0254,Analytics Engineer
ENG-00420,2026-04-01,3458317.07,3,10374951.209999999,0.99195355591187,10291469.745171657,Client 015,C-0015,T-0178,Data Analyst
ENG-00421,2025-05-01,922499.77,5,4612498.85,0.8798431379034483,4058275.461760046,Client 045,C-0045,T-0201,BI Developer
ENG-00422,2026-07-01,1769898.69,0,0.0,0.0398420817664635,0.0,Client 041,C-0041,T-0175,Data Analyst
ENG-00423,2026-04-01,3103884.01,0,0.0,0.2954866010261491,0.0,Client 011,C-0011,T-0152,Data Engineer
ENG-00424,2024-06-01,1326783.72,5,6633918.6,0.9984093332026924,6623366.245946938,Client 016,C-0016,T-0359,Analytics Engineer
ENG-00425,2025-11-01,2295634.9,0,0.0,0.1967464450290939,0.0,Client 030,C-0030,T-0231,AI Engineer
ENG-00426,2026-08-01,2751859.79,4,11007439.16,0.0203278338893023,223757.39479108123,Client 031,C-0031,T-0234,ML Engineer
ENG-00427,2025-12-01,1769694.36,0,0.0,0.6502381501748253,0.0,Client 010,C-0010,T-0327,Data Engineer
ENG-00428,2026-11-01,1034903.59,2,2069807.18,0.9448259149656386,1955607.4626459482,Client 057,C-0057,T-0181,BI Developer
ENG-00429,2026-08-01,1745249.58,0,0.0,0.0112263494174424,0.0,Client 024,C-0024,T-0051,AI Engineer
ENG-00430,2025-03-01,2047961.73,4,8191846.92,0.9739876490130636,7978757.722685706,Client 023,C-0023,T-0427,ML Engineer
ENG-00431,2024-12-01,1265228.94,0,0.0,0.1894856289564495,0.0,Client 004,C-0004,T-0028,Data Scientist
ENG-00432,2026-08-01,1798781.72,8,14390253.76,0.2211363132161498,3182207.6627312372,Client 053,C-0053,T-0286,Data Scientist
ENG-00433,2026-07-01,1318124.31,0,0.0,0.0080235799140794,0.0,Client 015,C-0015,T-0133,Data Scientist
ENG-00434,2026-08-01,838224.17,8,6705793.36,0.9266056554780214,6213626.051842964,Client 060,C-0060,T-0107,BI Developer
ENG-00435,2026-07-01,1557906.6,0,0.0,0.6380910700863789,0.0,Client 030,C-0030,T-0021,AI Engineer
ENG-00436,2026-08-01,3456499.32,2,6912998.64,0.7352616701626908,5082862.92587881,Client 053,C-0053,T-0451,BI Developer
ENG-00437,2025-02-01,1750291.04,0,0.0,0.6147683890840077,0.0,Client 011,C-0011,T-0215,Analytics Engineer
ENG-00438,2026-08-01,2258044.55,2,4516089.1,0.1308356025173517,590865.2384205445,Client 010,C-0010,T-0172,Data Engineer
ENG-00439,2026-03-01,2129995.29,0,0.0,0.0082890864327927,0.0,Client 049,C-0049,T-0371,AI Engineer
ENG-00440,2025-07-01,1475245.25,0,0.0,0.005495723919325,0.0,Client 050,C-0050,T-0020,Analytics Engineer
ENG-00441,2026-06-01,3441853.65,0,0.0,0.038269282348963,0.0,Client 033,C-0033,T-0283,Data Engineer
ENG-00442,2024-10-01,1769418.86,0,0.0,0.0096540247001438,0.0,Client 002,C-0002,T-0248,ML Engineer
ENG-00443,2026-03-01,1781068.18,0,0.0,0.2119236452567423,0.0,Client 057,C-0057,T-0277,BI Developer
ENG-00444,2025-11-01,1094319.0,0,0.0,0.1102798084757973,0.0,Client 024,C-0024,T-0062,AI Engineer
ENG-00445,2026-08-01,2282083.88,10,22820838.799999997,0.0016098288628235,36737.6449740824,Client 057,C-0057,T-0477,ML Engineer
ENG-00446,2026-01-01,1195317.99,7,8367225.93,0.9911773403600086,8293404.743488699,Client 053,C-0053,T-0120,AI Engineer
ENG-00447,2026-05-01,896485.18,0,0.0,0.0357969615626834,0.0,Client 052,C-0052,T-0340,Data Analyst
ENG-00448,2026-04-01,2388682.13,0,0.0,0.0032008787253857,0.0,Client 042,C-0042,T-0374,Data Scientist
ENG-00449,2026-08-01,973268.51,9,8759416.59,0.0104360863817315,91414.02818681196,Client 041,C-0041,T-0172,Data Engineer
ENG-00450,2026-01-01,1522508.21,2,3045016.42,0.9934995989876972,3025222.5921809534,Client 032,C-0032,T-0066,Data Analyst
ENG-00451,2025-10-01,2363878.21,8,18911025.68,0.9826221275940652,18582392.288667604,Client 002,C-0002,T-0149,BI Developer
ENG-00452,2026-06-01,2203634.37,0,0.0,0.0220976343341973,0.0,Client 024,C-0024,T-0404,ML Engineer
ENG-00453,2025-01-01,3216010.79,0,0.0,0.3882019401689089,0.0,Client 044,C-0044,T-0454,BI Developer
ENG-00454,2026-04-01,1261803.76,0,0.0,0.0058876697233362,0.0,Client 049,C-0049,T-0469,ML Engineer
ENG-00455,2026-06-01,1971534.64,2,3943069.28,0.8307370226518823,3275653.6337773013,Client 034,C-0034,T-0114,ML Engineer
ENG-00456,2025-08-01,3596583.53,0,0.0,0.0190075219199078,0.0,Client 043,C-0043,T-0304,Data Engineer
ENG-00457,2025-05-01,787381.09,0,0.0,0.0530753238731291,0.0,Client 002,C-0002,T-0076,Analytics Engineer
ENG-00458,2026-07-01,1257230.66,0,0.0,0.0364670135828413,0.0,Client 029,C-0029,T-0356,AI Engineer
ENG-00459,2024-12-01,2213749.99,0,0.0,0.0081304725057048,0.0,Client 031,C-0031,T-0208,BI Developer
ENG-00460,2025-12-01,994284.73,0,0.0,0.119328553360919,0.0,Client 054,C-0054,T-0357,Analytics Engineer
ENG-00461,2025-07-01,1522492.36,0,0.0,0.0397478163881602,0.0,Client 019,C-0019,T-0343,Data Analyst
ENG-00462,2026-08-01,1275837.99,1,1275837.99,0.0793479865082461,101235.17561722781,Client 014,C-0014,T-0497,AI Engineer
ENG-00463,2026-04-01,986502.73,0,0.0,0.0631161528517106,0.0,Client 022,C-0022,T-0245,ML Engineer
ENG-00464,2026-05-01,2595254.08,0,0.0,0.105887963994678,0.0,Client 011,C-0011,T-0171,Data Engineer
ENG-00465,2026-08-01,2954444.04,1,2954444.04,0.0219614128201703,64883.765216531734,Client 034,C-0034,T-0264,BI Developer
ENG-00466,2024-06-01,2745350.72,3,8236052.16,0.9958532401806244,8201899.229832631,Client 039,C-0039,T-0082,Data Analyst
ENG-00467,2025-05-01,2066001.05,0,0.0,0.055304929632537,0.0,Client 049,C-0049,T-0056,ML Engineer
ENG-00468,2026-05-01,930066.79,0,0.0,0.7341574661724181,0.0,Client 059,C-0059,T-0260,Data Scientist
ENG-00469,2026-08-01,2824296.75,1,2824296.75,0.0199754522521589,56416.60487555256,Client 005,C-0005,T-0413,Data Engineer
ENG-00470,2024-09-01,2016081.79,0,0.0,0.0546984517370599,0.0,Client 015,C-0015,T-0267,ML Engineer
ENG-00471,2026-08-01,1866170.47,5,9330852.35,0.1448513725411424,1351586.7698762438,Client 019,C-0019,T-0391,AI Engineer
ENG-00472,2025-02-01,983001.75,2,1966003.5,0.9538829565370828,1875337.2311422527,Client 015,C-0015,T-0089,Data Analyst
ENG-00473,2025-05-01,1355541.83,0,0.0,0.0586680341944501,0.0,Client 050,C-0050,T-0225,Data Analyst
ENG-00474,2025-11-01,1565577.76,0,0.0,0.0282661366104253,0.0,Client 009,C-0009,T-0307,ML Engineer
ENG-00475,2025-10-01,1028534.17,0,0.0,0.0102209463999064,0.0,Client 002,C-0002,T-0174,Data Analyst
ENG-00476,2025-09-01,2576211.63,6,15457269.78,0.986826655867272,15253645.845835643,Client 052,C-0052,T-0008,Data Scientist
ENG-00477,2025-07-01,2160807.77,0,0.0,0.0322842631361793,0.0,Client 058,C-0058,T-0037,ML Engineer
ENG-00478,2025-02-01,826085.25,2,1652170.5,0.8674045961454364,1433100.2853159038,Client 014,C-0014,T-0464,Data Engineer
ENG-00479,2026-08-01,1104218.4,0,0.0,0.5934710243830325,0.0,Client 020,C-0020,T-0303,Data Engineer
ENG-00480,2026-08-01,922388.9,8,7379111.2,0.0147926615946329,109156.6948507655,Client 031,C-0031,T-0133,Data Scientist
ENG-00481,2026-11-01,2536335.95,8,20290687.6,0.996664599272273,20223010.02581288,Client 032,C-0032,T-0130,AI Engineer
ENG-00482,2026-08-01,1207827.53,9,10870447.77,0.0416876169345028,453163.0625422802,Client 060,C-0060,T-0020,Analytics Engineer
ENG-00483,2025-02-01,898607.0,4,3594428.0,0.9958685673804852,3579577.862912303,Client 025,C-0025,T-0473,AI Engineer
ENG-00484,2025-05-01,1527641.17,0,0.0,0.0046644628933062,0.0,Client 001,C-0001,T-0055,ML Engineer
ENG-00485,2025-04-01,2985695.99,0,0.0,0.0011451243007387,0.0,Client 026,C-0026,T-0380,Data Analyst
ENG-00486,2026-08-01,1378513.48,3,4135540.44,0.1832676428403841,757910.7483098849,Client 034,C-0034,T-0121,AI Engineer
ENG-00487,2025-04-01,1209905.2,6,7259431.199999999,0.8198607361781871,5951722.6078669,Client 032,C-0032,T-0168,Data Engineer
ENG-00488,2025-05-01,2125987.0,0,0.0,0.0178773700147963,0.0,Client 031,C-0031,T-0137,AI Engineer
ENG-00489,2025-12-01,1948427.54,3,5845282.62,0.9991806217657166,5840493.122647937,Client 056,C-0056,T-0413,Data Engineer
ENG-00490,2025-02-01,1069394.5,0,0.0,0.057605689486884,0.0,Client 049,C-0049,T-0017,Analytics Engineer
ENG-00491,2025-04-01,1444237.84,0,0.0,0.5061408951108805,0.0,Client 016,C-0016,T-0177,BI Developer
ENG-00492,2025-06-01,1053280.77,0,0.0,0.0022411591686094,0.0,Client 022,C-0022,T-0140,Data Engineer
ENG-00493,2025-03-01,884892.2,0,0.0,0.0179324334174177,0.0,Client 041,C-0041,T-0137,AI Engineer
ENG-00494,2026-07-01,1178494.16,0,0.0,0.0214751163354725,0.0,Client 025,C-0025,T-0097,BI Developer
ENG-00495,2025-07-01,2579442.83,0,0.0,0.0055916925451868,0.0,Client 026,C-0026,T-0457,AI Engineer
ENG-00496,2026-08-01,2263012.26,6,13578073.559999999,0.0269401170885872,365794.89154385,Client 011,C-0011,T-0190,AI Engineer
ENG-00497,2027-02-01,1307877.29,2,2615754.58,0.872604785723967,2282519.9647873854,Client 016,C-0016,T-0210,Data Scientist
ENG-00498,2026-08-01,870590.97,10,8705909.7,0.0285820123188306,248832.4182920268,Client 045,C-0045,T-0193,AI Engineer
ENG-00499,2025-12-01,2111712.52,0,0.0,0.0072489866710951,0.0,Client 051,C-0051,T-0491,AI Engineer
ENG-00500,2025-09-01,2352328.14,0,0.0,0.1105076902109917,0.0,Client 048,C-0048,T-0170,Data Analyst
ENG-00501,2026-06-01,958964.4,2,1917928.8,0.9985018281699832,1915055.4130998622,Client 019,C-0019,T-0171,Data Engineer
ENG-00502,2024-05-01,1066910.14,2,2133820.28,0.9893003443503556,2110989.137785772,Client 009,C-0009,T-0164,BI Developer
ENG-00503,2026-06-01,1717913.44,0,0.0,0.0002683918762192,0.0,Client 010,C-0010,T-0164,BI Developer
ENG-00504,2026-08-01,2715362.46,10,27153624.6,0.0142674701231179,387413.5277148593,Client 024,C-0024,T-0045,ML Engineer
ENG-00505,2025-05-01,1943015.09,3,5829045.2700000005,0.998483223780015,5820203.912749249,Client 032,C-0032,T-0303,Data Engineer
ENG-00506,2026-07-01,1837514.59,2,3675029.18,0.9887222915048188,3633583.2721966757,Client 054,C-0054,T-0013,Data Engineer
ENG-00507,2024-12-01,833630.71,0,0.0,0.0970615425565852,0.0,Client 054,C-0054,T-0113,Data Scientist
ENG-00508,2026-01-01,998537.93,0,0.0,0.4028316175313732,0.0,Client 001,C-0001,T-0102,Data Scientist
ENG-00509,2026-01-01,1090068.22,0,0.0,0.1431603890951433,0.0,Client 043,C-0043,T-0146,Data Analyst
ENG-00510,2025-07-01,2563402.05,3,7690206.149999999,0.9874541453478148,7593725.941396759,Client 018,C-0018,T-0379,Data Analyst
ENG-00511,2026-08-01,2262115.85,4,9048463.4,0.1161446408337862,1050930.53169066,Client 012,C-0012,T-0300,Data Analyst
ENG-00512,2025-12-01,1798513.26,0,0.0,0.0155685197935052,0.0,Client 034,C-0034,T-0496,Analytics Engineer
ENG-00513,2026-02-01,1809106.65,4,7236426.6,0.9979863383747882,7221854.885451918,Client 003,C-0003,T-0176,Analytics Engineer
ENG-00514,2026-08-01,2082319.86,0,0.0,0.0017687815361171,0.0,Client 021,C-0021,T-0465,Data Analyst
ENG-00515,2026-01-01,1186579.59,3,3559738.7700000005,0.9994816407628486,3557893.546526725,Client 034,C-0034,T-0023,Data Scientist
ENG-00516,2025-12-01,1762428.21,0,0.0,0.0020688769657309,0.0,Client 017,C-0017,T-0253,AI Engineer
ENG-00517,2025-04-01,2266959.68,0,0.0,0.0082833312685715,0.0,Client 036,C-0036,T-0400,BI Developer
ENG-00518,2024-12-01,1911843.17,0,0.0,0.0389699808380522,0.0,Client 028,C-0028,T-0266,ML Engineer
ENG-00519,2025-10-01,1075398.59,0,0.0,0.0012912133823978,0.0,Client 048,C-0048,T-0467,Data Analyst
ENG-00520,2026-03-01,1812319.28,0,0.0,0.0536315837445213,0.0,Client 011,C-0011,T-0158,Data Engineer
ENG-00521,2024-10-01,835272.02,0,0.0,0.0042064553793724,0.0,Client 004,C-0004,T-0017,Analytics Engineer
ENG-00522,2026-05-01,1581704.48,0,0.0,0.2695813389006661,0.0,Client 032,C-0032,T-0387,Data Scientist
ENG-00523,2024-09-01,1456833.01,0,0.0,0.8166298392591153,0.0,Client 016,C-0016,T-0035,Data Scientist
ENG-00524,2026-08-01,1086166.37,1,1086166.37,0.1807189107241935,196290.80325165135,Client 043,C-0043,T-0383,Data Engineer
ENG-00525,2025-09-01,1038322.55,0,0.0,0.2904524395620487,0.0,Client 006,C-0006,T-0367,Data Scientist
ENG-00526,2026-08-01,3538596.68,2,7077193.36,0.0425126128461813,300869.98135124496,Client 035,C-0035,T-0423,Data Analyst
ENG-00527,2025-08-01,1626223.13,4,6504892.52,0.9878097622412474,6425596.333586068,Client 060,C-0060,T-0240,Data Analyst
ENG-00528,2026-01-01,940895.92,0,0.0,0.6437076340148806,0.0,Client 006,C-0006,T-0448,Analytics Engineer
ENG-00529,2026-08-01,3298319.26,1,3298319.26,0.011020084503863,36347.756965918874,Client 019,C-0019,T-0085,BI Developer
ENG-00530,2025-12-01,1402295.73,0,0.0,0.0212768560078753,0.0,Client 051,C-0051,T-0218,Analytics Engineer
ENG-00531,2026-08-01,2030814.6,2,4061629.2,0.3842400670838291,1560640.676277639,Client 033,C-0033,T-0061,Data Scientist
ENG-00532,2024-05-01,1632753.29,2,3265506.58,0.9969318555721032,3255487.5341823124,Client 011,C-0011,T-0384,Data Scientist
ENG-00533,2025-02-01,1018606.33,0,0.0,0.0020925017443195,0.0,Client 013,C-0013,T-0358,AI Engineer
ENG-00534,2026-08-01,2776899.48,9,24992095.32,0.9825953467997816,24557116.568208598,Client 046,C-0046,T-0404,ML Engineer
ENG-00535,2024-12-01,2628347.03,0,0.0,0.0244618572080509,0.0,Client 052,C-0052,T-0383,Data Engineer
ENG-00536,2025-12-01,1605450.27,0,0.0,0.0327282585023068,0.0,Client 022,C-0022,T-0155,AI Engineer
ENG-00537,2026-08-01,2419915.86,2,4839831.72,0.3966736606169899,1919833.7651426224,Client 029,C-0029,T-0035,Data Scientist
ENG-00538,2026-07-01,1074357.82,0,0.0,0.0965508733097606,0.0,Client 047,C-0047,T-0465,Data Analyst
ENG-00539,2026-02-01,1037333.0,0,0.0,0.0002673050951806,0.0,Client 011,C-0011,T-0247,Data Scientist
ENG-00540,2026-04-01,779239.18,7,5454674.260000001,0.9985503771772692,5446767.039702143,Client 013,C-0013,T-0048,Analytics Engineer
ENG-00541,2025-03-01,2734726.97,4,10938907.88,0.9981333250507296,10918488.494688028,Client 047,C-0047,T-0464,Data Engineer
ENG-00542,2026-06-01,810119.06,0,0.0,0.0939354691118028,0.0,Client 012,C-0012,T-0498,Data Scientist
ENG-00543,2026-04-01,2588707.86,0,0.0,0.0012632983616837,0.0,Client 047,C-0047,T-0223,AI Engineer
ENG-00544,2025-09-01,1746851.99,4,6987407.96,0.9947100617325216,6950445.003241913,Client 030,C-0030,T-0386,Data Engineer
ENG-00545,2025-03-01,3148965.39,0,0.0,0.0582327209367194,0.0,Client 060,C-0060,T-0019,Data Engineer
ENG-00546,2027-03-01,1637413.63,4,6549654.52,0.9753436907648522,6388164.212771496,Client 002,C-0002,T-0047,Data Engineer
ENG-00547,2026-08-01,1641651.32,1,1641651.32,0.004681433871,7685.28209381986,Client 057,C-0057,T-0139,Data Scientist
ENG-00548,2026-08-01,774993.44,4,3099973.76,0.1310663876076179,406302.36240160465,Client 014,C-0014,T-0329,Analytics Engineer
ENG-00549,2025-09-01,1797593.06,0,0.0,0.055675159399622,0.0,Client 003,C-0003,T-0067,Data Scientist
ENG-00550,2025-06-01,1504019.35,0,0.0,0.0901000934167658,0.0,Client 044,C-0044,T-0018,Data Analyst
ENG-00551,2025-10-01,936437.18,4,3745748.72,0.9732440167543552,3645527.530005285,Client 032,C-0032,T-0335,Data Analyst
ENG-00552,2025-03-01,1463324.71,3,4389974.13,0.9827898354357916,4314421.952790082,Client 051,C-0051,T-0386,Data Engineer
ENG-00553,2025-02-01,1631483.19,0,0.0,0.0277844137550768,0.0,Client 007,C-0007,T-0370,BI Developer
ENG-00554,2025-05-01,2263056.41,0,0.0,0.0918410333066618,0.0,Client 005,C-0005,T-0400,BI Developer
ENG-00555,2026-08-01,3569465.29,11,39264118.19,0.0065548894118462,257371.95258910875,Client 035,C-0035,T-0402,BI Developer
ENG-00556,2026-08-01,1341932.11,6,8051592.66,0.4847016336886964,3902620.116097917,Client 053,C-0053,T-0302,Data Analyst
ENG-00557,2026-02-01,3520077.39,6,21120464.34,0.7568656603547459,15985354.189692963,Client 025,C-0025,T-0260,Data Scientist
ENG-00558,2025-08-01,2905087.26,0,0.0,0.416870446615849,0.0,Client 048,C-0048,T-0429,BI Developer
ENG-00559,2026-01-01,2367260.38,0,0.0,0.0887280236473985,0.0,Client 055,C-0055,T-0175,Data Analyst
ENG-00560,2026-09-01,1414665.46,2,2829330.92,0.9988346972829808,2826033.8929915773,Client 053,C-0053,T-0049,ML Engineer
ENG-00561,2026-05-01,1021911.15,0,0.0,0.0114226415897364,0.0,Client 031,C-0031,T-0376,Analytics Engineer
ENG-00562,2024-10-01,2362632.55,0,0.0,0.3590292272709909,0.0,Client 042,C-0042,T-0138,AI Engineer
ENG-00563,2025-06-01,1014168.37,0,0.0,0.023066241824046,0.0,Client 032,C-0032,T-0490,Analytics Engineer
ENG-00564,2026-08-01,1319364.57,4,5277458.28,0.0365930974903059,193118.5453410621,Client 041,C-0041,T-0208,BI Developer
ENG-00565,2026-06-01,2879854.66,0,0.0,0.1477553186314456,0.0,Client 035,C-0035,T-0426,Analytics Engineer
ENG-00566,2026-08-01,1390826.03,0,0.0,0.2080677846323911,0.0,Client 032,C-0032,T-0022,Data Engineer
ENG-00567,2024-11-01,2238847.73,0,0.0,0.0142622766699226,0.0,Client 027,C-0027,T-0330,ML Engineer
ENG-00568,2026-08-01,1475692.95,10,14756929.5,0.0066522609843483,98166.94636162846,Client 040,C-0040,T-0225,Data Analyst
ENG-00569,2026-08-01,2310076.68,0,0.0,0.0003591243758999,0.0,Client 046,C-0046,T-0232,AI Engineer
ENG-00570,2026-04-01,1333036.0,0,0.0,0.0345316972930812,0.0,Client 056,C-0056,T-0133,Data Scientist
ENG-00571,2025-10-01,1075550.33,0,0.0,0.1462422369747725,0.0,Client 037,C-0037,T-0486,Data Analyst
ENG-00572,2026-08-01,1423268.39,4,5693073.56,0.5579726099196601,3176579.1127378107,Client 007,C-0007,T-0197,ML Engineer
ENG-00573,2024-11-01,909266.28,0,0.0,0.0084648423309573,0.0,Client 036,C-0036,T-0426,Analytics Engineer
ENG-00574,2025-05-01,1557102.75,5,7785513.75,0.9996898187743084,7783098.829802386,Client 019,C-0019,T-0213,ML Engineer
ENG-00575,2026-08-01,3295704.57,8,26365636.56,0.0026161750974218,68977.12179594577,Client 002,C-0002,T-0025,BI Developer
ENG-00576,2025-07-01,2394318.95,0,0.0,0.0085515116948082,0.0,Client 005,C-0005,T-0440,BI Developer
ENG-00577,2025-08-01,1033667.85,4,4134671.4,0.9546827860337368,3947299.6114860107,Client 036,C-0036,T-0093,Data Scientist
ENG-00578,2026-08-01,3549312.25,2,7098624.5,0.0750949309114323,533070.7163937006,Client 057,C-0057,T-0136,Data Analyst
ENG-00579,2025-07-01,2357387.19,0,0.0,0.0011872319682111,0.0,Client 031,C-0031,T-0431,BI Developer
ENG-00580,2025-07-01,847904.56,3,2543713.68,0.9659597992458104,2457125.1556716217,Client 027,C-0027,T-0447,Data Scientist
ENG-00581,2026-08-01,3048637.77,1,3048637.77,0.6799826744352534,2073020.8642289268,Client 006,C-0006,T-0459,Data Analyst
ENG-00582,2024-12-01,1016287.58,0,0.0,0.0413761045647805,0.0,Client 041,C-0041,T-0213,ML Engineer
ENG-00583,2026-08-01,2936708.18,2,5873416.36,0.0402790234017499,236575.47501266073,Client 004,C-0004,T-0379,Data Analyst
ENG-00584,2025-09-01,2389306.89,0,0.0,0.0459280344792673,0.0,Client 051,C-0051,T-0164,BI Developer
ENG-00585,2025-09-01,3280313.81,0,0.0,0.0225551105674334,0.0,Client 049,C-0049,T-0371,AI Engineer
ENG-00586,2025-08-01,2718074.4,0,0.0,0.2010402444622662,0.0,Client 060,C-0060,T-0252,BI Developer
ENG-00587,2025-10-01,2692202.5,0,0.0,0.0803915061028989,0.0,Client 018,C-0018,T-0026,Analytics Engineer
ENG-00588,2026-07-01,3098351.53,0,0.0,0.0602800317059799,0.0,Client 010,C-0010,T-0209,ML Engineer
ENG-00589,2025-02-01,2362415.62,0,0.0,0.0014694207806729,0.0,Client 018,C-0018,T-0234,ML Engineer
ENG-00590,2026-05-01,1746898.54,0,0.0,0.4713652743822471,0.0,Client 048,C-0048,T-0129,Data Analyst
ENG-00591,2024-12-01,1254752.95,0,0.0,0.1234545028149828,0.0,Client 014,C-0014,T-0188,AI Engineer
ENG-00592,2026-06-01,2258012.64,0,0.0,0.1182159212715684,0.0,Client 054,C-0054,T-0252,BI Developer
ENG-00593,2026-08-01,2578680.72,10,25786807.200000003,0.0089629518929452,231125.91240625296,Client 010,C-0010,T-0025,BI Developer
ENG-00594,2024-12-01,1027292.82,0,0.0,0.4779680717550442,0.0,Client 003,C-0003,T-0076,Analytics Engineer
ENG-00595,2024-10-01,1755593.29,4,7022373.16,0.994818644711587,6985987.749690224,Client 014,C-0014,T-0384,Data Scientist
ENG-00596,2026-03-01,3146132.61,0,0.0,0.0131868583364862,0.0,Client 046,C-0046,T-0176,Analytics Engineer
ENG-00597,2024-08-01,1213289.61,0,0.0,0.0769138787327856,0.0,Client 037,C-0037,T-0305,AI Engineer
ENG-00598,2025-03-01,2197323.74,2,4394647.48,0.9982398541479488,4386912.259466851,Client 022,C-0022,T-0283,Data Engineer
ENG-00599,2025-04-01,1515481.21,0,0.0,0.5732367354023723,0.0,Client 040,C-0040,T-0276,Data Analyst
ENG-00600,2024-07-01,3540692.71,7,24784848.97,0.995151572681076,24664681.431158446,Client 039,C-0039,T-0207,Data Scientist
ENG-00601,2026-08-01,2862284.05,1,2862284.05,0.5336895444859762,1527571.070833975,Client 034,C-0034,T-0242,AI Engineer
ENG-00602,2025-12-01,905821.76,0,0.0,0.0149880574587322,0.0,Client 031,C-0031,T-0412,Analytics Engineer
ENG-00603,2026-05-01,1309772.94,4,5239091.76,0.9921544857756016,5197988.391073992,Client 007,C-0007,T-0483,AI Engineer
ENG-00604,2026-01-01,1268569.91,0,0.0,0.0996759202926987,0.0,Client 016,C-0016,T-0129,Data Analyst
ENG-00605,2026-02-01,1570695.55,3,4712086.65,0.9934033081796328,4681002.466539084,Client 032,C-0032,T-0335,Data Analyst
ENG-00606,2025-05-01,2277196.37,0,0.0,0.0096962991603634,0.0,Client 009,C-0009,T-0485,AI Engineer
ENG-00607,2026-07-01,1399537.51,8,11196300.08,0.8930253001342359,9998579.239334969,Client 029,C-0029,T-0004,Analytics Engineer
ENG-00608,2026-05-01,1129088.74,0,0.0,0.0634960094055462,0.0,Client 008,C-0008,T-0393,ML Engineer
ENG-00609,2024-11-01,1358572.52,7,9510007.64,0.8538927739517403,8120526.804021845,Client 048,C-0048,T-0249,AI Engineer
ENG-00610,2025-02-01,1307108.98,2,2614217.96,0.6896927379299107,1803007.1423779458,Client 007,C-0007,T-0484,Data Analyst
ENG-00611,2025-12-01,879366.3,5,4396831.5,0.990117190443749,4353378.451634575,Client 006,C-0006,T-0290,BI Developer
ENG-00612,2024-11-01,1453725.48,0,0.0,0.2557352477589443,0.0,Client 039,C-0039,T-0420,Data Scientist
ENG-00613,2025-03-01,1699568.41,0,0.0,0.0708323681686196,0.0,Client 014,C-0014,T-0084,BI Developer
ENG-00614,2024-09-01,3262444.11,0,0.0,0.0004549498808714,0.0,Client 022,C-0022,T-0072,Analytics Engineer
ENG-00615,2026-08-01,813481.2,9,7321330.8,0.9984179708478408,7309748.241241799,Client 019,C-0019,T-0464,Data Engineer
ENG-00616,2024-11-01,2177896.74,0,0.0,0.2397858487077599,0.0,Client 013,C-0013,T-0264,BI Developer
ENG-00617,2025-01-01,2599571.62,0,0.0,0.0027037705007398,0.0,Client 046,C-0046,T-0280,Analytics Engineer
ENG-00618,2025-04-01,1739677.79,0,0.0,0.001510959444585,0.0,Client 042,C-0042,T-0085,BI Developer
ENG-00619,2026-09-01,858078.05,5,4290390.25,0.999848689236073,4289741.067773728,Client 015,C-0015,T-0114,ML Engineer
ENG-00620,2025-04-01,2117804.7,0,0.0,0.5202961681878254,0.0,Client 042,C-0042,T-0410,AI Engineer
ENG-00621,2026-02-01,1515897.37,0,0.0,0.73611470703286,0.0,Client 043,C-0043,T-0152,Data Engineer
ENG-00622,2026-08-01,2921257.45,11,32133831.950000003,0.0372088092559813,1195661.6236913078,Client 033,C-0033,T-0293,Data Engineer
ENG-00623,2026-08-01,2797660.35,3,8392981.05,0.3607535554670272,3027797.7547548832,Client 035,C-0035,T-0159,Data Engineer
ENG-00624,2025-01-01,2738680.22,0,0.0,0.0273061601224418,0.0,Client 057,C-0057,T-0132,Analytics Engineer
ENG-00625,2024-12-01,1672009.7,0,0.0,0.0222551379273023,0.0,Client 028,C-0028,T-0084,BI Developer
ENG-00626,2025-01-01,2250404.48,8,18003235.84,0.8956585533802599,16124752.168618048,Client 024,C-0024,T-0465,Data Analyst
ENG-00627,2027-02-01,1055696.63,2,2111393.26,0.5943051331342749,1254811.8524831105,Client 033,C-0033,T-0471,Analytics Engineer
ENG-00628,2025-05-01,1925242.98,0,0.0,0.7120576985989642,0.0,Client 051,C-0051,T-0058,ML Engineer
ENG-00629,2026-05-01,3527954.16,0,0.0,0.0486536419730542,0.0,Client 043,C-0043,T-0177,BI Developer
ENG-00630,2025-03-01,2424523.32,0,0.0,0.0122638850804681,0.0,Client 005,C-0005,T-0282,Data Engineer
ENG-00631,2025-08-01,2153587.28,0,0.0,0.2500549085673729,0.0,Client 028,C-0028,T-0192,AI Engineer
ENG-00632,2026-08-01,3416870.62,4,13667482.48,0.2989512176291622,4085910.5293212417,Client 045,C-0045,T-0361,Analytics Engineer
ENG-00633,2026-05-01,2684333.9,0,0.0,0.1346362946203973,0.0,Client 014,C-0014,T-0131,Data Scientist
ENG-00634,2026-08-01,2515695.49,4,10062781.96,0.011269460687728,113402.12570739852,Client 060,C-0060,T-0030,Analytics Engineer
ENG-00635,2026-07-01,848286.05,0,0.0,0.0364720357166611,0.0,Client 049,C-0049,T-0169,BI Developer
ENG-00636,2026-05-01,1757845.97,0,0.0,0.0001856570738602,0.0,Client 051,C-0051,T-0299,ML Engineer
ENG-00637,2026-08-01,3527926.12,0,0.0,0.3044650954858929,0.0,Client 005,C-0005,T-0091,ML Engineer
ENG-00638,2025-07-01,2236906.13,0,0.0,0.0514219679387135,0.0,Client 035,C-0035,T-0408,ML Engineer
ENG-00639,2026-08-01,1110891.64,0,0.0,0.8759115355929507,0.0,Client 032,C-0032,T-0007,AI Engineer
ENG-00640,2026-08-01,1075955.05,2,2151910.1,0.0177708071595764,38241.17941184477,Client 038,C-0038,T-0034,BI Developer
ENG-00641,2026-04-01,1275717.81,0,0.0,0.9053085877139398,0.0,Client 052,C-0052,T-0255,Data Scientist
ENG-00642,2025-07-01,2281194.04,0,0.0,0.022153803347565,0.0,Client 022,C-0022,T-0257,Data Analyst
ENG-00643,2026-04-01,2685489.94,0,0.0,0.057068791713735,0.0,Client 033,C-0033,T-0148,AI Engineer
ENG-00644,2026-08-01,902939.69,11,9932336.59,0.2389512517402227,2373344.260885715,Client 041,C-0041,T-0130,AI Engineer
ENG-00645,2025-07-01,1052326.49,0,0.0,0.8757331444830574,0.0,Client 046,C-0046,T-0035,Data Scientist
ENG-00646,2025-06-01,2912973.42,4,11651893.68,0.9327643618907876,10868471.1732445,Client 047,C-0047,T-0332,Data Scientist
ENG-00647,2026-04-01,3469612.25,0,0.0,0.0006696816827343,0.0,Client 021,C-0021,T-0190,AI Engineer
ENG-00648,2026-08-01,1120258.32,8,8962066.56,0.1192338904499186,1068582.0624199188,Client 060,C-0060,T-0060,Data Analyst
ENG-00649,2026-05-01,2141048.41,0,0.0,0.0179493817785837,0.0,Client 001,C-0001,T-0200,Data Scientist
ENG-00650,2026-08-01,2825123.87,10,28251238.700000003,0.8815028928774321,24903548.641420867,Client 030,C-0030,T-0469,ML Engineer
ENG-00651,2025-08-01,811480.27,0,0.0,0.0719103458743647,0.0,Client 037,C-0037,T-0131,Data Scientist
ENG-00652,2026-01-01,2298091.93,0,0.0,0.0236774695031624,0.0,Client 004,C-0004,T-0448,Analytics Engineer
ENG-00653,2025-06-01,3162850.18,0,0.0,0.8888620564487856,0.0,Client 028,C-0028,T-0130,AI Engineer
ENG-00654,2025-03-01,918881.49,3,2756644.4699999997,0.960108600155712,2646678.0632186844,Client 036,C-0036,T-0093,Data Scientist
ENG-00655,2025-11-01,1780180.54,0,0.0,0.0117996618901684,0.0,Client 037,C-0037,T-0131,Data Scientist
ENG-00656,2025-05-01,2439542.63,0,0.0,0.2199264335005426,0.0,Client 008,C-0008,T-0162,AI Engineer
ENG-00657,2026-02-01,2048792.27,0,0.0,0.0127776582334918,0.0,Client 017,C-0017,T-0061,Data Scientist
ENG-00658,2026-05-01,1638628.24,4,6554512.96,0.998712542294496,6546074.3017838225,Client 015,C-0015,T-0294,Data Engineer
ENG-00659,2025-07-01,1304622.46,0,0.0,0.048353926551195,0.0,Client 039,C-0039,T-0167,ML Engineer
ENG-00660,2025-05-01,2700071.34,3,8100214.02,0.993104185354414,8044356.445528503,Client 020,C-0020,T-0360,Analytics Engineer
ENG-00661,2026-04-01,1378830.96,0,0.0,0.078923326947861,0.0,Client 035,C-0035,T-0246,Data Engineer
ENG-00662,2025-03-01,943660.83,0,0.0,0.016315441636404,0.0,Client 044,C-0044,T-0222,Data Analyst
ENG-00663,2025-06-01,1830985.21,2,3661970.42,0.99286865424547,3635855.6427921182,Client 048,C-0048,T-0236,AI Engineer
ENG-00664,2027-02-01,769938.62,4,3079754.48,0.9484264306339156,2920920.548695211,Client 012,C-0012,T-0079,BI Developer
ENG-00665,2025-04-01,1539694.55,0,0.0,0.0009046267844676,0.0,Client 055,C-0055,T-0357,Analytics Engineer
ENG-00666,2025-04-01,1661339.92,0,0.0,5.1031121856139294e-05,0.0,Client 010,C-0010,T-0053,BI Developer
ENG-00667,2025-12-01,3514625.86,0,0.0,0.0311429555134689,0.0,Client 002,C-0002,T-0361,Analytics Engineer
ENG-00668,2026-08-01,1751406.2,1,1751406.2,0.0036085872682983,6320.102114938706,Client 003,C-0003,T-0500,BI Developer
ENG-00669,2025-08-01,1126365.34,3,3379096.0200000005,0.9999527296781978,3378936.289043735,Client 013,C-0013,T-0382,ML Engineer
ENG-00670,2025-10-01,1947835.47,0,0.0,0.0417021140776205,0.0,Client 053,C-0053,T-0228,Analytics Engineer
ENG-00671,2025-05-01,1633736.67,0,0.0,0.067173911298945,0.0,Client 013,C-0013,T-0158,Data Engineer
ENG-00672,2025-09-01,2132112.02,0,0.0,0.0063625009043063,0.0,Client 042,C-0042,T-0437,Analytics Engineer
ENG-00673,2026-10-01,2871595.95,3,8614787.850000001,0.9985408677538272,8602217.73525413,Client 026,C-0026,T-0129,Data Analyst
ENG-00674,2026-06-01,881671.06,0,0.0,0.054100860758313,0.0,Client 003,C-0003,T-0242,AI Engineer
ENG-00675,2025-07-01,1557503.94,0,0.0,0.2070305847116704,0.0,Client 027,C-0027,T-0386,Data Engineer
ENG-00676,2026-08-01,2175092.37,5,10875461.850000001,0.049420141926605,537466.8681443783,Client 002,C-0002,T-0462,Analytics Engineer
ENG-00677,2024-12-01,2607394.72,0,0.0,0.2977698465592568,0.0,Client 029,C-0029,T-0461,ML Engineer
ENG-00678,2026-08-01,1593133.69,5,7965668.449999999,0.0072957451860182,58115.487247504556,Client 034,C-0034,T-0044,ML Engineer
ENG-00679,2025-01-01,2755295.7,0,0.0,0.0287014989999221,0.0,Client 032,C-0032,T-0450,AI Engineer
ENG-00680,2025-03-01,948727.98,0,0.0,0.1371298458694979,0.0,Client 017,C-0017,T-0058,ML Engineer
ENG-00681,2026-11-01,1508146.25,2,3016292.5,0.9843185450602384,2968992.645076109,Client 046,C-0046,T-0293,Data Engineer
ENG-00682,2025-08-01,1714268.18,0,0.0,0.0112747704762509,0.0,Client 036,C-0036,T-0465,Data Analyst
ENG-00683,2025-09-01,1209465.35,2,2418930.7,0.9042476595301432,2187312.424040611,Client 016,C-0016,T-0328,Data Engineer
ENG-00684,2024-08-01,965348.14,4,3861392.56,0.9999522767088028,3861208.2816384328,Client 027,C-0027,T-0474,AI Engineer
ENG-00685,2026-04-01,2204508.64,0,0.0,0.0147693422122728,0.0,Client 007,C-0007,T-0173,Data Engineer
ENG-00686,2026-06-01,1270777.93,0,0.0,0.0046055129199539,0.0,Client 056,C-0056,T-0158,Data Engineer
ENG-00687,2025-02-01,957335.88,0,0.0,0.0014948991929112,0.0,Client 046,C-0046,T-0164,BI Developer
ENG-00688,2026-07-01,2388356.64,0,0.0,0.7998658202185681,0.0,Client 018,C-0018,T-0178,Data Analyst
ENG-00689,2025-12-01,2676789.01,2,5353578.02,0.99635971784847,5334089.48548697,Client 041,C-0041,T-0342,AI Engineer
ENG-00690,2025-03-01,1100838.31,0,0.0,0.0038283051640779,0.0,Client 041,C-0041,T-0227,Data Engineer
ENG-00691,2025-05-01,3315540.79,0,0.0,0.5139514945345283,0.0,Client 037,C-0037,T-0369,BI Developer
ENG-00692,2026-03-01,2198594.1,0,0.0,0.0918232175853495,0.0,Client 004,C-0004,T-0209,ML Engineer
ENG-00693,2024-12-01,999645.49,0,0.0,0.745801015535764,0.0,Client 053,C-0053,T-0154,Analytics Engineer
ENG-00694,2026-07-01,1429719.58,0,0.0,0.6864523044713133,0.0,Client 058,C-0058,T-0096,AI Engineer
ENG-00695,2026-04-01,1391603.78,0,0.0,0.0031676402164783,0.0,Client 059,C-0059,T-0276,Data Analyst
ENG-00696,2026-06-01,2120057.82,0,0.0,0.0180676443561944,0.0,Client 059,C-0059,T-0450,AI Engineer
ENG-00697,2026-04-01,2655073.23,2,5310146.46,0.9654023057059632,5126427.6361203585,Client 056,C-0056,T-0430,Data Analyst
ENG-00698,2024-09-01,2161244.26,2,4322488.52,0.4564009807782806,1972787.9999308584,Client 045,C-0045,T-0127,ML Engineer
ENG-00699,2026-01-01,913295.3,0,0.0,0.7179319823415853,0.0,Client 004,C-0004,T-0239,Analytics Engineer
ENG-00700,2025-06-01,2588635.37,4,10354541.48,0.9993822047213228,10348144.49316079,Client 028,C-0028,T-0353,Data Engineer
ENG-00701,2025-04-01,1122332.8,0,0.0,0.0102356633067832,0.0,Client 015,C-0015,T-0307,ML Engineer
ENG-00702,2026-08-01,1010540.25,6,6063241.5,0.0183310250743,111145.43196803636,Client 014,C-0014,T-0034,BI Developer
ENG-00703,2025-03-01,2075918.53,0,0.0,0.0016886261789568,0.0,Client 050,C-0050,T-0296,Data Engineer
ENG-00704,2025-07-01,781441.24,0,0.0,0.1013385443053842,0.0,Client 049,C-0049,T-0020,Analytics Engineer
ENG-00705,2026-08-01,2220258.14,10,22202581.400000002,0.1443487430570328,3204914.7177114557,Client 032,C-0032,T-0059,Data Engineer
ENG-00706,2024-12-01,1045479.98,2,2090959.96,0.9944483633116716,2079351.7099722384,Client 045,C-0045,T-0327,Data Engineer
ENG-00707,2026-02-01,1424487.67,2,2848975.34,0.9910028910804232,2823342.798556831,Client 008,C-0008,T-0052,Data Engineer
ENG-00708,2026-01-01,3344784.08,0,0.0,0.1140672193815697,0.0,Client 014,C-0014,T-0170,Data Analyst
ENG-00709,2026-04-01,1411879.63,0,0.0,0.4330280700276024,0.0,Client 052,C-0052,T-0295,Analytics Engineer
ENG-00710,2026-08-01,967234.9,4,3868939.6,0.0310038906685514,119952.180361629,Client 028,C-0028,T-0328,Data Engineer
ENG-00711,2025-10-01,1994883.49,0,0.0,0.0752939922582137,0.0,Client 033,C-0033,T-0223,AI Engineer
ENG-00712,2025-05-01,1793243.73,0,0.0,0.5409399039340702,0.0,Client 028,C-0028,T-0048,Analytics Engineer
ENG-00713,2026-06-01,875074.3,0,0.0,0.0229664445559091,0.0,Client 013,C-0013,T-0400,BI Developer
ENG-00714,2026-05-01,835368.46,0,0.0,0.8305757622298912,0.0,Client 050,C-0050,T-0475,BI Developer
ENG-00715,2025-06-01,1264651.03,0,0.0,0.0109165625537062,0.0,Client 046,C-0046,T-0445,Data Engineer
ENG-00716,2026-10-01,2254794.98,5,11273974.9,0.9743812614092022,10985149.884157686,Client 042,C-0042,T-0375,Analytics Engineer
ENG-00717,2025-08-01,2703767.84,0,0.0,0.1499166529524079,0.0,Client 022,C-0022,T-0202,Data Scientist
ENG-00718,2026-08-01,1014443.83,9,9129994.469999999,0.2168931791858284,1980233.526547332,Client 039,C-0039,T-0439,ML Engineer
ENG-00719,2025-06-01,1519636.77,0,0.0,0.0393248049253497,0.0,Client 058,C-0058,T-0245,ML Engineer
ENG-00720,2025-04-01,3547722.67,0,0.0,0.0976173939306439,0.0,Client 039,C-0039,T-0069,Data Scientist
ENG-00721,2026-01-01,1208758.74,0,0.0,0.0013488848511432,0.0,Client 030,C-0030,T-0426,Analytics Engineer
ENG-00722,2024-12-01,2965828.53,0,0.0,0.1072668240990055,0.0,Client 017,C-0017,T-0161,BI Developer
ENG-00723,2026-08-01,2695167.7,4,10780670.8,0.004577573260818,49349.3103877614,Client 032,C-0032,T-0470,ML Engineer
ENG-00724,2026-08-01,1696039.25,8,13568314.0,0.0051919541430543,70446.06408656166,Client 023,C-0023,T-0185,Data Scientist
ENG-00725,2026-02-01,2090100.89,0,0.0,0.0028088832545947,0.0,Client 037,C-0037,T-0435,Analytics Engineer
ENG-00726,2026-07-01,1173688.18,0,0.0,0.8697156788406005,0.0,Client 003,C-0003,T-0269,Data Engineer
ENG-00727,2024-12-01,3142203.33,0,0.0,0.3112670568958693,0.0,Client 012,C-0012,T-0234,ML Engineer
ENG-00728,2025-03-01,1341874.37,0,0.0,0.0069658735877726,0.0,Client 048,C-0048,T-0149,BI Developer
ENG-00729,2026-07-01,2390598.6,0,0.0,0.0047454691309789,0.0,Client 023,C-0023,T-0418,Analytics Engineer
ENG-00730,2026-08-01,866657.92,0,0.0,0.0009754505533185,0.0,Client 026,C-0026,T-0031,Data Scientist
ENG-00731,2026-08-01,1629443.97,6,9776663.82,0.0228748793779817,223640.00560157778,Client 033,C-0033,T-0235,Analytics Engineer
ENG-00732,2024-05-01,855018.95,5,4275094.75,0.9157740867796512,3915020.9905777313,Client 027,C-0027,T-0185,Data Scientist
ENG-00733,2026-08-01,1082245.91,7,7575721.369999999,0.0421994239381818,319691.0777301734,Client 046,C-0046,T-0272,AI Engineer
ENG-00734,2026-07-01,1519623.3,0,0.0,0.0069183513863511,0.0,Client 015,C-0015,T-0128,Data Scientist
ENG-00735,2026-04-01,775722.18,0,0.0,0.1191219935431545,0.0,Client 046,C-0046,T-0333,Data Engineer
ENG-00736,2025-07-01,2120337.64,2,4240675.28,0.999450374990638,4238344.4988095295,Client 013,C-0013,T-0193,AI Engineer
ENG-00737,2026-06-01,1275902.37,0,0.0,0.0783112854259772,0.0,Client 023,C-0023,T-0095,ML Engineer
ENG-00738,2026-08-01,2557561.83,4,10230247.32,0.5713446291860401,5844996.861526881,Client 036,C-0036,T-0099,Data Engineer
ENG-00739,2026-02-01,2653830.88,4,10615323.52,0.9797729130971652,10400606.448659252,Client 054,C-0054,T-0349,AI Engineer
ENG-00740,2026-10-01,1431567.4,6,8589404.399999999,0.9926424301730926,8526207.257355453,Client 014,C-0014,T-0131,Data Scientist
ENG-00741,2026-08-01,3353716.7,9,30183450.3,0.0509649971775572,1538299.459348438,Client 036,C-0036,T-0154,Analytics Engineer
ENG-00742,2026-08-01,911940.36,9,8207463.24,0.5690417018585987,4670388.850031489,Client 004,C-0004,T-0314,Data Scientist
ENG-00743,2026-06-01,2560133.2,0,0.0,0.0131322903898454,0.0,Client 005,C-0005,T-0165,ML Engineer
ENG-00744,2026-08-01,1756637.11,3,5269911.33,0.0086736746349329,45709.49623136651,Client 047,C-0047,T-0195,ML Engineer
ENG-00745,2025-12-01,1459272.63,5,7296363.149999999,0.9988692866859756,7288113.055042338,Client 044,C-0044,T-0123,Data Engineer
ENG-00746,2026-08-01,1685538.91,11,18540928.009999998,0.3184605942174083,5904554.951406789,Client 023,C-0023,T-0173,Data Engineer
ENG-00747,2025-10-01,2677475.34,0,0.0,0.069833208130047,0.0,Client 038,C-0038,T-0347,Analytics Engineer
ENG-00748,2026-08-01,1715317.53,11,18868492.830000002,0.012876367944941,242957.6562455611,Client 023,C-0023,T-0267,ML Engineer
ENG-00749,2026-08-01,2661669.15,8,21293353.2,0.0050246304511984,106991.2308968429,Client 017,C-0017,T-0499,AI Engineer
ENG-00750,2025-05-01,1158878.53,0,0.0,0.0201755238006072,0.0,Client 026,C-0026,T-0386,Data Engineer
ENG-00751,2024-08-01,1121268.73,0,0.0,0.0108950616784355,0.0,Client 019,C-0019,T-0009,AI Engineer
ENG-00752,2026-08-01,1432560.15,4,5730240.6,0.0035366721279915,20265.982216705288,Client 049,C-0049,T-0190,AI Engineer
ENG-00753,2025-11-01,1258770.52,0,0.0,0.0024263134054202,0.0,Client 025,C-0025,T-0145,Data Analyst
ENG-00754,2024-10-01,2608183.7,0,0.0,0.0165729026789068,0.0,Client 020,C-0020,T-0294,Data Engineer
ENG-00755,2025-02-01,1469380.42,0,0.0,0.002592604549553,0.0,Client 033,C-0033,T-0133,Data Scientist
ENG-00756,2026-08-01,983591.6,7,6885141.2,0.2614948621645102,1800429.0490771902,Client 046,C-0046,T-0484,Data Analyst
ENG-00757,2024-12-01,2582984.78,0,0.0,0.0282601663049708,0.0,Client 017,C-0017,T-0150,Data Engineer
ENG-00758,2026-08-01,3482925.16,0,0.0,0.0309024821440276,0.0,Client 057,C-0057,T-0261,Data Analyst
ENG-00759,2025-03-01,2807290.15,3,8421870.45,0.99988017138494,8420861.26892776,Client 028,C-0028,T-0062,AI Engineer
ENG-00760,2025-07-01,892805.2,0,0.0,0.1743284301257438,0.0,Client 040,C-0040,T-0455,Data Analyst
ENG-00761,2025-06-01,1771986.83,7,12403907.81,0.9995349350314644,12398139.187004624,Client 058,C-0058,T-0456,Data Engineer
ENG-00762,2025-06-01,2091864.1,0,0.0,0.2906932600136555,0.0,Client 026,C-0026,T-0397,Data Engineer
ENG-00763,2026-01-01,1726991.31,2,3453982.62,0.994706330003261,3435698.3758352483,Client 012,C-0012,T-0176,Analytics Engineer
ENG-00764,2025-10-01,3455831.34,3,10367494.02,0.9837261859236708,10198775.349881064,Client 045,C-0045,T-0030,Analytics Engineer
ENG-00765,2025-10-01,777786.36,0,0.0,0.1440889973845302,0.0,Client 001,C-0001,T-0356,AI Engineer
ENG-00766,2026-08-01,1845891.87,2,3691783.74,0.4321400687156174,1595367.679086799,Client 028,C-0028,T-0215,Analytics Engineer
ENG-00767,2025-10-01,2194508.09,2,4389016.18,0.985004184907641,4323199.304927348,Client 059,C-0059,T-0496,Analytics Engineer
ENG-00768,2025-07-01,2445805.61,5,12229028.049999999,0.999284954735816,12220283.741407273,Client 025,C-0025,T-0350,AI Engineer
ENG-00769,2024-12-01,1903794.86,0,0.0,0.6863066353584064,0.0,Client 042,C-0042,T-0270,Data Engineer
ENG-00770,2025-12-01,1420692.53,6,8524155.18,0.9947700536486488,8479574.305718007,Client 032,C-0032,T-0494,AI Engineer
ENG-00771,2025-10-01,1224761.81,0,0.0,0.1375259684083224,0.0,Client 013,C-0013,T-0401,Analytics Engineer
ENG-00772,2025-09-01,2528134.94,0,0.0,0.111426425923767,0.0,Client 020,C-0020,T-0230,BI Developer
ENG-00773,2025-09-01,2158455.48,0,0.0,0.0084006880511969,0.0,Client 032,C-0032,T-0010,Data Analyst
ENG-00774,2026-07-01,1824880.96,0,0.0,0.0860710371909975,0.0,Client 007,C-0007,T-0047,Data Engineer
ENG-00775,2026-08-01,2743581.38,12,32922976.56,0.1473165809160725,4850100.340399198,Client 025,C-0025,T-0222,Data Analyst
ENG-00776,2026-08-01,3264764.51,2,6529529.02,0.0057776591146677,37725.39285689025,Client 025,C-0025,T-0282,Data Engineer
ENG-00777,2026-08-01,2648170.75,2,5296341.5,0.5576030210174336,2953256.020740006,Client 051,C-0051,T-0016,Data Engineer
ENG-00778,2025-04-01,1023402.23,0,0.0,0.0109544608184205,0.0,Client 008,C-0008,T-0064,BI Developer
ENG-00779,2026-08-01,1103799.27,2,2207598.54,0.3853247615496873,850642.3810229378,Client 051,C-0051,T-0353,Data Engineer
ENG-00780,2024-08-01,2112189.89,0,0.0,0.0117557591479799,0.0,Client 025,C-0025,T-0376,Analytics Engineer
ENG-00781,2025-01-01,1305116.98,0,0.0,0.0026124587724652,0.0,Client 040,C-0040,T-0015,Analytics Engineer
ENG-00782,2026-08-01,2784859.17,7,19494014.189999998,0.0853134432989636,1663101.4742677568,Client 034,C-0034,T-0254,Analytics Engineer
ENG-00783,2026-02-01,1056714.06,0,0.0,0.1187251094392562,0.0,Client 018,C-0018,T-0041,Data Engineer
ENG-00784,2026-02-01,1309117.7,5,6545588.5,0.820515423273116,5370756.31864914,Client 056,C-0056,T-0362,AI Engineer
ENG-00785,2025-01-01,3387188.94,0,0.0,0.0155892567966497,0.0,Client 014,C-0014,T-0418,Analytics Engineer
ENG-00786,2026-01-01,2552215.98,0,0.0,0.0015284386447586,0.0,Client 003,C-0003,T-0435,Analytics Engineer
ENG-00787,2026-08-01,1373383.12,8,10987064.96,0.1330665488377509,1462010.816083382,Client 046,C-0046,T-0300,Data Analyst
ENG-00788,2024-11-01,1129666.44,4,4518665.76,0.9183881520591988,4149889.0970995747,Client 038,C-0038,T-0315,BI Developer
ENG-00789,2026-08-01,1520930.03,0,0.0,0.0439788591085801,0.0,Client 054,C-0054,T-0464,Data Engineer
ENG-00790,2025-02-01,2177011.06,0,0.0,0.0084889477642724,0.0,Client 028,C-0028,T-0307,ML Engineer
ENG-00791,2025-02-01,1354994.79,4,5419979.16,0.9996067051748652,5417847.510244033,Client 002,C-0002,T-0224,Data Scientist
ENG-00792,2027-01-01,1076689.84,5,5383449.2,0.9985238895403434,5375502.63432685,Client 002,C-0002,T-0378,Data Engineer
ENG-00793,2026-08-01,2807302.7,0,0.0,0.0029370682400182,0.0,Client 026,C-0026,T-0296,Data Engineer
ENG-00794,2025-05-01,1792985.95,0,0.0,0.0153138411585775,0.0,Client 015,C-0015,T-0422,AI Engineer
ENG-00795,2026-05-01,2480169.43,2,4960338.86,0.9992935489252484,4956834.623281221,Client 056,C-0056,T-0263,BI Developer
ENG-00796,2025-10-01,1361258.6,6,8167551.600000001,0.9553154890129236,7802588.550792287,Client 008,C-0008,T-0435,Analytics Engineer
ENG-00797,2025-08-01,2246307.63,0,0.0,0.0147528058446037,0.0,Client 053,C-0053,T-0023,Data Scientist
ENG-00798,2025-07-01,2280383.87,0,0.0,0.5981443520983909,0.0,Client 014,C-0014,T-0019,Data Engineer
ENG-00799,2026-04-01,1774522.16,0,0.0,0.0011863710385505,0.0,Client 008,C-0008,T-0050,ML Engineer
ENG-00800,2026-03-01,2932905.59,0,0.0,0.11886690534009,0.0,Client 017,C-0017,T-0279,ML Engineer
ENG-00801,2025-02-01,2572907.8,0,0.0,0.0821214336719453,0.0,Client 009,C-0009,T-0355,Data Scientist
ENG-00802,2026-08-01,3162269.82,4,12649079.28,0.000721638534968,9128.063040313284,Client 025,C-0025,T-0109,Data Engineer
ENG-00803,2025-04-01,2921453.03,6,17528718.18,0.8841640724356805,15498262.850606149,Client 020,C-0020,T-0078,AI Engineer
ENG-00804,2025-02-01,1537516.12,2,3075032.24,0.9766625940836688,3003268.964409315,Client 032,C-0032,T-0431,BI Developer
ENG-00805,2026-08-01,2378161.97,11,26159781.67,0.0102818025707543,268969.71042497724,Client 033,C-0033,T-0376,Analytics Engineer
ENG-00806,2026-01-01,1677686.35,5,8388431.75,0.9997075460282304,8385978.519817795,Client 001,C-0001,T-0325,BI Developer
ENG-00807,2024-09-01,3344943.51,0,0.0,0.0129674766490723,0.0,Client 008,C-0008,T-0245,ML Engineer
ENG-00808,2026-08-01,2840036.55,6,17040219.299999997,0.0021156538281928,36051.205195289825,Client 010,C-0010,T-0211,BI Developer
ENG-00809,2026-01-01,2622226.17,7,18355583.189999998,0.9999475884981568,18354621.146317802,Client 012,C-0012,T-0011,Data Engineer
ENG-00810,2026-08-01,910496.08,9,8194464.72,0.9669413443779192,7923566.732814229,Client 006,C-0006,T-0095,ML Engineer
ENG-00811,2026-08-01,1237545.52,0,0.0,0.513453918361413,0.0,Client 019,C-0019,T-0449,ML Engineer
ENG-00812,2025-05-01,3289445.63,0,0.0,0.0305807632598114,0.0,Client 033,C-0033,T-0170,Data Analyst
ENG-00813,2025-09-01,963301.39,0,0.0,0.4633225043129711,0.0,Client 019,C-0019,T-0353,Data Engineer
ENG-00814,2025-08-01,2620423.13,0,0.0,0.0615164321626887,0.0,Client 020,C-0020,T-0352,BI Developer
ENG-00815,2026-06-01,972640.61,0,0.0,0.0042558111890238,0.0,Client 029,C-0029,T-0155,AI Engineer
ENG-00816,2024-10-01,1256658.84,4,5026635.36,0.9998473831390612,5025868.210690273,Client 033,C-0033,T-0103,Analytics Engineer
ENG-00817,2026-08-01,1320468.92,4,5281875.68,0.4891889887111898,2583835.4223974277,Client 020,C-0020,T-0346,BI Developer
ENG-00818,2026-03-01,1540350.62,0,0.0,0.0943590570519867,0.0,Client 014,C-0014,T-0047,Data Engineer
ENG-00819,2025-11-01,2597986.86,0,0.0,0.0049322649053432,0.0,Client 025,C-0025,T-0248,ML Engineer
ENG-00820,2025-09-01,1072182.12,0,0.0,0.033494533947277,0.0,Client 002,C-0002,T-0445,Data Engineer
ENG-00821,2025-01-01,2807723.48,0,0.0,0.0171596304238446,0.0,Client 030,C-0030,T-0356,AI Engineer
ENG-00822,2024-12-01,2582246.86,3,7746740.58,0.995326629371366,7710537.190105781,Client 057,C-0057,T-0383,Data Engineer
ENG-00823,2025-11-01,1222354.33,0,0.0,0.0110760271270371,0.0,Client 024,C-0024,T-0042,ML Engineer
ENG-00824,2026-08-01,2054974.29,0,0.0,0.0084806959007751,0.0,Client 007,C-0007,T-0100,BI Developer
ENG-00825,2025-10-01,1145498.41,0,0.0,0.0665172950268856,0.0,Client 043,C-0043,T-0138,AI Engineer
ENG-00826,2026-08-01,2805909.33,7,19641365.310000002,0.0242092623295009,475502.96529934887,Client 008,C-0008,T-0147,Data Analyst
ENG-00827,2026-07-01,1083605.89,3,3250817.67,0.9900493641757686,3218469.9672348537,Client 012,C-0012,T-0098,Data Scientist
ENG-00828,2026-02-01,1600115.96,0,0.0,0.0096428428758643,0.0,Client 009,C-0009,T-0487,AI Engineer
ENG-00829,2024-12-01,1730903.22,0,0.0,0.0153922539606868,0.0,Client 054,C-0054,T-0083,Analytics Engineer
ENG-00830,2025-05-01,2306820.54,4,9227282.16,0.9942864118482622,9174561.269977883,Client 059,C-0059,T-0355,Data Scientist
ENG-00831,2026-04-01,2857149.62,0,0.0,0.044479172159463,0.0,Client 035,C-0035,T-0294,Data Engineer
ENG-00832,2026-08-01,3404111.92,6,20424671.52,0.0630924938231883,1288643.4617162498,Client 038,C-0038,T-0306,Data Analyst
ENG-00833,2026-05-01,862597.43,0,0.0,0.2371140888740591,0.0,Client 039,C-0039,T-0108,BI Developer
ENG-00834,2026-08-01,845695.84,1,845695.84,0.1792987430145341,151632.20108462055,Client 037,C-0037,T-0154,Analytics Engineer
ENG-00835,2026-11-01,2635951.48,4,10543805.92,0.9205342512582384,9705934.487979382,Client 033,C-0033,T-0304,Data Engineer
ENG-00836,2026-05-01,913297.28,0,0.0,0.1892169799137892,0.0,Client 060,C-0060,T-0150,Data Engineer
ENG-00837,2025-03-01,1722055.64,0,0.0,0.8402801962575682,0.0,Client 044,C-0044,T-0348,Data Analyst
ENG-00838,2026-08-01,919003.76,3,2757011.2800000003,0.5206103212043937,1435328.5280449367,Client 006,C-0006,T-0020,Analytics Engineer
ENG-00839,2026-08-01,1159128.91,9,10432160.19,0.986746481818952,10293897.365254229,Client 024,C-0024,T-0037,ML Engineer
ENG-00840,2026-08-01,2364389.11,1,2364389.11,0.1600426864728921,378403.18503165036,Client 059,C-0059,T-0365,AI Engineer
ENG-00841,2025-02-01,1035391.9,0,0.0,0.0013079659606685,0.0,Client 025,C-0025,T-0309,ML Engineer
ENG-00842,2024-11-01,2374220.37,0,0.0,0.0496647055982389,0.0,Client 013,C-0013,T-0022,Data Engineer
ENG-00843,2026-06-01,2746643.96,0,0.0,0.1821720286659641,0.0,Client 053,C-0053,T-0450,AI Engineer
ENG-00844,2026-08-01,1294738.37,0,0.0,0.0661590831199523,0.0,Client 038,C-0038,T-0003,Data Analyst
ENG-00845,2025-11-01,2253395.28,0,0.0,0.0475417812306006,0.0,Client 034,C-0034,T-0478,ML Engineer
ENG-00846,2025-04-01,2788281.67,0,0.0,0.007670322584826,0.0,Client 026,C-0026,T-0365,AI Engineer
ENG-00847,2026-08-01,1221101.01,3,3663303.0300000003,0.0219846506516442,80536.43734565967,Client 008,C-0008,T-0495,Data Engineer
ENG-00848,2026-08-01,846976.76,3,2540930.2800000003,0.0053108346480712,13494.460569357258,Client 024,C-0024,T-0475,BI Developer
ENG-00849,2025-04-01,3329320.62,4,13317282.48,0.9992112000844904,13306777.80870496,Client 027,C-0027,T-0157,Data Analyst
ENG-00850,2026-08-01,2384825.94,1,2384825.94,0.0155282658242752,37032.21114094698,Client 056,C-0056,T-0379,Data Analyst
ENG-00851,2024-07-01,890204.68,3,2670614.04,0.9992447991833228,2668597.1900959625,Client 019,C-0019,T-0106,Data Engineer
ENG-00852,2026-05-01,1893042.65,0,0.0,0.0027022104947877,0.0,Client 009,C-0009,T-0236,AI Engineer
ENG-00853,2026-03-01,1376753.91,5,6883769.55,0.9642186860135972,6637459.230321411,Client 026,C-0026,T-0121,AI Engineer
ENG-00854,2025-06-01,1735271.41,0,0.0,0.0039040441045128,0.0,Client 060,C-0060,T-0244,AI Engineer
ENG-00855,2027-04-01,3400739.11,3,10202217.33,0.9006366091925094,9188490.422336258,Client 029,C-0029,T-0437,Analytics Engineer
ENG-00856,2025-11-01,1454241.55,5,7271207.75,0.980564891367765,7129891.037491201,Client 023,C-0023,T-0219,AI Engineer
ENG-00857,2026-08-01,1000729.84,2,2001459.68,0.0100829542758371,20180.626438371553,Client 041,C-0041,T-0047,Data Engineer
ENG-00858,2026-08-01,1056572.62,1,1056572.62,0.1118946196708059,118224.79146948694,Client 039,C-0039,T-0163,Data Scientist
ENG-00859,2025-02-01,884223.25,2,1768446.5,0.9993587059631308,1767312.4058050278,Client 018,C-0018,T-0394,Data Scientist
ENG-00860,2027-03-01,2361759.15,5,11808795.75,0.9998890220316508,11807485.233839015,Client 059,C-0059,T-0261,Data Analyst
ENG-00861,2026-01-01,1089897.25,3,3269691.75,0.9964354780719452,3258036.8620591452,Client 036,C-0036,T-0281,Data Scientist
ENG-00862,2027-01-01,1654943.42,4,6619773.68,0.997528601278702,6603413.579791966,Client 004,C-0004,T-0216,ML Engineer
ENG-00863,2026-08-01,1870022.06,0,0.0,0.0020069318804671,0.0,Client 025,C-0025,T-0147,Data Analyst
ENG-00864,2025-12-01,2335207.33,0,0.0,0.5969519100203092,0.0,Client 056,C-0056,T-0300,Data Analyst
ENG-00865,2025-11-01,3560925.8,0,0.0,0.3339503264890511,0.0,Client 024,C-0024,T-0317,AI Engineer
ENG-00866,2024-09-01,1022384.8,0,0.0,0.0555911728747775,0.0,Client 035,C-0035,T-0450,AI Engineer
ENG-00867,2026-09-01,2276527.27,5,11382636.35,0.9703060271203384,11044640.65492405,Client 037,C-0037,T-0309,ML Engineer
ENG-00868,2026-04-01,2190541.36,0,0.0,0.2511510132761321,0.0,Client 043,C-0043,T-0498,Data Scientist
ENG-00869,2025-09-01,2011064.44,0,0.0,0.0583127235067179,0.0,Client 053,C-0053,T-0414,AI Engineer
ENG-00870,2026-08-01,1155568.2,10,11555682.0,0.6737871077440964,7786069.552790516,Client 009,C-0009,T-0040,Data Analyst
ENG-00871,2026-08-01,1058865.59,6,6353193.540000001,0.4184569589060231,2658538.0480897916,Client 032,C-0032,T-0197,ML Engineer
ENG-00872,2026-08-01,2225261.37,8,17802090.96,0.0377987926393387,672897.544743686,Client 033,C-0033,T-0193,AI Engineer
ENG-00873,2026-08-01,3178607.49,3,9535822.47,0.0646352730387829,616350.4889978112,Client 010,C-0010,T-0002,Analytics Engineer
ENG-00874,2026-05-01,2129361.01,0,0.0,0.0012050716883006,0.0,Client 041,C-0041,T-0091,ML Engineer
ENG-00875,2025-11-01,1767030.84,0,0.0,0.0322678027502814,0.0,Client 008,C-0008,T-0382,ML Engineer
ENG-00876,2026-08-01,2219618.57,4,8878474.28,0.1722537728119077,1529350.6915434857,Client 028,C-0028,T-0177,BI Developer
ENG-00877,2026-09-01,1794542.02,3,5383626.0600000005,0.8759652000856435,4715869.078834185,Client 020,C-0020,T-0074,Data Engineer
ENG-00878,2026-08-01,1648355.28,5,8241776.4,0.0842967589323439,694755.0383650812,Client 010,C-0010,T-0144,Data Engineer
ENG-00879,2024-04-01,3246220.95,5,16231104.75,0.9992594373637304,16219084.600276772,Client 050,C-0050,T-0138,AI Engineer
ENG-00880,2025-02-01,2211651.46,0,0.0,0.378261539862637,0.0,Client 015,C-0015,T-0088,Data Analyst
ENG-00881,2026-11-01,1260408.52,6,7562451.12,0.9618030220534224,7273588.341347289,Client 016,C-0016,T-0051,AI Engineer
ENG-00882,2026-08-01,1334150.22,4,5336600.88,0.9576539342859304,5110616.828445758,Client 052,C-0052,T-0383,Data Engineer
ENG-00883,2026-08-01,2308617.62,3,6925852.86,0.0444057050688509,307547.37945141754,Client 053,C-0053,T-0413,Data Engineer
ENG-00884,2026-07-01,812981.94,7,5690873.58,0.9954703850882002,5665096.114170864,Client 003,C-0003,T-0249,AI Engineer
ENG-00885,2025-07-01,2294310.69,0,0.0,0.0525559767059121,0.0,Client 017,C-0017,T-0308,Analytics Engineer
ENG-00886,2026-08-01,2867514.89,6,17205089.34,0.4207092245778291,7238339.795023673,Client 043,C-0043,T-0460,Data Analyst
ENG-00887,2024-12-01,1292791.53,0,0.0,0.0092981537746445,0.0,Client 047,C-0047,T-0422,AI Engineer
ENG-00888,2025-01-01,2394979.27,0,0.0,0.0517701733413854,0.0,Client 060,C-0060,T-0017,Analytics Engineer
ENG-00889,2026-08-01,2712448.34,8,21699586.72,0.0030027570614882,65158.58725485556,Client 034,C-0034,T-0477,ML Engineer
ENG-00890,2026-08-01,1366387.79,8,10931102.32,0.918440434555886,10039566.364955654,Client 001,C-0001,T-0034,BI Developer
ENG-00891,2026-01-01,1441336.87,0,0.0,0.0295118743715545,0.0,Client 053,C-0053,T-0014,Data Scientist
ENG-00892,2025-10-01,1193546.45,8,9548371.6,0.999133102926912,9540094.144607203,Client 010,C-0010,T-0202,Data Scientist
ENG-00893,2025-11-01,1466946.18,0,0.0,0.0105175910628865,0.0,Client 008,C-0008,T-0373,AI Engineer
ENG-00894,2026-02-01,2077694.33,0,0.0,0.0867521046279895,0.0,Client 041,C-0041,T-0041,Data Engineer
ENG-00895,2025-09-01,1694350.49,0,0.0,0.2745116207216908,0.0,Client 037,C-0037,T-0147,Data Analyst
ENG-00896,2024-11-01,1266337.28,3,3799011.84,0.9604302188380078,3648685.7728593824,Client 004,C-0004,T-0132,Analytics Engineer
ENG-00897,2026-06-01,3529494.62,0,0.0,0.000202797450948,0.0,Client 011,C-0011,T-0199,Data Analyst
ENG-00898,2026-08-01,1869530.5,3,5608591.5,0.0160782688158646,90176.44181537327,Client 036,C-0036,T-0494,AI Engineer
ENG-00899,2025-01-01,1505459.39,0,0.0,0.0054937024719202,0.0,Client 016,C-0016,T-0166,ML Engineer
ENG-00900,2025-01-01,998321.26,0,0.0,0.128876386247411,0.0,Client 042,C-0042,T-0105,BI Developer
ENG-00901,2026-03-01,1159530.65,4,4638122.6,0.9987968620836802,4632542.2988394,Client 025,C-0025,T-0062,AI Engineer
ENG-00902,2026-08-01,2238670.5,0,0.0,0.0550496290963762,0.0,Client 036,C-0036,T-0100,BI Developer
ENG-00903,2025-03-01,1502970.94,0,0.0,0.2058089706139209,0.0,Client 029,C-0029,T-0067,Data Scientist
ENG-00904,2025-01-01,2923333.59,0,0.0,0.1117184848200697,0.0,Client 022,C-0022,T-0287,BI Developer
ENG-00905,2027-02-01,1619184.47,2,3238368.94,0.9611101191271304,3112429.157700999,Client 021,C-0021,T-0211,BI Developer
ENG-00906,2025-04-01,947147.45,0,0.0,0.0492617817611761,0.0,Client 042,C-0042,T-0249,AI Engineer
ENG-00907,2026-07-01,1401324.91,0,0.0,0.4381552506223893,0.0,Client 031,C-0031,T-0417,AI Engineer
ENG-00908,2026-02-01,2752700.29,3,8258100.87,0.9647443174440448,7966955.887212222,Client 036,C-0036,T-0291,Analytics Engineer
ENG-00909,2025-08-01,2456047.74,6,14736286.440000001,0.9911754607981,14606245.502619794,Client 035,C-0035,T-0078,AI Engineer
ENG-00910,2026-08-01,3373349.15,7,23613444.05,0.3072175371162942,7254464.123874411,Client 013,C-0013,T-0189,Data Analyst
ENG-00911,2025-09-01,2680088.75,6,16080532.5,0.9895153784459088,15911934.202349234,Client 055,C-0055,T-0157,Data Analyst
ENG-00912,2026-08-01,2876151.48,3,8628454.44,0.0246218391585909,212448.4174089095,Client 034,C-0034,T-0414,AI Engineer
ENG-00913,2025-09-01,1655209.37,0,0.0,0.0187504507425688,0.0,Client 044,C-0044,T-0154,Analytics Engineer
ENG-00914,2026-08-01,1250375.88,8,10003007.04,0.9784904973891516,9787847.333956784,Client 053,C-0053,T-0070,Data Analyst
ENG-00915,2025-05-01,2307066.68,0,0.0,0.0065796546628578,0.0,Client 056,C-0056,T-0369,BI Developer
ENG-00916,2026-04-01,2082694.33,0,0.0,0.0096249334604108,0.0,Client 041,C-0041,T-0215,Analytics Engineer
ENG-00917,2026-04-01,951802.99,4,3807211.96,0.9175465311091924,3493294.127095429,Client 048,C-0048,T-0048,Analytics Engineer
ENG-00918,2026-08-01,3096644.85,2,6193289.7,0.9976978929129582,6179032.083889527,Client 029,C-0029,T-0345,Data Scientist
ENG-00919,2026-08-01,1500065.37,7,10500457.59,0.9583263380765588,10062865.070352906,Client 045,C-0045,T-0106,Data Engineer
ENG-00920,2025-05-01,1410525.49,0,0.0,0.0570039251000182,0.0,Client 020,C-0020,T-0435,Analytics Engineer
ENG-00921,2026-08-01,2616968.8,1,2616968.8,0.4211455221601288,1102124.6917527656,Client 043,C-0043,T-0417,AI Engineer
ENG-00922,2026-08-01,2292562.07,6,13755372.419999998,0.0704714271201378,969360.7250063835,Client 006,C-0006,T-0185,Data Scientist
ENG-00923,2026-02-01,2346136.8,0,0.0,0.6020267484565579,0.0,Client 055,C-0055,T-0278,Data Analyst
ENG-00924,2026-08-01,1010907.98,8,8087263.84,0.1192838404827031,964679.8898320929,Client 015,C-0015,T-0284,AI Engineer
ENG-00925,2024-06-01,2990987.0,4,11963948.0,0.9999282091525924,11963089.09803474,Client 040,C-0040,T-0327,Data Engineer
ENG-00926,2024-08-01,2389794.91,3,7169384.73,0.6704699444105411,4806856.981380883,Client 001,C-0001,T-0035,Data Scientist
ENG-00927,2025-05-01,2493481.3,3,7480443.899999999,0.9985022088831492,7469239.757576479,Client 010,C-0010,T-0163,Data Scientist
ENG-00928,2025-09-01,2593632.26,3,7780896.779999999,0.9999531690721126,7780532.393383996,Client 060,C-0060,T-0086,Data Engineer
ENG-00929,2026-08-01,2296191.45,3,6888574.350000001,0.0520655494988128,358657.40879617725,Client 051,C-0051,T-0349,AI Engineer
ENG-00930,2026-04-01,983921.97,0,0.0,0.7105525954644344,0.0,Client 014,C-0014,T-0035,Data Scientist
ENG-00931,2026-04-01,3384809.64,2,6769619.28,0.352081891421158,2383460.360303538,Client 008,C-0008,T-0259,BI Developer
ENG-00932,2024-10-01,3358692.44,2,6717384.88,0.9375430465555912,6297837.485281664,Client 049,C-0049,T-0364,Data Analyst
ENG-00933,2026-06-01,1372013.26,0,0.0,0.0773064751029718,0.0,Client 060,C-0060,T-0475,BI Developer
ENG-00934,2025-12-01,1280316.19,0,0.0,0.0977734523762818,0.0,Client 011,C-0011,T-0145,Data Analyst
ENG-00935,2026-02-01,3166879.1,0,0.0,0.009324436162893,0.0,Client 040,C-0040,T-0004,Analytics Engineer
ENG-00936,2024-09-01,2277431.5,2,4554863.0,0.9987459886076034,4549151.149907194,Client 018,C-0018,T-0362,AI Engineer
ENG-00937,2024-05-01,1079897.59,5,5399487.95,0.9995868037307236,5397256.901723057,Client 045,C-0045,T-0001,Data Analyst
ENG-00938,2026-05-01,2939172.77,0,0.0,0.4196395998891238,0.0,Client 026,C-0026,T-0034,BI Developer
ENG-00939,2026-06-01,775581.13,2,1551162.26,0.992092054275391,1538895.7530378583,Client 008,C-0008,T-0496,Analytics Engineer
ENG-00940,2026-08-01,1583445.14,10,15834451.399999999,0.2780893035987669,4403391.562694519,Client 020,C-0020,T-0432,Analytics Engineer
ENG-00941,2026-03-01,2198651.44,0,0.0,0.039682639692662,0.0,Client 033,C-0033,T-0354,BI Developer
ENG-00942,2024-09-01,1670756.88,0,0.0,0.2229344850955485,0.0,Client 048,C-0048,T-0418,Analytics Engineer
ENG-00943,2024-12-01,866705.63,4,3466822.52,0.9988937388427096,3462987.3089069044,Client 002,C-0002,T-0038,AI Engineer
ENG-00944,2024-12-01,1068898.31,0,0.0,0.0948531168032798,0.0,Client 058,C-0058,T-0045,ML Engineer
ENG-00945,2026-05-01,926062.28,0,0.0,0.0006779339476648,0.0,Client 039,C-0039,T-0151,AI Engineer
ENG-00946,2024-09-01,1143354.23,0,0.0,0.0110126297018117,0.0,Client 053,C-0053,T-0012,ML Engineer
ENG-00947,2025-11-01,2059917.25,3,6179751.75,0.6637492411037017,4101805.5342717725,Client 056,C-0056,T-0445,Data Engineer
ENG-00948,2024-12-01,2763001.57,0,0.0,0.0306556063601489,0.0,Client 010,C-0010,T-0029,Analytics Engineer
ENG-00949,2025-09-01,870468.43,0,0.0,0.0040179333041899,0.0,Client 006,C-0006,T-0273,AI Engineer
ENG-00950,2026-08-01,1735868.38,5,8679341.899999999,0.0093736290133351,81356.93105049498,Client 047,C-0047,T-0427,ML Engineer
ENG-00951,2025-08-01,3087674.47,0,0.0,0.4218291345249471,0.0,Client 012,C-0012,T-0368,ML Engineer
ENG-00952,2024-09-01,2237621.39,0,0.0,0.0005372595840783,0.0,Client 009,C-0009,T-0118,BI Developer
ENG-00953,2026-08-01,1119772.08,11,12317492.88,0.0103835737593212,127899.59584939372,Client 029,C-0029,T-0236,AI Engineer
ENG-00954,2024-10-01,1286482.46,0,0.0,0.0098378931588424,0.0,Client 055,C-0055,T-0275,BI Developer
ENG-00955,2025-12-01,3513565.24,0,0.0,0.0537655970602302,0.0,Client 048,C-0048,T-0384,Data Scientist
ENG-00956,2025-11-01,2552059.39,0,0.0,0.1429855263642176,0.0,Client 032,C-0032,T-0214,Data Analyst
ENG-00957,2025-09-01,990062.1,5,4950310.5,0.9935505590899412,4918383.764943806,Client 012,C-0012,T-0143,BI Developer
ENG-00958,2025-07-01,1475140.99,2,2950281.98,0.9091498025339074,2682248.2795363455,Client 021,C-0021,T-0398,Data Scientist
ENG-00959,2026-08-01,3236762.75,1,3236762.75,0.0242801353999713,78589.03782758345,Client 042,C-0042,T-0444,BI Developer
ENG-00960,2025-10-01,1787800.48,0,0.0,0.0007461497859031,0.0,Client 010,C-0010,T-0245,ML Engineer
ENG-00961,2024-08-01,810302.33,0,0.0,0.0011708937987629,0.0,Client 032,C-0032,T-0015,Analytics Engineer
ENG-00962,2026-06-01,2834326.92,0,0.0,0.7320961479422584,0.0,Client 001,C-0001,T-0251,BI Developer
ENG-00963,2026-08-01,986546.45,5,4932732.25,0.1732939619404933,854812.7147941438,Client 020,C-0020,T-0445,Data Engineer
ENG-00964,2025-08-01,1074511.21,3,3223533.63,0.8358692280645621,2694452.5669482555,Client 015,C-0015,T-0495,Data Engineer
ENG-00965,2025-03-01,2282168.11,0,0.0,0.0021214540339115,0.0,Client 041,C-0041,T-0201,BI Developer
ENG-00966,2024-11-01,1525655.27,3,4576965.8100000005,0.9806960039035574,4488612.079870209,Client 055,C-0055,T-0076,Analytics Engineer
ENG-00967,2025-05-01,1987267.45,0,0.0,0.0502260293468317,0.0,Client 009,C-0009,T-0287,BI Developer
ENG-00968,2025-02-01,1496971.54,0,0.0,0.0050315718788874,0.0,Client 048,C-0048,T-0416,ML Engineer
ENG-00969,2026-07-01,881983.76,0,0.0,0.1196132835067894,0.0,Client 040,C-0040,T-0473,AI Engineer
ENG-00970,2025-09-01,1983860.77,2,3967721.54,0.8436502866047353,3347369.414388782,Client 059,C-0059,T-0026,Analytics Engineer
ENG-00971,2025-05-01,2591865.47,0,0.0,0.0010282031608462,0.0,Client 055,C-0055,T-0146,Data Analyst
ENG-00972,2024-11-01,1413463.04,0,0.0,0.0012254299068778,0.0,Client 007,C-0007,T-0239,Analytics Engineer
ENG-00973,2026-08-01,2116635.06,9,19049715.54,0.0043943681243546,83711.46274699847,Client 045,C-0045,T-0050,ML Engineer
ENG-00974,2026-08-01,1974506.44,9,17770557.96,0.0144151838059915,256165.85932842537,Client 036,C-0036,T-0444,BI Developer
ENG-00975,2026-06-01,1377280.12,0,0.0,0.0065000799566214,0.0,Client 007,C-0007,T-0057,AI Engineer
ENG-00976,2024-11-01,3563891.46,0,0.0,0.0334892211478376,0.0,Client 016,C-0016,T-0333,Data Engineer
ENG-00977,2025-06-01,1120572.98,0,0.0,0.2685950362746405,0.0,Client 056,C-0056,T-0460,Data Analyst
ENG-00978,2024-12-01,1290704.63,0,0.0,0.0141492982748968,0.0,Client 033,C-0033,T-0343,Data Analyst
ENG-00979,2026-05-01,1377669.87,0,0.0,0.2450931915955678,0.0,Client 021,C-0021,T-0382,ML Engineer
ENG-00980,2025-06-01,1836305.97,0,0.0,0.0541290805786828,0.0,Client 020,C-0020,T-0132,Analytics Engineer
ENG-00981,2026-02-01,1067858.9,0,0.0,0.1895253172223263,0.0,Client 051,C-0051,T-0414,AI Engineer
ENG-00982,2026-06-01,1485061.04,4,5940244.16,0.9998146088645016,5939142.89139004,Client 018,C-0018,T-0210,Data Scientist
ENG-00983,2025-01-01,1014152.56,0,0.0,0.0630919461515318,0.0,Client 010,C-0010,T-0031,Data Scientist
ENG-00984,2025-07-01,1763813.32,0,0.0,0.0155272296217952,0.0,Client 035,C-0035,T-0184,Analytics Engineer
ENG-00985,2025-06-01,1004841.0,6,6029046.0,0.9164936643585808,5525582.461126444,Client 060,C-0060,T-0175,Data Analyst
ENG-00986,2026-08-01,2823937.72,7,19767564.040000003,0.9616833979550504,19010138.155281268,Client 011,C-0011,T-0261,Data Analyst
ENG-00987,2026-08-01,1706782.14,6,10240692.84,0.023737899930892,243092.5418589222,Client 016,C-0016,T-0133,Data Scientist
ENG-00988,2025-01-01,1564422.99,7,10950960.93,0.9999595088580704,10950517.513086718,Client 029,C-0029,T-0232,AI Engineer
ENG-00989,2026-06-01,2818736.96,0,0.0,0.190692607156733,0.0,Client 012,C-0012,T-0214,Data Analyst
ENG-00990,2026-06-01,2649306.72,0,0.0,0.0027738174920592,0.0,Client 040,C-0040,T-0164,BI Developer
ENG-00991,2026-05-01,782758.01,8,6262064.08,0.9602976514358864,6013445.429165025,Client 016,C-0016,T-0349,AI Engineer
ENG-00992,2026-08-01,2674920.84,1,2674920.84,0.1019712931611015,272765.13715837983,Client 008,C-0008,T-0153,Data Scientist
ENG-00993,2025-10-01,2385812.45,0,0.0,0.0354949341272018,0.0,Client 016,C-0016,T-0383,Data Engineer
ENG-00994,2026-08-01,1108450.5,3,3325351.5,0.0193634177655289,64390.17031172818,Client 056,C-0056,T-0126,ML Engineer
ENG-00995,2026-08-01,2005458.42,10,20054584.2,0.0524657448595294,1052178.6979011495,Client 057,C-0057,T-0433,Analytics Engineer
ENG-00996,2025-12-01,920438.24,0,0.0,0.302139741689071,0.0,Client 031,C-0031,T-0183,AI Engineer
ENG-00997,2026-03-01,1242633.99,0,0.0,0.0015653396742719,0.0,Client 025,C-0025,T-0021,AI Engineer
ENG-00998,2025-02-01,2739278.82,0,0.0,0.1441135700737365,0.0,Client 050,C-0050,T-0075,Data Engineer
ENG-00999,2026-08-01,3009785.92,2,6019571.84,0.5936238065659833,3573361.1495582005,Client 012,C-0012,T-0404,ML Engineer
ENG-01000,2026-07-01,1279968.62,0,0.0,0.675674804995436,0.0,Client 040,C-0040,T-0437,Analytics Engineer
ENG-01001,2025-11-01,1296304.92,0,0.0,0.0112328516130589,0.0,Client 041,C-0041,T-0106,Data Engineer
ENG-01002,2025-07-01,1676239.69,0,0.0,0.6467740207440316,0.0,Client 043,C-0043,T-0302,Data Analyst
ENG-01003,2026-04-01,993168.55,0,0.0,0.2193676279017527,0.0,Client 014,C-0014,T-0288,Data Engineer
ENG-01004,2026-07-01,1369561.85,3,4108685.5500000003,0.9997064710012382,4107479.531644282,Client 043,C-0043,T-0067,Data Scientist
ENG-01005,2026-08-01,1699198.04,3,5097594.12,0.8846931294339494,4509806.494606899,Client 037,C-0037,T-0226,BI Developer
ENG-01006,2026-08-01,3197079.76,1,3197079.76,0.0032432372598515,10368.88820034909,Client 053,C-0053,T-0347,Analytics Engineer
ENG-01007,2026-09-01,1768718.32,5,8843591.6,0.9974358143840713,8820914.989626132,Client 011,C-0011,T-0484,Data Analyst
ENG-01008,2025-07-01,1577326.88,0,0.0,0.0147564233384975,0.0,Client 037,C-0037,T-0424,Data Engineer
ENG-01009,2027-02-01,1860767.42,3,5582302.26,0.945387931814746,5277441.188346182,Client 050,C-0050,T-0049,ML Engineer
ENG-01010,2024-08-01,979615.9,0,0.0,0.081877099441622,0.0,Client 017,C-0017,T-0119,Data Analyst
ENG-01011,2025-05-01,2062276.58,0,0.0,0.0186003903151778,0.0,Client 045,C-0045,T-0219,AI Engineer
ENG-01012,2026-01-01,1431404.27,0,0.0,0.0100759681157739,0.0,Client 006,C-0006,T-0076,Analytics Engineer
ENG-01013,2025-11-01,2803095.91,0,0.0,0.0070188426743742,0.0,Client 044,C-0044,T-0286,Data Scientist
ENG-01014,2026-08-01,2290436.71,0,0.0,0.0629250547023828,0.0,Client 037,C-0037,T-0005,Analytics Engineer
ENG-01015,2026-08-01,1389942.79,5,6949713.95,0.0388277072642127,269841.4588206154,Client 012,C-0012,T-0057,AI Engineer
ENG-01016,2024-09-01,1362650.76,0,0.0,0.0751750072745431,0.0,Client 004,C-0004,T-0024,BI Developer
ENG-01017,2026-08-01,2103565.62,0,0.0,0.0112074289336669,0.0,Client 045,C-0045,T-0148,AI Engineer
ENG-01018,2026-08-01,2144622.04,1,2144622.04,0.0534270290987837,114580.78413697286,Client 015,C-0015,T-0382,ML Engineer
ENG-01019,2026-08-01,2384406.11,6,14306436.66,0.0100795829082586,144202.91443622025,Client 030,C-0030,T-0089,Data Analyst
ENG-01020,2024-08-01,3460764.06,0,0.0,0.0310255235720821,0.0,Client 004,C-0004,T-0494,AI Engineer
ENG-01021,2025-01-01,2072739.15,0,0.0,0.5825147396851837,0.0,Client 058,C-0058,T-0135,BI Developer
ENG-01022,2026-06-01,1053645.99,0,0.0,0.0379970638706192,0.0,Client 033,C-0033,T-0023,Data Scientist
ENG-01023,2026-08-01,2311051.63,4,9244206.52,0.0046003177770353,42526.28758854163,Client 056,C-0056,T-0168,Data Engineer
ENG-01024,2026-04-01,1202317.34,0,0.0,0.0017267810150652,0.0,Client 010,C-0010,T-0375,Analytics Engineer
ENG-01025,2026-08-01,1692695.58,5,8463477.9,0.064264092692026,543897.7282625136,Client 013,C-0013,T-0054,Data Scientist
ENG-01026,2026-02-01,2987916.43,4,11951665.72,0.9834064525876468,11753345.188218584,Client 037,C-0037,T-0036,ML Engineer
ENG-01027,2026-07-01,3023936.13,2,6047872.26,0.9993867477418136,6044163.388679332,Client 037,C-0037,T-0425,Analytics Engineer
ENG-01028,2024-09-01,963557.7,0,0.0,0.1530476508252965,0.0,Client 048,C-0048,T-0297,ML Engineer
ENG-01029,2026-10-01,2101859.9,5,10509299.5,0.5852233118706648,6150287.058830721,Client 056,C-0056,T-0172,Data Engineer
ENG-01030,2025-08-01,2729160.26,2,5458320.52,0.9905427422034996,5406699.775706431,Client 050,C-0050,T-0379,Data Analyst
ENG-01031,2026-08-01,1381383.44,10,13813834.399999999,0.0121938389813751,168443.67238898028,Client 009,C-0009,T-0423,Data Analyst
ENG-01032,2026-01-01,835490.99,0,0.0,0.0179494284903648,0.0,Client 019,C-0019,T-0180,ML Engineer
ENG-01033,2025-08-01,1891391.2,4,7565564.8,0.9884265806233608,7478005.34574846,Client 055,C-0055,T-0281,Data Scientist
ENG-01034,2026-10-01,1403661.19,5,7018305.949999999,0.9987442128242034,7009492.451392173,Client 033,C-0033,T-0006,Data Analyst
ENG-01035,2026-03-01,1444521.55,0,0.0,0.0034929817188127,0.0,Client 053,C-0053,T-0154,Analytics Engineer
ENG-01036,2024-04-01,3088580.39,7,21620062.73,0.992575013382377,21459534.05355758,Client 034,C-0034,T-0298,Data Analyst
ENG-01037,2025-10-01,826154.14,0,0.0,0.8862739437212517,0.0,Client 003,C-0003,T-0099,Data Engineer
ENG-01038,2025-07-01,1488956.7,0,0.0,0.009733593234009,0.0,Client 029,C-0029,T-0496,Analytics Engineer
ENG-01039,2026-08-01,1137041.42,1,1137041.42,0.0153280984702251,17428.682850484576,Client 050,C-0050,T-0486,Data Analyst
ENG-01040,2025-01-01,2110875.36,0,0.0,0.0137304757910447,0.0,Client 040,C-0040,T-0129,Data Analyst
ENG-01041,2024-08-01,1022560.35,0,0.0,0.0075357457120297,0.0,Client 008,C-0008,T-0199,Data Analyst
ENG-01042,2025-01-01,2177185.5,0,0.0,0.0123640542394703,0.0,Client 013,C-0013,T-0095,ML Engineer
ENG-01043,2025-10-01,2714639.34,0,0.0,0.9133084336182116,0.0,Client 052,C-0052,T-0252,BI Developer
ENG-01044,2024-10-01,1401150.01,0,0.0,0.0397996680152973,0.0,Client 059,C-0059,T-0062,AI Engineer
ENG-01045,2025-02-01,883059.87,0,0.0,0.1614244492723997,0.0,Client 046,C-0046,T-0196,Data Analyst
ENG-01046,2026-08-01,826647.82,2,1653295.64,0.995203342453046,1645365.3469910477,Client 006,C-0006,T-0278,Data Analyst
ENG-01047,2024-07-01,981932.15,0,0.0,0.0968955588443751,0.0,Client 038,C-0038,T-0306,Data Analyst
ENG-01048,2025-07-01,3451517.98,0,0.0,0.0426344959193681,0.0,Client 050,C-0050,T-0299,ML Engineer
ENG-01049,2026-11-01,1168437.7,3,3505313.0999999996,0.9777792086072408,3427422.2688385933,Client 039,C-0039,T-0111,ML Engineer
ENG-01050,2025-01-01,1004229.63,0,0.0,0.0055026804799067,0.0,Client 036,C-0036,T-0397,Data Engineer
ENG-01051,2026-09-01,2367345.88,4,9469383.52,0.9141893014349056,8656809.105168007,Client 029,C-0029,T-0346,BI Developer
ENG-01052,2025-07-01,799398.96,4,3197595.84,0.9679198335698532,3095016.433276455,Client 015,C-0015,T-0377,Data Engineer
ENG-01053,2025-04-01,3022360.2,4,12089440.8,0.9981461111597686,12067028.320616242,Client 017,C-0017,T-0234,ML Engineer
ENG-01054,2026-08-01,1329577.37,3,3988732.1100000003,0.0027825775101951,11098.956263479049,Client 045,C-0045,T-0447,Data Scientist
ENG-01055,2025-11-01,1912258.72,7,13385811.04,0.9975569062173666,13353108.248272669,Client 005,C-0005,T-0195,ML Engineer
ENG-01056,2025-10-01,1005898.97,0,0.0,0.0989106398443148,0.0,Client 006,C-0006,T-0403,AI Engineer
ENG-01057,2025-03-01,2637806.96,0,0.0,0.1526473241929388,0.0,Client 024,C-0024,T-0102,Data Scientist
ENG-01058,2026-08-01,2204265.69,0,0.0,0.0329531483022344,0.0,Client 047,C-0047,T-0124,BI Developer
ENG-01059,2026-08-01,781421.64,7,5469951.48,0.0434251890776474,237533.67726455725,Client 040,C-0040,T-0264,BI Developer
ENG-01060,2025-06-01,2285677.26,0,0.0,0.0051872315132342,0.0,Client 036,C-0036,T-0278,Data Analyst
ENG-01061,2025-12-01,1985635.57,4,7942542.28,0.9991269068794584,7935607.700975722,Client 033,C-0033,T-0374,Data Scientist
ENG-01062,2025-02-01,876397.5,0,0.0,0.0017627238220007,0.0,Client 007,C-0007,T-0149,BI Developer
ENG-01063,2024-11-01,1404932.76,0,0.0,0.6477556810381413,0.0,Client 020,C-0020,T-0437,Analytics Engineer
ENG-01064,2026-08-01,998244.88,5,4991224.4,0.0034032446729081,16986.35785058893,Client 005,C-0005,T-0165,ML Engineer
ENG-01065,2025-07-01,2641725.89,0,0.0,0.0044012986910222,0.0,Client 046,C-0046,T-0268,Data Engineer
ENG-01066,2025-12-01,3309360.5,0,0.0,0.0074540312177445,0.0,Client 046,C-0046,T-0466,ML Engineer
ENG-01067,2026-08-01,1737239.27,10,17372392.7,0.1129014389133384,1961368.1331975758,Client 016,C-0016,T-0270,Data Engineer
ENG-01068,2025-06-01,2118327.86,0,0.0,0.0072438253594117,0.0,Client 018,C-0018,T-0341,Data Analyst
ENG-01069,2026-11-01,859786.42,2,1719572.84,0.9977383181430362,1715683.7133060442,Client 020,C-0020,T-0455,Data Analyst
ENG-01070,2026-06-01,2666190.7,0,0.0,0.1033620993808487,0.0,Client 054,C-0054,T-0488,Data Analyst
ENG-01071,2024-07-01,1504064.2,6,9024385.2,0.5479392233169904,4944814.617401343,Client 030,C-0030,T-0250,Analytics Engineer
ENG-01072,2026-08-01,1343203.17,4,5372812.68,0.003098060048541,16645.2963122025,Client 046,C-0046,T-0209,ML Engineer
ENG-01073,2026-08-01,1462872.38,2,2925744.76,0.0548953275699335,160609.71698621646,Client 027,C-0027,T-0099,Data Engineer
ENG-01074,2026-05-01,2121361.93,0,0.0,0.3312519253906871,0.0,Client 042,C-0042,T-0269,Data Engineer
ENG-01075,2026-02-01,2319072.29,0,0.0,0.0413472154875649,0.0,Client 032,C-0032,T-0460,Data Analyst
ENG-01076,2026-03-01,2568792.48,0,0.0,0.6758704097226799,0.0,Client 017,C-0017,T-0244,AI Engineer
ENG-01077,2025-12-01,2042719.76,2,4085439.52,0.9940188689611578,4061003.9708796153,Client 053,C-0053,T-0175,Data Analyst
ENG-01078,2026-01-01,2253816.41,2,4507632.82,0.9997534546943734,4506521.484288741,Client 043,C-0043,T-0054,Data Scientist
ENG-01079,2027-01-01,1933444.83,5,9667224.15,0.90929039465211,8790314.06254391,Client 047,C-0047,T-0195,ML Engineer
ENG-01080,2026-08-01,1495310.45,6,8971862.7,0.99902539171426,8963118.648274057,Client 057,C-0057,T-0119,Data Analyst
ENG-01081,2025-09-01,3431561.74,0,0.0,0.2450557042704014,0.0,Client 015,C-0015,T-0489,ML Engineer
ENG-01082,2025-02-01,1005787.51,0,0.0,0.3398850297553146,0.0,Client 006,C-0006,T-0264,BI Developer
ENG-01083,2024-12-01,2381606.04,0,0.0,0.0595283863143745,0.0,Client 035,C-0035,T-0069,Data Scientist
ENG-01084,2026-08-01,1945463.01,5,9727315.05,0.0019405820076437,18876.65256871178,Client 020,C-0020,T-0034,BI Developer
ENG-01085,2025-04-01,878754.72,0,0.0,0.0133246629689831,0.0,Client 027,C-0027,T-0426,Analytics Engineer
ENG-01086,2026-03-01,2777239.64,0,0.0,0.0047471503877326,0.0,Client 015,C-0015,T-0466,ML Engineer
ENG-01087,2026-02-01,990460.99,2,1980921.98,0.943971059225612,1869933.0197038965,Client 024,C-0024,T-0382,ML Engineer
ENG-01088,2026-08-01,1674127.89,10,16741278.899999999,0.029374487619827,491766.4897881209,Client 024,C-0024,T-0062,AI Engineer
ENG-01089,2025-07-01,2368597.89,0,0.0,0.1016075306607961,0.0,Client 022,C-0022,T-0050,ML Engineer
ENG-01090,2026-08-01,1517294.63,4,6069178.52,0.1226158448148219,744177.4515617704,Client 045,C-0045,T-0099,Data Engineer
ENG-01091,2025-03-01,2389301.65,2,4778603.3,0.948737739649854,4533641.293525333,Client 036,C-0036,T-0376,Analytics Engineer
ENG-01092,2025-05-01,3059398.59,0,0.0,0.3068655704760301,0.0,Client 029,C-0029,T-0383,Data Engineer
ENG-01093,2026-04-01,2638723.22,0,0.0,0.0045342492178758,0.0,Client 007,C-0007,T-0419,Data Analyst
ENG-01094,2024-12-01,1061503.74,2,2123007.48,0.8291690293851787,1760332.0515690742,Client 035,C-0035,T-0049,ML Engineer
ENG-01095,2026-03-01,912420.05,0,0.0,0.7866623440557479,0.0,Client 011,C-0011,T-0077,AI Engineer
ENG-01096,2025-04-01,1539174.18,0,0.0,0.033692916278718,0.0,Client 019,C-0019,T-0451,BI Developer
ENG-01097,2026-03-01,1466197.98,0,0.0,0.0445432426019478,0.0,Client 025,C-0025,T-0465,Data Analyst
ENG-01098,2025-02-01,2202917.3,4,8811669.2,0.9983954184780726,8797530.158424342,Client 009,C-0009,T-0363,AI Engineer
ENG-01099,2024-10-01,1370461.1,2,2740922.2,0.9022162740107288,2472904.6146372897,Client 024,C-0024,T-0054,Data Scientist
ENG-01100,2026-04-01,1386103.52,3,4158310.56,0.8940226094014923,3717623.6575529804,Client 017,C-0017,T-0035,Data Scientist
ENG-01101,2025-11-01,2191969.0,0,0.0,0.0284216156885066,0.0,Client 051,C-0051,T-0028,Data Scientist
ENG-01102,2026-08-01,1190711.93,0,0.0,0.0030860853532542,0.0,Client 052,C-0052,T-0346,BI Developer
ENG-01103,2026-08-01,2101592.81,9,18914335.29,0.0153356236787275,290063.1281407151,Client 001,C-0001,T-0423,Data Analyst
ENG-01104,2024-10-01,1842632.41,0,0.0,0.0374765009647132,0.0,Client 037,C-0037,T-0316,ML Engineer
ENG-01105,2026-08-01,2231923.68,2,4463847.36,0.2211093192971971,986998.2512161904,Client 039,C-0039,T-0132,Analytics Engineer
ENG-01106,2025-11-01,3107965.61,0,0.0,0.0391990107900501,0.0,Client 023,C-0023,T-0379,Data Analyst
ENG-01107,2026-03-01,819118.05,0,0.0,0.0224052322055948,0.0,Client 029,C-0029,T-0030,Analytics Engineer
ENG-01108,2025-02-01,1070720.77,0,0.0,0.0133880170325354,0.0,Client 048,C-0048,T-0415,ML Engineer
ENG-01109,2024-12-01,3104480.53,0,0.0,0.0313168185229823,0.0,Client 023,C-0023,T-0446,AI Engineer
ENG-01110,2025-08-01,1509913.55,4,6039654.2,0.9541269776384816,5762597.007827562,Client 004,C-0004,T-0360,Analytics Engineer
ENG-01111,2024-09-01,1278098.16,0,0.0,0.0647568959384819,0.0,Client 023,C-0023,T-0440,BI Developer
ENG-01112,2026-01-01,2615395.14,0,0.0,0.1143869465476652,0.0,Client 016,C-0016,T-0294,Data Engineer
ENG-01113,2026-05-01,1379885.01,0,0.0,0.0100019696012584,0.0,Client 023,C-0023,T-0235,Analytics Engineer
ENG-01114,2026-08-01,1386405.57,3,4159216.71,0.8342379213783595,3469776.302712539,Client 014,C-0014,T-0162,AI Engineer
ENG-01115,2025-06-01,1427002.75,0,0.0,0.0238077816773139,0.0,Client 009,C-0009,T-0461,ML Engineer
ENG-01116,2026-01-01,2668361.25,0,0.0,0.1398771618739292,0.0,Client 060,C-0060,T-0349,AI Engineer
ENG-01117,2026-05-01,1439509.66,4,5758038.64,0.9987726618168792,5750971.579317243,Client 008,C-0008,T-0096,AI Engineer
ENG-01118,2024-12-01,868720.41,2,1737440.82,0.9919637301941344,1723478.2767987556,Client 043,C-0043,T-0479,Data Engineer
ENG-01119,2025-05-01,2056807.5,0,0.0,0.5200538757870437,0.0,Client 044,C-0044,T-0030,Analytics Engineer
ENG-01120,2026-03-01,2230101.16,0,0.0,0.0043988983475115,0.0,Client 038,C-0038,T-0294,Data Engineer
ENG-01121,2025-01-01,1371682.7,0,0.0,0.0314349827340209,0.0,Client 055,C-0055,T-0096,AI Engineer
ENG-01122,2024-10-01,2479272.9,0,0.0,0.0336611792016743,0.0,Client 001,C-0001,T-0333,Data Engineer
ENG-01123,2026-08-01,848076.67,6,5088460.0200000005,0.034367285728558,174876.55942568398,Client 019,C-0019,T-0207,Data Scientist
ENG-01124,2024-10-01,1718510.69,2,3437021.38,0.991587125900341,3408106.1518522236,Client 012,C-0012,T-0219,AI Engineer
ENG-01125,2026-08-01,2225794.21,5,11128971.05,0.0245265392351154,272955.1451042884,Client 035,C-0035,T-0336,Data Scientist
ENG-01126,2026-08-01,1552234.36,10,15522343.600000001,0.0008938930338257,13875.31481268894,Client 039,C-0039,T-0379,Data Analyst
ENG-01127,2026-05-01,3535191.71,0,0.0,0.6140037639070697,0.0,Client 054,C-0054,T-0191,Data Analyst
ENG-01128,2026-02-01,1498203.07,0,0.0,0.0165330215419162,0.0,Client 023,C-0023,T-0499,AI Engineer
ENG-01129,2025-02-01,1273084.72,3,3819254.16,0.9904945698405072,3782950.506320768,Client 015,C-0015,T-0250,Analytics Engineer
ENG-01130,2025-08-01,1941507.96,8,15532063.68,0.9993315952110616,15521681.974254193,Client 056,C-0056,T-0081,Data Scientist
ENG-01131,2026-05-01,2884280.75,0,0.0,0.0552133466162386,0.0,Client 041,C-0041,T-0004,Analytics Engineer
ENG-01132,2026-01-01,1702771.42,0,0.0,0.006031588221417,0.0,Client 046,C-0046,T-0102,Data Scientist
ENG-01133,2026-02-01,2970216.76,0,0.0,0.0040556951598276,0.0,Client 027,C-0027,T-0346,BI Developer
ENG-01134,2024-05-01,1648321.34,6,9889928.040000001,0.9982813283624056,9872930.501179803,Client 027,C-0027,T-0270,Data Engineer
ENG-01135,2024-12-01,2857549.73,0,0.0,0.115857588959533,0.0,Client 024,C-0024,T-0169,BI Developer
ENG-01136,2025-02-01,1043700.14,0,0.0,0.0784201303138834,0.0,Client 045,C-0045,T-0241,Data Scientist
ENG-01137,2026-06-01,916777.25,0,0.0,0.0092564770739702,0.0,Client 013,C-0013,T-0420,Data Scientist
ENG-01138,2026-08-01,1767124.2,8,14136993.6,0.0428164179385454,605295.4263721415,Client 059,C-0059,T-0286,Data Scientist
ENG-01139,2026-08-01,1022435.02,3,3067305.06,0.0396933064851865,121751.47983014336,Client 011,C-0011,T-0030,Analytics Engineer
ENG-01140,2025-05-01,1222612.07,0,0.0,0.1773242694408728,0.0,Client 028,C-0028,T-0025,BI Developer
ENG-01141,2026-04-01,2591134.99,2,5182269.98,0.96383610909255,4994858.933790327,Client 019,C-0019,T-0242,AI Engineer
ENG-01142,2026-08-01,2165029.83,9,19485268.47,0.0380043080543797,740524.1454561718,Client 039,C-0039,T-0203,Data Analyst
ENG-01143,2025-03-01,934846.36,4,3739385.44,0.975038662392194,3646045.377586446,Client 041,C-0041,T-0426,Analytics Engineer
ENG-01144,2025-10-01,1719812.71,3,5159438.13,0.9858000265228088,5086174.245396791,Client 056,C-0056,T-0292,Data Engineer
ENG-01145,2025-01-01,2832385.73,0,0.0,0.148788901452116,0.0,Client 048,C-0048,T-0379,Data Analyst
ENG-01146,2025-12-01,2945708.7,0,0.0,0.5989772106660216,0.0,Client 015,C-0015,T-0293,Data Engineer
ENG-01147,2024-11-01,2026881.57,0,0.0,0.1251468038024935,0.0,Client 013,C-0013,T-0173,Data Engineer
ENG-01148,2025-05-01,1980241.05,0,0.0,0.0409481711309505,0.0,Client 054,C-0054,T-0329,Analytics Engineer
ENG-01149,2025-02-01,1001450.01,0,0.0,0.3504594334495045,0.0,Client 030,C-0030,T-0311,AI Engineer
ENG-01150,2026-08-01,2625277.04,2,5250554.08,0.0129849525846897,68178.19577214905,Client 006,C-0006,T-0361,Analytics Engineer
ENG-01151,2025-04-01,2811685.6,4,11246742.4,0.9930403242593734,11168468.719757644,Client 050,C-0050,T-0095,ML Engineer
ENG-01152,2025-02-01,908923.99,0,0.0,0.0480002699508762,0.0,Client 039,C-0039,T-0321,ML Engineer
ENG-01153,2025-05-01,1531071.5,0,0.0,0.7937463732519423,0.0,Client 002,C-0002,T-0143,BI Developer
ENG-01154,2026-08-01,2326966.57,0,0.0,0.0578706361980575,0.0,Client 047,C-0047,T-0396,Analytics Engineer
ENG-01155,2026-08-01,2100364.42,7,14702550.94,0.095959902749136,1410855.3583666182,Client 037,C-0037,T-0400,BI Developer
ENG-01156,2024-11-01,1701482.63,4,6805930.52,0.9210803363511182,6268808.772543941,Client 037,C-0037,T-0313,AI Engineer
ENG-01157,2024-12-01,2758063.24,0,0.0,0.0261792823568849,0.0,Client 052,C-0052,T-0474,AI Engineer
ENG-01158,2025-04-01,2100231.28,0,0.0,0.0081599550569462,0.0,Client 030,C-0030,T-0269,Data Engineer
ENG-01159,2025-12-01,1920421.0,0,0.0,0.0369003239467116,0.0,Client 028,C-0028,T-0013,Data Engineer
ENG-01160,2026-08-01,1596156.02,1,1596156.02,0.0489274571517136,78095.85527599971,Client 038,C-0038,T-0304,Data Engineer
ENG-01161,2026-08-01,1502305.18,4,6009220.72,0.1856739896077986,1115755.985516248,Client 012,C-0012,T-0389,ML Engineer
ENG-01162,2026-02-01,2719508.82,0,0.0,0.1197247223714507,0.0,Client 010,C-0010,T-0051,AI Engineer
ENG-01163,2025-04-01,2008387.34,0,0.0,0.0109756659542116,0.0,Client 051,C-0051,T-0053,BI Developer
ENG-01164,2026-08-01,1857467.75,9,16717209.75,0.1018377995361507,1702443.855324284,Client 013,C-0013,T-0137,AI Engineer
ENG-01165,2025-01-01,2271528.2,0,0.0,0.0030445381351964,0.0,Client 031,C-0031,T-0423,Data Analyst
ENG-01166,2024-07-01,904768.77,0,0.0,0.0525874333141073,0.0,Client 017,C-0017,T-0264,BI Developer
ENG-01167,2025-02-01,967901.88,0,0.0,0.0832367884509959,0.0,Client 014,C-0014,T-0489,ML Engineer
ENG-01168,2026-08-01,1314073.0,4,5256292.0,0.0030327340957762,15940.935965755674,Client 036,C-0036,T-0437,Analytics Engineer
ENG-01169,2026-03-01,1264982.45,0,0.0,0.0008064514147999,0.0,Client 049,C-0049,T-0278,Data Analyst
ENG-01170,2026-08-01,987508.83,5,4937544.149999999,0.0097678490328215,48229.185850090944,Client 027,C-0027,T-0340,Data Analyst
ENG-01171,2025-08-01,3355729.39,0,0.0,0.8557386731158132,0.0,Client 009,C-0009,T-0166,ML Engineer
ENG-01172,2025-02-01,1070760.87,0,0.0,0.0922009743976692,0.0,Client 015,C-0015,T-0046,BI Developer
ENG-01173,2026-08-01,1409278.48,3,4227835.4399999995,0.0033255577729212,14059.91101012372,Client 010,C-0010,T-0200,Data Scientist
ENG-01174,2026-02-01,1982269.89,0,0.0,0.1014533429171689,0.0,Client 053,C-0053,T-0297,ML Engineer
ENG-01175,2025-04-01,2112676.17,6,12676057.02,0.9974595637783872,12643854.305599162,Client 020,C-0020,T-0092,Data Scientist
ENG-01176,2025-09-01,1763142.42,2,3526284.84,0.9976189602779104,3517888.6157245575,Client 023,C-0023,T-0111,ML Engineer
ENG-01177,2026-08-01,1015824.04,2,2031648.08,0.5147858566540879,1045863.697282433,Client 005,C-0005,T-0008,Data Scientist
ENG-01178,2026-06-01,3474162.77,0,0.0,0.0695647008219615,0.0,Client 027,C-0027,T-0368,ML Engineer
ENG-01179,2026-08-01,957179.11,8,7657432.88,0.9660206923620664,7397238.612453653,Client 055,C-0055,T-0450,AI Engineer
ENG-01180,2026-08-01,3119569.91,5,15597849.55,0.003638889292172,56758.84770840485,Client 025,C-0025,T-0414,AI Engineer
ENG-01181,2026-08-01,1014282.26,8,8114258.08,0.2156495572240883,1749836.162153981,Client 040,C-0040,T-0190,AI Engineer
ENG-01182,2025-08-01,1782142.61,0,0.0,0.0092339818859018,0.0,Client 011,C-0011,T-0297,ML Engineer
ENG-01183,2025-02-01,2883705.49,0,0.0,0.230816817728877,0.0,Client 009,C-0009,T-0481,Data Analyst
ENG-01184,2025-09-01,772458.97,0,0.0,0.5202951326539593,0.0,Client 044,C-0044,T-0296,Data Engineer
ENG-01185,2025-07-01,1758963.65,4,7035854.6,0.9989013604180732,7028124.731643758,Client 004,C-0004,T-0148,AI Engineer
ENG-01186,2025-09-01,3548148.21,0,0.0,0.0037873938769197,0.0,Client 027,C-0027,T-0170,Data Analyst
ENG-01187,2026-02-01,856686.27,0,0.0,0.7356258106448496,0.0,Client 020,C-0020,T-0364,Data Analyst
ENG-01188,2026-04-01,977719.69,3,2933159.07,0.943873360008109,2768530.70683916,Client 001,C-0001,T-0224,Data Scientist
ENG-01189,2024-12-01,2808631.89,3,8425895.67,0.9757155031390292,8221277.033051018,Client 032,C-0032,T-0419,Data Analyst
ENG-01190,2025-06-01,1576445.51,0,0.0,0.0684111988885425,0.0,Client 058,C-0058,T-0433,Analytics Engineer
ENG-01191,2025-09-01,2652460.7,0,0.0,0.3706654463780405,0.0,Client 005,C-0005,T-0018,Data Analyst
ENG-01192,2024-06-01,813823.5,5,4069117.5,0.9959493034839496,4052634.7399193505,Client 049,C-0049,T-0362,AI Engineer
ENG-01193,2026-08-01,2490465.66,4,9961862.64,0.0132647302024535,132141.42023350118,Client 033,C-0033,T-0185,Data Scientist
ENG-01194,2024-12-01,1537968.64,0,0.0,0.0019983293109446,0.0,Client 044,C-0044,T-0260,Data Scientist
ENG-01195,2026-12-01,2855423.43,2,5710846.86,0.7593375484219473,4336460.454085576,Client 006,C-0006,T-0133,Data Scientist
ENG-01196,2026-02-01,1025091.11,0,0.0,0.0609690542082932,0.0,Client 053,C-0053,T-0185,Data Scientist
ENG-01197,2026-02-01,767888.16,0,0.0,0.0936272818872912,0.0,Client 001,C-0001,T-0166,ML Engineer
ENG-01198,2025-03-01,2695091.75,0,0.0,0.0023271939924142,0.0,Client 055,C-0055,T-0026,Analytics Engineer
ENG-01199,2024-07-01,912640.98,6,5475845.88,0.9996674458114332,5474024.86451666,Client 040,C-0040,T-0392,Data Scientist
ENG-01200,2026-05-01,2091598.16,0,0.0,0.0007477539658339,0.0,Client 021,C-0021,T-0072,Analytics Engineer
