engagement_id,as_of_date,top_drivers,top_driver_detail
ENG-00001,2024-01-01,Performance | Client feedback | Role profile,Performance (+0.84) | Client feedback (+0.44) | Role profile (+0.35)
ENG-00001,2024-02-01,No material driver detected,
ENG-00001,2024-03-01,No material driver detected,
ENG-00001,2024-04-01,Client feedback | Sentiment | Role profile,Client feedback (+0.78) | Sentiment (+0.68) | Role profile (+0.35)
ENG-00001,2024-05-01,No material driver detected,
ENG-00001,2024-06-01,Client feedback | Role profile | Utilisation,Client feedback (+2.77) | Role profile (+0.35) | Utilisation (+0.26)
ENG-00001,2024-07-01,No material driver detected,
ENG-00001,2024-08-01,No material driver detected,
ENG-00001,2024-09-01,No material driver detected,
ENG-00001,2024-10-01,No material driver detected,
ENG-00001,2024-11-01,No material driver detected,
ENG-00002,2024-07-01,No material driver detected,
ENG-00002,2024-08-01,Client feedback | Sentiment | Contract stage,Client feedback (+2.28) | Sentiment (+0.59) | Contract stage (+0.46)
ENG-00002,2024-09-01,Performance | Client feedback | Sentiment,Performance (+3.52) | Client feedback (+2.56) | Sentiment (+1.08)
ENG-00002,2024-10-01,Sentiment | Client feedback | Performance,Sentiment (+2.53) | Client feedback (+1.87) | Performance (+1.76)
ENG-00003,2024-10-01,No material driver detected,
ENG-00003,2024-11-01,No material driver detected,
ENG-00003,2024-12-01,No material driver detected,
ENG-00003,2025-01-01,No material driver detected,
ENG-00003,2025-02-01,No material driver detected,
ENG-00003,2025-03-01,No material driver detected,
ENG-00003,2025-04-01,No material driver detected,
ENG-00004,2026-05-01,Performance | Contract stage | Sentiment,Performance (+0.90) | Contract stage (+0.54) | Sentiment (+0.20)
ENG-00004,2026-06-01,No material driver detected,
ENG-00004,2026-07-01,Client feedback | Sentiment | Contract stage,Client feedback (+1.12) | Sentiment (+0.96) | Contract stage (+0.38)
ENG-00004,2026-08-01,No material driver detected,
ENG-00005,2024-03-01,Performance | Role profile | Sentiment,Performance (+0.45) | Role profile (+0.35) | Sentiment (+0.32)
ENG-00005,2024-04-01,No material driver detected,
ENG-00005,2024-05-01,Performance | Client feedback | Role profile,Performance (+2.24) | Client feedback (+0.52) | Role profile (+0.35)
ENG-00005,2024-06-01,Client feedback | Performance | Sentiment,Client feedback (+0.86) | Performance (+0.56) | Sentiment (+0.41)
ENG-00005,2024-07-01,No material driver detected,
ENG-00005,2024-08-01,Performance | Sentiment | Role profile,Performance (+1.95) | Sentiment (+1.27) | Role profile (+0.35)
ENG-00005,2024-09-01,No material driver detected,
ENG-00005,2024-10-01,No material driver detected,
ENG-00005,2024-11-01,Milestone delivery | Client feedback | Role profile,Milestone delivery (+1.08) | Client feedback (+0.86) | Role profile (+0.35)
ENG-00005,2024-12-01,Client feedback | Performance | Sentiment,Client feedback (+0.77) | Performance (+0.64) | Sentiment (+0.52)
ENG-00005,2025-01-01,No material driver detected,
ENG-00005,2025-02-01,No material driver detected,
ENG-00006,2025-02-01,No material driver detected,
ENG-00006,2025-03-01,No material driver detected,
ENG-00006,2025-04-01,No material driver detected,
ENG-00006,2025-05-01,No material driver detected,
ENG-00006,2025-06-01,No material driver detected,
ENG-00006,2025-07-01,No material driver detected,
ENG-00006,2025-08-01,No material driver detected,
ENG-00006,2025-09-01,No material driver detected,
ENG-00006,2025-10-01,No material driver detected,
ENG-00006,2025-11-01,No material driver detected,
ENG-00007,2024-07-01,No material driver detected,
ENG-00007,2024-08-01,No material driver detected,
ENG-00007,2024-09-01,Client feedback | Performance | Contract stage,Client feedback (+1.27) | Performance (+0.71) | Contract stage (+0.32)
ENG-00007,2024-10-01,No material driver detected,
ENG-00007,2024-11-01,Client feedback | Sentiment | Role profile,Client feedback (+1.93) | Sentiment (+0.76) | Role profile (+0.26)
ENG-00007,2024-12-01,No material driver detected,
ENG-00007,2025-01-01,No material driver detected,
ENG-00007,2025-02-01,No material driver detected,
ENG-00008,2024-11-01,No material driver detected,
ENG-00008,2024-12-01,No material driver detected,
ENG-00008,2025-01-01,No material driver detected,
ENG-00008,2025-02-01,No material driver detected,
ENG-00008,2025-03-01,No material driver detected,
ENG-00008,2025-04-01,Client feedback | Performance | Sentiment,Client feedback (+2.64) | Performance (+0.60) | Sentiment (+0.57)
ENG-00008,2025-05-01,No material driver detected,
ENG-00008,2025-06-01,No material driver detected,
ENG-00009,2025-03-01,No material driver detected,
ENG-00009,2025-04-01,No material driver detected,
ENG-00009,2025-05-01,No material driver detected,
ENG-00009,2025-06-01,No material driver detected,
ENG-00009,2025-07-01,No material driver detected,
ENG-00009,2025-08-01,No material driver detected,
ENG-00009,2025-09-01,No material driver detected,
ENG-00009,2025-10-01,No material driver detected,
ENG-00009,2025-11-01,Sentiment | Client feedback | Role profile,Sentiment (+1.63) | Client feedback (+0.96) | Role profile (+0.35)
ENG-00009,2025-12-01,Client feedback | Performance | Sentiment,Client feedback (+1.55) | Performance (+0.97) | Sentiment (+0.77)
ENG-00010,2024-05-01,No material driver detected,
ENG-00010,2024-06-01,Client feedback | Contract stage | Utilisation,Client feedback (+1.49) | Contract stage (+0.46) | Utilisation (+0.23)
ENG-00010,2024-07-01,Sentiment | Milestone delivery | Contract stage,Sentiment (+1.14) | Milestone delivery (+0.38) | Contract stage (+0.38)
ENG-00010,2024-08-01,Client feedback | Performance | Sentiment,Client feedback (+1.35) | Performance (+0.75) | Sentiment (+0.47)
ENG-00010,2024-09-01,Client feedback | Sentiment | Performance,Client feedback (+2.54) | Sentiment (+1.49) | Performance (+1.41)
ENG-00011,2024-11-01,No material driver detected,
ENG-00011,2024-12-01,No material driver detected,
ENG-00011,2025-01-01,No material driver detected,
ENG-00011,2025-02-01,No material driver detected,
ENG-00011,2025-03-01,No material driver detected,
ENG-00011,2025-04-01,Sentiment | Client feedback | Role profile,Sentiment (+1.20) | Client feedback (+0.36) | Role profile (+0.25)
ENG-00011,2025-05-01,No material driver detected,
ENG-00011,2025-06-01,No material driver detected,
ENG-00012,2026-02-01,No material driver detected,
ENG-00012,2026-03-01,Sentiment | Milestone delivery | Client feedback,Sentiment (+1.45) | Milestone delivery (+0.54) | Client feedback (+0.31)
ENG-00012,2026-04-01,No material driver detected,
ENG-00012,2026-05-01,No material driver detected,
ENG-00012,2026-06-01,No material driver detected,
ENG-00012,2026-07-01,No material driver detected,
ENG-00012,2026-08-01,No material driver detected,
ENG-00013,2026-04-01,Performance | Role profile | Contract stage,Performance (+0.72) | Role profile (+0.26) | Contract stage (+0.23)
ENG-00013,2026-05-01,Client feedback | Sentiment | Utilisation,Client feedback (+0.91) | Sentiment (+0.68) | Utilisation (+0.30)
ENG-00013,2026-06-01,Performance | Client feedback | Sentiment,Performance (+2.10) | Client feedback (+1.39) | Sentiment (+0.72)
ENG-00013,2026-07-01,No material driver detected,
ENG-00013,2026-08-01,Client feedback | Performance | Role profile,Client feedback (+1.25) | Performance (+0.65) | Role profile (+0.26)
ENG-00014,2024-03-01,Performance | Client feedback | Sentiment,Performance (+1.06) | Client feedback (+0.88) | Sentiment (+0.83)
ENG-00014,2024-04-01,Performance | Sentiment | Client feedback,Performance (+2.51) | Sentiment (+2.30) | Client feedback (+1.53)
ENG-00014,2024-05-01,Client feedback | Performance | Sentiment,Client feedback (+3.91) | Performance (+2.00) | Sentiment (+1.93)
ENG-00014,2024-06-01,Client feedback | Performance | Sentiment,Client feedback (+3.91) | Performance (+3.10) | Sentiment (+2.48)
ENG-00015,2025-05-01,No material driver detected,
ENG-00015,2025-06-01,No material driver detected,
ENG-00015,2025-07-01,Performance | Client feedback | Utilisation,Performance (+0.73) | Client feedback (+0.18) | Utilisation (+0.16)
ENG-00015,2025-08-01,No material driver detected,
ENG-00015,2025-09-01,No material driver detected,
ENG-00015,2025-10-01,No material driver detected,
ENG-00015,2025-11-01,Client feedback | Milestone delivery,Client feedback (+2.93) | Milestone delivery (+0.67)
ENG-00015,2025-12-01,No material driver detected,
ENG-00015,2026-01-01,No material driver detected,
ENG-00015,2026-02-01,No material driver detected,
ENG-00015,2026-03-01,Sentiment | Performance | Client feedback,Sentiment (+1.45) | Performance (+1.14) | Client feedback (+0.42)
ENG-00016,2025-03-01,No material driver detected,
ENG-00016,2025-04-01,No material driver detected,
ENG-00016,2025-05-01,No material driver detected,
ENG-00016,2025-06-01,No material driver detected,
ENG-00016,2025-07-01,No material driver detected,
ENG-00016,2025-08-01,Performance | Sentiment,Performance (+1.71) | Sentiment (+0.78)
ENG-00016,2025-09-01,Client feedback | Performance | Sentiment,Client feedback (+1.52) | Performance (+0.92) | Sentiment (+0.36)
ENG-00016,2025-10-01,Client feedback | Sentiment | Milestone delivery,Client feedback (+1.59) | Sentiment (+1.38) | Milestone delivery (+1.06)
ENG-00016,2025-11-01,Performance | Client feedback | Sentiment,Performance (+2.00) | Client feedback (+1.06) | Sentiment (+0.78)
ENG-00017,2026-08-01,Performance | Client feedback | Contract stage,Performance (+1.29) | Client feedback (+0.42) | Contract stage (+0.23)
ENG-00018,2025-06-01,No material driver detected,
ENG-00018,2025-07-01,Performance | Sentiment | Client feedback,Performance (+1.85) | Sentiment (+1.17) | Client feedback (+1.08)
ENG-00018,2025-08-01,Performance | Client feedback | Sentiment,Performance (+1.35) | Client feedback (+1.10) | Sentiment (+0.48)
ENG-00018,2025-09-01,Sentiment | Client feedback | Contract stage,Sentiment (+2.22) | Client feedback (+1.05) | Contract stage (+0.18)
ENG-00019,2024-02-01,No material driver detected,
ENG-00019,2024-03-01,No material driver detected,
ENG-00019,2024-04-01,No material driver detected,
ENG-00019,2024-05-01,Performance | Client feedback | Sentiment,Performance (+1.07) | Client feedback (+1.04) | Sentiment (+0.24)
ENG-00019,2024-06-01,No material driver detected,
ENG-00019,2024-07-01,No material driver detected,
ENG-00019,2024-08-01,No material driver detected,
ENG-00019,2024-09-01,No material driver detected,
ENG-00019,2024-10-01,No material driver detected,
ENG-00019,2024-11-01,No material driver detected,
ENG-00019,2024-12-01,No material driver detected,
ENG-00020,2024-06-01,No material driver detected,
ENG-00020,2024-07-01,No material driver detected,
ENG-00020,2024-08-01,Client feedback | Performance | Contract stage,Client feedback (+1.18) | Performance (+0.81) | Contract stage (+0.19)
ENG-00020,2024-09-01,No material driver detected,
ENG-00020,2024-10-01,No material driver detected,
ENG-00020,2024-11-01,No material driver detected,
ENG-00020,2024-12-01,No material driver detected,
ENG-00020,2025-01-01,No material driver detected,
ENG-00020,2025-02-01,No material driver detected,
ENG-00020,2025-03-01,No material driver detected,
ENG-00021,2024-07-01,No material driver detected,
ENG-00021,2024-08-01,Performance | Sentiment | Utilisation,Performance (+1.29) | Sentiment (+0.33) | Utilisation (+0.26)
ENG-00021,2024-09-01,Performance | Sentiment | Client feedback,Performance (+1.17) | Sentiment (+0.61) | Client feedback (+0.57)
ENG-00021,2024-10-01,Performance | Client feedback | Sentiment,Performance (+2.13) | Client feedback (+1.64) | Sentiment (+0.98)
ENG-00021,2024-11-01,Client feedback | Performance | Sentiment,Client feedback (+1.75) | Performance (+1.55) | Sentiment (+1.05)
ENG-00021,2024-12-01,Client feedback | Performance | Sentiment,Client feedback (+2.87) | Performance (+2.50) | Sentiment (+2.43)
ENG-00022,2025-10-01,No material driver detected,
ENG-00022,2025-11-01,Performance | Sentiment | Client feedback,Performance (+0.91) | Sentiment (+0.68) | Client feedback (+0.21)
ENG-00022,2025-12-01,No material driver detected,
ENG-00022,2026-01-01,No material driver detected,
ENG-00022,2026-02-01,No material driver detected,
ENG-00022,2026-03-01,No material driver detected,
ENG-00022,2026-04-01,No material driver detected,
ENG-00022,2026-05-01,No material driver detected,
ENG-00022,2026-06-01,No material driver detected,
ENG-00022,2026-07-01,No material driver detected,
ENG-00022,2026-08-01,No material driver detected,
ENG-00023,2026-08-01,Client feedback | Sentiment | Contract stage,Client feedback (+0.87) | Sentiment (+0.74) | Contract stage (+0.41)
ENG-00023,2026-09-01,Client feedback | Sentiment | Utilisation,Client feedback (+1.29) | Sentiment (+1.03) | Utilisation (+0.47)
ENG-00023,2026-10-01,Performance | Sentiment | Client feedback,Performance (+1.01) | Sentiment (+0.68) | Client feedback (+0.38)
ENG-00023,2026-11-01,Client feedback | Performance | Sentiment,Client feedback (+3.21) | Performance (+2.70) | Sentiment (+2.50)
ENG-00023,2026-12-01,Performance | Client feedback | Sentiment,Performance (+4.20) | Client feedback (+2.06) | Sentiment (+1.88)
ENG-00024,2024-07-01,No material driver detected,
ENG-00024,2024-08-01,No material driver detected,
ENG-00024,2024-09-01,No material driver detected,
ENG-00024,2024-10-01,No material driver detected,
ENG-00024,2024-11-01,No material driver detected,
ENG-00024,2024-12-01,No material driver detected,
ENG-00024,2025-01-01,No material driver detected,
ENG-00024,2025-02-01,No material driver detected,
ENG-00024,2025-03-01,No material driver detected,
ENG-00024,2025-04-01,No material driver detected,
ENG-00025,2024-12-01,No material driver detected,
ENG-00025,2025-01-01,No material driver detected,
ENG-00025,2025-02-01,No material driver detected,
ENG-00025,2025-03-01,No material driver detected,
ENG-00025,2025-04-01,No material driver detected,
ENG-00025,2025-05-01,No material driver detected,
ENG-00025,2025-06-01,No material driver detected,
ENG-00025,2025-07-01,No material driver detected,
ENG-00025,2025-08-01,No material driver detected,
ENG-00025,2025-09-01,No material driver detected,
ENG-00025,2025-10-01,No material driver detected,
ENG-00025,2025-11-01,No material driver detected,
ENG-00026,2025-02-01,No material driver detected,
ENG-00026,2025-03-01,Client feedback | Sentiment | Contract stage,Client feedback (+2.35) | Sentiment (+0.70) | Contract stage (+0.39)
ENG-00026,2025-04-01,Client feedback | Milestone delivery | Contract stage,Client feedback (+1.05) | Milestone delivery (+0.69) | Contract stage (+0.32)
ENG-00026,2025-05-01,Performance | Client feedback | Sentiment,Performance (+2.76) | Client feedback (+2.20) | Sentiment (+2.06)
ENG-00027,2024-07-01,No material driver detected,
ENG-00027,2024-08-01,No material driver detected,
ENG-00027,2024-09-01,No material driver detected,
ENG-00027,2024-10-01,No material driver detected,
ENG-00027,2024-11-01,No material driver detected,
ENG-00027,2024-12-01,No material driver detected,
ENG-00027,2025-01-01,No material driver detected,
ENG-00027,2025-02-01,No material driver detected,
ENG-00027,2025-03-01,No material driver detected,
ENG-00027,2025-04-01,No material driver detected,
ENG-00027,2025-05-01,No material driver detected,
ENG-00027,2025-06-01,No material driver detected,
ENG-00027,2025-07-01,No material driver detected,
ENG-00028,2026-07-01,No material driver detected,
ENG-00028,2026-08-01,No material driver detected,
ENG-00029,2024-04-01,No material driver detected,
ENG-00029,2024-05-01,No material driver detected,
ENG-00029,2024-06-01,No material driver detected,
ENG-00029,2024-07-01,No material driver detected,
ENG-00029,2024-08-01,No material driver detected,
ENG-00029,2024-09-01,Client feedback,Client feedback (+2.40)
ENG-00029,2024-10-01,Performance | Sentiment | Utilisation,Performance (+2.17) | Sentiment (+1.02) | Utilisation (+0.28)
ENG-00030,2024-08-01,No material driver detected,
ENG-00030,2024-09-01,Client feedback | Performance | Sentiment,Client feedback (+1.28) | Performance (+0.78) | Sentiment (+0.41)
ENG-00030,2024-10-01,No material driver detected,
ENG-00030,2024-11-01,No material driver detected,
ENG-00030,2024-12-01,No material driver detected,
ENG-00030,2025-01-01,No material driver detected,
ENG-00030,2025-02-01,No material driver detected,
ENG-00030,2025-03-01,No material driver detected,
ENG-00030,2025-04-01,No material driver detected,
ENG-00030,2025-05-01,No material driver detected,
ENG-00030,2025-06-01,No material driver detected,
ENG-00030,2025-07-01,No material driver detected,
ENG-00030,2025-08-01,No material driver detected,
ENG-00031,2024-08-01,No material driver detected,
ENG-00031,2024-09-01,Client feedback | Performance | Contract stage,Client feedback (+2.14) | Performance (+0.56) | Contract stage (+0.21)
ENG-00031,2024-10-01,No material driver detected,
ENG-00031,2024-11-01,No material driver detected,
ENG-00031,2024-12-01,No material driver detected,
ENG-00031,2025-01-01,No material driver detected,
ENG-00031,2025-02-01,No material driver detected,
ENG-00031,2025-03-01,No material driver detected,
ENG-00031,2025-04-01,No material driver detected,
ENG-00031,2025-05-01,No material driver detected,
ENG-00031,2025-06-01,No material driver detected,
ENG-00032,2024-11-01,No material driver detected,
ENG-00032,2024-12-01,No material driver detected,
ENG-00032,2025-01-01,No material driver detected,
ENG-00032,2025-02-01,No material driver detected,
ENG-00032,2025-03-01,No material driver detected,
ENG-00032,2025-04-01,No material driver detected,
ENG-00032,2025-05-01,No material driver detected,
ENG-00032,2025-06-01,No material driver detected,
ENG-00032,2025-07-01,No material driver detected,
ENG-00032,2025-08-01,No material driver detected,
ENG-00032,2025-09-01,No material driver detected,
ENG-00033,2025-02-01,Contract stage | Performance | Client feedback,Contract stage (+0.54) | Performance (+0.50) | Client feedback (+0.30)
ENG-00033,2025-03-01,Sentiment | Client feedback | Performance,Sentiment (+1.75) | Client feedback (+1.52) | Performance (+0.65)
ENG-00033,2025-04-01,Client feedback | Performance | Contract stage,Client feedback (+2.94) | Performance (+2.78) | Contract stage (+0.38)
ENG-00033,2025-05-01,Performance | Sentiment | Client feedback,Performance (+1.89) | Sentiment (+1.48) | Client feedback (+1.23)
ENG-00034,2025-01-01,No material driver detected,
ENG-00034,2025-02-01,No material driver detected,
ENG-00034,2025-03-01,Performance | Client feedback | Role profile,Performance (+3.01) | Client feedback (+1.78) | Role profile (+0.35)
ENG-00034,2025-04-01,Client feedback | Sentiment | Performance,Client feedback (+3.64) | Sentiment (+2.51) | Performance (+1.14)
ENG-00034,2025-05-01,Performance | Sentiment | Client feedback,Performance (+2.62) | Sentiment (+1.66) | Client feedback (+0.53)
ENG-00035,2024-08-01,No material driver detected,
ENG-00035,2024-09-01,No material driver detected,
ENG-00035,2024-10-01,No material driver detected,
ENG-00035,2024-11-01,No material driver detected,
ENG-00035,2024-12-01,No material driver detected,
ENG-00035,2025-01-01,No material driver detected,
ENG-00035,2025-02-01,No material driver detected,
ENG-00035,2025-03-01,No material driver detected,
ENG-00035,2025-04-01,No material driver detected,
ENG-00036,2024-04-01,No material driver detected,
ENG-00036,2024-05-01,No material driver detected,
ENG-00036,2024-06-01,No material driver detected,
ENG-00036,2024-07-01,No material driver detected,
ENG-00036,2024-08-01,No material driver detected,
ENG-00036,2024-09-01,No material driver detected,
ENG-00036,2024-10-01,No material driver detected,
ENG-00036,2024-11-01,No material driver detected,
ENG-00036,2024-12-01,Performance | Role profile | Utilisation,Performance (+1.31) | Role profile (+0.35) | Utilisation (+0.34)
ENG-00036,2025-01-01,Sentiment | Client feedback | Role profile,Sentiment (+1.26) | Client feedback (+1.20) | Role profile (+0.35)
ENG-00037,2024-03-01,No material driver detected,
ENG-00037,2024-04-01,No material driver detected,
ENG-00037,2024-05-01,No material driver detected,
ENG-00037,2024-06-01,No material driver detected,
ENG-00037,2024-07-01,Client feedback | Performance | Sentiment,Client feedback (+0.68) | Performance (+0.46) | Sentiment (+0.43)
ENG-00037,2024-08-01,No material driver detected,
ENG-00037,2024-09-01,No material driver detected,
ENG-00037,2024-10-01,No material driver detected,
ENG-00037,2024-11-01,No material driver detected,
ENG-00037,2024-12-01,No material driver detected,
ENG-00037,2025-01-01,Client feedback | Sentiment | Performance,Client feedback (+1.27) | Sentiment (+1.11) | Performance (+1.05)
ENG-00038,2024-08-01,No material driver detected,
ENG-00038,2024-09-01,No material driver detected,
ENG-00038,2024-10-01,No material driver detected,
ENG-00038,2024-11-01,No material driver detected,
ENG-00038,2024-12-01,No material driver detected,
ENG-00038,2025-01-01,No material driver detected,
ENG-00038,2025-02-01,No material driver detected,
ENG-00038,2025-03-01,No material driver detected,
ENG-00038,2025-04-01,No material driver detected,
ENG-00038,2025-05-01,Sentiment | Client feedback | Role profile,Sentiment (+0.94) | Client feedback (+0.81) | Role profile (+0.26)
ENG-00039,2024-03-01,No material driver detected,
ENG-00039,2024-04-01,No material driver detected,
ENG-00039,2024-05-01,Performance | Milestone delivery | Role profile,Performance (+1.81) | Milestone delivery (+0.56) | Role profile (+0.25)
ENG-00039,2024-06-01,No material driver detected,
ENG-00039,2024-07-01,No material driver detected,
ENG-00039,2024-08-01,No material driver detected,
ENG-00039,2024-09-01,Performance | Utilisation | Role profile,Performance (+1.23) | Utilisation (+0.29) | Role profile (+0.25)
ENG-00039,2024-10-01,No material driver detected,
ENG-00039,2024-11-01,No material driver detected,
ENG-00039,2024-12-01,No material driver detected,
ENG-00039,2025-01-01,No material driver detected,
ENG-00039,2025-02-01,No material driver detected,
ENG-00039,2025-03-01,Sentiment | Client feedback | Performance,Sentiment (+1.03) | Client feedback (+0.67) | Performance (+0.58)
ENG-00040,2024-08-01,No material driver detected,
ENG-00040,2024-09-01,No material driver detected,
ENG-00040,2024-10-01,No material driver detected,
ENG-00040,2024-11-01,No material driver detected,
ENG-00040,2024-12-01,No material driver detected,
ENG-00040,2025-01-01,No material driver detected,
ENG-00040,2025-02-01,No material driver detected,
ENG-00040,2025-03-01,No material driver detected,
ENG-00040,2025-04-01,No material driver detected,
ENG-00040,2025-05-01,No material driver detected,
ENG-00040,2025-06-01,No material driver detected,
ENG-00040,2025-07-01,Sentiment | Client feedback | Performance,Sentiment (+1.30) | Client feedback (+0.91) | Performance (+0.85)
ENG-00040,2025-08-01,No material driver detected,
ENG-00041,2025-11-01,No material driver detected,
ENG-00041,2025-12-01,No material driver detected,
ENG-00041,2026-01-01,No material driver detected,
ENG-00041,2026-02-01,No material driver detected,
ENG-00041,2026-03-01,No material driver detected,
ENG-00041,2026-04-01,Performance | Client feedback | Utilisation,Performance (+0.90) | Client feedback (+0.80) | Utilisation (+0.29)
ENG-00041,2026-05-01,No material driver detected,
ENG-00041,2026-06-01,No material driver detected,
ENG-00041,2026-07-01,No material driver detected,
ENG-00041,2026-08-01,No material driver detected,
ENG-00042,2024-01-01,No material driver detected,
ENG-00042,2024-02-01,Performance | Client feedback | Contract stage,Performance (+2.65) | Client feedback (+0.96) | Contract stage (+0.46)
ENG-00042,2024-03-01,Client feedback | Sentiment | Performance,Client feedback (+2.39) | Sentiment (+2.24) | Performance (+0.76)
ENG-00042,2024-04-01,Performance | Client feedback | Sentiment,Performance (+2.40) | Client feedback (+1.77) | Sentiment (+1.68)
ENG-00043,2025-11-01,No material driver detected,
ENG-00043,2025-12-01,No material driver detected,
ENG-00043,2026-01-01,No material driver detected,
ENG-00043,2026-02-01,No material driver detected,
ENG-00043,2026-03-01,No material driver detected,
ENG-00043,2026-04-01,No material driver detected,
ENG-00043,2026-05-01,No material driver detected,
ENG-00043,2026-06-01,No material driver detected,
ENG-00044,2025-08-01,Performance | Client feedback | Sentiment,Performance (+1.08) | Client feedback (+0.61) | Sentiment (+0.45)
ENG-00044,2025-09-01,No material driver detected,
ENG-00044,2025-10-01,No material driver detected,
ENG-00044,2025-11-01,Sentiment | Client feedback | Role profile,Sentiment (+1.13) | Client feedback (+0.67) | Role profile (+0.35)
ENG-00044,2025-12-01,Client feedback | Sentiment | Role profile,Client feedback (+1.81) | Sentiment (+0.37) | Role profile (+0.35)
ENG-00044,2026-01-01,No material driver detected,
ENG-00044,2026-02-01,Sentiment | Client feedback | Performance,Sentiment (+1.49) | Client feedback (+1.46) | Performance (+0.42)
ENG-00044,2026-03-01,No material driver detected,
ENG-00044,2026-04-01,Client feedback | Performance | Sentiment,Client feedback (+1.86) | Performance (+0.74) | Sentiment (+0.36)
ENG-00045,2025-10-01,No material driver detected,
ENG-00045,2025-11-01,No material driver detected,
ENG-00045,2025-12-01,No material driver detected,
ENG-00045,2026-01-01,No material driver detected,
ENG-00045,2026-02-01,No material driver detected,
ENG-00045,2026-03-01,No material driver detected,
ENG-00045,2026-04-01,No material driver detected,
ENG-00045,2026-05-01,No material driver detected,
ENG-00045,2026-06-01,Client feedback | Sentiment | Performance,Client feedback (+2.44) | Sentiment (+0.37) | Performance (+0.34)
ENG-00045,2026-07-01,No material driver detected,
ENG-00045,2026-08-01,No material driver detected,
ENG-00046,2026-08-01,Performance | Contract stage | Client feedback,Performance (+1.00) | Contract stage (+0.41) | Client feedback (+0.39)
ENG-00046,2026-09-01,Sentiment | Performance | Contract stage,Sentiment (+1.35) | Performance (+0.57) | Contract stage (+0.33)
ENG-00046,2026-10-01,Client feedback | Sentiment | Performance,Client feedback (+3.50) | Sentiment (+2.07) | Performance (+1.69)
ENG-00046,2026-11-01,Client feedback | Performance | Sentiment,Client feedback (+5.23) | Performance (+2.56) | Sentiment (+1.14)
ENG-00047,2025-05-01,No material driver detected,
ENG-00047,2025-06-01,No material driver detected,
ENG-00047,2025-07-01,No material driver detected,
ENG-00047,2025-08-01,No material driver detected,
ENG-00047,2025-09-01,No material driver detected,
ENG-00047,2025-10-01,No material driver detected,
ENG-00047,2025-11-01,No material driver detected,
ENG-00047,2025-12-01,No material driver detected,
ENG-00047,2026-01-01,Client feedback | Performance | Sentiment,Client feedback (+3.52) | Performance (+2.26) | Sentiment (+1.29)
ENG-00047,2026-02-01,Performance | Sentiment | Client feedback,Performance (+1.77) | Sentiment (+1.55) | Client feedback (+0.68)
ENG-00047,2026-03-01,Client feedback | Sentiment | Performance,Client feedback (+3.05) | Sentiment (+2.19) | Performance (+0.68)
ENG-00048,2024-12-01,No material driver detected,
ENG-00048,2025-01-01,No material driver detected,
ENG-00048,2025-02-01,No material driver detected,
ENG-00048,2025-03-01,No material driver detected,
ENG-00048,2025-04-01,No material driver detected,
ENG-00048,2025-05-01,No material driver detected,
ENG-00048,2025-06-01,No material driver detected,
ENG-00048,2025-07-01,No material driver detected,
ENG-00048,2025-08-01,No material driver detected,
ENG-00048,2025-09-01,No material driver detected,
ENG-00048,2025-10-01,No material driver detected,
ENG-00049,2024-03-01,No material driver detected,
ENG-00049,2024-04-01,No material driver detected,
ENG-00049,2024-05-01,No material driver detected,
ENG-00049,2024-06-01,No material driver detected,
ENG-00049,2024-07-01,No material driver detected,
ENG-00049,2024-08-01,No material driver detected,
ENG-00049,2024-09-01,No material driver detected,
ENG-00049,2024-10-01,No material driver detected,
ENG-00049,2024-11-01,No material driver detected,
ENG-00049,2024-12-01,No material driver detected,
ENG-00049,2025-01-01,No material driver detected,
ENG-00049,2025-02-01,No material driver detected,
ENG-00050,2025-09-01,No material driver detected,
ENG-00050,2025-10-01,Client feedback | Sentiment | Performance,Client feedback (+1.40) | Sentiment (+0.72) | Performance (+0.64)
ENG-00050,2025-11-01,No material driver detected,
ENG-00050,2025-12-01,Client feedback | Role profile,Client feedback (+2.75) | Role profile (+0.35)
ENG-00050,2026-01-01,Performance | Client feedback | Sentiment,Performance (+1.36) | Client feedback (+1.29) | Sentiment (+1.28)
ENG-00050,2026-02-01,Performance | Sentiment | Client feedback,Performance (+3.13) | Sentiment (+2.35) | Client feedback (+0.55)
ENG-00051,2024-08-01,No material driver detected,
ENG-00051,2024-09-01,No material driver detected,
ENG-00051,2024-10-01,No material driver detected,
ENG-00051,2024-11-01,No material driver detected,
ENG-00051,2024-12-01,No material driver detected,
ENG-00051,2025-01-01,No material driver detected,
ENG-00051,2025-02-01,No material driver detected,
ENG-00051,2025-03-01,No material driver detected,
ENG-00051,2025-04-01,No material driver detected,
ENG-00051,2025-05-01,No material driver detected,
ENG-00051,2025-06-01,No material driver detected,
ENG-00052,2024-05-01,Client feedback | Performance | Sentiment,Client feedback (+1.69) | Performance (+1.35) | Sentiment (+0.90)
ENG-00052,2024-06-01,Client feedback | Sentiment | Performance,Client feedback (+1.08) | Sentiment (+1.00) | Performance (+0.73)
ENG-00052,2024-07-01,Performance | Client feedback | Milestone delivery,Performance (+2.00) | Client feedback (+1.69) | Milestone delivery (+0.84)
ENG-00052,2024-08-01,Performance | Client feedback | Sentiment,Performance (+2.09) | Client feedback (+1.67) | Sentiment (+1.07)
ENG-00052,2024-09-01,Client feedback | Sentiment | Utilisation,Client feedback (+1.85) | Sentiment (+1.03) | Utilisation (+0.18)
ENG-00052,2024-10-01,Sentiment | Performance | Client feedback,Sentiment (+1.22) | Performance (+0.83) | Client feedback (+0.26)
ENG-00052,2024-11-01,Sentiment | Client feedback | Milestone delivery,Sentiment (+1.39) | Client feedback (+0.54) | Milestone delivery (+0.28)
ENG-00052,2024-12-01,Client feedback | Performance,Client feedback (+2.92) | Performance (+1.89)
ENG-00052,2025-01-01,Performance | Sentiment,Performance (+2.35) | Sentiment (+1.23)
ENG-00053,2025-10-01,No material driver detected,
ENG-00053,2025-11-01,No material driver detected,
ENG-00053,2025-12-01,No material driver detected,
ENG-00053,2026-01-01,No material driver detected,
ENG-00053,2026-02-01,No material driver detected,
ENG-00053,2026-03-01,No material driver detected,
ENG-00053,2026-04-01,No material driver detected,
ENG-00053,2026-05-01,No material driver detected,
ENG-00053,2026-06-01,No material driver detected,
ENG-00053,2026-07-01,No material driver detected,
ENG-00054,2025-05-01,Sentiment | Client feedback | Performance,Sentiment (+1.16) | Client feedback (+0.90) | Performance (+0.70)
ENG-00054,2025-06-01,No material driver detected,
ENG-00054,2025-07-01,Performance | Sentiment | Utilisation,Performance (+2.34) | Sentiment (+0.78) | Utilisation (+0.38)
ENG-00054,2025-08-01,No material driver detected,
ENG-00054,2025-09-01,Performance | Client feedback | Sentiment,Performance (+1.67) | Client feedback (+1.37) | Sentiment (+0.63)
ENG-00054,2025-10-01,No material driver detected,
ENG-00054,2025-11-01,Sentiment | Utilisation | Client feedback,Sentiment (+0.88) | Utilisation (+0.29) | Client feedback (+0.26)
ENG-00054,2025-12-01,No material driver detected,
ENG-00054,2026-01-01,No material driver detected,
ENG-00054,2026-02-01,No material driver detected,
ENG-00054,2026-03-01,No material driver detected,
ENG-00055,2024-02-01,No material driver detected,
ENG-00055,2024-03-01,No material driver detected,
ENG-00055,2024-04-01,Client feedback | Contract stage | Role profile,Client feedback (+1.18) | Contract stage (+0.38) | Role profile (+0.25)
ENG-00055,2024-05-01,No material driver detected,
ENG-00055,2024-06-01,No material driver detected,
ENG-00055,2024-07-01,No material driver detected,
ENG-00055,2024-08-01,No material driver detected,
ENG-00056,2024-05-01,No material driver detected,
ENG-00056,2024-06-01,No material driver detected,
ENG-00056,2024-07-01,No material driver detected,
ENG-00056,2024-08-01,Client feedback | Sentiment | Role profile,Client feedback (+1.90) | Sentiment (+0.56) | Role profile (+0.35)
ENG-00056,2024-09-01,No material driver detected,
ENG-00056,2024-10-01,No material driver detected,
ENG-00056,2024-11-01,No material driver detected,
ENG-00056,2024-12-01,No material driver detected,
ENG-00056,2025-01-01,No material driver detected,
ENG-00056,2025-02-01,No material driver detected,
ENG-00056,2025-03-01,No material driver detected,
ENG-00056,2025-04-01,No material driver detected,
ENG-00057,2024-06-01,No material driver detected,
ENG-00057,2024-07-01,No material driver detected,
ENG-00057,2024-08-01,No material driver detected,
ENG-00057,2024-09-01,No material driver detected,
ENG-00057,2024-10-01,No material driver detected,
ENG-00057,2024-11-01,No material driver detected,
ENG-00057,2024-12-01,No material driver detected,
ENG-00057,2025-01-01,Performance | Client feedback,Performance (+1.76) | Client feedback (+1.52)
ENG-00057,2025-02-01,No material driver detected,
ENG-00057,2025-03-01,No material driver detected,
ENG-00057,2025-04-01,No material driver detected,
ENG-00057,2025-05-01,No material driver detected,
ENG-00057,2025-06-01,No material driver detected,
ENG-00058,2025-08-01,No material driver detected,
ENG-00058,2025-09-01,No material driver detected,
ENG-00058,2025-10-01,No material driver detected,
ENG-00058,2025-11-01,No material driver detected,
ENG-00058,2025-12-01,No material driver detected,
ENG-00058,2026-01-01,No material driver detected,
ENG-00058,2026-02-01,No material driver detected,
ENG-00058,2026-03-01,No material driver detected,
ENG-00058,2026-04-01,No material driver detected,
ENG-00058,2026-05-01,No material driver detected,
ENG-00058,2026-06-01,No material driver detected,
ENG-00058,2026-07-01,No material driver detected,
ENG-00058,2026-08-01,No material driver detected,
ENG-00059,2024-09-01,Performance | Sentiment | Contract stage,Performance (+1.01) | Sentiment (+0.78) | Contract stage (+0.47)
ENG-00059,2024-10-01,Sentiment | Client feedback | Contract stage,Sentiment (+1.08) | Client feedback (+0.42) | Contract stage (+0.39)
ENG-00059,2024-11-01,Client feedback | Contract stage,Client feedback (+2.72) | Contract stage (+0.32)
ENG-00059,2024-12-01,No material driver detected,
ENG-00059,2025-01-01,Performance | Sentiment | Client feedback,Performance (+2.10) | Sentiment (+0.82) | Client feedback (+0.77)
ENG-00059,2025-02-01,No material driver detected,
ENG-00059,2025-03-01,Sentiment | Client feedback,Sentiment (+1.90) | Client feedback (+0.98)
ENG-00059,2025-04-01,No material driver detected,
ENG-00060,2025-04-01,No material driver detected,
ENG-00060,2025-05-01,No material driver detected,
ENG-00060,2025-06-01,No material driver detected,
ENG-00060,2025-07-01,Sentiment | Performance | Client feedback,Sentiment (+0.72) | Performance (+0.70) | Client feedback (+0.37)
ENG-00060,2025-08-01,Sentiment | Milestone delivery | Role profile,Sentiment (+1.60) | Milestone delivery (+0.47) | Role profile (+0.26)
ENG-00060,2025-09-01,No material driver detected,
ENG-00060,2025-10-01,No material driver detected,
ENG-00060,2025-11-01,No material driver detected,
ENG-00060,2025-12-01,No material driver detected,
ENG-00060,2026-01-01,No material driver detected,
ENG-00060,2026-02-01,No material driver detected,
ENG-00060,2026-03-01,No material driver detected,
ENG-00061,2025-10-01,No material driver detected,
ENG-00061,2025-11-01,Client feedback | Sentiment | Contract stage,Client feedback (+0.99) | Sentiment (+0.75) | Contract stage (+0.33)
ENG-00061,2025-12-01,Performance | Client feedback | Sentiment,Performance (+1.23) | Client feedback (+0.84) | Sentiment (+0.37)
ENG-00061,2026-01-01,Performance | Client feedback | Sentiment,Performance (+2.09) | Client feedback (+1.71) | Sentiment (+1.68)
ENG-00061,2026-02-01,Client feedback | Sentiment | Performance,Client feedback (+3.39) | Sentiment (+2.40) | Performance (+0.87)
ENG-00062,2024-01-01,No material driver detected,
ENG-00062,2024-02-01,No material driver detected,
ENG-00062,2024-03-01,No material driver detected,
ENG-00062,2024-04-01,No material driver detected,
ENG-00062,2024-05-01,No material driver detected,
ENG-00062,2024-06-01,No material driver detected,
ENG-00062,2024-07-01,No material driver detected,
ENG-00062,2024-08-01,No material driver detected,
ENG-00062,2024-09-01,No material driver detected,
ENG-00062,2024-10-01,No material driver detected,
ENG-00062,2024-11-01,No material driver detected,
ENG-00062,2024-12-01,No material driver detected,
ENG-00062,2025-01-01,No material driver detected,
ENG-00063,2025-11-01,Performance | Sentiment | Client feedback,Performance (+0.80) | Sentiment (+0.59) | Client feedback (+0.44)
ENG-00063,2025-12-01,Performance | Client feedback | Utilisation,Performance (+1.34) | Client feedback (+0.49) | Utilisation (+0.19)
ENG-00063,2026-01-01,Sentiment | Performance | Milestone delivery,Sentiment (+1.41) | Performance (+1.38) | Milestone delivery (+0.39)
ENG-00063,2026-02-01,No material driver detected,
ENG-00063,2026-03-01,Performance | Sentiment | Utilisation,Performance (+2.44) | Sentiment (+2.13) | Utilisation (+0.24)
ENG-00063,2026-04-01,Client feedback | Performance | Sentiment,Client feedback (+2.83) | Performance (+0.37) | Sentiment (+0.30)
ENG-00063,2026-05-01,No material driver detected,
ENG-00063,2026-06-01,No material driver detected,
ENG-00063,2026-07-01,Client feedback | Sentiment | Performance,Client feedback (+1.88) | Sentiment (+1.08) | Performance (+0.77)
ENG-00063,2026-08-01,No material driver detected,
ENG-00064,2024-08-01,No material driver detected,
ENG-00064,2024-09-01,Performance | Milestone delivery,Performance (+1.47) | Milestone delivery (+0.31)
ENG-00064,2024-10-01,Performance | Sentiment | Client feedback,Performance (+2.00) | Sentiment (+0.71) | Client feedback (+0.24)
ENG-00064,2024-11-01,No material driver detected,
ENG-00064,2024-12-01,No material driver detected,
ENG-00064,2025-01-01,No material driver detected,
ENG-00064,2025-02-01,No material driver detected,
ENG-00064,2025-03-01,No material driver detected,
ENG-00064,2025-04-01,Client feedback | Performance | Sentiment,Client feedback (+1.90) | Performance (+1.56) | Sentiment (+0.86)
ENG-00064,2025-05-01,Sentiment | Client feedback | Performance,Sentiment (+2.02) | Client feedback (+1.62) | Performance (+1.57)
ENG-00064,2025-06-01,Sentiment | Client feedback | Performance,Sentiment (+2.14) | Client feedback (+1.81) | Performance (+1.52)
ENG-00065,2024-06-01,No material driver detected,
ENG-00065,2024-07-01,No material driver detected,
ENG-00065,2024-08-01,No material driver detected,
ENG-00065,2024-09-01,No material driver detected,
ENG-00065,2024-10-01,No material driver detected,
ENG-00065,2024-11-01,No material driver detected,
ENG-00065,2024-12-01,No material driver detected,
ENG-00065,2025-01-01,No material driver detected,
ENG-00065,2025-02-01,No material driver detected,
ENG-00065,2025-03-01,Performance | Client feedback | Role profile,Performance (+1.80) | Client feedback (+0.41) | Role profile (+0.25)
ENG-00065,2025-04-01,No material driver detected,
ENG-00066,2024-06-01,Sentiment | Contract stage | Client feedback,Sentiment (+0.83) | Contract stage (+0.54) | Client feedback (+0.50)
ENG-00066,2024-07-01,Performance | Client feedback | Sentiment,Performance (+1.79) | Client feedback (+0.86) | Sentiment (+0.57)
ENG-00066,2024-08-01,No material driver detected,
ENG-00066,2024-09-01,Performance | Client feedback | Utilisation,Performance (+2.01) | Client feedback (+1.22) | Utilisation (+0.35)
ENG-00066,2024-10-01,Client feedback | Sentiment | Performance,Client feedback (+1.11) | Sentiment (+1.08) | Performance (+0.82)
ENG-00066,2024-11-01,Client feedback | Sentiment | Performance,Client feedback (+1.59) | Sentiment (+1.04) | Performance (+0.77)
ENG-00066,2024-12-01,Client feedback | Sentiment | Performance,Client feedback (+1.09) | Sentiment (+0.59) | Performance (+0.49)
ENG-00067,2024-02-01,No material driver detected,
ENG-00067,2024-03-01,No material driver detected,
ENG-00067,2024-04-01,No material driver detected,
ENG-00067,2024-05-01,No material driver detected,
ENG-00067,2024-06-01,No material driver detected,
ENG-00067,2024-07-01,No material driver detected,
ENG-00067,2024-08-01,No material driver detected,
ENG-00067,2024-09-01,Client feedback | Sentiment | Milestone delivery,Client feedback (+3.20) | Sentiment (+1.09) | Milestone delivery (+0.52)
ENG-00067,2024-10-01,No material driver detected,
ENG-00068,2026-08-01,No material driver detected,
ENG-00069,2026-05-01,No material driver detected,
ENG-00069,2026-06-01,No material driver detected,
ENG-00069,2026-07-01,No material driver detected,
ENG-00069,2026-08-01,No material driver detected,
ENG-00070,2026-04-01,No material driver detected,
ENG-00070,2026-05-01,No material driver detected,
ENG-00070,2026-06-01,No material driver detected,
ENG-00070,2026-07-01,No material driver detected,
ENG-00070,2026-08-01,Performance | Sentiment | Utilisation,Performance (+0.81) | Sentiment (+0.71) | Utilisation (+0.17)
ENG-00071,2025-07-01,No material driver detected,
ENG-00071,2025-08-01,No material driver detected,
ENG-00071,2025-09-01,No material driver detected,
ENG-00071,2025-10-01,Performance | Client feedback | Sentiment,Performance (+1.88) | Client feedback (+1.46) | Sentiment (+0.93)
ENG-00071,2025-11-01,Client feedback | Sentiment | Performance,Client feedback (+1.95) | Sentiment (+1.57) | Performance (+1.51)
ENG-00071,2025-12-01,Client feedback | Performance | Sentiment,Client feedback (+3.23) | Performance (+1.52) | Sentiment (+1.04)
ENG-00072,2024-04-01,Client feedback | Sentiment | Performance,Client feedback (+0.89) | Sentiment (+0.72) | Performance (+0.38)
ENG-00072,2024-05-01,Sentiment | Performance | Milestone delivery,Sentiment (+1.71) | Performance (+1.35) | Milestone delivery (+0.52)
ENG-00072,2024-06-01,Performance | Client feedback | Sentiment,Performance (+1.35) | Client feedback (+0.88) | Sentiment (+0.87)
ENG-00072,2024-07-01,No material driver detected,
ENG-00072,2024-08-01,Sentiment | Performance,Sentiment (+1.57) | Performance (+1.21)
ENG-00072,2024-09-01,Client feedback | Sentiment | Utilisation,Client feedback (+0.89) | Sentiment (+0.61) | Utilisation (+0.21)
ENG-00072,2024-10-01,Client feedback | Performance | Milestone delivery,Client feedback (+0.99) | Performance (+0.61) | Milestone delivery (+0.36)
ENG-00072,2024-11-01,No material driver detected,
ENG-00072,2024-12-01,Performance | Client feedback | Milestone delivery,Performance (+1.04) | Client feedback (+0.39) | Milestone delivery (+0.16)
ENG-00072,2025-01-01,Client feedback | Performance,Client feedback (+2.17) | Performance (+0.96)
ENG-00072,2025-02-01,Sentiment | Performance | Client feedback,Sentiment (+1.20) | Performance (+0.74) | Client feedback (+0.19)
ENG-00072,2025-03-01,No material driver detected,
ENG-00073,2025-05-01,No material driver detected,
ENG-00073,2025-06-01,Client feedback | Performance | Utilisation,Client feedback (+1.36) | Performance (+1.20) | Utilisation (+0.32)
ENG-00073,2025-07-01,No material driver detected,
ENG-00073,2025-08-01,No material driver detected,
ENG-00073,2025-09-01,No material driver detected,
ENG-00073,2025-10-01,Client feedback | Performance | Milestone delivery,Client feedback (+1.67) | Performance (+0.50) | Milestone delivery (+0.23)
ENG-00073,2025-11-01,No material driver detected,
ENG-00073,2025-12-01,No material driver detected,
ENG-00073,2026-01-01,No material driver detected,
ENG-00073,2026-02-01,No material driver detected,
ENG-00074,2026-03-01,No material driver detected,
ENG-00074,2026-04-01,No material driver detected,
ENG-00074,2026-05-01,No material driver detected,
ENG-00074,2026-06-01,No material driver detected,
ENG-00074,2026-07-01,No material driver detected,
ENG-00074,2026-08-01,No material driver detected,
ENG-00075,2025-07-01,No material driver detected,
ENG-00075,2025-08-01,No material driver detected,
ENG-00075,2025-09-01,No material driver detected,
ENG-00075,2025-10-01,No material driver detected,
ENG-00075,2025-11-01,No material driver detected,
ENG-00075,2025-12-01,No material driver detected,
ENG-00075,2026-01-01,No material driver detected,
ENG-00075,2026-02-01,No material driver detected,
ENG-00075,2026-03-01,No material driver detected,
ENG-00075,2026-04-01,No material driver detected,
ENG-00075,2026-05-01,No material driver detected,
ENG-00075,2026-06-01,No material driver detected,
ENG-00076,2026-02-01,No material driver detected,
ENG-00076,2026-03-01,No material driver detected,
ENG-00076,2026-04-01,No material driver detected,
ENG-00076,2026-05-01,No material driver detected,
ENG-00076,2026-06-01,No material driver detected,
ENG-00076,2026-07-01,No material driver detected,
ENG-00076,2026-08-01,No material driver detected,
ENG-00077,2026-01-01,No material driver detected,
ENG-00077,2026-02-01,No material driver detected,
ENG-00077,2026-03-01,No material driver detected,
ENG-00077,2026-04-01,No material driver detected,
ENG-00077,2026-05-01,No material driver detected,
ENG-00077,2026-06-01,No material driver detected,
ENG-00077,2026-07-01,No material driver detected,
ENG-00077,2026-08-01,No material driver detected,
ENG-00078,2026-06-01,No material driver detected,
ENG-00078,2026-07-01,Client feedback | Sentiment | Milestone delivery,Client feedback (+1.98) | Sentiment (+1.54) | Milestone delivery (+0.48)
ENG-00078,2026-08-01,Performance | Client feedback | Sentiment,Performance (+1.92) | Client feedback (+0.83) | Sentiment (+0.32)
ENG-00079,2025-12-01,No material driver detected,
ENG-00079,2026-01-01,Client feedback | Contract stage | Performance,Client feedback (+2.15) | Contract stage (+0.46) | Performance (+0.31)
ENG-00079,2026-02-01,Performance | Sentiment | Contract stage,Performance (+1.23) | Sentiment (+1.15) | Contract stage (+0.38)
ENG-00079,2026-03-01,Client feedback | Performance | Sentiment,Client feedback (+1.38) | Performance (+0.53) | Sentiment (+0.35)
ENG-00079,2026-04-01,Client feedback | Sentiment | Milestone delivery,Client feedback (+3.46) | Sentiment (+1.96) | Milestone delivery (+0.60)
ENG-00080,2024-06-01,Performance | Sentiment | Contract stage,Performance (+0.95) | Sentiment (+0.72) | Contract stage (+0.47)
ENG-00080,2024-07-01,Client feedback | Sentiment | Contract stage,Client feedback (+1.70) | Sentiment (+0.96) | Contract stage (+0.39)
ENG-00080,2024-08-01,Client feedback | Performance | Sentiment,Client feedback (+4.37) | Performance (+3.51) | Sentiment (+1.63)
ENG-00080,2024-09-01,Sentiment | Client feedback | Performance,Sentiment (+2.55) | Client feedback (+2.25) | Performance (+2.05)
ENG-00080,2024-10-01,Client feedback | Performance | Sentiment,Client feedback (+4.09) | Performance (+2.73) | Sentiment (+2.11)
ENG-00081,2026-05-01,No material driver detected,
ENG-00081,2026-06-01,No material driver detected,
ENG-00081,2026-07-01,No material driver detected,
ENG-00081,2026-08-01,No material driver detected,
ENG-00082,2024-11-01,No material driver detected,
ENG-00082,2024-12-01,No material driver detected,
ENG-00082,2025-01-01,No material driver detected,
ENG-00082,2025-02-01,No material driver detected,
ENG-00082,2025-03-01,No material driver detected,
ENG-00082,2025-04-01,No material driver detected,
ENG-00082,2025-05-01,No material driver detected,
ENG-00082,2025-06-01,No material driver detected,
ENG-00082,2025-07-01,No material driver detected,
ENG-00082,2025-08-01,No material driver detected,
ENG-00082,2025-09-01,No material driver detected,
ENG-00082,2025-10-01,No material driver detected,
ENG-00082,2025-11-01,No material driver detected,
ENG-00083,2026-04-01,No material driver detected,
ENG-00083,2026-05-01,No material driver detected,
ENG-00083,2026-06-01,No material driver detected,
ENG-00083,2026-07-01,No material driver detected,
ENG-00083,2026-08-01,No material driver detected,
ENG-00083,2026-09-01,Performance | Client feedback | Role profile,Performance (+1.54) | Client feedback (+0.70) | Role profile (+0.35)
ENG-00083,2026-10-01,Performance | Client feedback | Sentiment,Performance (+1.95) | Client feedback (+1.81) | Sentiment (+1.63)
ENG-00084,2024-08-01,Client feedback | Sentiment | Role profile,Client feedback (+0.76) | Sentiment (+0.64) | Role profile (+0.26)
ENG-00084,2024-09-01,No material driver detected,
ENG-00084,2024-10-01,No material driver detected,
ENG-00084,2024-11-01,No material driver detected,
ENG-00084,2024-12-01,Sentiment | Client feedback | Role profile,Sentiment (+1.23) | Client feedback (+0.85) | Role profile (+0.26)
ENG-00084,2025-01-01,No material driver detected,
ENG-00084,2025-02-01,No material driver detected,
ENG-00084,2025-03-01,Client feedback | Sentiment | Milestone delivery,Client feedback (+1.19) | Sentiment (+0.69) | Milestone delivery (+0.31)
ENG-00084,2025-04-01,No material driver detected,
ENG-00084,2025-05-01,Client feedback | Sentiment | Role profile,Client feedback (+0.87) | Sentiment (+0.86) | Role profile (+0.26)
ENG-00084,2025-06-01,No material driver detected,
ENG-00084,2025-07-01,No material driver detected,
ENG-00085,2025-02-01,No material driver detected,
ENG-00085,2025-03-01,Client feedback | Performance | Sentiment,Client feedback (+1.55) | Performance (+0.99) | Sentiment (+0.71)
ENG-00085,2025-04-01,No material driver detected,
ENG-00085,2025-05-01,Performance | Client feedback | Contract stage,Performance (+1.26) | Client feedback (+0.68) | Contract stage (+0.30)
ENG-00085,2025-06-01,No material driver detected,
ENG-00085,2025-07-01,No material driver detected,
ENG-00085,2025-08-01,Performance | Sentiment | Milestone delivery,Performance (+1.45) | Sentiment (+0.48) | Milestone delivery (+0.15)
ENG-00086,2024-06-01,No material driver detected,
ENG-00086,2024-07-01,No material driver detected,
ENG-00086,2024-08-01,No material driver detected,
ENG-00086,2024-09-01,No material driver detected,
ENG-00086,2024-10-01,Client feedback | Sentiment | Performance,Client feedback (+3.00) | Sentiment (+1.93) | Performance (+0.90)
ENG-00086,2024-11-01,Sentiment | Performance | Client feedback,Sentiment (+1.43) | Performance (+0.88) | Client feedback (+0.42)
ENG-00086,2024-12-01,Performance | Client feedback | Sentiment,Performance (+3.16) | Client feedback (+3.12) | Sentiment (+1.90)
ENG-00086,2025-01-01,Client feedback | Sentiment | Performance,Client feedback (+3.19) | Sentiment (+1.45) | Performance (+0.47)
ENG-00087,2025-08-01,Performance | Utilisation | Sentiment,Performance (+0.59) | Utilisation (+0.37) | Sentiment (+0.28)
ENG-00087,2025-09-01,Performance | Sentiment | Client feedback,Performance (+1.55) | Sentiment (+0.95) | Client feedback (+0.81)
ENG-00087,2025-10-01,Performance | Client feedback | Sentiment,Performance (+0.79) | Client feedback (+0.62) | Sentiment (+0.46)
ENG-00087,2025-11-01,No material driver detected,
ENG-00087,2025-12-01,Sentiment | Performance,Sentiment (+1.34) | Performance (+0.37)
ENG-00087,2026-01-01,Performance | Client feedback,Performance (+2.68) | Client feedback (+0.97)
ENG-00087,2026-02-01,Client feedback | Sentiment | Milestone delivery,Client feedback (+0.89) | Sentiment (+0.79) | Milestone delivery (+0.38)
ENG-00087,2026-03-01,Performance | Client feedback | Sentiment,Performance (+1.52) | Client feedback (+0.79) | Sentiment (+0.45)
ENG-00087,2026-04-01,Sentiment | Milestone delivery | Client feedback,Sentiment (+1.21) | Milestone delivery (+0.91) | Client feedback (+0.61)
ENG-00087,2026-05-01,No material driver detected,
ENG-00087,2026-06-01,No material driver detected,
ENG-00087,2026-07-01,Performance | Client feedback | Sentiment,Performance (+2.13) | Client feedback (+0.91) | Sentiment (+0.53)
ENG-00087,2026-08-01,Sentiment | Performance | Client feedback,Sentiment (+0.82) | Performance (+0.79) | Client feedback (+0.72)
ENG-00088,2024-04-01,No material driver detected,
ENG-00088,2024-05-01,No material driver detected,
ENG-00088,2024-06-01,No material driver detected,
ENG-00088,2024-07-01,No material driver detected,
ENG-00088,2024-08-01,No material driver detected,
ENG-00088,2024-09-01,No material driver detected,
ENG-00088,2024-10-01,No material driver detected,
ENG-00088,2024-11-01,No material driver detected,
ENG-00088,2024-12-01,No material driver detected,
ENG-00088,2025-01-01,No material driver detected,
ENG-00088,2025-02-01,No material driver detected,
ENG-00089,2025-06-01,No material driver detected,
ENG-00089,2025-07-01,Performance | Client feedback | Sentiment,Performance (+1.44) | Client feedback (+1.09) | Sentiment (+0.35)
ENG-00089,2025-08-01,Performance | Sentiment | Client feedback,Performance (+1.93) | Sentiment (+1.78) | Client feedback (+1.17)
ENG-00089,2025-09-01,Client feedback | Sentiment | Milestone delivery,Client feedback (+2.01) | Sentiment (+1.19) | Milestone delivery (+0.38)
ENG-00089,2025-10-01,Performance | Sentiment | Client feedback,Performance (+3.77) | Sentiment (+2.95) | Client feedback (+2.74)
ENG-00090,2026-03-01,No material driver detected,
ENG-00090,2026-04-01,No material driver detected,
ENG-00090,2026-05-01,No material driver detected,
ENG-00090,2026-06-01,No material driver detected,
ENG-00090,2026-07-01,No material driver detected,
ENG-00090,2026-08-01,No material driver detected,
ENG-00090,2026-09-01,No material driver detected,
ENG-00090,2026-10-01,Performance | Client feedback,Performance (+1.25) | Client feedback (+0.22)
ENG-00090,2026-11-01,Client feedback | Sentiment | Performance,Client feedback (+1.56) | Sentiment (+1.42) | Performance (+0.21)
ENG-00090,2026-12-01,Performance | Client feedback | Sentiment,Performance (+2.19) | Client feedback (+1.89) | Sentiment (+1.02)
ENG-00091,2024-08-01,No material driver detected,
ENG-00091,2024-09-01,No material driver detected,
ENG-00091,2024-10-01,No material driver detected,
ENG-00091,2024-11-01,No material driver detected,
ENG-00091,2024-12-01,No material driver detected,
ENG-00091,2025-01-01,No material driver detected,
ENG-00091,2025-02-01,No material driver detected,
ENG-00091,2025-03-01,No material driver detected,
ENG-00091,2025-04-01,No material driver detected,
ENG-00091,2025-05-01,No material driver detected,
ENG-00091,2025-06-01,No material driver detected,
ENG-00091,2025-07-01,No material driver detected,
ENG-00091,2025-08-01,No material driver detected,
ENG-00092,2026-07-01,No material driver detected,
ENG-00092,2026-08-01,No material driver detected,
ENG-00092,2026-09-01,No material driver detected,
ENG-00092,2026-10-01,No material driver detected,
ENG-00092,2026-11-01,Client feedback | Performance | Sentiment,Client feedback (+1.66) | Performance (+1.22) | Sentiment (+0.53)
ENG-00093,2025-02-01,Contract stage | Role profile | Sentiment,Contract stage (+0.47) | Role profile (+0.35) | Sentiment (+0.29)
ENG-00093,2025-03-01,Performance | Contract stage | Role profile,Performance (+1.58) | Contract stage (+0.39) | Role profile (+0.35)
ENG-00093,2025-04-01,No material driver detected,
ENG-00093,2025-05-01,Performance | Sentiment | Role profile,Performance (+1.48) | Sentiment (+0.85) | Role profile (+0.35)
ENG-00093,2025-06-01,No material driver detected,
ENG-00093,2025-07-01,No material driver detected,
ENG-00093,2025-08-01,Performance | Sentiment | Client feedback,Performance (+1.32) | Sentiment (+0.77) | Client feedback (+0.60)
ENG-00093,2025-09-01,No material driver detected,
ENG-00094,2024-02-01,No material driver detected,
ENG-00094,2024-03-01,No material driver detected,
ENG-00094,2024-04-01,No material driver detected,
ENG-00094,2024-05-01,No material driver detected,
ENG-00094,2024-06-01,No material driver detected,
ENG-00094,2024-07-01,No material driver detected,
ENG-00094,2024-08-01,No material driver detected,
ENG-00094,2024-09-01,No material driver detected,
ENG-00094,2024-10-01,No material driver detected,
ENG-00094,2024-11-01,No material driver detected,
ENG-00094,2024-12-01,No material driver detected,
ENG-00095,2025-06-01,No material driver detected,
ENG-00095,2025-07-01,Sentiment | Client feedback | Utilisation,Sentiment (+2.46) | Client feedback (+0.40) | Utilisation (+0.18)
ENG-00095,2025-08-01,No material driver detected,
ENG-00095,2025-09-01,Sentiment | Performance | Client feedback,Sentiment (+1.48) | Performance (+0.64) | Client feedback (+0.25)
ENG-00095,2025-10-01,Performance | Client feedback | Sentiment,Performance (+1.02) | Client feedback (+0.86) | Sentiment (+0.58)
ENG-00095,2025-11-01,Performance | Client feedback | Milestone delivery,Performance (+1.57) | Client feedback (+0.87) | Milestone delivery (+0.32)
ENG-00095,2025-12-01,Sentiment | Client feedback | Performance,Sentiment (+3.55) | Client feedback (+2.06) | Performance (+1.95)
ENG-00095,2026-01-01,Client feedback | Sentiment | Utilisation,Client feedback (+1.55) | Sentiment (+1.47) | Utilisation (+0.16)
ENG-00096,2025-06-01,No material driver detected,
ENG-00096,2025-07-01,No material driver detected,
ENG-00096,2025-08-01,No material driver detected,
ENG-00096,2025-09-01,No material driver detected,
ENG-00096,2025-10-01,No material driver detected,
ENG-00096,2025-11-01,No material driver detected,
ENG-00096,2025-12-01,No material driver detected,
ENG-00097,2025-10-01,No material driver detected,
ENG-00097,2025-11-01,No material driver detected,
ENG-00097,2025-12-01,Sentiment | Client feedback | Performance,Sentiment (+1.23) | Client feedback (+0.64) | Performance (+0.27)
ENG-00097,2026-01-01,No material driver detected,
ENG-00097,2026-02-01,Performance | Milestone delivery | Role profile,Performance (+1.85) | Milestone delivery (+0.36) | Role profile (+0.25)
ENG-00097,2026-03-01,No material driver detected,
ENG-00097,2026-04-01,No material driver detected,
ENG-00097,2026-05-01,No material driver detected,
ENG-00097,2026-06-01,No material driver detected,
ENG-00097,2026-07-01,No material driver detected,
ENG-00098,2024-03-01,No material driver detected,
ENG-00098,2024-04-01,Performance | Client feedback | Contract stage,Performance (+0.59) | Client feedback (+0.42) | Contract stage (+0.33)
ENG-00098,2024-05-01,No material driver detected,
ENG-00098,2024-06-01,Sentiment | Client feedback | Role profile,Sentiment (+1.02) | Client feedback (+0.66) | Role profile (+0.25)
ENG-00098,2024-07-01,Client feedback | Performance | Milestone delivery,Client feedback (+1.71) | Performance (+0.40) | Milestone delivery (+0.27)
ENG-00098,2024-08-01,Performance | Client feedback | Sentiment,Performance (+3.24) | Client feedback (+1.24) | Sentiment (+0.96)
ENG-00098,2024-09-01,Sentiment | Performance | Client feedback,Sentiment (+2.66) | Performance (+2.42) | Client feedback (+2.08)
ENG-00099,2024-11-01,No material driver detected,
ENG-00099,2024-12-01,No material driver detected,
ENG-00099,2025-01-01,No material driver detected,
ENG-00099,2025-02-01,No material driver detected,
ENG-00099,2025-03-01,No material driver detected,
ENG-00099,2025-04-01,No material driver detected,
ENG-00099,2025-05-01,No material driver detected,
ENG-00099,2025-06-01,No material driver detected,
ENG-00099,2025-07-01,No material driver detected,
ENG-00100,2024-01-01,No material driver detected,
ENG-00100,2024-02-01,No material driver detected,
ENG-00100,2024-03-01,No material driver detected,
ENG-00100,2024-04-01,No material driver detected,
ENG-00100,2024-05-01,Client feedback | Sentiment | Milestone delivery,Client feedback (+1.32) | Sentiment (+0.52) | Milestone delivery (+0.42)
ENG-00100,2024-06-01,No material driver detected,
ENG-00100,2024-07-01,No material driver detected,
ENG-00100,2024-08-01,No material driver detected,
ENG-00100,2024-09-01,Performance | Client feedback | Sentiment,Performance (+2.27) | Client feedback (+1.60) | Sentiment (+0.25)
ENG-00101,2024-07-01,No material driver detected,
ENG-00101,2024-08-01,No material driver detected,
ENG-00101,2024-09-01,No material driver detected,
ENG-00101,2024-10-01,No material driver detected,
ENG-00101,2024-11-01,No material driver detected,
ENG-00101,2024-12-01,No material driver detected,
ENG-00101,2025-01-01,No material driver detected,
ENG-00101,2025-02-01,No material driver detected,
ENG-00102,2024-08-01,No material driver detected,
ENG-00102,2024-09-01,No material driver detected,
ENG-00102,2024-10-01,Performance | Client feedback | Contract stage,Performance (+1.03) | Client feedback (+0.77) | Contract stage (+0.38)
ENG-00102,2024-11-01,No material driver detected,
ENG-00102,2024-12-01,No material driver detected,
ENG-00102,2025-01-01,No material driver detected,
ENG-00102,2025-02-01,No material driver detected,
ENG-00103,2025-04-01,No material driver detected,
ENG-00103,2025-05-01,Client feedback | Performance | Contract stage,Client feedback (+1.57) | Performance (+1.32) | Contract stage (+0.33)
ENG-00103,2025-06-01,Client feedback | Performance | Sentiment,Client feedback (+2.58) | Performance (+2.34) | Sentiment (+1.32)
ENG-00103,2025-07-01,Performance | Client feedback | Sentiment,Performance (+3.72) | Client feedback (+2.34) | Sentiment (+2.04)
ENG-00104,2025-07-01,Client feedback | Contract stage | Sentiment,Client feedback (+1.02) | Contract stage (+0.41) | Sentiment (+0.40)
ENG-00104,2025-08-01,No material driver detected,
ENG-00104,2025-09-01,Performance | Sentiment | Client feedback,Performance (+2.81) | Sentiment (+1.02) | Client feedback (+0.63)
ENG-00104,2025-10-01,Client feedback | Utilisation | Milestone delivery,Client feedback (+0.94) | Utilisation (+0.45) | Milestone delivery (+0.35)
ENG-00104,2025-11-01,No material driver detected,
ENG-00104,2025-12-01,No material driver detected,
ENG-00104,2026-01-01,No material driver detected,
ENG-00104,2026-02-01,Client feedback | Performance | Sentiment,Client feedback (+2.33) | Performance (+0.52) | Sentiment (+0.46)
ENG-00104,2026-03-01,No material driver detected,
ENG-00105,2024-12-01,Contract stage | Sentiment | Client feedback,Contract stage (+0.47) | Sentiment (+0.29) | Client feedback (+0.29)
ENG-00105,2025-01-01,Performance | Sentiment | Client feedback,Performance (+0.97) | Sentiment (+0.83) | Client feedback (+0.66)
ENG-00105,2025-02-01,No material driver detected,
ENG-00105,2025-03-01,Client feedback | Sentiment | Role profile,Client feedback (+0.47) | Sentiment (+0.36) | Role profile (+0.25)
ENG-00105,2025-04-01,Sentiment | Client feedback | Role profile,Sentiment (+0.99) | Client feedback (+0.57) | Role profile (+0.25)
ENG-00105,2025-05-01,Sentiment | Performance | Role profile,Sentiment (+1.40) | Performance (+0.79) | Role profile (+0.25)
ENG-00105,2025-06-01,No material driver detected,
ENG-00105,2025-07-01,Client feedback | Milestone delivery | Sentiment,Client feedback (+2.22) | Milestone delivery (+0.29) | Sentiment (+0.29)
ENG-00106,2024-03-01,Performance | Contract stage | Role profile,Performance (+0.64) | Contract stage (+0.41) | Role profile (+0.26)
ENG-00106,2024-04-01,Sentiment | Client feedback | Performance,Sentiment (+1.67) | Client feedback (+1.37) | Performance (+1.01)
ENG-00106,2024-05-01,Performance | Client feedback | Milestone delivery,Performance (+1.77) | Client feedback (+1.16) | Milestone delivery (+0.54)
ENG-00106,2024-06-01,Sentiment | Client feedback | Role profile,Sentiment (+1.13) | Client feedback (+0.77) | Role profile (+0.26)
ENG-00106,2024-07-01,Sentiment | Milestone delivery | Role profile,Sentiment (+2.03) | Milestone delivery (+0.50) | Role profile (+0.26)
ENG-00106,2024-08-01,Performance | Client feedback | Utilisation,Performance (+2.23) | Client feedback (+1.78) | Utilisation (+0.35)
ENG-00106,2024-09-01,Sentiment | Performance | Client feedback,Sentiment (+0.83) | Performance (+0.61) | Client feedback (+0.59)
ENG-00106,2024-10-01,Client feedback | Sentiment | Role profile,Client feedback (+1.77) | Sentiment (+0.86) | Role profile (+0.26)
ENG-00106,2024-11-01,Performance | Milestone delivery | Utilisation,Performance (+2.53) | Milestone delivery (+0.66) | Utilisation (+0.39)
ENG-00107,2026-03-01,No material driver detected,
ENG-00107,2026-04-01,No material driver detected,
ENG-00107,2026-05-01,No material driver detected,
ENG-00107,2026-06-01,No material driver detected,
ENG-00107,2026-07-01,No material driver detected,
ENG-00107,2026-08-01,No material driver detected,
ENG-00108,2024-07-01,No material driver detected,
ENG-00108,2024-08-01,No material driver detected,
ENG-00108,2024-09-01,No material driver detected,
ENG-00108,2024-10-01,Client feedback | Milestone delivery | Contract stage,Client feedback (+1.16) | Milestone delivery (+0.32) | Contract stage (+0.18)
ENG-00108,2024-11-01,No material driver detected,
ENG-00108,2024-12-01,No material driver detected,
ENG-00108,2025-01-01,No material driver detected,
ENG-00108,2025-02-01,Sentiment | Milestone delivery | Performance,Sentiment (+1.39) | Milestone delivery (+0.65) | Performance (+0.60)
ENG-00108,2025-03-01,No material driver detected,
ENG-00109,2025-06-01,No material driver detected,
ENG-00109,2025-07-01,No material driver detected,
ENG-00109,2025-08-01,No material driver detected,
ENG-00109,2025-09-01,No material driver detected,
ENG-00109,2025-10-01,No material driver detected,
ENG-00109,2025-11-01,No material driver detected,
ENG-00109,2025-12-01,No material driver detected,
ENG-00109,2026-01-01,No material driver detected,
ENG-00109,2026-02-01,No material driver detected,
ENG-00109,2026-03-01,No material driver detected,
ENG-00109,2026-04-01,No material driver detected,
ENG-00109,2026-05-01,No material driver detected,
ENG-00109,2026-06-01,No material driver detected,
ENG-00110,2024-07-01,No material driver detected,
ENG-00110,2024-08-01,No material driver detected,
ENG-00110,2024-09-01,No material driver detected,
ENG-00110,2024-10-01,No material driver detected,
ENG-00110,2024-11-01,No material driver detected,
ENG-00110,2024-12-01,No material driver detected,
ENG-00110,2025-01-01,No material driver detected,
ENG-00110,2025-02-01,Performance | Sentiment | Role profile,Performance (+1.64) | Sentiment (+1.17) | Role profile (+0.26)
ENG-00110,2025-03-01,Client feedback | Role profile | Milestone delivery,Client feedback (+1.43) | Role profile (+0.26) | Milestone delivery (+0.22)
ENG-00110,2025-04-01,Performance | Sentiment | Client feedback,Performance (+1.80) | Sentiment (+1.78) | Client feedback (+1.27)
ENG-00111,2025-08-01,Performance | Client feedback | Contract stage,Performance (+0.69) | Client feedback (+0.45) | Contract stage (+0.35)
ENG-00111,2025-09-01,No material driver detected,
ENG-00111,2025-10-01,Sentiment | Client feedback | Utilisation,Sentiment (+1.83) | Client feedback (+1.27) | Utilisation (+0.21)
ENG-00111,2025-11-01,Performance | Client feedback | Sentiment,Performance (+2.95) | Client feedback (+0.92) | Sentiment (+0.90)
ENG-00111,2025-12-01,No material driver detected,
ENG-00111,2026-01-01,Performance | Sentiment | Milestone delivery,Performance (+1.65) | Sentiment (+0.87) | Milestone delivery (+0.30)
ENG-00111,2026-02-01,Client feedback | Sentiment,Client feedback (+2.18) | Sentiment (+0.62)
ENG-00111,2026-03-01,No material driver detected,
ENG-00111,2026-04-01,Client feedback | Performance | Sentiment,Client feedback (+1.70) | Performance (+0.99) | Sentiment (+0.16)
ENG-00111,2026-05-01,Client feedback | Performance | Sentiment,Client feedback (+1.21) | Performance (+1.07) | Sentiment (+0.77)
ENG-00112,2025-07-01,No material driver detected,
ENG-00112,2025-08-01,No material driver detected,
ENG-00112,2025-09-01,No material driver detected,
ENG-00112,2025-10-01,No material driver detected,
ENG-00112,2025-11-01,No material driver detected,
ENG-00112,2025-12-01,No material driver detected,
ENG-00112,2026-01-01,No material driver detected,
ENG-00112,2026-02-01,No material driver detected,
ENG-00112,2026-03-01,No material driver detected,
ENG-00113,2026-08-01,No material driver detected,
ENG-00114,2024-04-01,Client feedback | Contract stage | Performance,Client feedback (+0.56) | Contract stage (+0.29) | Performance (+0.27)
ENG-00114,2024-05-01,Sentiment | Client feedback | Performance,Sentiment (+2.30) | Client feedback (+0.80) | Performance (+0.40)
ENG-00114,2024-06-01,Client feedback | Sentiment | Performance,Client feedback (+1.73) | Sentiment (+0.46) | Performance (+0.38)
ENG-00114,2024-07-01,No material driver detected,
ENG-00114,2024-08-01,Client feedback | Performance | Milestone delivery,Client feedback (+0.88) | Performance (+0.84) | Milestone delivery (+0.33)
ENG-00114,2024-09-01,Performance | Sentiment | Role profile,Performance (+1.18) | Sentiment (+0.97) | Role profile (+0.25)
ENG-00114,2024-10-01,Client feedback | Performance | Role profile,Client feedback (+2.26) | Performance (+1.69) | Role profile (+0.25)
ENG-00114,2024-11-01,No material driver detected,
ENG-00114,2024-12-01,No material driver detected,
ENG-00114,2025-01-01,Client feedback | Role profile | Performance,Client feedback (+2.39) | Role profile (+0.25) | Performance (+0.24)
ENG-00114,2025-02-01,No material driver detected,
ENG-00115,2025-02-01,Performance | Contract stage,Performance (+1.09) | Contract stage (+0.16)
ENG-00115,2025-03-01,Client feedback | Performance | Utilisation,Client feedback (+2.52) | Performance (+0.70) | Utilisation (+0.23)
ENG-00115,2025-04-01,No material driver detected,
ENG-00115,2025-05-01,Performance | Client feedback,Performance (+1.08) | Client feedback (+0.31)
ENG-00115,2025-06-01,No material driver detected,
ENG-00115,2025-07-01,Client feedback | Performance | Sentiment,Client feedback (+1.95) | Performance (+0.72) | Sentiment (+0.49)
ENG-00115,2025-08-01,No material driver detected,
ENG-00115,2025-09-01,Client feedback | Sentiment | Performance,Client feedback (+1.76) | Sentiment (+0.90) | Performance (+0.89)
ENG-00115,2025-10-01,No material driver detected,
ENG-00115,2025-11-01,No material driver detected,
ENG-00115,2025-12-01,No material driver detected,
ENG-00115,2026-01-01,Client feedback | Performance | Milestone delivery,Client feedback (+1.12) | Performance (+0.74) | Milestone delivery (+0.61)
ENG-00115,2026-02-01,No material driver detected,
ENG-00116,2025-12-01,No material driver detected,
ENG-00116,2026-01-01,No material driver detected,
ENG-00116,2026-02-01,No material driver detected,
ENG-00116,2026-03-01,No material driver detected,
ENG-00116,2026-04-01,No material driver detected,
ENG-00116,2026-05-01,No material driver detected,
ENG-00116,2026-06-01,No material driver detected,
ENG-00116,2026-07-01,No material driver detected,
ENG-00116,2026-08-01,No material driver detected,
ENG-00117,2026-07-01,Client feedback | Sentiment | Contract stage,Client feedback (+1.06) | Sentiment (+0.88) | Contract stage (+0.29)
ENG-00117,2026-08-01,Performance | Sentiment | Role profile,Performance (+1.88) | Sentiment (+1.31) | Role profile (+0.25)
ENG-00118,2025-07-01,Client feedback | Performance | Contract stage,Client feedback (+0.87) | Performance (+0.63) | Contract stage (+0.41)
ENG-00118,2025-08-01,Sentiment | Client feedback | Milestone delivery,Sentiment (+1.24) | Client feedback (+0.66) | Milestone delivery (+0.37)
ENG-00118,2025-09-01,Client feedback | Performance | Sentiment,Client feedback (+2.85) | Performance (+1.89) | Sentiment (+1.19)
ENG-00118,2025-10-01,Client feedback | Sentiment | Performance,Client feedback (+1.83) | Sentiment (+1.83) | Performance (+1.58)
ENG-00119,2025-08-01,Performance | Sentiment | Contract stage,Performance (+1.04) | Sentiment (+0.81) | Contract stage (+0.29)
ENG-00119,2025-09-01,No material driver detected,
ENG-00119,2025-10-01,Performance | Client feedback | Sentiment,Performance (+2.57) | Client feedback (+1.53) | Sentiment (+1.23)
ENG-00119,2025-11-01,Performance | Client feedback | Sentiment,Performance (+2.39) | Client feedback (+1.80) | Sentiment (+1.15)
ENG-00119,2025-12-01,Client feedback | Performance | Sentiment,Client feedback (+3.85) | Performance (+2.70) | Sentiment (+2.24)
ENG-00119,2026-01-01,Client feedback | Performance | Sentiment,Client feedback (+3.32) | Performance (+1.75) | Sentiment (+0.74)
ENG-00120,2024-09-01,No material driver detected,
ENG-00120,2024-10-01,No material driver detected,
ENG-00120,2024-11-01,No material driver detected,
ENG-00120,2024-12-01,No material driver detected,
ENG-00120,2025-01-01,No material driver detected,
ENG-00120,2025-02-01,No material driver detected,
ENG-00120,2025-03-01,No material driver detected,
ENG-00120,2025-04-01,No material driver detected,
ENG-00120,2025-05-01,No material driver detected,
ENG-00120,2025-06-01,No material driver detected,
ENG-00120,2025-07-01,No material driver detected,
ENG-00120,2025-08-01,No material driver detected,
ENG-00120,2025-09-01,No material driver detected,
ENG-00121,2025-02-01,No material driver detected,
ENG-00121,2025-03-01,No material driver detected,
ENG-00121,2025-04-01,Client feedback | Performance | Sentiment,Client feedback (+1.25) | Performance (+0.88) | Sentiment (+0.19)
ENG-00121,2025-05-01,No material driver detected,
ENG-00121,2025-06-01,No material driver detected,
ENG-00121,2025-07-01,No material driver detected,
ENG-00121,2025-08-01,No material driver detected,
ENG-00121,2025-09-01,No material driver detected,
ENG-00121,2025-10-01,No material driver detected,
ENG-00121,2025-11-01,No material driver detected,
ENG-00122,2025-07-01,No material driver detected,
ENG-00122,2025-08-01,No material driver detected,
ENG-00122,2025-09-01,No material driver detected,
ENG-00122,2025-10-01,No material driver detected,
ENG-00122,2025-11-01,Milestone delivery | Performance | Role profile,Milestone delivery (+0.71) | Performance (+0.62) | Role profile (+0.26)
ENG-00122,2025-12-01,No material driver detected,
ENG-00122,2026-01-01,No material driver detected,
ENG-00122,2026-02-01,No material driver detected,
ENG-00122,2026-03-01,No material driver detected,
ENG-00123,2025-06-01,Sentiment | Performance | Contract stage,Sentiment (+0.69) | Performance (+0.51) | Contract stage (+0.47)
ENG-00123,2025-07-01,No material driver detected,
ENG-00123,2025-08-01,Client feedback | Contract stage | Role profile,Client feedback (+0.40) | Contract stage (+0.32) | Role profile (+0.26)
ENG-00123,2025-09-01,Sentiment | Performance | Role profile,Sentiment (+1.11) | Performance (+0.79) | Role profile (+0.26)
ENG-00123,2025-10-01,No material driver detected,
ENG-00123,2025-11-01,Client feedback | Sentiment | Role profile,Client feedback (+1.70) | Sentiment (+0.94) | Role profile (+0.26)
ENG-00123,2025-12-01,No material driver detected,
ENG-00123,2026-01-01,No material driver detected,
ENG-00124,2025-06-01,No material driver detected,
ENG-00124,2025-07-01,No material driver detected,
ENG-00124,2025-08-01,Sentiment | Client feedback | Role profile,Sentiment (+0.61) | Client feedback (+0.55) | Role profile (+0.35)
ENG-00124,2025-09-01,No material driver detected,
ENG-00124,2025-10-01,No material driver detected,
ENG-00124,2025-11-01,No material driver detected,
ENG-00124,2025-12-01,No material driver detected,
ENG-00124,2026-01-01,No material driver detected,
ENG-00124,2026-02-01,Sentiment | Role profile | Client feedback,Sentiment (+1.25) | Role profile (+0.35) | Client feedback (+0.25)
ENG-00125,2026-07-01,No material driver detected,
ENG-00125,2026-08-01,Performance | Client feedback | Contract stage,Performance (+1.93) | Client feedback (+0.75) | Contract stage (+0.21)
ENG-00126,2025-04-01,Performance | Sentiment | Client feedback,Performance (+1.19) | Sentiment (+0.75) | Client feedback (+0.59)
ENG-00126,2025-05-01,Client feedback | Sentiment | Contract stage,Client feedback (+1.76) | Sentiment (+0.79) | Contract stage (+0.46)
ENG-00126,2025-06-01,Client feedback | Sentiment | Performance,Client feedback (+3.36) | Sentiment (+2.94) | Performance (+2.68)
ENG-00126,2025-07-01,Client feedback | Sentiment | Performance,Client feedback (+3.83) | Sentiment (+1.95) | Performance (+1.62)
ENG-00126,2025-08-01,Performance | Sentiment | Client feedback,Performance (+3.19) | Sentiment (+2.43) | Client feedback (+2.38)
ENG-00127,2024-10-01,No material driver detected,
ENG-00127,2024-11-01,No material driver detected,
ENG-00127,2024-12-01,No material driver detected,
ENG-00127,2025-01-01,No material driver detected,
ENG-00127,2025-02-01,No material driver detected,
ENG-00127,2025-03-01,No material driver detected,
ENG-00127,2025-04-01,No material driver detected,
ENG-00127,2025-05-01,No material driver detected,
ENG-00127,2025-06-01,No material driver detected,
ENG-00127,2025-07-01,No material driver detected,
ENG-00127,2025-08-01,No material driver detected,
ENG-00128,2025-11-01,No material driver detected,
ENG-00128,2025-12-01,No material driver detected,
ENG-00128,2026-01-01,No material driver detected,
ENG-00128,2026-02-01,No material driver detected,
ENG-00128,2026-03-01,No material driver detected,
ENG-00128,2026-04-01,No material driver detected,
ENG-00128,2026-05-01,Client feedback | Sentiment | Performance,Client feedback (+1.83) | Sentiment (+1.72) | Performance (+1.38)
ENG-00128,2026-06-01,No material driver detected,
ENG-00128,2026-07-01,Performance | Client feedback | Sentiment,Performance (+0.82) | Client feedback (+0.80) | Sentiment (+0.57)
ENG-00129,2026-07-01,No material driver detected,
ENG-00129,2026-08-01,No material driver detected,
ENG-00130,2024-06-01,No material driver detected,
ENG-00130,2024-07-01,No material driver detected,
ENG-00130,2024-08-01,No material driver detected,
ENG-00130,2024-09-01,No material driver detected,
ENG-00130,2024-10-01,Client feedback | Sentiment,Client feedback (+2.22) | Sentiment (+1.02)
ENG-00130,2024-11-01,No material driver detected,
ENG-00130,2024-12-01,No material driver detected,
ENG-00130,2025-01-01,Performance | Client feedback | Sentiment,Performance (+1.90) | Client feedback (+1.38) | Sentiment (+1.11)
ENG-00130,2025-02-01,No material driver detected,
ENG-00130,2025-03-01,No material driver detected,
ENG-00130,2025-04-01,Client feedback | Performance,Client feedback (+1.54) | Performance (+1.47)
ENG-00130,2025-05-01,Sentiment | Client feedback | Milestone delivery,Sentiment (+1.22) | Client feedback (+1.10) | Milestone delivery (+0.25)
ENG-00130,2025-06-01,No material driver detected,
ENG-00131,2025-02-01,No material driver detected,
ENG-00131,2025-03-01,No material driver detected,
ENG-00131,2025-04-01,No material driver detected,
ENG-00131,2025-05-01,No material driver detected,
ENG-00131,2025-06-01,No material driver detected,
ENG-00131,2025-07-01,No material driver detected,
ENG-00131,2025-08-01,No material driver detected,
ENG-00131,2025-09-01,No material driver detected,
ENG-00131,2025-10-01,No material driver detected,
ENG-00132,2024-12-01,No material driver detected,
ENG-00132,2025-01-01,Performance | Sentiment | Client feedback,Performance (+1.41) | Sentiment (+1.07) | Client feedback (+0.26)
ENG-00132,2025-02-01,No material driver detected,
ENG-00132,2025-03-01,No material driver detected,
ENG-00132,2025-04-01,No material driver detected,
ENG-00132,2025-05-01,No material driver detected,
ENG-00132,2025-06-01,No material driver detected,
ENG-00132,2025-07-01,No material driver detected,
ENG-00132,2025-08-01,No material driver detected,
ENG-00132,2025-09-01,No material driver detected,
ENG-00132,2025-10-01,No material driver detected,
ENG-00133,2025-12-01,No material driver detected,
ENG-00133,2026-01-01,Sentiment | Milestone delivery | Client feedback,Sentiment (+0.87) | Milestone delivery (+0.79) | Client feedback (+0.73)
ENG-00133,2026-02-01,No material driver detected,
ENG-00133,2026-03-01,No material driver detected,
ENG-00133,2026-04-01,Client feedback | Utilisation,Client feedback (+2.88) | Utilisation (+0.29)
ENG-00133,2026-05-01,Performance | Sentiment | Utilisation,Performance (+1.62) | Sentiment (+0.69) | Utilisation (+0.30)
ENG-00133,2026-06-01,No material driver detected,
ENG-00133,2026-07-01,No material driver detected,
ENG-00133,2026-08-01,No material driver detected,
ENG-00134,2025-09-01,No material driver detected,
ENG-00134,2025-10-01,Client feedback | Role profile | Performance,Client feedback (+1.50) | Role profile (+0.26) | Performance (+0.24)
ENG-00134,2025-11-01,No material driver detected,
ENG-00134,2025-12-01,No material driver detected,
ENG-00134,2026-01-01,No material driver detected,
ENG-00134,2026-02-01,No material driver detected,
ENG-00134,2026-03-01,No material driver detected,
ENG-00134,2026-04-01,No material driver detected,
ENG-00134,2026-05-01,No material driver detected,
ENG-00134,2026-06-01,No material driver detected,
ENG-00134,2026-07-01,No material driver detected,
ENG-00134,2026-08-01,No material driver detected,
ENG-00135,2024-04-01,No material driver detected,
ENG-00135,2024-05-01,Performance | Client feedback | Contract stage,Performance (+1.35) | Client feedback (+0.69) | Contract stage (+0.33)
ENG-00135,2024-06-01,Client feedback | Performance | Role profile,Client feedback (+1.92) | Performance (+1.10) | Role profile (+0.26)
ENG-00135,2024-07-01,Client feedback | Sentiment | Performance,Client feedback (+1.79) | Sentiment (+1.50) | Performance (+0.44)
ENG-00136,2024-05-01,No material driver detected,
ENG-00136,2024-06-01,Client feedback | Performance | Sentiment,Client feedback (+0.59) | Performance (+0.45) | Sentiment (+0.44)
ENG-00136,2024-07-01,Sentiment | Client feedback | Milestone delivery,Sentiment (+1.20) | Client feedback (+1.05) | Milestone delivery (+0.50)
ENG-00136,2024-08-01,Client feedback | Performance | Sentiment,Client feedback (+2.48) | Performance (+2.24) | Sentiment (+0.86)
ENG-00136,2024-09-01,Client feedback | Performance | Sentiment,Client feedback (+1.75) | Performance (+1.54) | Sentiment (+0.70)
ENG-00136,2024-10-01,Client feedback | Performance | Sentiment,Client feedback (+4.25) | Performance (+3.55) | Sentiment (+2.60)
ENG-00137,2026-07-01,Sentiment | Performance | Client feedback,Sentiment (+0.59) | Performance (+0.56) | Client feedback (+0.55)
ENG-00137,2026-08-01,Client feedback | Contract stage | Sentiment,Client feedback (+0.74) | Contract stage (+0.46) | Sentiment (+0.38)
ENG-00138,2024-06-01,No material driver detected,
ENG-00138,2024-07-01,No material driver detected,
ENG-00138,2024-08-01,No material driver detected,
ENG-00138,2024-09-01,No material driver detected,
ENG-00138,2024-10-01,No material driver detected,
ENG-00138,2024-11-01,No material driver detected,
ENG-00138,2024-12-01,No material driver detected,
ENG-00138,2025-01-01,No material driver detected,
ENG-00138,2025-02-01,No material driver detected,
ENG-00138,2025-03-01,No material driver detected,
ENG-00138,2025-04-01,No material driver detected,
ENG-00138,2025-05-01,No material driver detected,
ENG-00138,2025-06-01,No material driver detected,
ENG-00139,2025-03-01,No material driver detected,
ENG-00139,2025-04-01,No material driver detected,
ENG-00139,2025-05-01,No material driver detected,
ENG-00139,2025-06-01,No material driver detected,
ENG-00139,2025-07-01,No material driver detected,
ENG-00139,2025-08-01,No material driver detected,
ENG-00139,2025-09-01,No material driver detected,
ENG-00140,2025-07-01,No material driver detected,
ENG-00140,2025-08-01,No material driver detected,
ENG-00140,2025-09-01,No material driver detected,
ENG-00140,2025-10-01,Sentiment | Performance | Client feedback,Sentiment (+0.78) | Performance (+0.58) | Client feedback (+0.30)
ENG-00140,2025-11-01,No material driver detected,
ENG-00140,2025-12-01,No material driver detected,
ENG-00140,2026-01-01,No material driver detected,
ENG-00141,2026-06-01,No material driver detected,
ENG-00141,2026-07-01,No material driver detected,
ENG-00141,2026-08-01,Client feedback | Sentiment | Milestone delivery,Client feedback (+1.92) | Sentiment (+1.50) | Milestone delivery (+0.30)
ENG-00142,2025-07-01,Contract stage | Sentiment | Performance,Contract stage (+0.54) | Sentiment (+0.32) | Performance (+0.31)
ENG-00142,2025-08-01,Performance | Contract stage | Client feedback,Performance (+3.01) | Contract stage (+0.46) | Client feedback (+0.38)
ENG-00142,2025-09-01,Performance | Client feedback | Sentiment,Performance (+2.18) | Client feedback (+1.80) | Sentiment (+1.74)
ENG-00142,2025-10-01,Client feedback | Performance | Sentiment,Client feedback (+2.53) | Performance (+1.75) | Sentiment (+1.60)
ENG-00143,2025-08-01,No material driver detected,
ENG-00143,2025-09-01,No material driver detected,
ENG-00143,2025-10-01,No material driver detected,
ENG-00143,2025-11-01,No material driver detected,
ENG-00143,2025-12-01,No material driver detected,
ENG-00143,2026-01-01,No material driver detected,
ENG-00143,2026-02-01,No material driver detected,
ENG-00143,2026-03-01,No material driver detected,
ENG-00143,2026-04-01,No material driver detected,
ENG-00144,2026-04-01,No material driver detected,
ENG-00144,2026-05-01,No material driver detected,
ENG-00144,2026-06-01,No material driver detected,
ENG-00144,2026-07-01,No material driver detected,
ENG-00144,2026-08-01,No material driver detected,
ENG-00145,2026-01-01,No material driver detected,
ENG-00145,2026-02-01,No material driver detected,
ENG-00145,2026-03-01,No material driver detected,
ENG-00145,2026-04-01,Sentiment | Performance | Role profile,Sentiment (+0.76) | Performance (+0.48) | Role profile (+0.35)
ENG-00145,2026-05-01,No material driver detected,
ENG-00145,2026-06-01,No material driver detected,
ENG-00145,2026-07-01,No material driver detected,
ENG-00145,2026-08-01,No material driver detected,
ENG-00146,2025-06-01,No material driver detected,
ENG-00146,2025-07-01,No material driver detected,
ENG-00146,2025-08-01,No material driver detected,
ENG-00146,2025-09-01,No material driver detected,
ENG-00146,2025-10-01,No material driver detected,
ENG-00146,2025-11-01,No material driver detected,
ENG-00146,2025-12-01,No material driver detected,
ENG-00146,2026-01-01,No material driver detected,
ENG-00147,2025-11-01,Sentiment | Performance | Client feedback,Sentiment (+1.05) | Performance (+0.97) | Client feedback (+0.71)
ENG-00147,2025-12-01,Client feedback | Performance | Sentiment,Client feedback (+2.13) | Performance (+1.28) | Sentiment (+1.15)
ENG-00147,2026-01-01,Sentiment | Performance | Contract stage,Sentiment (+1.33) | Performance (+0.91) | Contract stage (+0.32)
ENG-00147,2026-02-01,Client feedback | Performance | Sentiment,Client feedback (+2.24) | Performance (+1.93) | Sentiment (+0.82)
ENG-00147,2026-03-01,Performance | Sentiment | Milestone delivery,Performance (+1.17) | Sentiment (+1.02) | Milestone delivery (+0.41)
ENG-00147,2026-04-01,Client feedback | Sentiment | Milestone delivery,Client feedback (+2.97) | Sentiment (+0.92) | Milestone delivery (+0.43)
ENG-00147,2026-05-01,Performance | Sentiment | Milestone delivery,Performance (+3.13) | Sentiment (+1.72) | Milestone delivery (+0.39)
ENG-00147,2026-06-01,Performance | Sentiment | Client feedback,Performance (+1.16) | Sentiment (+0.93) | Client feedback (+0.32)
ENG-00148,2024-08-01,Sentiment | Performance | Contract stage,Sentiment (+0.82) | Performance (+0.67) | Contract stage (+0.47)
ENG-00148,2024-09-01,Sentiment | Milestone delivery | Contract stage,Sentiment (+0.54) | Milestone delivery (+0.46) | Contract stage (+0.39)
ENG-00148,2024-10-01,Client feedback | Sentiment | Performance,Client feedback (+2.59) | Sentiment (+0.93) | Performance (+0.81)
ENG-00148,2024-11-01,No material driver detected,
ENG-00148,2024-12-01,No material driver detected,
ENG-00148,2025-01-01,Client feedback | Performance,Client feedback (+1.83) | Performance (+1.35)
ENG-00148,2025-02-01,Sentiment | Client feedback | Performance,Sentiment (+0.88) | Client feedback (+0.68) | Performance (+0.63)
ENG-00148,2025-03-01,Client feedback | Performance | Sentiment,Client feedback (+1.83) | Performance (+0.56) | Sentiment (+0.50)
ENG-00149,2024-08-01,No material driver detected,
ENG-00149,2024-09-01,No material driver detected,
ENG-00149,2024-10-01,No material driver detected,
ENG-00149,2024-11-01,No material driver detected,
ENG-00149,2024-12-01,No material driver detected,
ENG-00149,2025-01-01,No material driver detected,
ENG-00149,2025-02-01,No material driver detected,
ENG-00149,2025-03-01,No material driver detected,
ENG-00149,2025-04-01,No material driver detected,
ENG-00149,2025-05-01,No material driver detected,
ENG-00149,2025-06-01,No material driver detected,
ENG-00149,2025-07-01,No material driver detected,
ENG-00149,2025-08-01,No material driver detected,
ENG-00150,2025-07-01,No material driver detected,
ENG-00150,2025-08-01,Client feedback | Sentiment | Contract stage,Client feedback (+1.93) | Sentiment (+0.52) | Contract stage (+0.33)
ENG-00150,2025-09-01,No material driver detected,
ENG-00150,2025-10-01,No material driver detected,
ENG-00150,2025-11-01,No material driver detected,
ENG-00150,2025-12-01,No material driver detected,
ENG-00150,2026-01-01,No material driver detected,
ENG-00150,2026-02-01,No material driver detected,
ENG-00150,2026-03-01,No material driver detected,
ENG-00151,2026-08-01,No material driver detected,
ENG-00151,2026-09-01,Performance | Client feedback | Milestone delivery,Performance (+2.99) | Client feedback (+1.17) | Milestone delivery (+0.46)
ENG-00151,2026-10-01,Client feedback | Sentiment | Performance,Client feedback (+2.44) | Sentiment (+1.06) | Performance (+0.53)
ENG-00151,2026-11-01,Client feedback | Sentiment | Performance,Client feedback (+4.02) | Sentiment (+2.63) | Performance (+2.10)
ENG-00152,2025-09-01,No material driver detected,
ENG-00152,2025-10-01,No material driver detected,
ENG-00152,2025-11-01,No material driver detected,
ENG-00152,2025-12-01,Sentiment | Client feedback,Sentiment (+1.63) | Client feedback (+0.91)
ENG-00152,2026-01-01,No material driver detected,
ENG-00152,2026-02-01,Performance | Client feedback | Sentiment,Performance (+1.54) | Client feedback (+1.08) | Sentiment (+0.43)
ENG-00152,2026-03-01,No material driver detected,
ENG-00152,2026-04-01,No material driver detected,
ENG-00152,2026-05-01,No material driver detected,
ENG-00152,2026-06-01,No material driver detected,
ENG-00152,2026-07-01,No material driver detected,
ENG-00152,2026-08-01,Sentiment | Performance | Milestone delivery,Sentiment (+1.03) | Performance (+0.60) | Milestone delivery (+0.34)
ENG-00153,2025-10-01,No material driver detected,
ENG-00153,2025-11-01,No material driver detected,
ENG-00153,2025-12-01,No material driver detected,
ENG-00153,2026-01-01,No material driver detected,
ENG-00153,2026-02-01,Performance | Sentiment | Milestone delivery,Performance (+1.65) | Sentiment (+0.76) | Milestone delivery (+0.49)
ENG-00153,2026-03-01,Client feedback | Sentiment | Performance,Client feedback (+1.93) | Sentiment (+1.00) | Performance (+0.74)
ENG-00153,2026-04-01,Performance | Client feedback | Sentiment,Performance (+2.11) | Client feedback (+1.64) | Sentiment (+1.61)
ENG-00153,2026-05-01,Performance | Sentiment | Client feedback,Performance (+3.15) | Sentiment (+2.42) | Client feedback (+2.33)
ENG-00154,2026-06-01,Performance | Sentiment | Client feedback,Performance (+1.28) | Sentiment (+0.60) | Client feedback (+0.51)
ENG-00154,2026-07-01,Client feedback | Sentiment | Performance,Client feedback (+2.81) | Sentiment (+2.21) | Performance (+2.13)
ENG-00154,2026-08-01,Client feedback | Sentiment | Performance,Client feedback (+2.78) | Sentiment (+1.01) | Performance (+0.96)
ENG-00154,2026-09-01,Performance | Client feedback | Sentiment,Performance (+3.17) | Client feedback (+2.98) | Sentiment (+2.89)
ENG-00154,2026-10-01,Client feedback | Performance | Sentiment,Client feedback (+3.44) | Performance (+2.97) | Sentiment (+2.85)
ENG-00155,2024-02-01,No material driver detected,
ENG-00155,2024-03-01,No material driver detected,
ENG-00155,2024-04-01,No material driver detected,
ENG-00155,2024-05-01,No material driver detected,
ENG-00155,2024-06-01,No material driver detected,
ENG-00155,2024-07-01,No material driver detected,
ENG-00155,2024-08-01,No material driver detected,
ENG-00155,2024-09-01,No material driver detected,
ENG-00155,2024-10-01,No material driver detected,
ENG-00155,2024-11-01,No material driver detected,
ENG-00156,2024-10-01,No material driver detected,
ENG-00156,2024-11-01,Sentiment | Client feedback | Performance,Sentiment (+2.06) | Client feedback (+1.14) | Performance (+0.74)
ENG-00156,2024-12-01,Client feedback | Sentiment | Milestone delivery,Client feedback (+1.82) | Sentiment (+0.74) | Milestone delivery (+0.50)
ENG-00156,2025-01-01,Performance | Client feedback | Sentiment,Performance (+3.77) | Client feedback (+2.57) | Sentiment (+1.77)
ENG-00157,2024-02-01,No material driver detected,
ENG-00157,2024-03-01,No material driver detected,
ENG-00157,2024-04-01,Client feedback | Sentiment | Contract stage,Client feedback (+1.03) | Sentiment (+0.56) | Contract stage (+0.38)
ENG-00157,2024-05-01,No material driver detected,
ENG-00157,2024-06-01,No material driver detected,
ENG-00157,2024-07-01,No material driver detected,
ENG-00157,2024-08-01,No material driver detected,
ENG-00158,2026-06-01,No material driver detected,
ENG-00158,2026-07-01,Client feedback | Sentiment | Performance,Client feedback (+1.65) | Sentiment (+1.54) | Performance (+1.36)
ENG-00158,2026-08-01,Performance | Client feedback | Sentiment,Performance (+3.17) | Client feedback (+3.11) | Sentiment (+0.66)
ENG-00158,2026-09-01,Client feedback | Performance | Sentiment,Client feedback (+3.78) | Performance (+2.37) | Sentiment (+2.22)
ENG-00159,2025-07-01,No material driver detected,
ENG-00159,2025-08-01,No material driver detected,
ENG-00159,2025-09-01,No material driver detected,
ENG-00159,2025-10-01,No material driver detected,
ENG-00159,2025-11-01,No material driver detected,
ENG-00159,2025-12-01,No material driver detected,
ENG-00159,2026-01-01,No material driver detected,
ENG-00160,2025-05-01,No material driver detected,
ENG-00160,2025-06-01,Sentiment | Performance | Role profile,Sentiment (+1.26) | Performance (+0.29) | Role profile (+0.26)
ENG-00160,2025-07-01,No material driver detected,
ENG-00160,2025-08-01,No material driver detected,
ENG-00160,2025-09-01,No material driver detected,
ENG-00160,2025-10-01,No material driver detected,
ENG-00160,2025-11-01,No material driver detected,
ENG-00160,2025-12-01,No material driver detected,
ENG-00160,2026-01-01,No material driver detected,
ENG-00160,2026-02-01,No material driver detected,
ENG-00160,2026-03-01,No material driver detected,
ENG-00160,2026-04-01,No material driver detected,
ENG-00161,2024-02-01,No material driver detected,
ENG-00161,2024-03-01,No material driver detected,
ENG-00161,2024-04-01,No material driver detected,
ENG-00161,2024-05-01,No material driver detected,
ENG-00161,2024-06-01,No material driver detected,
ENG-00161,2024-07-01,No material driver detected,
ENG-00161,2024-08-01,No material driver detected,
ENG-00161,2024-09-01,No material driver detected,
ENG-00161,2024-10-01,Client feedback | Sentiment | Role profile,Client feedback (+1.43) | Sentiment (+0.43) | Role profile (+0.35)
ENG-00161,2024-11-01,Performance | Milestone delivery | Sentiment,Performance (+1.89) | Milestone delivery (+0.52) | Sentiment (+0.44)
ENG-00161,2024-12-01,Client feedback | Performance | Sentiment,Client feedback (+2.16) | Performance (+1.33) | Sentiment (+1.00)
ENG-00162,2026-04-01,No material driver detected,
ENG-00162,2026-05-01,No material driver detected,
ENG-00162,2026-06-01,Performance | Client feedback | Role profile,Performance (+2.40) | Client feedback (+1.57) | Role profile (+0.26)
ENG-00162,2026-07-01,Client feedback | Performance | Sentiment,Client feedback (+1.48) | Performance (+1.47) | Sentiment (+1.36)
ENG-00162,2026-08-01,Sentiment | Client feedback | Performance,Sentiment (+1.74) | Client feedback (+1.56) | Performance (+1.38)
ENG-00163,2026-03-01,No material driver detected,
ENG-00163,2026-04-01,No material driver detected,
ENG-00163,2026-05-01,No material driver detected,
ENG-00163,2026-06-01,No material driver detected,
ENG-00163,2026-07-01,No material driver detected,
ENG-00163,2026-08-01,No material driver detected,
ENG-00164,2024-08-01,No material driver detected,
ENG-00164,2024-09-01,Sentiment | Client feedback | Performance,Sentiment (+1.58) | Client feedback (+1.44) | Performance (+1.22)
ENG-00164,2024-10-01,Performance | Client feedback | Sentiment,Performance (+1.90) | Client feedback (+1.38) | Sentiment (+0.64)
ENG-00164,2024-11-01,Client feedback | Performance | Sentiment,Client feedback (+4.34) | Performance (+2.76) | Sentiment (+2.74)
ENG-00164,2024-12-01,Client feedback | Performance | Sentiment,Client feedback (+2.81) | Performance (+2.21) | Sentiment (+1.24)
ENG-00164,2025-01-01,Client feedback | Sentiment | Performance,Client feedback (+3.68) | Sentiment (+3.10) | Performance (+3.05)
ENG-00165,2024-06-01,No material driver detected,
ENG-00165,2024-07-01,No material driver detected,
ENG-00165,2024-08-01,No material driver detected,
ENG-00165,2024-09-01,No material driver detected,
ENG-00165,2024-10-01,No material driver detected,
ENG-00165,2024-11-01,No material driver detected,
ENG-00165,2024-12-01,No material driver detected,
ENG-00165,2025-01-01,No material driver detected,
ENG-00165,2025-02-01,No material driver detected,
ENG-00166,2024-10-01,Performance | Sentiment | Client feedback,Performance (+0.72) | Sentiment (+0.61) | Client feedback (+0.53)
ENG-00166,2024-11-01,No material driver detected,
ENG-00166,2024-12-01,Sentiment | Client feedback | Performance,Sentiment (+2.53) | Client feedback (+1.43) | Performance (+1.24)
ENG-00166,2025-01-01,Client feedback | Performance | Contract stage,Client feedback (+3.73) | Performance (+2.22) | Contract stage (+0.24)
ENG-00166,2025-02-01,Sentiment | Performance | Client feedback,Sentiment (+3.00) | Performance (+2.29) | Client feedback (+1.14)
ENG-00166,2025-03-01,Client feedback | Performance | Sentiment,Client feedback (+4.51) | Performance (+2.99) | Sentiment (+2.41)
ENG-00167,2024-04-01,No material driver detected,
ENG-00167,2024-05-01,Client feedback | Performance | Sentiment,Client feedback (+2.39) | Performance (+1.41) | Sentiment (+1.02)
ENG-00167,2024-06-01,Client feedback | Performance | Sentiment,Client feedback (+2.74) | Performance (+1.29) | Sentiment (+0.50)
ENG-00167,2024-07-01,Performance | Sentiment | Client feedback,Performance (+2.69) | Sentiment (+2.20) | Client feedback (+1.81)
ENG-00168,2025-11-01,No material driver detected,
ENG-00168,2025-12-01,No material driver detected,
ENG-00168,2026-01-01,No material driver detected,
ENG-00168,2026-02-01,No material driver detected,
ENG-00168,2026-03-01,No material driver detected,
ENG-00168,2026-04-01,No material driver detected,
ENG-00168,2026-05-01,No material driver detected,
ENG-00168,2026-06-01,No material driver detected,
ENG-00168,2026-07-01,No material driver detected,
ENG-00169,2026-08-01,Performance | Contract stage | Sentiment,Performance (+0.72) | Contract stage (+0.47) | Sentiment (+0.25)
ENG-00170,2026-08-01,No material driver detected,
ENG-00171,2026-08-01,No material driver detected,
ENG-00172,2025-11-01,No material driver detected,
ENG-00172,2025-12-01,No material driver detected,
ENG-00172,2026-01-01,Performance | Client feedback | Role profile,Performance (+2.76) | Client feedback (+0.61) | Role profile (+0.25)
ENG-00172,2026-02-01,No material driver detected,
ENG-00172,2026-03-01,No material driver detected,
ENG-00172,2026-04-01,No material driver detected,
ENG-00172,2026-05-01,No material driver detected,
ENG-00172,2026-06-01,No material driver detected,
ENG-00172,2026-07-01,Client feedback | Performance | Role profile,Client feedback (+1.74) | Performance (+0.97) | Role profile (+0.25)
ENG-00172,2026-08-01,Client feedback | Sentiment | Milestone delivery,Client feedback (+1.77) | Sentiment (+1.69) | Milestone delivery (+0.35)
ENG-00172,2026-09-01,Performance | Sentiment | Client feedback,Performance (+1.45) | Sentiment (+1.31) | Client feedback (+0.63)
ENG-00173,2025-07-01,No material driver detected,
ENG-00173,2025-08-01,No material driver detected,
ENG-00173,2025-09-01,No material driver detected,
ENG-00173,2025-10-01,No material driver detected,
ENG-00173,2025-11-01,No material driver detected,
ENG-00173,2025-12-01,No material driver detected,
ENG-00173,2026-01-01,No material driver detected,
ENG-00173,2026-02-01,No material driver detected,
ENG-00173,2026-03-01,No material driver detected,
ENG-00174,2025-05-01,No material driver detected,
ENG-00174,2025-06-01,No material driver detected,
ENG-00174,2025-07-01,No material driver detected,
ENG-00174,2025-08-01,No material driver detected,
ENG-00174,2025-09-01,No material driver detected,
ENG-00174,2025-10-01,No material driver detected,
ENG-00174,2025-11-01,No material driver detected,
ENG-00174,2025-12-01,No material driver detected,
ENG-00174,2026-01-01,No material driver detected,
ENG-00174,2026-02-01,No material driver detected,
ENG-00174,2026-03-01,No material driver detected,
ENG-00174,2026-04-01,No material driver detected,
ENG-00175,2026-08-01,Performance | Client feedback | Contract stage,Performance (+0.83) | Client feedback (+0.39) | Contract stage (+0.35)
ENG-00175,2026-09-01,Client feedback | Sentiment | Milestone delivery,Client feedback (+3.61) | Sentiment (+1.74) | Milestone delivery (+0.56)
ENG-00175,2026-10-01,Sentiment | Performance | Client feedback,Sentiment (+3.47) | Performance (+3.42) | Client feedback (+2.19)
ENG-00175,2026-11-01,Client feedback | Performance | Sentiment,Client feedback (+4.10) | Performance (+3.79) | Sentiment (+1.82)
ENG-00176,2024-08-01,No material driver detected,
ENG-00176,2024-09-01,No material driver detected,
ENG-00176,2024-10-01,Performance | Client feedback | Sentiment,Performance (+2.30) | Client feedback (+1.39) | Sentiment (+1.30)
ENG-00176,2024-11-01,Client feedback | Performance | Milestone delivery,Client feedback (+1.80) | Performance (+1.40) | Milestone delivery (+0.65)
ENG-00176,2024-12-01,Client feedback | Sentiment | Performance,Client feedback (+3.61) | Sentiment (+1.37) | Performance (+1.29)
ENG-00177,2025-08-01,No material driver detected,
ENG-00177,2025-09-01,No material driver detected,
ENG-00177,2025-10-01,No material driver detected,
ENG-00177,2025-11-01,No material driver detected,
ENG-00177,2025-12-01,No material driver detected,
ENG-00177,2026-01-01,No material driver detected,
ENG-00177,2026-02-01,No material driver detected,
ENG-00177,2026-03-01,No material driver detected,
ENG-00177,2026-04-01,No material driver detected,
ENG-00177,2026-05-01,No material driver detected,
ENG-00177,2026-06-01,No material driver detected,
ENG-00177,2026-07-01,No material driver detected,
ENG-00177,2026-08-01,No material driver detected,
ENG-00178,2025-12-01,No material driver detected,
ENG-00178,2026-01-01,No material driver detected,
ENG-00178,2026-02-01,No material driver detected,
ENG-00178,2026-03-01,No material driver detected,
ENG-00178,2026-04-01,No material driver detected,
ENG-00178,2026-05-01,Client feedback | Sentiment | Performance,Client feedback (+1.98) | Sentiment (+0.63) | Performance (+0.30)
ENG-00178,2026-06-01,No material driver detected,
ENG-00178,2026-07-01,No material driver detected,
ENG-00178,2026-08-01,No material driver detected,
ENG-00179,2026-05-01,No material driver detected,
ENG-00179,2026-06-01,No material driver detected,
ENG-00179,2026-07-01,No material driver detected,
ENG-00179,2026-08-01,No material driver detected,
ENG-00180,2024-12-01,No material driver detected,
ENG-00180,2025-01-01,No material driver detected,
ENG-00180,2025-02-01,No material driver detected,
ENG-00180,2025-03-01,No material driver detected,
ENG-00180,2025-04-01,No material driver detected,
ENG-00180,2025-05-01,No material driver detected,
ENG-00180,2025-06-01,No material driver detected,
ENG-00180,2025-07-01,No material driver detected,
ENG-00181,2025-05-01,Client feedback | Performance | Sentiment,Client feedback (+0.51) | Performance (+0.51) | Sentiment (+0.37)
ENG-00181,2025-06-01,No material driver detected,
ENG-00181,2025-07-01,Milestone delivery | Performance | Client feedback,Milestone delivery (+0.83) | Performance (+0.66) | Client feedback (+0.52)
ENG-00181,2025-08-01,Sentiment | Role profile | Client feedback,Sentiment (+1.57) | Role profile (+0.25) | Client feedback (+0.22)
ENG-00181,2025-09-01,No material driver detected,
ENG-00181,2025-10-01,Client feedback | Performance | Sentiment,Client feedback (+1.59) | Performance (+1.19) | Sentiment (+0.35)
ENG-00181,2025-11-01,No material driver detected,
ENG-00181,2025-12-01,Client feedback | Performance | Milestone delivery,Client feedback (+0.87) | Performance (+0.32) | Milestone delivery (+0.26)
ENG-00181,2026-01-01,No material driver detected,
ENG-00181,2026-02-01,Performance | Milestone delivery | Client feedback,Performance (+1.31) | Milestone delivery (+0.72) | Client feedback (+0.32)
ENG-00182,2026-05-01,No material driver detected,
ENG-00182,2026-06-01,No material driver detected,
ENG-00182,2026-07-01,No material driver detected,
ENG-00182,2026-08-01,No material driver detected,
ENG-00183,2024-01-01,No material driver detected,
ENG-00183,2024-02-01,Performance | Client feedback | Contract stage,Performance (+0.81) | Client feedback (+0.79) | Contract stage (+0.46)
ENG-00183,2024-03-01,Client feedback | Sentiment | Performance,Client feedback (+3.03) | Sentiment (+2.43) | Performance (+1.98)
ENG-00183,2024-04-01,Client feedback | Performance | Sentiment,Client feedback (+2.72) | Performance (+2.35) | Sentiment (+1.45)
ENG-00184,2025-05-01,No material driver detected,
ENG-00184,2025-06-01,No material driver detected,
ENG-00184,2025-07-01,No material driver detected,
ENG-00184,2025-08-01,Client feedback | Performance | Utilisation,Client feedback (+2.49) | Performance (+1.55) | Utilisation (+0.34)
ENG-00184,2025-09-01,Client feedback | Performance | Milestone delivery,Client feedback (+2.48) | Performance (+1.43) | Milestone delivery (+0.58)
ENG-00184,2025-10-01,Performance | Client feedback | Sentiment,Performance (+3.31) | Client feedback (+2.26) | Sentiment (+1.98)
ENG-00185,2025-11-01,No material driver detected,
ENG-00185,2025-12-01,No material driver detected,
ENG-00185,2026-01-01,No material driver detected,
ENG-00185,2026-02-01,No material driver detected,
ENG-00185,2026-03-01,No material driver detected,
ENG-00185,2026-04-01,No material driver detected,
ENG-00185,2026-05-01,No material driver detected,
ENG-00185,2026-06-01,No material driver detected,
ENG-00185,2026-07-01,No material driver detected,
ENG-00185,2026-08-01,No material driver detected,
ENG-00186,2025-02-01,No material driver detected,
ENG-00186,2025-03-01,No material driver detected,
ENG-00186,2025-04-01,No material driver detected,
ENG-00186,2025-05-01,Client feedback | Sentiment | Performance,Client feedback (+0.89) | Sentiment (+0.35) | Performance (+0.27)
ENG-00186,2025-06-01,Client feedback | Milestone delivery | Role profile,Client feedback (+1.81) | Milestone delivery (+0.49) | Role profile (+0.25)
ENG-00186,2025-07-01,Performance | Sentiment | Client feedback,Performance (+2.00) | Sentiment (+1.99) | Client feedback (+1.57)
ENG-00186,2025-08-01,Client feedback | Performance | Sentiment,Client feedback (+2.94) | Performance (+2.38) | Sentiment (+1.72)
ENG-00187,2024-06-01,No material driver detected,
ENG-00187,2024-07-01,No material driver detected,
ENG-00187,2024-08-01,No material driver detected,
ENG-00187,2024-09-01,No material driver detected,
ENG-00187,2024-10-01,Performance | Client feedback | Sentiment,Performance (+2.96) | Client feedback (+2.49) | Sentiment (+0.49)
ENG-00187,2024-11-01,Client feedback | Sentiment | Utilisation,Client feedback (+0.85) | Sentiment (+0.58) | Utilisation (+0.18)
ENG-00187,2024-12-01,Client feedback | Performance | Sentiment,Client feedback (+1.35) | Performance (+1.34) | Sentiment (+0.35)
ENG-00187,2025-01-01,Client feedback | Performance | Sentiment,Client feedback (+3.13) | Performance (+1.99) | Sentiment (+0.50)
ENG-00188,2024-05-01,No material driver detected,
ENG-00188,2024-06-01,No material driver detected,
ENG-00188,2024-07-01,No material driver detected,
ENG-00188,2024-08-01,No material driver detected,
ENG-00188,2024-09-01,No material driver detected,
ENG-00188,2024-10-01,No material driver detected,
ENG-00188,2024-11-01,No material driver detected,
ENG-00188,2024-12-01,No material driver detected,
ENG-00188,2025-01-01,No material driver detected,
ENG-00188,2025-02-01,No material driver detected,
ENG-00189,2025-02-01,No material driver detected,
ENG-00189,2025-03-01,Sentiment | Client feedback | Role profile,Sentiment (+1.14) | Client feedback (+0.92) | Role profile (+0.35)
ENG-00189,2025-04-01,No material driver detected,
ENG-00189,2025-05-01,Client feedback | Performance | Role profile,Client feedback (+1.19) | Performance (+0.99) | Role profile (+0.35)
ENG-00189,2025-06-01,Client feedback | Performance | Sentiment,Client feedback (+1.93) | Performance (+1.63) | Sentiment (+1.20)
ENG-00190,2024-07-01,No material driver detected,
ENG-00190,2024-08-01,No material driver detected,
ENG-00190,2024-09-01,No material driver detected,
ENG-00190,2024-10-01,No material driver detected,
ENG-00190,2024-11-01,No material driver detected,
ENG-00190,2024-12-01,No material driver detected,
ENG-00190,2025-01-01,No material driver detected,
ENG-00190,2025-02-01,No material driver detected,
ENG-00191,2026-07-01,No material driver detected,
ENG-00191,2026-08-01,No material driver detected,
ENG-00192,2024-07-01,No material driver detected,
ENG-00192,2024-08-01,No material driver detected,
ENG-00192,2024-09-01,No material driver detected,
ENG-00192,2024-10-01,No material driver detected,
ENG-00192,2024-11-01,No material driver detected,
ENG-00192,2024-12-01,No material driver detected,
ENG-00192,2025-01-01,No material driver detected,
ENG-00193,2024-05-01,Performance | Client feedback | Contract stage,Performance (+0.75) | Client feedback (+0.75) | Contract stage (+0.54)
ENG-00193,2024-06-01,Performance | Client feedback | Sentiment,Performance (+1.14) | Client feedback (+0.84) | Sentiment (+0.68)
ENG-00193,2024-07-01,Client feedback | Performance | Sentiment,Client feedback (+3.26) | Performance (+2.14) | Sentiment (+0.76)
ENG-00193,2024-08-01,Client feedback | Sentiment | Performance,Client feedback (+3.23) | Sentiment (+2.02) | Performance (+1.46)
ENG-00194,2024-04-01,No material driver detected,
ENG-00194,2024-05-01,Client feedback | Performance | Milestone delivery,Client feedback (+2.62) | Performance (+1.26) | Milestone delivery (+0.38)
ENG-00194,2024-06-01,Performance | Sentiment | Client feedback,Performance (+3.84) | Sentiment (+2.64) | Client feedback (+0.84)
ENG-00194,2024-07-01,Client feedback | Performance | Sentiment,Client feedback (+2.33) | Performance (+1.66) | Sentiment (+0.81)
ENG-00195,2024-05-01,No material driver detected,
ENG-00195,2024-06-01,No material driver detected,
ENG-00195,2024-07-01,No material driver detected,
ENG-00195,2024-08-01,No material driver detected,
ENG-00195,2024-09-01,No material driver detected,
ENG-00195,2024-10-01,No material driver detected,
ENG-00195,2024-11-01,No material driver detected,
ENG-00195,2024-12-01,No material driver detected,
ENG-00195,2025-01-01,No material driver detected,
ENG-00195,2025-02-01,No material driver detected,
ENG-00195,2025-03-01,No material driver detected,
ENG-00195,2025-04-01,No material driver detected,
ENG-00195,2025-05-01,No material driver detected,
ENG-00196,2024-02-01,No material driver detected,
ENG-00196,2024-03-01,No material driver detected,
ENG-00196,2024-04-01,Client feedback | Sentiment | Performance,Client feedback (+1.08) | Sentiment (+0.87) | Performance (+0.62)
ENG-00196,2024-05-01,Client feedback | Performance | Sentiment,Client feedback (+2.03) | Performance (+0.85) | Sentiment (+0.49)
ENG-00196,2024-06-01,Performance | Sentiment | Client feedback,Performance (+1.35) | Sentiment (+1.11) | Client feedback (+1.09)
ENG-00197,2026-04-01,No material driver detected,
ENG-00197,2026-05-01,No material driver detected,
ENG-00197,2026-06-01,No material driver detected,
ENG-00197,2026-07-01,No material driver detected,
ENG-00197,2026-08-01,No material driver detected,
ENG-00198,2024-03-01,Client feedback | Role profile | Contract stage,Client feedback (+0.79) | Role profile (+0.35) | Contract stage (+0.35)
ENG-00198,2024-04-01,No material driver detected,
ENG-00198,2024-05-01,Client feedback | Performance | Role profile,Client feedback (+2.17) | Performance (+1.16) | Role profile (+0.35)
ENG-00198,2024-06-01,No material driver detected,
ENG-00198,2024-07-01,Client feedback | Performance | Role profile,Client feedback (+1.35) | Performance (+0.65) | Role profile (+0.35)
ENG-00198,2024-08-01,Sentiment | Performance | Role profile,Sentiment (+1.07) | Performance (+1.00) | Role profile (+0.35)
ENG-00198,2024-09-01,Client feedback | Role profile | Utilisation,Client feedback (+2.02) | Role profile (+0.35) | Utilisation (+0.22)
ENG-00198,2024-10-01,Client feedback | Performance | Role profile,Client feedback (+0.61) | Performance (+0.55) | Role profile (+0.35)
ENG-00198,2024-11-01,Performance | Sentiment | Utilisation,Performance (+0.84) | Sentiment (+0.39) | Utilisation (+0.38)
ENG-00198,2024-12-01,Performance | Sentiment | Client feedback,Performance (+1.60) | Sentiment (+1.18) | Client feedback (+0.47)
ENG-00199,2026-03-01,No material driver detected,
ENG-00199,2026-04-01,No material driver detected,
ENG-00199,2026-05-01,No material driver detected,
ENG-00199,2026-06-01,No material driver detected,
ENG-00199,2026-07-01,No material driver detected,
ENG-00199,2026-08-01,No material driver detected,
ENG-00199,2026-09-01,No material driver detected,
ENG-00199,2026-10-01,No material driver detected,
ENG-00199,2026-11-01,No material driver detected,
ENG-00199,2026-12-01,Sentiment | Performance | Client feedback,Sentiment (+2.68) | Performance (+1.94) | Client feedback (+1.74)
ENG-00200,2025-08-01,Client feedback | Sentiment | Contract stage,Client feedback (+0.69) | Sentiment (+0.44) | Contract stage (+0.41)
ENG-00200,2025-09-01,No material driver detected,
ENG-00200,2025-10-01,Client feedback | Performance | Sentiment,Client feedback (+1.05) | Performance (+0.95) | Sentiment (+0.83)
ENG-00200,2025-11-01,Performance | Client feedback | Sentiment,Performance (+3.10) | Client feedback (+3.05) | Sentiment (+1.53)
ENG-00200,2025-12-01,Performance | Sentiment | Client feedback,Performance (+1.81) | Sentiment (+1.76) | Client feedback (+1.65)
ENG-00200,2026-01-01,Client feedback | Performance | Sentiment,Client feedback (+4.13) | Performance (+2.70) | Sentiment (+1.40)
ENG-00201,2025-02-01,No material driver detected,
ENG-00201,2025-03-01,Sentiment | Performance | Contract stage,Sentiment (+1.19) | Performance (+0.72) | Contract stage (+0.21)
ENG-00201,2025-04-01,No material driver detected,
ENG-00201,2025-05-01,No material driver detected,
ENG-00201,2025-06-01,No material driver detected,
ENG-00201,2025-07-01,No material driver detected,
ENG-00201,2025-08-01,No material driver detected,
ENG-00201,2025-09-01,No material driver detected,
ENG-00201,2025-10-01,No material driver detected,
ENG-00201,2025-11-01,No material driver detected,
ENG-00201,2025-12-01,No material driver detected,
ENG-00202,2026-02-01,No material driver detected,
ENG-00202,2026-03-01,No material driver detected,
ENG-00202,2026-04-01,No material driver detected,
ENG-00202,2026-05-01,No material driver detected,
ENG-00202,2026-06-01,No material driver detected,
ENG-00202,2026-07-01,No material driver detected,
ENG-00202,2026-08-01,No material driver detected,
ENG-00203,2025-10-01,No material driver detected,
ENG-00203,2025-11-01,No material driver detected,
ENG-00203,2025-12-01,No material driver detected,
ENG-00203,2026-01-01,No material driver detected,
ENG-00203,2026-02-01,No material driver detected,
ENG-00203,2026-03-01,No material driver detected,
ENG-00203,2026-04-01,No material driver detected,
ENG-00203,2026-05-01,No material driver detected,
ENG-00203,2026-06-01,No material driver detected,
ENG-00203,2026-07-01,No material driver detected,
ENG-00203,2026-08-01,No material driver detected,
ENG-00204,2025-12-01,No material driver detected,
ENG-00204,2026-01-01,Sentiment | Client feedback | Performance,Sentiment (+0.70) | Client feedback (+0.56) | Performance (+0.45)
ENG-00204,2026-02-01,No material driver detected,
ENG-00204,2026-03-01,No material driver detected,
ENG-00204,2026-04-01,Client feedback | Sentiment | Performance,Client feedback (+0.82) | Sentiment (+0.81) | Performance (+0.46)
ENG-00204,2026-05-01,No material driver detected,
ENG-00204,2026-06-01,No material driver detected,
ENG-00204,2026-07-01,No material driver detected,
ENG-00204,2026-08-01,No material driver detected,
ENG-00205,2026-04-01,No material driver detected,
ENG-00205,2026-05-01,No material driver detected,
ENG-00205,2026-06-01,No material driver detected,
ENG-00205,2026-07-01,Performance | Client feedback,Performance (+1.45) | Client feedback (+0.15)
ENG-00205,2026-08-01,No material driver detected,
ENG-00206,2025-08-01,No material driver detected,
ENG-00206,2025-09-01,No material driver detected,
ENG-00206,2025-10-01,No material driver detected,
ENG-00206,2025-11-01,Sentiment | Client feedback | Performance,Sentiment (+2.20) | Client feedback (+1.42) | Performance (+0.60)
ENG-00206,2025-12-01,Client feedback | Sentiment | Performance,Client feedback (+3.23) | Sentiment (+1.79) | Performance (+1.42)
ENG-00206,2026-01-01,Sentiment | Performance | Client feedback,Sentiment (+3.17) | Performance (+3.11) | Client feedback (+1.58)
ENG-00207,2024-01-01,No material driver detected,
ENG-00207,2024-02-01,Performance | Sentiment | Client feedback,Performance (+1.59) | Sentiment (+0.62) | Client feedback (+0.58)
ENG-00207,2024-03-01,No material driver detected,
ENG-00207,2024-04-01,No material driver detected,
ENG-00207,2024-05-01,No material driver detected,
ENG-00207,2024-06-01,No material driver detected,
ENG-00207,2024-07-01,No material driver detected,
ENG-00207,2024-08-01,No material driver detected,
ENG-00208,2025-07-01,No material driver detected,
ENG-00208,2025-08-01,Sentiment | Client feedback | Contract stage,Sentiment (+0.73) | Client feedback (+0.59) | Contract stage (+0.46)
ENG-00208,2025-09-01,No material driver detected,
ENG-00208,2025-10-01,No material driver detected,
ENG-00208,2025-11-01,Performance | Client feedback | Role profile,Performance (+2.19) | Client feedback (+1.54) | Role profile (+0.26)
ENG-00208,2025-12-01,No material driver detected,
ENG-00208,2026-01-01,No material driver detected,
ENG-00209,2026-07-01,No material driver detected,
ENG-00209,2026-08-01,No material driver detected,
ENG-00209,2026-09-01,Client feedback | Performance | Contract stage,Client feedback (+1.71) | Performance (+1.30) | Contract stage (+0.32)
ENG-00209,2026-10-01,Sentiment | Performance | Client feedback,Sentiment (+1.30) | Performance (+0.76) | Client feedback (+0.58)
ENG-00209,2026-11-01,Performance | Client feedback | Sentiment,Performance (+2.58) | Client feedback (+2.19) | Sentiment (+1.06)
ENG-00210,2026-03-01,Performance | Contract stage,Performance (+1.07) | Contract stage (+0.47)
ENG-00210,2026-04-01,Client feedback | Sentiment | Performance,Client feedback (+4.38) | Sentiment (+1.54) | Performance (+0.74)
ENG-00210,2026-05-01,Client feedback | Sentiment | Performance,Client feedback (+1.58) | Sentiment (+1.55) | Performance (+1.07)
ENG-00210,2026-06-01,Client feedback | Performance | Sentiment,Client feedback (+2.68) | Performance (+2.55) | Sentiment (+2.37)
ENG-00211,2024-09-01,No material driver detected,
ENG-00211,2024-10-01,No material driver detected,
ENG-00211,2024-11-01,No material driver detected,
ENG-00211,2024-12-01,No material driver detected,
ENG-00211,2025-01-01,No material driver detected,
ENG-00211,2025-02-01,No material driver detected,
ENG-00211,2025-03-01,No material driver detected,
ENG-00211,2025-04-01,No material driver detected,
ENG-00211,2025-05-01,No material driver detected,
ENG-00211,2025-06-01,No material driver detected,
ENG-00211,2025-07-01,No material driver detected,
ENG-00212,2025-12-01,No material driver detected,
ENG-00212,2026-01-01,No material driver detected,
ENG-00212,2026-02-01,No material driver detected,
ENG-00212,2026-03-01,No material driver detected,
ENG-00212,2026-04-01,No material driver detected,
ENG-00212,2026-05-01,No material driver detected,
ENG-00212,2026-06-01,No material driver detected,
ENG-00212,2026-07-01,No material driver detected,
ENG-00212,2026-08-01,No material driver detected,
ENG-00213,2025-04-01,No material driver detected,
ENG-00213,2025-05-01,No material driver detected,
ENG-00213,2025-06-01,No material driver detected,
ENG-00213,2025-07-01,No material driver detected,
ENG-00213,2025-08-01,No material driver detected,
ENG-00213,2025-09-01,No material driver detected,
ENG-00213,2025-10-01,No material driver detected,
ENG-00213,2025-11-01,No material driver detected,
ENG-00213,2025-12-01,No material driver detected,
ENG-00213,2026-01-01,No material driver detected,
ENG-00213,2026-02-01,No material driver detected,
ENG-00213,2026-03-01,No material driver detected,
ENG-00213,2026-04-01,No material driver detected,
ENG-00214,2026-05-01,Sentiment | Contract stage | Performance,Sentiment (+0.56) | Contract stage (+0.54) | Performance (+0.47)
ENG-00214,2026-06-01,Client feedback | Sentiment | Performance,Client feedback (+3.12) | Sentiment (+1.16) | Performance (+1.08)
ENG-00214,2026-07-01,Client feedback | Sentiment | Performance,Client feedback (+2.82) | Sentiment (+2.61) | Performance (+1.97)
ENG-00214,2026-08-01,Performance | Client feedback | Sentiment,Performance (+4.38) | Client feedback (+2.20) | Sentiment (+1.00)
ENG-00214,2026-09-01,Sentiment | Performance | Client feedback,Sentiment (+3.32) | Performance (+3.05) | Client feedback (+2.42)
ENG-00215,2024-09-01,No material driver detected,
ENG-00215,2024-10-01,No material driver detected,
ENG-00215,2024-11-01,No material driver detected,
ENG-00215,2024-12-01,No material driver detected,
ENG-00215,2025-01-01,No material driver detected,
ENG-00215,2025-02-01,No material driver detected,
ENG-00215,2025-03-01,No material driver detected,
ENG-00215,2025-04-01,No material driver detected,
ENG-00215,2025-05-01,No material driver detected,
ENG-00215,2025-06-01,No material driver detected,
ENG-00215,2025-07-01,No material driver detected,
ENG-00215,2025-08-01,No material driver detected,
ENG-00215,2025-09-01,No material driver detected,
ENG-00216,2024-01-01,No material driver detected,
ENG-00216,2024-02-01,Performance | Client feedback | Contract stage,Performance (+3.61) | Client feedback (+1.21) | Contract stage (+0.39)
ENG-00216,2024-03-01,Client feedback | Sentiment | Performance,Client feedback (+1.84) | Sentiment (+1.81) | Performance (+0.74)
ENG-00216,2024-04-01,Performance | Client feedback | Sentiment,Performance (+2.51) | Client feedback (+2.06) | Sentiment (+1.54)
ENG-00217,2024-04-01,No material driver detected,
ENG-00217,2024-05-01,No material driver detected,
ENG-00217,2024-06-01,No material driver detected,
ENG-00217,2024-07-01,No material driver detected,
ENG-00217,2024-08-01,No material driver detected,
ENG-00217,2024-09-01,No material driver detected,
ENG-00217,2024-10-01,No material driver detected,
ENG-00217,2024-11-01,No material driver detected,
ENG-00217,2024-12-01,No material driver detected,
ENG-00218,2024-10-01,No material driver detected,
ENG-00218,2024-11-01,No material driver detected,
ENG-00218,2024-12-01,No material driver detected,
ENG-00218,2025-01-01,No material driver detected,
ENG-00218,2025-02-01,No material driver detected,
ENG-00218,2025-03-01,No material driver detected,
ENG-00218,2025-04-01,No material driver detected,
ENG-00218,2025-05-01,No material driver detected,
ENG-00218,2025-06-01,No material driver detected,
ENG-00219,2025-11-01,No material driver detected,
ENG-00219,2025-12-01,No material driver detected,
ENG-00219,2026-01-01,No material driver detected,
ENG-00219,2026-02-01,No material driver detected,
ENG-00219,2026-03-01,No material driver detected,
ENG-00219,2026-04-01,No material driver detected,
ENG-00219,2026-05-01,No material driver detected,
ENG-00219,2026-06-01,No material driver detected,
ENG-00219,2026-07-01,Sentiment | Client feedback | Performance,Sentiment (+1.40) | Client feedback (+0.95) | Performance (+0.40)
ENG-00220,2025-11-01,No material driver detected,
ENG-00220,2025-12-01,No material driver detected,
ENG-00220,2026-01-01,No material driver detected,
ENG-00220,2026-02-01,No material driver detected,
ENG-00220,2026-03-01,No material driver detected,
ENG-00220,2026-04-01,No material driver detected,
ENG-00220,2026-05-01,No material driver detected,
ENG-00220,2026-06-01,No material driver detected,
ENG-00220,2026-07-01,No material driver detected,
ENG-00220,2026-08-01,No material driver detected,
ENG-00221,2026-06-01,Performance | Sentiment | Client feedback,Performance (+0.98) | Sentiment (+0.60) | Client feedback (+0.47)
ENG-00221,2026-07-01,Client feedback | Milestone delivery | Contract stage,Client feedback (+1.15) | Milestone delivery (+0.69) | Contract stage (+0.33)
ENG-00221,2026-08-01,Client feedback | Performance | Sentiment,Client feedback (+3.10) | Performance (+2.49) | Sentiment (+2.39)
ENG-00222,2024-12-01,No material driver detected,
ENG-00222,2025-01-01,No material driver detected,
ENG-00222,2025-02-01,No material driver detected,
ENG-00222,2025-03-01,No material driver detected,
ENG-00222,2025-04-01,No material driver detected,
ENG-00222,2025-05-01,No material driver detected,
ENG-00222,2025-06-01,No material driver detected,
ENG-00222,2025-07-01,No material driver detected,
ENG-00223,2024-05-01,No material driver detected,
ENG-00223,2024-06-01,No material driver detected,
ENG-00223,2024-07-01,No material driver detected,
ENG-00223,2024-08-01,No material driver detected,
ENG-00223,2024-09-01,No material driver detected,
ENG-00223,2024-10-01,No material driver detected,
ENG-00223,2024-11-01,No material driver detected,
ENG-00223,2024-12-01,No material driver detected,
ENG-00223,2025-01-01,No material driver detected,
ENG-00224,2026-06-01,No material driver detected,
ENG-00224,2026-07-01,No material driver detected,
ENG-00224,2026-08-01,No material driver detected,
ENG-00225,2025-07-01,Sentiment | Client feedback | Contract stage,Sentiment (+0.70) | Client feedback (+0.59) | Contract stage (+0.35)
ENG-00225,2025-08-01,Client feedback | Performance | Sentiment,Client feedback (+0.88) | Performance (+0.74) | Sentiment (+0.72)
ENG-00225,2025-09-01,Performance | Milestone delivery | Utilisation,Performance (+1.29) | Milestone delivery (+0.39) | Utilisation (+0.20)
ENG-00225,2025-10-01,No material driver detected,
ENG-00225,2025-11-01,Sentiment | Client feedback | Performance,Sentiment (+1.09) | Client feedback (+0.44) | Performance (+0.35)
ENG-00225,2025-12-01,Sentiment | Client feedback | Performance,Sentiment (+0.94) | Client feedback (+0.83) | Performance (+0.49)
ENG-00225,2026-01-01,Client feedback | Sentiment | Performance,Client feedback (+0.55) | Sentiment (+0.42) | Performance (+0.37)
ENG-00225,2026-02-01,Client feedback | Performance | Sentiment,Client feedback (+1.19) | Performance (+1.00) | Sentiment (+0.98)
ENG-00225,2026-03-01,No material driver detected,
ENG-00225,2026-04-01,No material driver detected,
ENG-00226,2025-11-01,No material driver detected,
ENG-00226,2025-12-01,Client feedback | Performance | Milestone delivery,Client feedback (+1.77) | Performance (+0.82) | Milestone delivery (+0.52)
ENG-00226,2026-01-01,No material driver detected,
ENG-00226,2026-02-01,No material driver detected,
ENG-00226,2026-03-01,No material driver detected,
ENG-00226,2026-04-01,No material driver detected,
ENG-00226,2026-05-01,No material driver detected,
ENG-00227,2025-09-01,No material driver detected,
ENG-00227,2025-10-01,No material driver detected,
ENG-00227,2025-11-01,No material driver detected,
ENG-00227,2025-12-01,No material driver detected,
ENG-00227,2026-01-01,No material driver detected,
ENG-00227,2026-02-01,No material driver detected,
ENG-00227,2026-03-01,No material driver detected,
ENG-00227,2026-04-01,No material driver detected,
ENG-00227,2026-05-01,No material driver detected,
ENG-00227,2026-06-01,No material driver detected,
ENG-00227,2026-07-01,No material driver detected,
ENG-00227,2026-08-01,No material driver detected,
ENG-00228,2025-08-01,No material driver detected,
ENG-00228,2025-09-01,No material driver detected,
ENG-00228,2025-10-01,No material driver detected,
ENG-00228,2025-11-01,No material driver detected,
ENG-00228,2025-12-01,No material driver detected,
ENG-00228,2026-01-01,No material driver detected,
ENG-00228,2026-02-01,No material driver detected,
ENG-00228,2026-03-01,No material driver detected,
ENG-00228,2026-04-01,No material driver detected,
ENG-00228,2026-05-01,No material driver detected,
ENG-00228,2026-06-01,No material driver detected,
ENG-00228,2026-07-01,No material driver detected,
ENG-00228,2026-08-01,No material driver detected,
ENG-00229,2025-02-01,No material driver detected,
ENG-00229,2025-03-01,No material driver detected,
ENG-00229,2025-04-01,No material driver detected,
ENG-00229,2025-05-01,No material driver detected,
ENG-00229,2025-06-01,No material driver detected,
ENG-00229,2025-07-01,No material driver detected,
ENG-00229,2025-08-01,No material driver detected,
ENG-00229,2025-09-01,No material driver detected,
ENG-00229,2025-10-01,No material driver detected,
ENG-00229,2025-11-01,No material driver detected,
ENG-00229,2025-12-01,No material driver detected,
ENG-00230,2025-02-01,No material driver detected,
ENG-00230,2025-03-01,No material driver detected,
ENG-00230,2025-04-01,Performance | Client feedback | Sentiment,Performance (+2.44) | Client feedback (+1.78) | Sentiment (+1.43)
ENG-00230,2025-05-01,Performance | Sentiment | Client feedback,Performance (+2.04) | Sentiment (+2.01) | Client feedback (+1.39)
ENG-00231,2024-02-01,Client feedback | Performance | Sentiment,Client feedback (+0.92) | Performance (+0.78) | Sentiment (+0.72)
ENG-00231,2024-03-01,Client feedback | Sentiment | Performance,Client feedback (+2.72) | Sentiment (+1.84) | Performance (+1.74)
ENG-00231,2024-04-01,Sentiment | Client feedback | Performance,Sentiment (+3.27) | Client feedback (+3.25) | Performance (+3.13)
ENG-00231,2024-05-01,Client feedback | Performance | Sentiment,Client feedback (+3.20) | Performance (+2.67) | Sentiment (+2.63)
ENG-00232,2026-01-01,No material driver detected,
ENG-00232,2026-02-01,Client feedback | Performance | Milestone delivery,Client feedback (+1.45) | Performance (+1.10) | Milestone delivery (+0.36)
ENG-00232,2026-03-01,No material driver detected,
ENG-00232,2026-04-01,Client feedback | Sentiment | Role profile,Client feedback (+2.19) | Sentiment (+0.93) | Role profile (+0.26)
ENG-00232,2026-05-01,Performance | Sentiment | Client feedback,Performance (+3.30) | Sentiment (+0.96) | Client feedback (+0.89)
ENG-00233,2024-12-01,Client feedback | Sentiment | Performance,Client feedback (+1.14) | Sentiment (+1.07) | Performance (+0.62)
ENG-00233,2025-01-01,No material driver detected,
ENG-00233,2025-02-01,Performance | Milestone delivery | Contract stage,Performance (+1.97) | Milestone delivery (+0.38) | Contract stage (+0.32)
ENG-00233,2025-03-01,No material driver detected,
ENG-00233,2025-04-01,Sentiment | Performance | Milestone delivery,Sentiment (+0.97) | Performance (+0.90) | Milestone delivery (+0.35)
ENG-00233,2025-05-01,Performance | Client feedback | Utilisation,Performance (+1.33) | Client feedback (+0.80) | Utilisation (+0.23)
ENG-00233,2025-06-01,No material driver detected,
ENG-00233,2025-07-01,Client feedback | Sentiment | Performance,Client feedback (+2.56) | Sentiment (+2.03) | Performance (+0.48)
ENG-00234,2026-05-01,No material driver detected,
ENG-00234,2026-06-01,Client feedback | Performance | Sentiment,Client feedback (+1.20) | Performance (+0.97) | Sentiment (+0.46)
ENG-00234,2026-07-01,Client feedback | Performance | Sentiment,Client feedback (+2.25) | Performance (+1.24) | Sentiment (+0.70)
ENG-00234,2026-08-01,No material driver detected,
ENG-00235,2024-07-01,No material driver detected,
ENG-00235,2024-08-01,No material driver detected,
ENG-00235,2024-09-01,No material driver detected,
ENG-00235,2024-10-01,No material driver detected,
ENG-00235,2024-11-01,No material driver detected,
ENG-00235,2024-12-01,No material driver detected,
ENG-00235,2025-01-01,No material driver detected,
ENG-00236,2024-11-01,No material driver detected,
ENG-00236,2024-12-01,No material driver detected,
ENG-00236,2025-01-01,No material driver detected,
ENG-00236,2025-02-01,No material driver detected,
ENG-00236,2025-03-01,No material driver detected,
ENG-00236,2025-04-01,No material driver detected,
ENG-00236,2025-05-01,No material driver detected,
ENG-00236,2025-06-01,No material driver detected,
ENG-00236,2025-07-01,No material driver detected,
ENG-00236,2025-08-01,No material driver detected,
ENG-00236,2025-09-01,No material driver detected,
ENG-00236,2025-10-01,No material driver detected,
ENG-00236,2025-11-01,No material driver detected,
ENG-00237,2024-06-01,No material driver detected,
ENG-00237,2024-07-01,No material driver detected,
ENG-00237,2024-08-01,No material driver detected,
ENG-00237,2024-09-01,No material driver detected,
ENG-00237,2024-10-01,No material driver detected,
ENG-00237,2024-11-01,No material driver detected,
ENG-00237,2024-12-01,No material driver detected,
ENG-00237,2025-01-01,No material driver detected,
ENG-00237,2025-02-01,No material driver detected,
ENG-00237,2025-03-01,No material driver detected,
ENG-00238,2026-08-01,No material driver detected,
ENG-00239,2026-02-01,No material driver detected,
ENG-00239,2026-03-01,No material driver detected,
ENG-00239,2026-04-01,No material driver detected,
ENG-00239,2026-05-01,No material driver detected,
ENG-00239,2026-06-01,No material driver detected,
ENG-00239,2026-07-01,No material driver detected,
ENG-00239,2026-08-01,No material driver detected,
ENG-00240,2024-11-01,No material driver detected,
ENG-00240,2024-12-01,Client feedback | Performance | Sentiment,Client feedback (+0.58) | Performance (+0.54) | Sentiment (+0.22)
ENG-00240,2025-01-01,No material driver detected,
ENG-00240,2025-02-01,Client feedback | Sentiment | Performance,Client feedback (+1.13) | Sentiment (+0.91) | Performance (+0.47)
ENG-00240,2025-03-01,Client feedback | Performance | Milestone delivery,Client feedback (+2.87) | Performance (+2.16) | Milestone delivery (+0.58)
ENG-00240,2025-04-01,Sentiment | Performance | Client feedback,Sentiment (+2.19) | Performance (+1.73) | Client feedback (+0.89)
ENG-00240,2025-05-01,Performance | Sentiment | Client feedback,Performance (+2.42) | Sentiment (+1.86) | Client feedback (+1.59)
ENG-00241,2025-12-01,No material driver detected,
ENG-00241,2026-01-01,No material driver detected,
ENG-00241,2026-02-01,No material driver detected,
ENG-00241,2026-03-01,No material driver detected,
ENG-00241,2026-04-01,No material driver detected,
ENG-00241,2026-05-01,No material driver detected,
ENG-00241,2026-06-01,Client feedback | Role profile | Performance,Client feedback (+1.85) | Role profile (+0.25) | Performance (+0.20)
ENG-00241,2026-07-01,No material driver detected,
ENG-00241,2026-08-01,Client feedback | Role profile,Client feedback (+2.09) | Role profile (+0.25)
ENG-00242,2026-08-01,No material driver detected,
ENG-00243,2024-10-01,No material driver detected,
ENG-00243,2024-11-01,No material driver detected,
ENG-00243,2024-12-01,No material driver detected,
ENG-00243,2025-01-01,Performance | Sentiment | Role profile,Performance (+1.39) | Sentiment (+0.45) | Role profile (+0.35)
ENG-00243,2025-02-01,Performance | Sentiment | Role profile,Performance (+1.22) | Sentiment (+0.54) | Role profile (+0.35)
ENG-00243,2025-03-01,No material driver detected,
ENG-00243,2025-04-01,No material driver detected,
ENG-00243,2025-05-01,No material driver detected,
ENG-00243,2025-06-01,No material driver detected,
ENG-00243,2025-07-01,No material driver detected,
ENG-00243,2025-08-01,No material driver detected,
ENG-00244,2026-03-01,No material driver detected,
ENG-00244,2026-04-01,No material driver detected,
ENG-00244,2026-05-01,No material driver detected,
ENG-00244,2026-06-01,No material driver detected,
ENG-00244,2026-07-01,No material driver detected,
ENG-00244,2026-08-01,No material driver detected,
ENG-00245,2025-10-01,No material driver detected,
ENG-00245,2025-11-01,Client feedback | Sentiment,Client feedback (+1.97) | Sentiment (+0.37)
ENG-00245,2025-12-01,No material driver detected,
ENG-00245,2026-01-01,No material driver detected,
ENG-00245,2026-02-01,No material driver detected,
ENG-00245,2026-03-01,No material driver detected,
ENG-00245,2026-04-01,No material driver detected,
ENG-00245,2026-05-01,No material driver detected,
ENG-00245,2026-06-01,No material driver detected,
ENG-00245,2026-07-01,No material driver detected,
ENG-00245,2026-08-01,No material driver detected,
ENG-00246,2026-01-01,Client feedback | Performance | Sentiment,Client feedback (+1.20) | Performance (+0.93) | Sentiment (+0.45)
ENG-00246,2026-02-01,Performance | Sentiment | Role profile,Performance (+0.82) | Sentiment (+0.66) | Role profile (+0.26)
ENG-00246,2026-03-01,Performance | Sentiment | Client feedback,Performance (+2.11) | Sentiment (+1.85) | Client feedback (+1.21)
ENG-00246,2026-04-01,Client feedback | Performance | Sentiment,Client feedback (+2.27) | Performance (+1.61) | Sentiment (+1.32)
ENG-00246,2026-05-01,Client feedback | Performance | Sentiment,Client feedback (+4.67) | Performance (+1.24) | Sentiment (+0.82)
ENG-00246,2026-06-01,Sentiment | Performance | Client feedback,Sentiment (+3.93) | Performance (+3.07) | Client feedback (+2.26)
ENG-00246,2026-07-01,Client feedback | Sentiment | Performance,Client feedback (+1.44) | Sentiment (+1.43) | Performance (+1.38)
ENG-00247,2024-12-01,No material driver detected,
ENG-00247,2025-01-01,No material driver detected,
ENG-00247,2025-02-01,No material driver detected,
ENG-00247,2025-03-01,No material driver detected,
ENG-00247,2025-04-01,No material driver detected,
ENG-00247,2025-05-01,No material driver detected,
ENG-00247,2025-06-01,No material driver detected,
ENG-00247,2025-07-01,No material driver detected,
ENG-00247,2025-08-01,No material driver detected,
ENG-00247,2025-09-01,No material driver detected,
ENG-00247,2025-10-01,No material driver detected,
ENG-00247,2025-11-01,No material driver detected,
ENG-00247,2025-12-01,No material driver detected,
ENG-00248,2024-07-01,No material driver detected,
ENG-00248,2024-08-01,Sentiment | Performance | Contract stage,Sentiment (+2.08) | Performance (+0.70) | Contract stage (+0.46)
ENG-00248,2024-09-01,Client feedback | Performance | Sentiment,Client feedback (+2.67) | Performance (+0.84) | Sentiment (+0.59)
ENG-00248,2024-10-01,Performance | Client feedback | Sentiment,Performance (+2.76) | Client feedback (+2.20) | Sentiment (+1.07)
ENG-00248,2024-11-01,Client feedback | Sentiment | Performance,Client feedback (+3.67) | Sentiment (+3.36) | Performance (+1.73)
ENG-00249,2024-10-01,No material driver detected,
ENG-00249,2024-11-01,No material driver detected,
ENG-00249,2024-12-01,No material driver detected,
ENG-00249,2025-01-01,No material driver detected,
ENG-00249,2025-02-01,No material driver detected,
ENG-00249,2025-03-01,No material driver detected,
ENG-00249,2025-04-01,No material driver detected,
ENG-00249,2025-05-01,No material driver detected,
ENG-00249,2025-06-01,No material driver detected,
ENG-00249,2025-07-01,No material driver detected,
ENG-00249,2025-08-01,No material driver detected,
ENG-00249,2025-09-01,No material driver detected,
ENG-00249,2025-10-01,No material driver detected,
ENG-00250,2025-04-01,No material driver detected,
ENG-00250,2025-05-01,Client feedback | Contract stage | Role profile,Client feedback (+1.73) | Contract stage (+0.46) | Role profile (+0.25)
ENG-00250,2025-06-01,Milestone delivery | Sentiment | Contract stage,Milestone delivery (+0.84) | Sentiment (+0.70) | Contract stage (+0.38)
ENG-00250,2025-07-01,No material driver detected,
ENG-00250,2025-08-01,Client feedback | Utilisation | Sentiment,Client feedback (+0.73) | Utilisation (+0.50) | Sentiment (+0.36)
ENG-00250,2025-09-01,No material driver detected,
ENG-00250,2025-10-01,No material driver detected,
ENG-00251,2025-07-01,No material driver detected,
ENG-00251,2025-08-01,Performance | Client feedback | Contract stage,Performance (+2.56) | Client feedback (+0.55) | Contract stage (+0.39)
ENG-00251,2025-09-01,No material driver detected,
ENG-00251,2025-10-01,No material driver detected,
ENG-00251,2025-11-01,No material driver detected,
ENG-00251,2025-12-01,No material driver detected,
ENG-00251,2026-01-01,No material driver detected,
ENG-00251,2026-02-01,No material driver detected,
ENG-00252,2024-11-01,No material driver detected,
ENG-00252,2024-12-01,No material driver detected,
ENG-00252,2025-01-01,No material driver detected,
ENG-00252,2025-02-01,No material driver detected,
ENG-00252,2025-03-01,No material driver detected,
ENG-00252,2025-04-01,No material driver detected,
ENG-00252,2025-05-01,No material driver detected,
ENG-00252,2025-06-01,No material driver detected,
ENG-00252,2025-07-01,No material driver detected,
ENG-00252,2025-08-01,No material driver detected,
ENG-00252,2025-09-01,No material driver detected,
ENG-00253,2024-01-01,No material driver detected,
ENG-00253,2024-02-01,No material driver detected,
ENG-00253,2024-03-01,No material driver detected,
ENG-00253,2024-04-01,No material driver detected,
ENG-00253,2024-05-01,No material driver detected,
ENG-00253,2024-06-01,No material driver detected,
ENG-00253,2024-07-01,No material driver detected,
ENG-00253,2024-08-01,No material driver detected,
ENG-00253,2024-09-01,No material driver detected,
ENG-00253,2024-10-01,No material driver detected,
ENG-00253,2024-11-01,No material driver detected,
ENG-00254,2025-03-01,No material driver detected,
ENG-00254,2025-04-01,No material driver detected,
ENG-00254,2025-05-01,Client feedback | Role profile | Utilisation,Client feedback (+2.16) | Role profile (+0.35) | Utilisation (+0.33)
ENG-00254,2025-06-01,Performance | Sentiment | Role profile,Performance (+1.89) | Sentiment (+0.65) | Role profile (+0.35)
ENG-00254,2025-07-01,Client feedback | Performance | Sentiment,Client feedback (+3.55) | Performance (+1.24) | Sentiment (+0.70)
ENG-00254,2025-08-01,Sentiment | Client feedback | Performance,Sentiment (+2.00) | Client feedback (+1.83) | Performance (+0.67)
ENG-00255,2024-01-01,No material driver detected,
ENG-00255,2024-02-01,No material driver detected,
ENG-00255,2024-03-01,No material driver detected,
ENG-00255,2024-04-01,No material driver detected,
ENG-00255,2024-05-01,No material driver detected,
ENG-00255,2024-06-01,No material driver detected,
ENG-00255,2024-07-01,No material driver detected,
ENG-00255,2024-08-01,No material driver detected,
ENG-00255,2024-09-01,No material driver detected,
ENG-00256,2026-05-01,No material driver detected,
ENG-00256,2026-06-01,No material driver detected,
ENG-00256,2026-07-01,No material driver detected,
ENG-00256,2026-08-01,No material driver detected,
ENG-00257,2024-05-01,No material driver detected,
ENG-00257,2024-06-01,No material driver detected,
ENG-00257,2024-07-01,No material driver detected,
ENG-00257,2024-08-01,No material driver detected,
ENG-00257,2024-09-01,No material driver detected,
ENG-00257,2024-10-01,No material driver detected,
ENG-00257,2024-11-01,No material driver detected,
ENG-00257,2024-12-01,No material driver detected,
ENG-00257,2025-01-01,No material driver detected,
ENG-00257,2025-02-01,No material driver detected,
ENG-00257,2025-03-01,No material driver detected,
ENG-00257,2025-04-01,Client feedback | Milestone delivery,Client feedback (+2.20) | Milestone delivery (+0.34)
ENG-00258,2025-06-01,No material driver detected,
ENG-00258,2025-07-01,No material driver detected,
ENG-00258,2025-08-01,Sentiment | Performance | Client feedback,Sentiment (+2.29) | Performance (+1.86) | Client feedback (+1.60)
ENG-00258,2025-09-01,Performance | Milestone delivery | Contract stage,Performance (+1.64) | Milestone delivery (+0.48) | Contract stage (+0.24)
ENG-00258,2025-10-01,Client feedback | Sentiment | Performance,Client feedback (+4.27) | Sentiment (+2.81) | Performance (+1.94)
ENG-00259,2026-02-01,No material driver detected,
ENG-00259,2026-03-01,No material driver detected,
ENG-00259,2026-04-01,No material driver detected,
ENG-00259,2026-05-01,No material driver detected,
ENG-00259,2026-06-01,No material driver detected,
ENG-00259,2026-07-01,No material driver detected,
ENG-00259,2026-08-01,No material driver detected,
ENG-00260,2026-07-01,No material driver detected,
ENG-00260,2026-08-01,No material driver detected,
ENG-00260,2026-09-01,No material driver detected,
ENG-00260,2026-10-01,No material driver detected,
ENG-00260,2026-11-01,Sentiment | Client feedback | Performance,Sentiment (+2.13) | Client feedback (+1.94) | Performance (+1.04)
ENG-00260,2026-12-01,Client feedback | Performance | Sentiment,Client feedback (+1.90) | Performance (+1.27) | Sentiment (+0.99)
ENG-00260,2027-01-01,Performance | Client feedback | Sentiment,Performance (+3.28) | Client feedback (+2.85) | Sentiment (+1.31)
ENG-00261,2024-03-01,No material driver detected,
ENG-00261,2024-04-01,No material driver detected,
ENG-00261,2024-05-01,No material driver detected,
ENG-00261,2024-06-01,No material driver detected,
ENG-00261,2024-07-01,No material driver detected,
ENG-00261,2024-08-01,No material driver detected,
ENG-00261,2024-09-01,No material driver detected,
ENG-00261,2024-10-01,No material driver detected,
ENG-00262,2026-08-01,No material driver detected,
ENG-00263,2024-07-01,No material driver detected,
ENG-00263,2024-08-01,No material driver detected,
ENG-00263,2024-09-01,No material driver detected,
ENG-00263,2024-10-01,No material driver detected,
ENG-00263,2024-11-01,No material driver detected,
ENG-00263,2024-12-01,No material driver detected,
ENG-00263,2025-01-01,No material driver detected,
ENG-00263,2025-02-01,No material driver detected,
ENG-00263,2025-03-01,No material driver detected,
ENG-00263,2025-04-01,No material driver detected,
ENG-00263,2025-05-01,No material driver detected,
ENG-00263,2025-06-01,No material driver detected,
ENG-00263,2025-07-01,No material driver detected,
ENG-00264,2025-11-01,No material driver detected,
ENG-00264,2025-12-01,No material driver detected,
ENG-00264,2026-01-01,No material driver detected,
ENG-00264,2026-02-01,No material driver detected,
ENG-00264,2026-03-01,Performance | Sentiment | Client feedback,Performance (+1.00) | Sentiment (+0.55) | Client feedback (+0.17)
ENG-00264,2026-04-01,No material driver detected,
ENG-00264,2026-05-01,No material driver detected,
ENG-00264,2026-06-01,Sentiment | Performance | Milestone delivery,Sentiment (+0.77) | Performance (+0.72) | Milestone delivery (+0.34)
ENG-00264,2026-07-01,No material driver detected,
ENG-00265,2025-05-01,No material driver detected,
ENG-00265,2025-06-01,No material driver detected,
ENG-00265,2025-07-01,Sentiment | Performance | Utilisation,Sentiment (+1.81) | Performance (+0.36) | Utilisation (+0.28)
ENG-00265,2025-08-01,Client feedback | Milestone delivery,Client feedback (+3.13) | Milestone delivery (+0.40)
ENG-00265,2025-09-01,Performance | Sentiment | Client feedback,Performance (+3.09) | Sentiment (+1.64) | Client feedback (+1.43)
ENG-00265,2025-10-01,Client feedback | Sentiment | Performance,Client feedback (+2.99) | Sentiment (+1.60) | Performance (+1.10)
ENG-00266,2025-05-01,No material driver detected,
ENG-00266,2025-06-01,No material driver detected,
ENG-00266,2025-07-01,No material driver detected,
ENG-00266,2025-08-01,No material driver detected,
ENG-00266,2025-09-01,No material driver detected,
ENG-00266,2025-10-01,No material driver detected,
ENG-00266,2025-11-01,No material driver detected,
ENG-00266,2025-12-01,No material driver detected,
ENG-00266,2026-01-01,No material driver detected,
ENG-00266,2026-02-01,No material driver detected,
ENG-00266,2026-03-01,No material driver detected,
ENG-00267,2025-05-01,No material driver detected,
ENG-00267,2025-06-01,No material driver detected,
ENG-00267,2025-07-01,No material driver detected,
ENG-00267,2025-08-01,No material driver detected,
ENG-00267,2025-09-01,No material driver detected,
ENG-00267,2025-10-01,Performance | Sentiment | Client feedback,Performance (+1.72) | Sentiment (+0.96) | Client feedback (+0.70)
ENG-00267,2025-11-01,Client feedback | Sentiment | Role profile,Client feedback (+1.65) | Sentiment (+0.94) | Role profile (+0.25)
ENG-00267,2025-12-01,Client feedback | Performance | Sentiment,Client feedback (+3.89) | Performance (+1.65) | Sentiment (+1.43)
ENG-00268,2025-11-01,Client feedback | Performance | Sentiment,Client feedback (+1.09) | Performance (+0.82) | Sentiment (+0.64)
ENG-00268,2025-12-01,Performance | Sentiment | Client feedback,Performance (+1.36) | Sentiment (+0.58) | Client feedback (+0.48)
ENG-00268,2026-01-01,No material driver detected,
ENG-00268,2026-02-01,Sentiment | Client feedback | Performance,Sentiment (+1.37) | Client feedback (+0.64) | Performance (+0.24)
ENG-00268,2026-03-01,Client feedback | Performance | Utilisation,Client feedback (+2.46) | Performance (+0.92) | Utilisation (+0.22)
ENG-00268,2026-04-01,Sentiment | Performance | Client feedback,Sentiment (+3.56) | Performance (+3.51) | Client feedback (+2.18)
ENG-00268,2026-05-01,Client feedback | Sentiment | Performance,Client feedback (+3.11) | Sentiment (+1.97) | Performance (+1.86)
ENG-00268,2026-06-01,Performance | Sentiment | Client feedback,Performance (+2.47) | Sentiment (+2.11) | Client feedback (+2.05)
ENG-00269,2024-10-01,No material driver detected,
ENG-00269,2024-11-01,No material driver detected,
ENG-00269,2024-12-01,No material driver detected,
ENG-00269,2025-01-01,No material driver detected,
ENG-00269,2025-02-01,No material driver detected,
ENG-00269,2025-03-01,No material driver detected,
ENG-00269,2025-04-01,No material driver detected,
ENG-00269,2025-05-01,No material driver detected,
ENG-00270,2025-09-01,No material driver detected,
ENG-00270,2025-10-01,No material driver detected,
ENG-00270,2025-11-01,No material driver detected,
ENG-00270,2025-12-01,No material driver detected,
ENG-00270,2026-01-01,No material driver detected,
ENG-00270,2026-02-01,No material driver detected,
ENG-00270,2026-03-01,No material driver detected,
ENG-00270,2026-04-01,No material driver detected,
ENG-00270,2026-05-01,No material driver detected,
ENG-00270,2026-06-01,No material driver detected,
ENG-00271,2026-05-01,No material driver detected,
ENG-00271,2026-06-01,No material driver detected,
ENG-00271,2026-07-01,No material driver detected,
ENG-00271,2026-08-01,No material driver detected,
ENG-00272,2024-08-01,No material driver detected,
ENG-00272,2024-09-01,No material driver detected,
ENG-00272,2024-10-01,No material driver detected,
ENG-00272,2024-11-01,No material driver detected,
ENG-00272,2024-12-01,Performance | Client feedback | Role profile,Performance (+1.01) | Client feedback (+0.65) | Role profile (+0.26)
ENG-00272,2025-01-01,No material driver detected,
ENG-00272,2025-02-01,Sentiment | Milestone delivery | Role profile,Sentiment (+1.88) | Milestone delivery (+0.35) | Role profile (+0.26)
ENG-00272,2025-03-01,Client feedback | Performance | Sentiment,Client feedback (+3.54) | Performance (+2.26) | Sentiment (+0.92)
ENG-00273,2024-05-01,No material driver detected,
ENG-00273,2024-06-01,No material driver detected,
ENG-00273,2024-07-01,No material driver detected,
ENG-00273,2024-08-01,No material driver detected,
ENG-00273,2024-09-01,No material driver detected,
ENG-00273,2024-10-01,No material driver detected,
ENG-00273,2024-11-01,No material driver detected,
ENG-00273,2024-12-01,No material driver detected,
ENG-00273,2025-01-01,No material driver detected,
ENG-00273,2025-02-01,No material driver detected,
ENG-00273,2025-03-01,No material driver detected,
ENG-00273,2025-04-01,No material driver detected,
ENG-00273,2025-05-01,No material driver detected,
ENG-00274,2025-07-01,No material driver detected,
ENG-00274,2025-08-01,No material driver detected,
ENG-00274,2025-09-01,No material driver detected,
ENG-00274,2025-10-01,No material driver detected,
ENG-00274,2025-11-01,No material driver detected,
ENG-00274,2025-12-01,No material driver detected,
ENG-00274,2026-01-01,No material driver detected,
ENG-00274,2026-02-01,No material driver detected,
ENG-00274,2026-03-01,No material driver detected,
ENG-00275,2025-08-01,No material driver detected,
ENG-00275,2025-09-01,No material driver detected,
ENG-00275,2025-10-01,No material driver detected,
ENG-00275,2025-11-01,No material driver detected,
ENG-00275,2025-12-01,No material driver detected,
ENG-00275,2026-01-01,No material driver detected,
ENG-00275,2026-02-01,No material driver detected,
ENG-00276,2026-07-01,No material driver detected,
ENG-00276,2026-08-01,No material driver detected,
ENG-00277,2026-05-01,Performance | Sentiment | Client feedback,Performance (+1.43) | Sentiment (+1.34) | Client feedback (+1.26)
ENG-00277,2026-06-01,No material driver detected,
ENG-00277,2026-07-01,Client feedback | Performance | Sentiment,Client feedback (+2.77) | Performance (+2.73) | Sentiment (+1.00)
ENG-00277,2026-08-01,Client feedback | Milestone delivery | Sentiment,Client feedback (+2.19) | Milestone delivery (+0.55) | Sentiment (+0.54)
ENG-00277,2026-09-01,Sentiment | Client feedback | Performance,Sentiment (+3.16) | Client feedback (+1.63) | Performance (+0.88)
ENG-00277,2026-10-01,Client feedback | Performance,Client feedback (+2.42) | Performance (+2.11)
ENG-00277,2026-11-01,No material driver detected,
ENG-00277,2026-12-01,Client feedback | Performance | Sentiment,Client feedback (+2.79) | Performance (+2.30) | Sentiment (+2.11)
ENG-00277,2027-01-01,Client feedback | Sentiment | Performance,Client feedback (+1.73) | Sentiment (+1.69) | Performance (+1.25)
ENG-00277,2027-02-01,Client feedback | Performance | Sentiment,Client feedback (+4.94) | Performance (+4.08) | Sentiment (+1.96)
ENG-00277,2027-03-01,Sentiment | Performance | Client feedback,Sentiment (+2.45) | Performance (+2.06) | Client feedback (+1.06)
ENG-00278,2024-04-01,No material driver detected,
ENG-00278,2024-05-01,Client feedback | Milestone delivery | Contract stage,Client feedback (+1.04) | Milestone delivery (+0.37) | Contract stage (+0.33)
ENG-00278,2024-06-01,No material driver detected,
ENG-00278,2024-07-01,No material driver detected,
ENG-00278,2024-08-01,No material driver detected,
ENG-00278,2024-09-01,No material driver detected,
ENG-00278,2024-10-01,No material driver detected,
ENG-00278,2024-11-01,No material driver detected,
ENG-00278,2024-12-01,No material driver detected,
ENG-00279,2024-10-01,No material driver detected,
ENG-00279,2024-11-01,Client feedback | Sentiment,Client feedback (+3.04) | Sentiment (+0.81)
ENG-00279,2024-12-01,No material driver detected,
ENG-00279,2025-01-01,Client feedback | Sentiment | Performance,Client feedback (+2.11) | Sentiment (+1.01) | Performance (+0.83)
ENG-00279,2025-02-01,No material driver detected,
ENG-00279,2025-03-01,No material driver detected,
ENG-00279,2025-04-01,No material driver detected,
ENG-00279,2025-05-01,No material driver detected,
ENG-00279,2025-06-01,Client feedback | Performance | Milestone delivery,Client feedback (+2.01) | Performance (+0.19) | Milestone delivery (+0.17)
ENG-00279,2025-07-01,No material driver detected,
ENG-00279,2025-08-01,No material driver detected,
ENG-00279,2025-09-01,Client feedback | Sentiment | Performance,Client feedback (+1.90) | Sentiment (+1.37) | Performance (+0.77)
ENG-00280,2026-02-01,No material driver detected,
ENG-00280,2026-03-01,No material driver detected,
ENG-00280,2026-04-01,No material driver detected,
ENG-00280,2026-05-01,No material driver detected,
ENG-00280,2026-06-01,No material driver detected,
ENG-00280,2026-07-01,No material driver detected,
ENG-00280,2026-08-01,No material driver detected,
ENG-00280,2026-09-01,Performance | Sentiment | Client feedback,Performance (+1.84) | Sentiment (+0.87) | Client feedback (+0.42)
ENG-00280,2026-10-01,Client feedback | Performance | Role profile,Client feedback (+2.75) | Performance (+0.96) | Role profile (+0.35)
ENG-00280,2026-11-01,Sentiment | Performance | Client feedback,Sentiment (+2.39) | Performance (+2.18) | Client feedback (+0.72)
ENG-00280,2026-12-01,Client feedback | Performance | Sentiment,Client feedback (+2.49) | Performance (+2.18) | Sentiment (+1.48)
ENG-00281,2024-01-01,No material driver detected,
ENG-00281,2024-02-01,No material driver detected,
ENG-00281,2024-03-01,No material driver detected,
ENG-00281,2024-04-01,No material driver detected,
ENG-00281,2024-05-01,No material driver detected,
ENG-00281,2024-06-01,No material driver detected,
ENG-00281,2024-07-01,No material driver detected,
ENG-00281,2024-08-01,No material driver detected,
ENG-00282,2025-12-01,Performance | Client feedback | Contract stage,Performance (+0.89) | Client feedback (+0.52) | Contract stage (+0.41)
ENG-00282,2026-01-01,No material driver detected,
ENG-00282,2026-02-01,No material driver detected,
ENG-00282,2026-03-01,No material driver detected,
ENG-00282,2026-04-01,No material driver detected,
ENG-00282,2026-05-01,No material driver detected,
ENG-00282,2026-06-01,No material driver detected,
ENG-00282,2026-07-01,No material driver detected,
ENG-00282,2026-08-01,No material driver detected,
ENG-00283,2025-07-01,Client feedback | Sentiment | Performance,Client feedback (+0.67) | Sentiment (+0.58) | Performance (+0.57)
ENG-00283,2025-08-01,No material driver detected,
ENG-00283,2025-09-01,Client feedback | Contract stage | Performance,Client feedback (+2.55) | Contract stage (+0.38) | Performance (+0.36)
ENG-00283,2025-10-01,Performance | Contract stage | Role profile,Performance (+1.52) | Contract stage (+0.30) | Role profile (+0.26)
ENG-00283,2025-11-01,No material driver detected,
ENG-00283,2025-12-01,Sentiment | Performance | Role profile,Sentiment (+0.77) | Performance (+0.44) | Role profile (+0.26)
ENG-00283,2026-01-01,Client feedback | Performance | Role profile,Client feedback (+1.54) | Performance (+0.99) | Role profile (+0.26)
ENG-00284,2024-03-01,No material driver detected,
ENG-00284,2024-04-01,No material driver detected,
ENG-00284,2024-05-01,No material driver detected,
ENG-00284,2024-06-01,No material driver detected,
ENG-00284,2024-07-01,No material driver detected,
ENG-00284,2024-08-01,No material driver detected,
ENG-00284,2024-09-01,No material driver detected,
ENG-00284,2024-10-01,No material driver detected,
ENG-00284,2024-11-01,No material driver detected,
ENG-00284,2024-12-01,No material driver detected,
ENG-00284,2025-01-01,No material driver detected,
ENG-00284,2025-02-01,No material driver detected,
ENG-00284,2025-03-01,No material driver detected,
ENG-00285,2025-09-01,Performance | Client feedback | Sentiment,Performance (+1.56) | Client feedback (+1.11) | Sentiment (+1.10)
ENG-00285,2025-10-01,No material driver detected,
ENG-00285,2025-11-01,Client feedback | Performance | Sentiment,Client feedback (+1.87) | Performance (+1.19) | Sentiment (+0.63)
ENG-00285,2025-12-01,Client feedback | Sentiment,Client feedback (+0.94) | Sentiment (+0.91)
ENG-00285,2026-01-01,No material driver detected,
ENG-00285,2026-02-01,Performance | Sentiment | Client feedback,Performance (+2.50) | Sentiment (+2.26) | Client feedback (+1.71)
ENG-00285,2026-03-01,No material driver detected,
ENG-00285,2026-04-01,Client feedback | Sentiment | Performance,Client feedback (+2.25) | Sentiment (+1.25) | Performance (+0.82)
ENG-00285,2026-05-01,Client feedback | Performance | Sentiment,Client feedback (+2.42) | Performance (+1.61) | Sentiment (+1.51)
ENG-00285,2026-06-01,Performance | Client feedback | Sentiment,Performance (+3.36) | Client feedback (+2.98) | Sentiment (+1.94)
ENG-00285,2026-07-01,Sentiment | Client feedback | Milestone delivery,Sentiment (+3.27) | Client feedback (+1.97) | Milestone delivery (+0.90)
ENG-00286,2024-11-01,No material driver detected,
ENG-00286,2024-12-01,No material driver detected,
ENG-00286,2025-01-01,No material driver detected,
ENG-00286,2025-02-01,No material driver detected,
ENG-00286,2025-03-01,No material driver detected,
ENG-00286,2025-04-01,No material driver detected,
ENG-00286,2025-05-01,No material driver detected,
ENG-00286,2025-06-01,No material driver detected,
ENG-00286,2025-07-01,No material driver detected,
ENG-00286,2025-08-01,No material driver detected,
ENG-00286,2025-09-01,No material driver detected,
ENG-00286,2025-10-01,No material driver detected,
ENG-00286,2025-11-01,No material driver detected,
ENG-00287,2025-01-01,Performance | Contract stage,Performance (+1.15) | Contract stage (+0.54)
ENG-00287,2025-02-01,Client feedback | Contract stage | Milestone delivery,Client feedback (+0.96) | Contract stage (+0.46) | Milestone delivery (+0.20)
ENG-00287,2025-03-01,Sentiment | Client feedback | Contract stage,Sentiment (+1.37) | Client feedback (+1.08) | Contract stage (+0.38)
ENG-00287,2025-04-01,No material driver detected,
ENG-00287,2025-05-01,No material driver detected,
ENG-00287,2025-06-01,Client feedback | Sentiment | Performance,Client feedback (+2.12) | Sentiment (+1.04) | Performance (+0.90)
ENG-00287,2025-07-01,Client feedback | Performance | Milestone delivery,Client feedback (+1.69) | Performance (+0.51) | Milestone delivery (+0.40)
ENG-00288,2025-05-01,No material driver detected,
ENG-00288,2025-06-01,No material driver detected,
ENG-00288,2025-07-01,No material driver detected,
ENG-00288,2025-08-01,No material driver detected,
ENG-00288,2025-09-01,No material driver detected,
ENG-00288,2025-10-01,No material driver detected,
ENG-00288,2025-11-01,No material driver detected,
ENG-00288,2025-12-01,No material driver detected,
ENG-00288,2026-01-01,No material driver detected,
ENG-00288,2026-02-01,No material driver detected,
ENG-00288,2026-03-01,No material driver detected,
ENG-00289,2026-03-01,No material driver detected,
ENG-00289,2026-04-01,No material driver detected,
ENG-00289,2026-05-01,No material driver detected,
ENG-00289,2026-06-01,No material driver detected,
ENG-00289,2026-07-01,No material driver detected,
ENG-00289,2026-08-01,No material driver detected,
ENG-00290,2025-05-01,No material driver detected,
ENG-00290,2025-06-01,No material driver detected,
ENG-00290,2025-07-01,No material driver detected,
ENG-00290,2025-08-01,No material driver detected,
ENG-00290,2025-09-01,No material driver detected,
ENG-00290,2025-10-01,No material driver detected,
ENG-00290,2025-11-01,No material driver detected,
ENG-00290,2025-12-01,No material driver detected,
ENG-00290,2026-01-01,No material driver detected,
ENG-00290,2026-02-01,No material driver detected,
ENG-00291,2024-11-01,Client feedback | Sentiment | Contract stage,Client feedback (+1.23) | Sentiment (+0.64) | Contract stage (+0.47)
ENG-00291,2024-12-01,Performance | Client feedback | Sentiment,Performance (+4.00) | Client feedback (+2.52) | Sentiment (+2.38)
ENG-00291,2025-01-01,Client feedback | Sentiment | Performance,Client feedback (+2.57) | Sentiment (+1.70) | Performance (+1.11)
ENG-00291,2025-02-01,Performance | Sentiment | Client feedback,Performance (+3.67) | Sentiment (+3.10) | Client feedback (+3.08)
ENG-00291,2025-03-01,Sentiment | Performance | Client feedback,Sentiment (+2.80) | Performance (+2.67) | Client feedback (+1.74)
ENG-00292,2024-04-01,No material driver detected,
ENG-00292,2024-05-01,Client feedback | Performance,Client feedback (+1.40) | Performance (+0.24)
ENG-00292,2024-06-01,No material driver detected,
ENG-00292,2024-07-01,No material driver detected,
ENG-00292,2024-08-01,No material driver detected,
ENG-00292,2024-09-01,Client feedback | Performance,Client feedback (+1.57) | Performance (+1.48)
ENG-00292,2024-10-01,No material driver detected,
ENG-00292,2024-11-01,No material driver detected,
ENG-00292,2024-12-01,No material driver detected,
ENG-00292,2025-01-01,No material driver detected,
ENG-00292,2025-02-01,No material driver detected,
ENG-00292,2025-03-01,No material driver detected,
ENG-00292,2025-04-01,No material driver detected,
ENG-00293,2025-05-01,No material driver detected,
ENG-00293,2025-06-01,No material driver detected,
ENG-00293,2025-07-01,No material driver detected,
ENG-00293,2025-08-01,No material driver detected,
ENG-00293,2025-09-01,No material driver detected,
ENG-00293,2025-10-01,No material driver detected,
ENG-00293,2025-11-01,No material driver detected,
ENG-00293,2025-12-01,No material driver detected,
ENG-00293,2026-01-01,No material driver detected,
ENG-00293,2026-02-01,No material driver detected,
ENG-00294,2024-08-01,No material driver detected,
ENG-00294,2024-09-01,No material driver detected,
ENG-00294,2024-10-01,Client feedback | Contract stage | Role profile,Client feedback (+2.22) | Contract stage (+0.32) | Role profile (+0.26)
ENG-00294,2024-11-01,No material driver detected,
ENG-00294,2024-12-01,No material driver detected,
ENG-00294,2025-01-01,No material driver detected,
ENG-00294,2025-02-01,No material driver detected,
ENG-00294,2025-03-01,Client feedback | Performance | Role profile,Client feedback (+1.44) | Performance (+1.24) | Role profile (+0.26)
ENG-00295,2025-06-01,No material driver detected,
ENG-00295,2025-07-01,No material driver detected,
ENG-00295,2025-08-01,No material driver detected,
ENG-00295,2025-09-01,No material driver detected,
ENG-00295,2025-10-01,No material driver detected,
ENG-00295,2025-11-01,Client feedback | Role profile | Milestone delivery,Client feedback (+0.98) | Role profile (+0.35) | Milestone delivery (+0.25)
ENG-00295,2025-12-01,No material driver detected,
ENG-00295,2026-01-01,No material driver detected,
ENG-00296,2024-07-01,No material driver detected,
ENG-00296,2024-08-01,No material driver detected,
ENG-00296,2024-09-01,No material driver detected,
ENG-00296,2024-10-01,No material driver detected,
ENG-00296,2024-11-01,No material driver detected,
ENG-00296,2024-12-01,No material driver detected,
ENG-00296,2025-01-01,No material driver detected,
ENG-00297,2025-11-01,No material driver detected,
ENG-00297,2025-12-01,No material driver detected,
ENG-00297,2026-01-01,No material driver detected,
ENG-00297,2026-02-01,No material driver detected,
ENG-00297,2026-03-01,No material driver detected,
ENG-00297,2026-04-01,No material driver detected,
ENG-00297,2026-05-01,No material driver detected,
ENG-00297,2026-06-01,No material driver detected,
ENG-00297,2026-07-01,No material driver detected,
ENG-00297,2026-08-01,No material driver detected,
ENG-00298,2024-01-01,No material driver detected,
ENG-00298,2024-02-01,No material driver detected,
ENG-00298,2024-03-01,No material driver detected,
ENG-00298,2024-04-01,No material driver detected,
ENG-00298,2024-05-01,Performance | Client feedback | Sentiment,Performance (+1.23) | Client feedback (+0.46) | Sentiment (+0.33)
ENG-00298,2024-06-01,No material driver detected,
ENG-00298,2024-07-01,No material driver detected,
ENG-00298,2024-08-01,No material driver detected,
ENG-00298,2024-09-01,Sentiment | Client feedback | Performance,Sentiment (+1.36) | Client feedback (+0.60) | Performance (+0.36)
ENG-00298,2024-10-01,No material driver detected,
ENG-00298,2024-11-01,No material driver detected,
ENG-00298,2024-12-01,No material driver detected,
ENG-00299,2024-06-01,No material driver detected,
ENG-00299,2024-07-01,Performance | Contract stage | Role profile,Performance (+0.52) | Contract stage (+0.39) | Role profile (+0.35)
ENG-00299,2024-08-01,Client feedback | Sentiment | Role profile,Client feedback (+1.74) | Sentiment (+0.48) | Role profile (+0.35)
ENG-00299,2024-09-01,Sentiment | Performance | Role profile,Sentiment (+1.53) | Performance (+1.49) | Role profile (+0.35)
ENG-00299,2024-10-01,Client feedback | Performance | Sentiment,Client feedback (+2.22) | Performance (+1.77) | Sentiment (+0.95)
ENG-00299,2024-11-01,Client feedback | Sentiment | Performance,Client feedback (+2.74) | Sentiment (+2.44) | Performance (+1.60)
ENG-00300,2024-04-01,Contract stage | Client feedback | Performance,Contract stage (+0.41) | Client feedback (+0.40) | Performance (+0.25)
ENG-00300,2024-05-01,Client feedback | Performance | Sentiment,Client feedback (+2.10) | Performance (+1.34) | Sentiment (+0.71)
ENG-00300,2024-06-01,Performance | Client feedback | Sentiment,Performance (+3.18) | Client feedback (+2.60) | Sentiment (+1.20)
ENG-00300,2024-07-01,Client feedback | Performance | Sentiment,Client feedback (+4.06) | Performance (+3.42) | Sentiment (+3.05)
ENG-00301,2025-12-01,No material driver detected,
ENG-00301,2026-01-01,No material driver detected,
ENG-00301,2026-02-01,No material driver detected,
ENG-00301,2026-03-01,No material driver detected,
ENG-00301,2026-04-01,No material driver detected,
ENG-00301,2026-05-01,No material driver detected,
ENG-00301,2026-06-01,No material driver detected,
ENG-00301,2026-07-01,No material driver detected,
ENG-00302,2024-12-01,No material driver detected,
ENG-00302,2025-01-01,No material driver detected,
ENG-00302,2025-02-01,No material driver detected,
ENG-00302,2025-03-01,No material driver detected,
ENG-00302,2025-04-01,No material driver detected,
ENG-00302,2025-05-01,No material driver detected,
ENG-00302,2025-06-01,No material driver detected,
ENG-00302,2025-07-01,Client feedback | Performance | Milestone delivery,Client feedback (+2.67) | Performance (+0.91) | Milestone delivery (+0.35)
ENG-00303,2025-09-01,No material driver detected,
ENG-00303,2025-10-01,No material driver detected,
ENG-00303,2025-11-01,No material driver detected,
ENG-00303,2025-12-01,No material driver detected,
ENG-00303,2026-01-01,No material driver detected,
ENG-00303,2026-02-01,No material driver detected,
ENG-00303,2026-03-01,No material driver detected,
ENG-00303,2026-04-01,No material driver detected,
ENG-00303,2026-05-01,No material driver detected,
ENG-00303,2026-06-01,No material driver detected,
ENG-00303,2026-07-01,No material driver detected,
ENG-00303,2026-08-01,No material driver detected,
ENG-00304,2025-05-01,No material driver detected,
ENG-00304,2025-06-01,Performance | Contract stage | Sentiment,Performance (+1.45) | Contract stage (+0.33) | Sentiment (+0.26)
ENG-00304,2025-07-01,No material driver detected,
ENG-00304,2025-08-01,No material driver detected,
ENG-00304,2025-09-01,No material driver detected,
ENG-00304,2025-10-01,No material driver detected,
ENG-00304,2025-11-01,No material driver detected,
ENG-00304,2025-12-01,No material driver detected,
ENG-00304,2026-01-01,No material driver detected,
ENG-00305,2024-05-01,No material driver detected,
ENG-00305,2024-06-01,No material driver detected,
ENG-00305,2024-07-01,No material driver detected,
ENG-00305,2024-08-01,No material driver detected,
ENG-00305,2024-09-01,No material driver detected,
ENG-00305,2024-10-01,No material driver detected,
ENG-00305,2024-11-01,No material driver detected,
ENG-00305,2024-12-01,No material driver detected,
ENG-00305,2025-01-01,No material driver detected,
ENG-00305,2025-02-01,No material driver detected,
ENG-00306,2024-09-01,No material driver detected,
ENG-00306,2024-10-01,Performance | Contract stage | Milestone delivery,Performance (+1.15) | Contract stage (+0.39) | Milestone delivery (+0.26)
ENG-00306,2024-11-01,Client feedback | Performance | Sentiment,Client feedback (+1.50) | Performance (+1.06) | Sentiment (+0.74)
ENG-00306,2024-12-01,Client feedback | Sentiment | Contract stage,Client feedback (+1.93) | Sentiment (+0.29) | Contract stage (+0.24)
ENG-00306,2025-01-01,Client feedback | Sentiment | Performance,Client feedback (+2.01) | Sentiment (+1.98) | Performance (+1.95)
ENG-00307,2024-08-01,No material driver detected,
ENG-00307,2024-09-01,No material driver detected,
ENG-00307,2024-10-01,No material driver detected,
ENG-00307,2024-11-01,No material driver detected,
ENG-00307,2024-12-01,No material driver detected,
ENG-00307,2025-01-01,No material driver detected,
ENG-00307,2025-02-01,No material driver detected,
ENG-00307,2025-03-01,No material driver detected,
ENG-00307,2025-04-01,No material driver detected,
ENG-00307,2025-05-01,No material driver detected,
ENG-00308,2024-11-01,No material driver detected,
ENG-00308,2024-12-01,No material driver detected,
ENG-00308,2025-01-01,Performance | Role profile | Sentiment,Performance (+1.21) | Role profile (+0.35) | Sentiment (+0.15)
ENG-00308,2025-02-01,Performance | Client feedback | Role profile,Performance (+1.23) | Client feedback (+0.56) | Role profile (+0.35)
ENG-00308,2025-03-01,Sentiment | Client feedback | Performance,Sentiment (+0.60) | Client feedback (+0.58) | Performance (+0.51)
ENG-00308,2025-04-01,Client feedback | Performance | Sentiment,Client feedback (+1.65) | Performance (+1.56) | Sentiment (+1.49)
ENG-00308,2025-05-01,Client feedback | Performance | Milestone delivery,Client feedback (+2.68) | Performance (+0.87) | Milestone delivery (+0.64)
ENG-00309,2025-03-01,No material driver detected,
ENG-00309,2025-04-01,No material driver detected,
ENG-00309,2025-05-01,No material driver detected,
ENG-00309,2025-06-01,No material driver detected,
ENG-00309,2025-07-01,No material driver detected,
ENG-00309,2025-08-01,No material driver detected,
ENG-00309,2025-09-01,No material driver detected,
ENG-00309,2025-10-01,Client feedback | Sentiment | Performance,Client feedback (+1.88) | Sentiment (+0.73) | Performance (+0.47)
ENG-00309,2025-11-01,No material driver detected,
ENG-00309,2025-12-01,Client feedback | Performance | Sentiment,Client feedback (+2.75) | Performance (+1.25) | Sentiment (+0.99)
ENG-00310,2026-01-01,No material driver detected,
ENG-00310,2026-02-01,Performance | Client feedback | Role profile,Performance (+1.38) | Client feedback (+0.41) | Role profile (+0.25)
ENG-00310,2026-03-01,No material driver detected,
ENG-00310,2026-04-01,No material driver detected,
ENG-00310,2026-05-01,No material driver detected,
ENG-00310,2026-06-01,Performance | Sentiment | Client feedback,Performance (+0.71) | Sentiment (+0.64) | Client feedback (+0.49)
ENG-00310,2026-07-01,No material driver detected,
ENG-00310,2026-08-01,No material driver detected,
ENG-00311,2026-03-01,No material driver detected,
ENG-00311,2026-04-01,No material driver detected,
ENG-00311,2026-05-01,Client feedback | Performance | Role profile,Client feedback (+1.78) | Performance (+0.86) | Role profile (+0.26)
ENG-00311,2026-06-01,No material driver detected,
ENG-00311,2026-07-01,No material driver detected,
ENG-00311,2026-08-01,No material driver detected,
ENG-00312,2026-08-01,Role profile | Contract stage | Performance,Role profile (+0.35) | Contract stage (+0.35) | Performance (+0.34)
ENG-00313,2025-08-01,No material driver detected,
ENG-00313,2025-09-01,No material driver detected,
ENG-00313,2025-10-01,No material driver detected,
ENG-00313,2025-11-01,No material driver detected,
ENG-00313,2025-12-01,No material driver detected,
ENG-00313,2026-01-01,No material driver detected,
ENG-00313,2026-02-01,No material driver detected,
ENG-00313,2026-03-01,No material driver detected,
ENG-00313,2026-04-01,No material driver detected,
ENG-00313,2026-05-01,No material driver detected,
ENG-00313,2026-06-01,No material driver detected,
ENG-00314,2024-06-01,No material driver detected,
ENG-00314,2024-07-01,No material driver detected,
ENG-00314,2024-08-01,No material driver detected,
ENG-00314,2024-09-01,Client feedback | Performance,Client feedback (+1.55) | Performance (+1.03)
ENG-00314,2024-10-01,Sentiment | Client feedback,Sentiment (+1.43) | Client feedback (+1.18)
ENG-00314,2024-11-01,Performance | Sentiment | Milestone delivery,Performance (+2.12) | Sentiment (+0.82) | Milestone delivery (+0.36)
ENG-00314,2024-12-01,Client feedback | Sentiment | Performance,Client feedback (+1.63) | Sentiment (+1.21) | Performance (+0.55)
ENG-00315,2024-08-01,No material driver detected,
ENG-00315,2024-09-01,No material driver detected,
ENG-00315,2024-10-01,No material driver detected,
ENG-00315,2024-11-01,No material driver detected,
ENG-00315,2024-12-01,No material driver detected,
ENG-00315,2025-01-01,No material driver detected,
ENG-00315,2025-02-01,No material driver detected,
ENG-00316,2025-06-01,No material driver detected,
ENG-00316,2025-07-01,No material driver detected,
ENG-00316,2025-08-01,No material driver detected,
ENG-00316,2025-09-01,Client feedback | Sentiment | Milestone delivery,Client feedback (+1.82) | Sentiment (+1.49) | Milestone delivery (+0.34)
ENG-00316,2025-10-01,No material driver detected,
ENG-00316,2025-11-01,Client feedback | Sentiment,Client feedback (+1.24) | Sentiment (+1.11)
ENG-00316,2025-12-01,No material driver detected,
ENG-00317,2024-09-01,No material driver detected,
ENG-00317,2024-10-01,No material driver detected,
ENG-00317,2024-11-01,No material driver detected,
ENG-00317,2024-12-01,No material driver detected,
ENG-00317,2025-01-01,No material driver detected,
ENG-00317,2025-02-01,No material driver detected,
ENG-00317,2025-03-01,No material driver detected,
ENG-00317,2025-04-01,No material driver detected,
ENG-00317,2025-05-01,No material driver detected,
ENG-00317,2025-06-01,No material driver detected,
ENG-00317,2025-07-01,No material driver detected,
ENG-00318,2024-01-01,No material driver detected,
ENG-00318,2024-02-01,No material driver detected,
ENG-00318,2024-03-01,No material driver detected,
ENG-00318,2024-04-01,No material driver detected,
ENG-00318,2024-05-01,No material driver detected,
ENG-00318,2024-06-01,No material driver detected,
ENG-00318,2024-07-01,No material driver detected,
ENG-00318,2024-08-01,No material driver detected,
ENG-00318,2024-09-01,No material driver detected,
ENG-00319,2024-06-01,No material driver detected,
ENG-00319,2024-07-01,Client feedback | Sentiment | Performance,Client feedback (+1.26) | Sentiment (+0.60) | Performance (+0.42)
ENG-00319,2024-08-01,Client feedback | Performance | Sentiment,Client feedback (+1.33) | Performance (+1.17) | Sentiment (+1.03)
ENG-00319,2024-09-01,Performance | Client feedback | Sentiment,Performance (+2.03) | Client feedback (+1.79) | Sentiment (+1.65)
ENG-00319,2024-10-01,Client feedback | Performance | Sentiment,Client feedback (+2.41) | Performance (+2.03) | Sentiment (+0.97)
ENG-00320,2025-01-01,No material driver detected,
ENG-00320,2025-02-01,No material driver detected,
ENG-00320,2025-03-01,No material driver detected,
ENG-00320,2025-04-01,No material driver detected,
ENG-00320,2025-05-01,No material driver detected,
ENG-00320,2025-06-01,No material driver detected,
ENG-00320,2025-07-01,No material driver detected,
ENG-00321,2025-06-01,No material driver detected,
ENG-00321,2025-07-01,Performance | Client feedback | Sentiment,Performance (+2.54) | Client feedback (+1.99) | Sentiment (+1.70)
ENG-00321,2025-08-01,Client feedback | Sentiment | Performance,Client feedback (+1.74) | Sentiment (+1.46) | Performance (+0.41)
ENG-00321,2025-09-01,Client feedback | Sentiment | Performance,Client feedback (+2.17) | Sentiment (+2.16) | Performance (+1.21)
ENG-00321,2025-10-01,Performance | Client feedback | Sentiment,Performance (+4.27) | Client feedback (+3.39) | Sentiment (+2.10)
ENG-00322,2025-06-01,No material driver detected,
ENG-00322,2025-07-01,No material driver detected,
ENG-00322,2025-08-01,No material driver detected,
ENG-00322,2025-09-01,No material driver detected,
ENG-00322,2025-10-01,No material driver detected,
ENG-00322,2025-11-01,No material driver detected,
ENG-00322,2025-12-01,No material driver detected,
ENG-00322,2026-01-01,No material driver detected,
ENG-00322,2026-02-01,Client feedback | Milestone delivery | Sentiment,Client feedback (+1.48) | Milestone delivery (+0.49) | Sentiment (+0.46)
ENG-00322,2026-03-01,No material driver detected,
ENG-00323,2024-07-01,No material driver detected,
ENG-00323,2024-08-01,No material driver detected,
ENG-00323,2024-09-01,Client feedback | Sentiment | Performance,Client feedback (+1.74) | Sentiment (+1.29) | Performance (+1.27)
ENG-00323,2024-10-01,No material driver detected,
ENG-00323,2024-11-01,No material driver detected,
ENG-00323,2024-12-01,Client feedback | Performance | Sentiment,Client feedback (+2.24) | Performance (+0.93) | Sentiment (+0.61)
ENG-00323,2025-01-01,No material driver detected,
ENG-00323,2025-02-01,No material driver detected,
ENG-00323,2025-03-01,No material driver detected,
ENG-00323,2025-04-01,No material driver detected,
ENG-00323,2025-05-01,No material driver detected,
ENG-00324,2026-01-01,No material driver detected,
ENG-00324,2026-02-01,Performance | Client feedback | Contract stage,Performance (+2.44) | Client feedback (+1.05) | Contract stage (+0.33)
ENG-00324,2026-03-01,Client feedback | Sentiment | Contract stage,Client feedback (+1.90) | Sentiment (+1.90) | Contract stage (+0.25)
ENG-00324,2026-04-01,Performance | Client feedback | Contract stage,Performance (+2.52) | Client feedback (+0.45) | Contract stage (+0.18)
ENG-00325,2024-01-01,No material driver detected,
ENG-00325,2024-02-01,No material driver detected,
ENG-00325,2024-03-01,No material driver detected,
ENG-00325,2024-04-01,No material driver detected,
ENG-00325,2024-05-01,No material driver detected,
ENG-00325,2024-06-01,No material driver detected,
ENG-00325,2024-07-01,No material driver detected,
ENG-00325,2024-08-01,No material driver detected,
ENG-00326,2025-05-01,Client feedback | Performance | Contract stage,Client feedback (+0.73) | Performance (+0.70) | Contract stage (+0.41)
ENG-00326,2025-06-01,Client feedback | Milestone delivery | Contract stage,Client feedback (+0.97) | Milestone delivery (+0.72) | Contract stage (+0.33)
ENG-00326,2025-07-01,No material driver detected,
ENG-00326,2025-08-01,Performance | Milestone delivery | Contract stage,Performance (+0.95) | Milestone delivery (+0.45) | Contract stage (+0.18)
ENG-00326,2025-09-01,Performance | Sentiment | Client feedback,Performance (+1.26) | Sentiment (+0.65) | Client feedback (+0.19)
ENG-00326,2025-10-01,No material driver detected,
ENG-00326,2025-11-01,Client feedback | Performance | Utilisation,Client feedback (+1.02) | Performance (+0.59) | Utilisation (+0.18)
ENG-00326,2025-12-01,Performance | Sentiment | Milestone delivery,Performance (+1.88) | Sentiment (+1.57) | Milestone delivery (+0.30)
ENG-00326,2026-01-01,Performance | Client feedback | Utilisation,Performance (+0.97) | Client feedback (+0.67) | Utilisation (+0.22)
ENG-00327,2025-03-01,No material driver detected,
ENG-00327,2025-04-01,No material driver detected,
ENG-00327,2025-05-01,Performance | Sentiment | Client feedback,Performance (+2.39) | Sentiment (+1.38) | Client feedback (+0.50)
ENG-00327,2025-06-01,Sentiment | Client feedback | Performance,Sentiment (+1.27) | Client feedback (+0.49) | Performance (+0.30)
ENG-00327,2025-07-01,Client feedback | Performance | Sentiment,Client feedback (+3.90) | Performance (+3.16) | Sentiment (+1.56)
ENG-00327,2025-08-01,Performance | Sentiment | Client feedback,Performance (+3.33) | Sentiment (+1.99) | Client feedback (+1.75)
ENG-00328,2024-11-01,No material driver detected,
ENG-00328,2024-12-01,No material driver detected,
ENG-00328,2025-01-01,No material driver detected,
ENG-00328,2025-02-01,No material driver detected,
ENG-00328,2025-03-01,Performance | Client feedback | Sentiment,Performance (+1.64) | Client feedback (+0.94) | Sentiment (+0.33)
ENG-00328,2025-04-01,Client feedback | Sentiment | Performance,Client feedback (+2.16) | Sentiment (+1.44) | Performance (+0.79)
ENG-00328,2025-05-01,Performance | Client feedback,Performance (+2.58) | Client feedback (+1.58)
ENG-00329,2025-08-01,No material driver detected,
ENG-00329,2025-09-01,No material driver detected,
ENG-00329,2025-10-01,No material driver detected,
ENG-00329,2025-11-01,No material driver detected,
ENG-00329,2025-12-01,No material driver detected,
ENG-00329,2026-01-01,No material driver detected,
ENG-00329,2026-02-01,No material driver detected,
ENG-00329,2026-03-01,No material driver detected,
ENG-00329,2026-04-01,No material driver detected,
ENG-00329,2026-05-01,No material driver detected,
ENG-00329,2026-06-01,No material driver detected,
ENG-00329,2026-07-01,No material driver detected,
ENG-00329,2026-08-01,No material driver detected,
ENG-00330,2024-10-01,Contract stage | Client feedback | Role profile,Contract stage (+0.35) | Client feedback (+0.27) | Role profile (+0.25)
ENG-00330,2024-11-01,No material driver detected,
ENG-00330,2024-12-01,Client feedback | Sentiment | Role profile,Client feedback (+1.33) | Sentiment (+0.91) | Role profile (+0.25)
ENG-00330,2025-01-01,Performance | Client feedback | Role profile,Performance (+1.53) | Client feedback (+1.31) | Role profile (+0.25)
ENG-00330,2025-02-01,Performance | Sentiment | Milestone delivery,Performance (+1.23) | Sentiment (+1.20) | Milestone delivery (+0.57)
ENG-00330,2025-03-01,No material driver detected,
ENG-00330,2025-04-01,Performance | Client feedback | Role profile,Performance (+1.28) | Client feedback (+1.13) | Role profile (+0.25)
ENG-00330,2025-05-01,No material driver detected,
ENG-00330,2025-06-01,Client feedback | Sentiment | Role profile,Client feedback (+1.47) | Sentiment (+0.63) | Role profile (+0.25)
ENG-00330,2025-07-01,Client feedback | Performance | Sentiment,Client feedback (+1.05) | Performance (+0.61) | Sentiment (+0.55)
ENG-00331,2024-11-01,No material driver detected,
ENG-00331,2024-12-01,No material driver detected,
ENG-00331,2025-01-01,No material driver detected,
ENG-00331,2025-02-01,No material driver detected,
ENG-00331,2025-03-01,No material driver detected,
ENG-00331,2025-04-01,No material driver detected,
ENG-00331,2025-05-01,No material driver detected,
ENG-00331,2025-06-01,No material driver detected,
ENG-00332,2026-07-01,Performance | Contract stage | Client feedback,Performance (+0.92) | Contract stage (+0.54) | Client feedback (+0.48)
ENG-00332,2026-08-01,Client feedback | Sentiment | Performance,Client feedback (+2.19) | Sentiment (+1.28) | Performance (+0.92)
ENG-00332,2026-09-01,Client feedback | Performance | Sentiment,Client feedback (+2.31) | Performance (+2.06) | Sentiment (+1.45)
ENG-00332,2026-10-01,Client feedback | Performance | Sentiment,Client feedback (+5.23) | Performance (+3.73) | Sentiment (+2.11)
ENG-00332,2026-11-01,Sentiment | Client feedback | Performance,Sentiment (+3.19) | Client feedback (+1.36) | Performance (+0.66)
ENG-00333,2025-12-01,No material driver detected,
ENG-00333,2026-01-01,No material driver detected,
ENG-00333,2026-02-01,No material driver detected,
ENG-00333,2026-03-01,No material driver detected,
ENG-00333,2026-04-01,No material driver detected,
ENG-00333,2026-05-01,No material driver detected,
ENG-00333,2026-06-01,No material driver detected,
ENG-00333,2026-07-01,No material driver detected,
ENG-00333,2026-08-01,No material driver detected,
ENG-00334,2024-02-01,No material driver detected,
ENG-00334,2024-03-01,No material driver detected,
ENG-00334,2024-04-01,No material driver detected,
ENG-00334,2024-05-01,No material driver detected,
ENG-00334,2024-06-01,No material driver detected,
ENG-00334,2024-07-01,No material driver detected,
ENG-00334,2024-08-01,No material driver detected,
ENG-00334,2024-09-01,No material driver detected,
ENG-00334,2024-10-01,No material driver detected,
ENG-00334,2024-11-01,No material driver detected,
ENG-00334,2024-12-01,No material driver detected,
ENG-00335,2024-02-01,Performance | Client feedback | Contract stage,Performance (+0.91) | Client feedback (+0.56) | Contract stage (+0.29)
ENG-00335,2024-03-01,Milestone delivery | Client feedback | Utilisation,Milestone delivery (+1.12) | Client feedback (+0.52) | Utilisation (+0.35)
ENG-00335,2024-04-01,Client feedback | Sentiment | Performance,Client feedback (+1.19) | Sentiment (+1.11) | Performance (+0.80)
ENG-00335,2024-05-01,Client feedback | Sentiment | Performance,Client feedback (+1.82) | Sentiment (+1.40) | Performance (+0.46)
ENG-00335,2024-06-01,No material driver detected,
ENG-00335,2024-07-01,Performance | Client feedback | Sentiment,Performance (+3.02) | Client feedback (+1.55) | Sentiment (+0.93)
ENG-00335,2024-08-01,No material driver detected,
ENG-00335,2024-09-01,Performance | Sentiment | Client feedback,Performance (+1.50) | Sentiment (+1.11) | Client feedback (+0.59)
ENG-00335,2024-10-01,No material driver detected,
ENG-00335,2024-11-01,Performance | Sentiment | Client feedback,Performance (+1.13) | Sentiment (+0.48) | Client feedback (+0.43)
ENG-00335,2024-12-01,Client feedback | Performance | Role profile,Client feedback (+0.88) | Performance (+0.32) | Role profile (+0.25)
ENG-00336,2026-04-01,No material driver detected,
ENG-00336,2026-05-01,Performance | Client feedback | Contract stage,Performance (+2.76) | Client feedback (+1.08) | Contract stage (+0.46)
ENG-00336,2026-06-01,Client feedback | Sentiment | Performance,Client feedback (+3.57) | Sentiment (+1.16) | Performance (+1.12)
ENG-00336,2026-07-01,Performance | Client feedback | Sentiment,Performance (+2.92) | Client feedback (+2.27) | Sentiment (+2.13)
ENG-00337,2024-02-01,No material driver detected,
ENG-00337,2024-03-01,Client feedback | Milestone delivery | Sentiment,Client feedback (+2.30) | Milestone delivery (+0.41) | Sentiment (+0.39)
ENG-00337,2024-04-01,No material driver detected,
ENG-00337,2024-05-01,No material driver detected,
ENG-00337,2024-06-01,No material driver detected,
ENG-00337,2024-07-01,No material driver detected,
ENG-00337,2024-08-01,No material driver detected,
ENG-00337,2024-09-01,No material driver detected,
ENG-00337,2024-10-01,No material driver detected,
ENG-00337,2024-11-01,No material driver detected,
ENG-00337,2024-12-01,No material driver detected,
ENG-00337,2025-01-01,No material driver detected,
ENG-00337,2025-02-01,No material driver detected,
ENG-00338,2025-07-01,No material driver detected,
ENG-00338,2025-08-01,Client feedback | Performance | Sentiment,Client feedback (+1.32) | Performance (+0.90) | Sentiment (+0.82)
ENG-00338,2025-09-01,Client feedback | Sentiment | Performance,Client feedback (+3.38) | Sentiment (+1.24) | Performance (+1.13)
ENG-00338,2025-10-01,Performance | Sentiment | Role profile,Performance (+1.72) | Sentiment (+0.46) | Role profile (+0.35)
ENG-00338,2025-11-01,Client feedback | Sentiment | Performance,Client feedback (+4.11) | Sentiment (+3.13) | Performance (+2.80)
ENG-00338,2025-12-01,Client feedback | Sentiment | Performance,Client feedback (+3.75) | Sentiment (+1.87) | Performance (+1.61)
ENG-00339,2025-04-01,No material driver detected,
ENG-00339,2025-05-01,Client feedback | Sentiment | Contract stage,Client feedback (+1.83) | Sentiment (+0.85) | Contract stage (+0.46)
ENG-00339,2025-06-01,Performance | Contract stage | Sentiment,Performance (+2.76) | Contract stage (+0.38) | Sentiment (+0.24)
ENG-00339,2025-07-01,No material driver detected,
ENG-00339,2025-08-01,No material driver detected,
ENG-00339,2025-09-01,Client feedback | Performance | Milestone delivery,Client feedback (+1.67) | Performance (+0.87) | Milestone delivery (+0.24)
ENG-00339,2025-10-01,No material driver detected,
ENG-00340,2024-08-01,No material driver detected,
ENG-00340,2024-09-01,No material driver detected,
ENG-00340,2024-10-01,No material driver detected,
ENG-00340,2024-11-01,No material driver detected,
ENG-00340,2024-12-01,Sentiment | Client feedback | Performance,Sentiment (+2.29) | Client feedback (+1.80) | Performance (+0.37)
ENG-00340,2025-01-01,Performance | Client feedback | Sentiment,Performance (+2.76) | Client feedback (+0.88) | Sentiment (+0.59)
ENG-00341,2025-03-01,No material driver detected,
ENG-00341,2025-04-01,Sentiment | Client feedback | Contract stage,Sentiment (+1.98) | Client feedback (+0.97) | Contract stage (+0.39)
ENG-00341,2025-05-01,Performance | Sentiment | Client feedback,Performance (+1.63) | Sentiment (+0.45) | Client feedback (+0.39)
ENG-00341,2025-06-01,Sentiment | Performance | Milestone delivery,Sentiment (+1.95) | Performance (+1.25) | Milestone delivery (+1.02)
ENG-00341,2025-07-01,No material driver detected,
ENG-00341,2025-08-01,Client feedback | Sentiment | Milestone delivery,Client feedback (+2.35) | Sentiment (+0.75) | Milestone delivery (+0.48)
ENG-00341,2025-09-01,Sentiment | Client feedback | Performance,Sentiment (+0.94) | Client feedback (+0.93) | Performance (+0.59)
ENG-00341,2025-10-01,Client feedback | Performance | Sentiment,Client feedback (+1.87) | Performance (+1.26) | Sentiment (+0.25)
ENG-00342,2025-10-01,No material driver detected,
ENG-00342,2025-11-01,No material driver detected,
ENG-00342,2025-12-01,No material driver detected,
ENG-00342,2026-01-01,No material driver detected,
ENG-00342,2026-02-01,Client feedback | Sentiment | Utilisation,Client feedback (+2.08) | Sentiment (+0.67) | Utilisation (+0.21)
ENG-00342,2026-03-01,No material driver detected,
ENG-00342,2026-04-01,No material driver detected,
ENG-00342,2026-05-01,No material driver detected,
ENG-00342,2026-06-01,No material driver detected,
ENG-00342,2026-07-01,No material driver detected,
ENG-00342,2026-08-01,No material driver detected,
ENG-00343,2025-02-01,No material driver detected,
ENG-00343,2025-03-01,No material driver detected,
ENG-00343,2025-04-01,No material driver detected,
ENG-00343,2025-05-01,No material driver detected,
ENG-00343,2025-06-01,No material driver detected,
ENG-00343,2025-07-01,No material driver detected,
ENG-00343,2025-08-01,No material driver detected,
ENG-00344,2025-08-01,No material driver detected,
ENG-00344,2025-09-01,Performance | Client feedback | Role profile,Performance (+1.22) | Client feedback (+1.13) | Role profile (+0.35)
ENG-00344,2025-10-01,Performance | Sentiment | Role profile,Performance (+2.58) | Sentiment (+1.03) | Role profile (+0.35)
ENG-00344,2025-11-01,Sentiment | Client feedback | Performance,Sentiment (+2.28) | Client feedback (+1.91) | Performance (+1.71)
ENG-00344,2025-12-01,Client feedback | Performance | Sentiment,Client feedback (+2.66) | Performance (+2.30) | Sentiment (+1.37)
ENG-00345,2025-02-01,No material driver detected,
ENG-00345,2025-03-01,No material driver detected,
ENG-00345,2025-04-01,Performance | Client feedback | Sentiment,Performance (+0.64) | Client feedback (+0.49) | Sentiment (+0.36)
ENG-00345,2025-05-01,No material driver detected,
ENG-00345,2025-06-01,No material driver detected,
ENG-00345,2025-07-01,No material driver detected,
ENG-00345,2025-08-01,No material driver detected,
ENG-00345,2025-09-01,No material driver detected,
ENG-00345,2025-10-01,No material driver detected,
ENG-00345,2025-11-01,No material driver detected,
ENG-00346,2025-09-01,No material driver detected,
ENG-00346,2025-10-01,Performance | Client feedback,Performance (+2.04) | Client feedback (+0.67)
ENG-00346,2025-11-01,Performance | Milestone delivery | Client feedback,Performance (+0.85) | Milestone delivery (+0.52) | Client feedback (+0.40)
ENG-00346,2025-12-01,No material driver detected,
ENG-00346,2026-01-01,No material driver detected,
ENG-00346,2026-02-01,No material driver detected,
ENG-00346,2026-03-01,No material driver detected,
ENG-00346,2026-04-01,Sentiment | Client feedback | Performance,Sentiment (+2.06) | Client feedback (+1.16) | Performance (+0.57)
ENG-00346,2026-05-01,Client feedback | Sentiment | Performance,Client feedback (+2.02) | Sentiment (+1.06) | Performance (+0.59)
ENG-00346,2026-06-01,Performance | Sentiment | Client feedback,Performance (+2.88) | Sentiment (+2.48) | Client feedback (+1.70)
ENG-00346,2026-07-01,Client feedback | Performance | Sentiment,Client feedback (+3.56) | Performance (+2.09) | Sentiment (+1.58)
ENG-00347,2026-04-01,No material driver detected,
ENG-00347,2026-05-01,Client feedback | Performance,Client feedback (+1.37) | Performance (+1.18)
ENG-00347,2026-06-01,No material driver detected,
ENG-00347,2026-07-01,No material driver detected,
ENG-00347,2026-08-01,No material driver detected,
ENG-00348,2024-04-01,No material driver detected,
ENG-00348,2024-05-01,No material driver detected,
ENG-00348,2024-06-01,No material driver detected,
ENG-00348,2024-07-01,No material driver detected,
ENG-00348,2024-08-01,No material driver detected,
ENG-00348,2024-09-01,No material driver detected,
ENG-00348,2024-10-01,No material driver detected,
ENG-00348,2024-11-01,No material driver detected,
ENG-00349,2025-11-01,No material driver detected,
ENG-00349,2025-12-01,No material driver detected,
ENG-00349,2026-01-01,No material driver detected,
ENG-00349,2026-02-01,No material driver detected,
ENG-00349,2026-03-01,No material driver detected,
ENG-00349,2026-04-01,No material driver detected,
ENG-00349,2026-05-01,No material driver detected,
ENG-00349,2026-06-01,No material driver detected,
ENG-00349,2026-07-01,No material driver detected,
ENG-00349,2026-08-01,No material driver detected,
ENG-00350,2025-11-01,No material driver detected,
ENG-00350,2025-12-01,No material driver detected,
ENG-00350,2026-01-01,No material driver detected,
ENG-00350,2026-02-01,No material driver detected,
ENG-00350,2026-03-01,No material driver detected,
ENG-00350,2026-04-01,No material driver detected,
ENG-00350,2026-05-01,No material driver detected,
ENG-00350,2026-06-01,No material driver detected,
ENG-00350,2026-07-01,No material driver detected,
ENG-00350,2026-08-01,No material driver detected,
ENG-00351,2025-02-01,No material driver detected,
ENG-00351,2025-03-01,No material driver detected,
ENG-00351,2025-04-01,No material driver detected,
ENG-00351,2025-05-01,No material driver detected,
ENG-00351,2025-06-01,No material driver detected,
ENG-00351,2025-07-01,Client feedback | Sentiment | Performance,Client feedback (+0.42) | Sentiment (+0.42) | Performance (+0.42)
ENG-00351,2025-08-01,No material driver detected,
ENG-00351,2025-09-01,Performance | Milestone delivery | Role profile,Performance (+2.47) | Milestone delivery (+0.29) | Role profile (+0.26)
ENG-00352,2026-07-01,No material driver detected,
ENG-00352,2026-08-01,No material driver detected,
ENG-00353,2024-11-01,Performance | Sentiment | Contract stage,Performance (+1.22) | Sentiment (+0.79) | Contract stage (+0.41)
ENG-00353,2024-12-01,Client feedback | Milestone delivery | Role profile,Client feedback (+1.70) | Milestone delivery (+0.54) | Role profile (+0.35)
ENG-00353,2025-01-01,Sentiment | Performance | Client feedback,Sentiment (+1.69) | Performance (+1.61) | Client feedback (+0.37)
ENG-00353,2025-02-01,No material driver detected,
ENG-00353,2025-03-01,Client feedback | Performance | Role profile,Client feedback (+1.63) | Performance (+0.48) | Role profile (+0.35)
ENG-00353,2025-04-01,Client feedback | Performance | Milestone delivery,Client feedback (+0.94) | Performance (+0.92) | Milestone delivery (+0.58)
ENG-00353,2025-05-01,No material driver detected,
ENG-00353,2025-06-01,Client feedback | Sentiment | Performance,Client feedback (+2.43) | Sentiment (+1.28) | Performance (+1.03)
ENG-00353,2025-07-01,No material driver detected,
ENG-00354,2025-01-01,No material driver detected,
ENG-00354,2025-02-01,No material driver detected,
ENG-00354,2025-03-01,No material driver detected,
ENG-00354,2025-04-01,No material driver detected,
ENG-00354,2025-05-01,No material driver detected,
ENG-00354,2025-06-01,No material driver detected,
ENG-00354,2025-07-01,No material driver detected,
ENG-00354,2025-08-01,No material driver detected,
ENG-00354,2025-09-01,No material driver detected,
ENG-00354,2025-10-01,No material driver detected,
ENG-00355,2026-06-01,No material driver detected,
ENG-00355,2026-07-01,No material driver detected,
ENG-00355,2026-08-01,No material driver detected,
ENG-00356,2025-07-01,No material driver detected,
ENG-00356,2025-08-01,No material driver detected,
ENG-00356,2025-09-01,No material driver detected,
ENG-00356,2025-10-01,No material driver detected,
ENG-00356,2025-11-01,No material driver detected,
ENG-00356,2025-12-01,No material driver detected,
ENG-00356,2026-01-01,No material driver detected,
ENG-00356,2026-02-01,No material driver detected,
ENG-00356,2026-03-01,No material driver detected,
ENG-00356,2026-04-01,No material driver detected,
ENG-00356,2026-05-01,No material driver detected,
ENG-00357,2024-12-01,No material driver detected,
ENG-00357,2025-01-01,No material driver detected,
ENG-00357,2025-02-01,No material driver detected,
ENG-00357,2025-03-01,Performance | Milestone delivery | Contract stage,Performance (+2.54) | Milestone delivery (+0.40) | Contract stage (+0.30)
ENG-00357,2025-04-01,No material driver detected,
ENG-00357,2025-05-01,No material driver detected,
ENG-00357,2025-06-01,No material driver detected,
ENG-00358,2025-04-01,No material driver detected,
ENG-00358,2025-05-01,Performance | Contract stage | Role profile,Performance (+2.04) | Contract stage (+0.27) | Role profile (+0.26)
ENG-00358,2025-06-01,No material driver detected,
ENG-00358,2025-07-01,No material driver detected,
ENG-00358,2025-08-01,No material driver detected,
ENG-00358,2025-09-01,Client feedback | Role profile | Milestone delivery,Client feedback (+1.46) | Role profile (+0.26) | Milestone delivery (+0.25)
ENG-00358,2025-10-01,No material driver detected,
ENG-00358,2025-11-01,No material driver detected,
ENG-00358,2025-12-01,No material driver detected,
ENG-00358,2026-01-01,No material driver detected,
ENG-00359,2025-05-01,No material driver detected,
ENG-00359,2025-06-01,Client feedback | Sentiment | Contract stage,Client feedback (+1.39) | Sentiment (+1.32) | Contract stage (+0.46)
ENG-00359,2025-07-01,Performance | Client feedback | Contract stage,Performance (+1.34) | Client feedback (+0.59) | Contract stage (+0.38)
ENG-00359,2025-08-01,No material driver detected,
ENG-00359,2025-09-01,Client feedback | Performance | Sentiment,Client feedback (+1.96) | Performance (+1.06) | Sentiment (+0.92)
ENG-00359,2025-10-01,No material driver detected,
ENG-00359,2025-11-01,Performance | Sentiment,Performance (+1.54) | Sentiment (+1.47)
ENG-00360,2024-03-01,No material driver detected,
ENG-00360,2024-04-01,No material driver detected,
ENG-00360,2024-05-01,No material driver detected,
ENG-00360,2024-06-01,No material driver detected,
ENG-00360,2024-07-01,No material driver detected,
ENG-00360,2024-08-01,No material driver detected,
ENG-00360,2024-09-01,No material driver detected,
ENG-00360,2024-10-01,No material driver detected,
ENG-00360,2024-11-01,No material driver detected,
ENG-00360,2024-12-01,No material driver detected,
ENG-00360,2025-01-01,No material driver detected,
ENG-00361,2024-04-01,No material driver detected,
ENG-00361,2024-05-01,No material driver detected,
ENG-00361,2024-06-01,No material driver detected,
ENG-00361,2024-07-01,No material driver detected,
ENG-00361,2024-08-01,No material driver detected,
ENG-00361,2024-09-01,Client feedback | Performance | Role profile,Client feedback (+1.03) | Performance (+1.01) | Role profile (+0.26)
ENG-00361,2024-10-01,No material driver detected,
ENG-00361,2024-11-01,No material driver detected,
ENG-00361,2024-12-01,No material driver detected,
ENG-00361,2025-01-01,No material driver detected,
ENG-00361,2025-02-01,No material driver detected,
ENG-00362,2025-01-01,No material driver detected,
ENG-00362,2025-02-01,Client feedback | Sentiment | Contract stage,Client feedback (+1.44) | Sentiment (+0.54) | Contract stage (+0.46)
ENG-00362,2025-03-01,Client feedback | Sentiment | Performance,Client feedback (+1.80) | Sentiment (+0.94) | Performance (+0.86)
ENG-00362,2025-04-01,Client feedback | Performance | Sentiment,Client feedback (+3.36) | Performance (+2.83) | Sentiment (+1.39)
ENG-00363,2024-03-01,No material driver detected,
ENG-00363,2024-04-01,No material driver detected,
ENG-00363,2024-05-01,No material driver detected,
ENG-00363,2024-06-01,No material driver detected,
ENG-00363,2024-07-01,No material driver detected,
ENG-00363,2024-08-01,No material driver detected,
ENG-00363,2024-09-01,No material driver detected,
ENG-00363,2024-10-01,Sentiment | Client feedback | Role profile,Sentiment (+1.01) | Client feedback (+0.74) | Role profile (+0.26)
ENG-00364,2026-05-01,Performance | Client feedback | Sentiment,Performance (+1.37) | Client feedback (+1.02) | Sentiment (+0.68)
ENG-00364,2026-06-01,Client feedback | Sentiment | Performance,Client feedback (+2.18) | Sentiment (+1.61) | Performance (+1.08)
ENG-00364,2026-07-01,Performance | Client feedback | Sentiment,Performance (+2.99) | Client feedback (+2.22) | Sentiment (+0.91)
ENG-00364,2026-08-01,Client feedback | Performance | Sentiment,Client feedback (+2.82) | Performance (+1.79) | Sentiment (+1.55)
ENG-00364,2026-09-01,Sentiment | Client feedback | Performance,Sentiment (+3.56) | Client feedback (+3.31) | Performance (+1.45)
ENG-00364,2026-10-01,Performance | Client feedback | Sentiment,Performance (+4.15) | Client feedback (+3.05) | Sentiment (+1.04)
ENG-00365,2026-08-01,No material driver detected,
ENG-00366,2025-10-01,No material driver detected,
ENG-00366,2025-11-01,No material driver detected,
ENG-00366,2025-12-01,No material driver detected,
ENG-00366,2026-01-01,No material driver detected,
ENG-00366,2026-02-01,No material driver detected,
ENG-00366,2026-03-01,No material driver detected,
ENG-00366,2026-04-01,Client feedback | Performance | Sentiment,Client feedback (+2.52) | Performance (+1.28) | Sentiment (+0.61)
ENG-00366,2026-05-01,Client feedback | Performance | Milestone delivery,Client feedback (+3.51) | Performance (+0.67) | Milestone delivery (+0.66)
ENG-00366,2026-06-01,Sentiment | Performance,Sentiment (+2.34) | Performance (+1.96)
ENG-00366,2026-07-01,Client feedback | Sentiment | Performance,Client feedback (+3.25) | Sentiment (+2.60) | Performance (+1.62)
ENG-00367,2025-12-01,No material driver detected,
ENG-00367,2026-01-01,No material driver detected,
ENG-00367,2026-02-01,No material driver detected,
ENG-00367,2026-03-01,No material driver detected,
ENG-00367,2026-04-01,No material driver detected,
ENG-00367,2026-05-01,No material driver detected,
ENG-00367,2026-06-01,No material driver detected,
ENG-00367,2026-07-01,Client feedback | Performance | Sentiment,Client feedback (+1.42) | Performance (+0.66) | Sentiment (+0.38)
ENG-00367,2026-08-01,No material driver detected,
ENG-00368,2024-09-01,No material driver detected,
ENG-00368,2024-10-01,No material driver detected,
ENG-00368,2024-11-01,No material driver detected,
ENG-00368,2024-12-01,No material driver detected,
ENG-00368,2025-01-01,No material driver detected,
ENG-00368,2025-02-01,No material driver detected,
ENG-00368,2025-03-01,No material driver detected,
ENG-00368,2025-04-01,No material driver detected,
ENG-00368,2025-05-01,No material driver detected,
ENG-00369,2025-12-01,No material driver detected,
ENG-00369,2026-01-01,No material driver detected,
ENG-00369,2026-02-01,No material driver detected,
ENG-00369,2026-03-01,No material driver detected,
ENG-00369,2026-04-01,No material driver detected,
ENG-00369,2026-05-01,No material driver detected,
ENG-00369,2026-06-01,No material driver detected,
ENG-00369,2026-07-01,No material driver detected,
ENG-00369,2026-08-01,No material driver detected,
ENG-00370,2025-09-01,No material driver detected,
ENG-00370,2025-10-01,No material driver detected,
ENG-00370,2025-11-01,No material driver detected,
ENG-00370,2025-12-01,No material driver detected,
ENG-00370,2026-01-01,No material driver detected,
ENG-00370,2026-02-01,Performance | Sentiment | Client feedback,Performance (+0.51) | Sentiment (+0.50) | Client feedback (+0.45)
ENG-00370,2026-03-01,No material driver detected,
ENG-00370,2026-04-01,No material driver detected,
ENG-00370,2026-05-01,No material driver detected,
ENG-00371,2026-04-01,No material driver detected,
ENG-00371,2026-05-01,No material driver detected,
ENG-00371,2026-06-01,No material driver detected,
ENG-00371,2026-07-01,Performance | Client feedback | Role profile,Performance (+1.52) | Client feedback (+1.19) | Role profile (+0.35)
ENG-00371,2026-08-01,No material driver detected,
ENG-00372,2024-07-01,Sentiment | Client feedback | Contract stage,Sentiment (+0.49) | Client feedback (+0.39) | Contract stage (+0.29)
ENG-00372,2024-08-01,No material driver detected,
ENG-00372,2024-09-01,No material driver detected,
ENG-00372,2024-10-01,No material driver detected,
ENG-00372,2024-11-01,Performance | Sentiment | Client feedback,Performance (+1.28) | Sentiment (+1.13) | Client feedback (+0.61)
ENG-00372,2024-12-01,No material driver detected,
ENG-00372,2025-01-01,No material driver detected,
ENG-00372,2025-02-01,No material driver detected,
ENG-00372,2025-03-01,No material driver detected,
ENG-00372,2025-04-01,No material driver detected,
ENG-00372,2025-05-01,No material driver detected,
ENG-00373,2026-04-01,No material driver detected,
ENG-00373,2026-05-01,No material driver detected,
ENG-00373,2026-06-01,No material driver detected,
ENG-00373,2026-07-01,Performance | Role profile | Contract stage,Performance (+1.18) | Role profile (+0.25) | Contract stage (+0.24)
ENG-00373,2026-08-01,No material driver detected,
ENG-00374,2026-02-01,No material driver detected,
ENG-00374,2026-03-01,No material driver detected,
ENG-00374,2026-04-01,No material driver detected,
ENG-00374,2026-05-01,No material driver detected,
ENG-00374,2026-06-01,No material driver detected,
ENG-00374,2026-07-01,No material driver detected,
ENG-00374,2026-08-01,No material driver detected,
ENG-00375,2026-05-01,No material driver detected,
ENG-00375,2026-06-01,No material driver detected,
ENG-00375,2026-07-01,No material driver detected,
ENG-00375,2026-08-01,Performance | Sentiment | Client feedback,Performance (+1.85) | Sentiment (+0.61) | Client feedback (+0.56)
ENG-00376,2024-06-01,Sentiment | Client feedback | Performance,Sentiment (+0.89) | Client feedback (+0.45) | Performance (+0.45)
ENG-00376,2024-07-01,Sentiment | Client feedback | Performance,Sentiment (+1.77) | Client feedback (+0.30) | Performance (+0.20)
ENG-00376,2024-08-01,Performance | Client feedback,Performance (+3.08) | Client feedback (+2.41)
ENG-00376,2024-09-01,Client feedback | Sentiment | Performance,Client feedback (+2.32) | Sentiment (+1.68) | Performance (+1.67)
ENG-00376,2024-10-01,Client feedback | Performance | Sentiment,Client feedback (+2.32) | Performance (+2.09) | Sentiment (+1.96)
ENG-00377,2025-11-01,Client feedback | Performance | Sentiment,Client feedback (+1.27) | Performance (+1.22) | Sentiment (+0.92)
ENG-00377,2025-12-01,No material driver detected,
ENG-00377,2026-01-01,Sentiment | Milestone delivery | Client feedback,Sentiment (+1.23) | Milestone delivery (+0.66) | Client feedback (+0.43)
ENG-00377,2026-02-01,Performance | Client feedback | Sentiment,Performance (+1.37) | Client feedback (+1.24) | Sentiment (+0.79)
ENG-00377,2026-03-01,No material driver detected,
ENG-00377,2026-04-01,Client feedback | Performance | Milestone delivery,Client feedback (+1.78) | Performance (+0.74) | Milestone delivery (+0.57)
ENG-00377,2026-05-01,Client feedback | Performance | Sentiment,Client feedback (+1.23) | Performance (+1.17) | Sentiment (+0.35)
ENG-00377,2026-06-01,No material driver detected,
ENG-00378,2024-10-01,No material driver detected,
ENG-00378,2024-11-01,No material driver detected,
ENG-00378,2024-12-01,No material driver detected,
ENG-00378,2025-01-01,No material driver detected,
ENG-00378,2025-02-01,No material driver detected,
ENG-00378,2025-03-01,No material driver detected,
ENG-00378,2025-04-01,No material driver detected,
ENG-00378,2025-05-01,No material driver detected,
ENG-00379,2026-06-01,No material driver detected,
ENG-00379,2026-07-01,No material driver detected,
ENG-00379,2026-08-01,Performance | Milestone delivery | Client feedback,Performance (+1.39) | Milestone delivery (+0.64) | Client feedback (+0.30)
ENG-00380,2025-05-01,No material driver detected,
ENG-00380,2025-06-01,No material driver detected,
ENG-00380,2025-07-01,No material driver detected,
ENG-00380,2025-08-01,No material driver detected,
ENG-00380,2025-09-01,No material driver detected,
ENG-00380,2025-10-01,No material driver detected,
ENG-00380,2025-11-01,No material driver detected,
ENG-00380,2025-12-01,No material driver detected,
ENG-00380,2026-01-01,No material driver detected,
ENG-00380,2026-02-01,No material driver detected,
ENG-00380,2026-03-01,No material driver detected,
ENG-00381,2024-07-01,No material driver detected,
ENG-00381,2024-08-01,No material driver detected,
ENG-00381,2024-09-01,No material driver detected,
ENG-00381,2024-10-01,Performance | Client feedback | Contract stage,Performance (+1.07) | Client feedback (+0.79) | Contract stage (+0.30)
ENG-00381,2024-11-01,No material driver detected,
ENG-00381,2024-12-01,No material driver detected,
ENG-00381,2025-01-01,Performance | Sentiment | Milestone delivery,Performance (+2.11) | Sentiment (+0.35) | Milestone delivery (+0.29)
ENG-00382,2024-06-01,No material driver detected,
ENG-00382,2024-07-01,No material driver detected,
ENG-00382,2024-08-01,No material driver detected,
ENG-00382,2024-09-01,No material driver detected,
ENG-00382,2024-10-01,No material driver detected,
ENG-00382,2024-11-01,No material driver detected,
ENG-00382,2024-12-01,No material driver detected,
ENG-00382,2025-01-01,No material driver detected,
ENG-00382,2025-02-01,No material driver detected,
ENG-00382,2025-03-01,No material driver detected,
ENG-00382,2025-04-01,No material driver detected,
ENG-00382,2025-05-01,No material driver detected,
ENG-00382,2025-06-01,No material driver detected,
ENG-00383,2025-12-01,Client feedback | Performance | Sentiment,Client feedback (+1.61) | Performance (+1.49) | Sentiment (+1.34)
ENG-00383,2026-01-01,Client feedback | Sentiment | Performance,Client feedback (+2.25) | Sentiment (+1.88) | Performance (+1.69)
ENG-00383,2026-02-01,No material driver detected,
ENG-00383,2026-03-01,Performance | Client feedback | Sentiment,Performance (+3.65) | Client feedback (+2.15) | Sentiment (+1.13)
ENG-00383,2026-04-01,Client feedback | Sentiment | Milestone delivery,Client feedback (+2.09) | Sentiment (+1.13) | Milestone delivery (+0.57)
ENG-00383,2026-05-01,Performance | Sentiment,Performance (+1.79) | Sentiment (+0.68)
ENG-00383,2026-06-01,Performance | Client feedback | Sentiment,Performance (+2.80) | Client feedback (+2.28) | Sentiment (+1.13)
ENG-00383,2026-07-01,No material driver detected,
ENG-00383,2026-08-01,Performance | Client feedback | Sentiment,Performance (+2.02) | Client feedback (+1.65) | Sentiment (+1.55)
ENG-00384,2026-03-01,No material driver detected,
ENG-00384,2026-04-01,No material driver detected,
ENG-00384,2026-05-01,No material driver detected,
ENG-00384,2026-06-01,No material driver detected,
ENG-00384,2026-07-01,No material driver detected,
ENG-00384,2026-08-01,No material driver detected,
ENG-00385,2024-09-01,No material driver detected,
ENG-00385,2024-10-01,No material driver detected,
ENG-00385,2024-11-01,No material driver detected,
ENG-00385,2024-12-01,Client feedback | Sentiment | Utilisation,Client feedback (+1.86) | Sentiment (+1.79) | Utilisation (+0.18)
ENG-00385,2025-01-01,Client feedback | Performance | Sentiment,Client feedback (+2.03) | Performance (+1.59) | Sentiment (+0.78)
ENG-00385,2025-02-01,Sentiment | Performance | Client feedback,Sentiment (+0.73) | Performance (+0.64) | Client feedback (+0.53)
ENG-00385,2025-03-01,Client feedback | Performance | Sentiment,Client feedback (+2.36) | Performance (+2.20) | Sentiment (+0.66)
ENG-00386,2025-12-01,No material driver detected,
ENG-00386,2026-01-01,No material driver detected,
ENG-00386,2026-02-01,No material driver detected,
ENG-00386,2026-03-01,No material driver detected,
ENG-00386,2026-04-01,No material driver detected,
ENG-00386,2026-05-01,No material driver detected,
ENG-00386,2026-06-01,No material driver detected,
ENG-00386,2026-07-01,No material driver detected,
ENG-00386,2026-08-01,No material driver detected,
ENG-00387,2026-04-01,No material driver detected,
ENG-00387,2026-05-01,No material driver detected,
ENG-00387,2026-06-01,No material driver detected,
ENG-00387,2026-07-01,No material driver detected,
ENG-00387,2026-08-01,No material driver detected,
ENG-00388,2024-03-01,No material driver detected,
ENG-00388,2024-04-01,No material driver detected,
ENG-00388,2024-05-01,No material driver detected,
ENG-00388,2024-06-01,Client feedback | Sentiment | Performance,Client feedback (+3.65) | Sentiment (+0.85) | Performance (+0.66)
ENG-00388,2024-07-01,Performance | Client feedback | Role profile,Performance (+1.15) | Client feedback (+0.74) | Role profile (+0.26)
ENG-00388,2024-08-01,Performance | Sentiment | Client feedback,Performance (+1.79) | Sentiment (+1.15) | Client feedback (+0.57)
ENG-00389,2024-08-01,No material driver detected,
ENG-00389,2024-09-01,Performance | Sentiment | Client feedback,Performance (+1.64) | Sentiment (+0.89) | Client feedback (+0.40)
ENG-00389,2024-10-01,Performance | Client feedback | Milestone delivery,Performance (+1.58) | Client feedback (+0.98) | Milestone delivery (+0.74)
ENG-00389,2024-11-01,Client feedback | Sentiment | Performance,Client feedback (+3.71) | Sentiment (+2.23) | Performance (+0.88)
ENG-00389,2024-12-01,Performance | Client feedback | Sentiment,Performance (+4.46) | Client feedback (+3.58) | Sentiment (+1.68)
ENG-00390,2024-01-01,No material driver detected,
ENG-00390,2024-02-01,Client feedback | Milestone delivery | Contract stage,Client feedback (+2.52) | Milestone delivery (+0.51) | Contract stage (+0.46)
ENG-00390,2024-03-01,Performance | Client feedback | Sentiment,Performance (+2.79) | Client feedback (+2.13) | Sentiment (+1.25)
ENG-00390,2024-04-01,Sentiment | Performance | Client feedback,Sentiment (+2.51) | Performance (+2.30) | Client feedback (+1.90)
ENG-00391,2024-10-01,No material driver detected,
ENG-00391,2024-11-01,No material driver detected,
ENG-00391,2024-12-01,No material driver detected,
ENG-00391,2025-01-01,No material driver detected,
ENG-00391,2025-02-01,No material driver detected,
ENG-00391,2025-03-01,No material driver detected,
ENG-00391,2025-04-01,No material driver detected,
ENG-00391,2025-05-01,No material driver detected,
ENG-00391,2025-06-01,No material driver detected,
ENG-00391,2025-07-01,No material driver detected,
ENG-00391,2025-08-01,No material driver detected,
ENG-00391,2025-09-01,No material driver detected,
ENG-00392,2024-08-01,No material driver detected,
ENG-00392,2024-09-01,No material driver detected,
ENG-00392,2024-10-01,No material driver detected,
ENG-00392,2024-11-01,No material driver detected,
ENG-00392,2024-12-01,No material driver detected,
ENG-00392,2025-01-01,No material driver detected,
ENG-00392,2025-02-01,No material driver detected,
ENG-00392,2025-03-01,No material driver detected,
ENG-00392,2025-04-01,No material driver detected,
ENG-00392,2025-05-01,No material driver detected,
ENG-00392,2025-06-01,No material driver detected,
ENG-00392,2025-07-01,No material driver detected,
ENG-00393,2026-06-01,Performance | Client feedback | Sentiment,Performance (+1.19) | Client feedback (+1.12) | Sentiment (+0.83)
ENG-00393,2026-07-01,Client feedback | Performance | Sentiment,Client feedback (+3.71) | Performance (+3.48) | Sentiment (+1.91)
ENG-00393,2026-08-01,Sentiment | Performance | Milestone delivery,Sentiment (+2.16) | Performance (+1.86) | Milestone delivery (+0.76)
ENG-00393,2026-09-01,Client feedback | Performance | Sentiment,Client feedback (+3.39) | Performance (+3.15) | Sentiment (+2.09)
ENG-00394,2025-09-01,No material driver detected,
ENG-00394,2025-10-01,Sentiment | Performance | Client feedback,Sentiment (+1.89) | Performance (+1.44) | Client feedback (+0.98)
ENG-00394,2025-11-01,Sentiment | Client feedback | Performance,Sentiment (+2.33) | Client feedback (+1.55) | Performance (+1.00)
ENG-00394,2025-12-01,Client feedback | Sentiment | Performance,Client feedback (+4.41) | Sentiment (+3.58) | Performance (+1.36)
ENG-00395,2026-07-01,No material driver detected,
ENG-00395,2026-08-01,No material driver detected,
ENG-00396,2026-06-01,No material driver detected,
ENG-00396,2026-07-01,No material driver detected,
ENG-00396,2026-08-01,No material driver detected,
ENG-00396,2026-09-01,No material driver detected,
ENG-00396,2026-10-01,No material driver detected,
ENG-00396,2026-11-01,Client feedback | Milestone delivery | Sentiment,Client feedback (+0.92) | Milestone delivery (+0.69) | Sentiment (+0.56)
ENG-00396,2026-12-01,No material driver detected,
ENG-00396,2027-01-01,Sentiment | Client feedback | Performance,Sentiment (+1.22) | Client feedback (+1.13) | Performance (+0.88)
ENG-00396,2027-02-01,Client feedback | Performance | Sentiment,Client feedback (+2.79) | Performance (+1.77) | Sentiment (+0.77)
ENG-00397,2024-12-01,No material driver detected,
ENG-00397,2025-01-01,Client feedback | Performance,Client feedback (+1.13) | Performance (+0.55)
ENG-00397,2025-02-01,No material driver detected,
ENG-00397,2025-03-01,Client feedback | Performance,Client feedback (+1.38) | Performance (+0.41)
ENG-00397,2025-04-01,Performance | Client feedback | Utilisation,Performance (+1.10) | Client feedback (+1.07) | Utilisation (+0.19)
ENG-00397,2025-05-01,Sentiment | Performance | Client feedback,Sentiment (+1.51) | Performance (+1.19) | Client feedback (+0.60)
ENG-00397,2025-06-01,Client feedback | Sentiment | Performance,Client feedback (+3.22) | Sentiment (+2.36) | Performance (+0.96)
ENG-00397,2025-07-01,Performance | Client feedback | Sentiment,Performance (+3.55) | Client feedback (+2.01) | Sentiment (+1.50)
ENG-00398,2024-02-01,No material driver detected,
ENG-00398,2024-03-01,Performance | Milestone delivery | Sentiment,Performance (+1.42) | Milestone delivery (+0.82) | Sentiment (+0.69)
ENG-00398,2024-04-01,Client feedback | Sentiment | Performance,Client feedback (+2.03) | Sentiment (+1.60) | Performance (+1.26)
ENG-00398,2024-05-01,Client feedback | Sentiment | Performance,Client feedback (+4.67) | Sentiment (+2.18) | Performance (+2.07)
ENG-00398,2024-06-01,Performance | Client feedback | Sentiment,Performance (+3.97) | Client feedback (+2.90) | Sentiment (+2.14)
ENG-00399,2025-07-01,No material driver detected,
ENG-00399,2025-08-01,Performance | Role profile | Milestone delivery,Performance (+1.18) | Role profile (+0.35) | Milestone delivery (+0.28)
ENG-00399,2025-09-01,No material driver detected,
ENG-00399,2025-10-01,No material driver detected,
ENG-00399,2025-11-01,Performance | Role profile | Sentiment,Performance (+1.06) | Role profile (+0.35) | Sentiment (+0.33)
ENG-00399,2025-12-01,No material driver detected,
ENG-00399,2026-01-01,No material driver detected,
ENG-00399,2026-02-01,Sentiment | Client feedback | Milestone delivery,Sentiment (+2.01) | Client feedback (+1.64) | Milestone delivery (+0.39)
ENG-00399,2026-03-01,No material driver detected,
ENG-00399,2026-04-01,No material driver detected,
ENG-00399,2026-05-01,No material driver detected,
ENG-00400,2026-04-01,No material driver detected,
ENG-00400,2026-05-01,No material driver detected,
ENG-00400,2026-06-01,Performance | Sentiment,Performance (+2.76) | Sentiment (+0.37)
ENG-00400,2026-07-01,No material driver detected,
ENG-00400,2026-08-01,No material driver detected,
ENG-00401,2024-04-01,No material driver detected,
ENG-00401,2024-05-01,No material driver detected,
ENG-00401,2024-06-01,No material driver detected,
ENG-00401,2024-07-01,No material driver detected,
ENG-00401,2024-08-01,Client feedback | Sentiment,Client feedback (+1.35) | Sentiment (+0.79)
ENG-00401,2024-09-01,No material driver detected,
ENG-00401,2024-10-01,No material driver detected,
ENG-00401,2024-11-01,No material driver detected,
ENG-00401,2024-12-01,No material driver detected,
ENG-00401,2025-01-01,No material driver detected,
ENG-00401,2025-02-01,No material driver detected,
ENG-00401,2025-03-01,No material driver detected,
ENG-00402,2025-11-01,No material driver detected,
ENG-00402,2025-12-01,No material driver detected,
ENG-00402,2026-01-01,No material driver detected,
ENG-00402,2026-02-01,No material driver detected,
ENG-00402,2026-03-01,No material driver detected,
ENG-00402,2026-04-01,Performance | Client feedback,Performance (+1.39) | Client feedback (+1.31)
ENG-00402,2026-05-01,No material driver detected,
ENG-00402,2026-06-01,No material driver detected,
ENG-00403,2026-02-01,No material driver detected,
ENG-00403,2026-03-01,Performance | Client feedback | Contract stage,Performance (+1.81) | Client feedback (+0.44) | Contract stage (+0.27)
ENG-00403,2026-04-01,No material driver detected,
ENG-00403,2026-05-01,Sentiment | Client feedback | Performance,Sentiment (+1.13) | Client feedback (+0.80) | Performance (+0.39)
ENG-00403,2026-06-01,No material driver detected,
ENG-00403,2026-07-01,Sentiment | Performance | Client feedback,Sentiment (+1.41) | Performance (+0.44) | Client feedback (+0.39)
ENG-00403,2026-08-01,No material driver detected,
ENG-00404,2025-06-01,No material driver detected,
ENG-00404,2025-07-01,No material driver detected,
ENG-00404,2025-08-01,No material driver detected,
ENG-00404,2025-09-01,No material driver detected,
ENG-00404,2025-10-01,No material driver detected,
ENG-00404,2025-11-01,No material driver detected,
ENG-00404,2025-12-01,No material driver detected,
ENG-00405,2025-01-01,No material driver detected,
ENG-00405,2025-02-01,Sentiment | Client feedback | Contract stage,Sentiment (+1.54) | Client feedback (+1.08) | Contract stage (+0.46)
ENG-00405,2025-03-01,No material driver detected,
ENG-00405,2025-04-01,Sentiment | Milestone delivery | Contract stage,Sentiment (+0.77) | Milestone delivery (+0.44) | Contract stage (+0.30)
ENG-00405,2025-05-01,Client feedback | Performance | Sentiment,Client feedback (+1.04) | Performance (+0.76) | Sentiment (+0.68)
ENG-00405,2025-06-01,Performance | Client feedback | Sentiment,Performance (+1.30) | Client feedback (+1.04) | Sentiment (+0.34)
ENG-00405,2025-07-01,No material driver detected,
ENG-00406,2025-06-01,Sentiment | Client feedback | Role profile,Sentiment (+0.91) | Client feedback (+0.67) | Role profile (+0.35)
ENG-00406,2025-07-01,Performance | Client feedback | Role profile,Performance (+1.97) | Client feedback (+0.75) | Role profile (+0.35)
ENG-00406,2025-08-01,Sentiment | Performance | Milestone delivery,Sentiment (+1.16) | Performance (+0.78) | Milestone delivery (+0.46)
ENG-00406,2025-09-01,Client feedback | Performance | Sentiment,Client feedback (+2.25) | Performance (+1.36) | Sentiment (+1.01)
ENG-00406,2025-10-01,No material driver detected,
ENG-00406,2025-11-01,Performance | Client feedback | Sentiment,Performance (+2.10) | Client feedback (+0.89) | Sentiment (+0.60)
ENG-00406,2025-12-01,No material driver detected,
ENG-00406,2026-01-01,Sentiment | Client feedback | Role profile,Sentiment (+0.83) | Client feedback (+0.72) | Role profile (+0.35)
ENG-00406,2026-02-01,Client feedback | Performance | Role profile,Client feedback (+0.99) | Performance (+0.59) | Role profile (+0.35)
ENG-00406,2026-03-01,Performance | Role profile | Utilisation,Performance (+2.32) | Role profile (+0.35) | Utilisation (+0.16)
ENG-00406,2026-04-01,Client feedback | Performance | Sentiment,Client feedback (+1.17) | Performance (+0.59) | Sentiment (+0.38)
ENG-00406,2026-05-01,Sentiment | Client feedback | Performance,Sentiment (+0.63) | Client feedback (+0.42) | Performance (+0.39)
ENG-00407,2025-02-01,No material driver detected,
ENG-00407,2025-03-01,No material driver detected,
ENG-00407,2025-04-01,No material driver detected,
ENG-00407,2025-05-01,No material driver detected,
ENG-00407,2025-06-01,No material driver detected,
ENG-00407,2025-07-01,No material driver detected,
ENG-00407,2025-08-01,No material driver detected,
ENG-00407,2025-09-01,No material driver detected,
ENG-00407,2025-10-01,No material driver detected,
ENG-00407,2025-11-01,No material driver detected,
ENG-00407,2025-12-01,No material driver detected,
ENG-00407,2026-01-01,No material driver detected,
ENG-00407,2026-02-01,No material driver detected,
ENG-00408,2026-02-01,No material driver detected,
ENG-00408,2026-03-01,No material driver detected,
ENG-00408,2026-04-01,No material driver detected,
ENG-00408,2026-05-01,No material driver detected,
ENG-00408,2026-06-01,No material driver detected,
ENG-00408,2026-07-01,No material driver detected,
ENG-00408,2026-08-01,No material driver detected,
ENG-00409,2025-11-01,No material driver detected,
ENG-00409,2025-12-01,No material driver detected,
ENG-00409,2026-01-01,Client feedback | Sentiment | Role profile,Client feedback (+2.28) | Sentiment (+0.94) | Role profile (+0.35)
ENG-00409,2026-02-01,No material driver detected,
ENG-00409,2026-03-01,Client feedback | Performance | Sentiment,Client feedback (+1.52) | Performance (+0.96) | Sentiment (+0.71)
ENG-00409,2026-04-01,Performance | Sentiment | Client feedback,Performance (+2.46) | Sentiment (+2.39) | Client feedback (+2.31)
ENG-00410,2024-04-01,No material driver detected,
ENG-00410,2024-05-01,No material driver detected,
ENG-00410,2024-06-01,No material driver detected,
ENG-00410,2024-07-01,No material driver detected,
ENG-00410,2024-08-01,No material driver detected,
ENG-00410,2024-09-01,No material driver detected,
ENG-00410,2024-10-01,No material driver detected,
ENG-00411,2025-05-01,No material driver detected,
ENG-00411,2025-06-01,No material driver detected,
ENG-00411,2025-07-01,No material driver detected,
ENG-00411,2025-08-01,No material driver detected,
ENG-00411,2025-09-01,No material driver detected,
ENG-00411,2025-10-01,No material driver detected,
ENG-00411,2025-11-01,No material driver detected,
ENG-00412,2024-09-01,No material driver detected,
ENG-00412,2024-10-01,No material driver detected,
ENG-00412,2024-11-01,No material driver detected,
ENG-00412,2024-12-01,Client feedback | Performance | Sentiment,Client feedback (+1.82) | Performance (+1.71) | Sentiment (+0.53)
ENG-00412,2025-01-01,Performance | Client feedback | Sentiment,Performance (+1.66) | Client feedback (+1.54) | Sentiment (+0.86)
ENG-00412,2025-02-01,Sentiment | Performance | Client feedback,Sentiment (+2.14) | Performance (+1.61) | Client feedback (+1.29)
ENG-00412,2025-03-01,Client feedback | Sentiment | Performance,Client feedback (+3.57) | Sentiment (+1.85) | Performance (+1.80)
ENG-00413,2026-07-01,No material driver detected,
ENG-00413,2026-08-01,No material driver detected,
ENG-00414,2025-08-01,No material driver detected,
ENG-00414,2025-09-01,No material driver detected,
ENG-00414,2025-10-01,No material driver detected,
ENG-00414,2025-11-01,No material driver detected,
ENG-00414,2025-12-01,No material driver detected,
ENG-00414,2026-01-01,No material driver detected,
ENG-00414,2026-02-01,No material driver detected,
ENG-00415,2024-02-01,No material driver detected,
ENG-00415,2024-03-01,No material driver detected,
ENG-00415,2024-04-01,No material driver detected,
ENG-00415,2024-05-01,No material driver detected,
ENG-00415,2024-06-01,No material driver detected,
ENG-00415,2024-07-01,No material driver detected,
ENG-00415,2024-08-01,No material driver detected,
ENG-00415,2024-09-01,No material driver detected,
ENG-00415,2024-10-01,No material driver detected,
ENG-00416,2024-10-01,No material driver detected,
ENG-00416,2024-11-01,No material driver detected,
ENG-00416,2024-12-01,Client feedback | Contract stage | Utilisation,Client feedback (+3.36) | Contract stage (+0.38) | Utilisation (+0.29)
ENG-00416,2025-01-01,No material driver detected,
ENG-00416,2025-02-01,Client feedback | Sentiment | Contract stage,Client feedback (+2.99) | Sentiment (+0.33) | Contract stage (+0.22)
ENG-00416,2025-03-01,No material driver detected,
ENG-00416,2025-04-01,No material driver detected,
ENG-00417,2025-07-01,Performance | Client feedback | Contract stage,Performance (+0.99) | Client feedback (+0.78) | Contract stage (+0.47)
ENG-00417,2025-08-01,Sentiment | Client feedback | Contract stage,Sentiment (+0.87) | Client feedback (+0.80) | Contract stage (+0.39)
ENG-00417,2025-09-01,Performance | Sentiment | Client feedback,Performance (+2.80) | Sentiment (+0.76) | Client feedback (+0.76)
ENG-00417,2025-10-01,No material driver detected,
ENG-00417,2025-11-01,Performance | Client feedback | Milestone delivery,Performance (+1.99) | Client feedback (+1.73) | Milestone delivery (+0.71)
ENG-00417,2025-12-01,Client feedback | Sentiment,Client feedback (+1.89) | Sentiment (+1.70)
ENG-00417,2026-01-01,No material driver detected,
ENG-00417,2026-02-01,No material driver detected,
ENG-00418,2025-08-01,Sentiment | Performance | Client feedback,Sentiment (+1.75) | Performance (+1.74) | Client feedback (+1.17)
ENG-00418,2025-09-01,Client feedback | Sentiment,Client feedback (+2.60) | Sentiment (+0.40)
ENG-00418,2025-10-01,Performance | Sentiment | Milestone delivery,Performance (+2.82) | Sentiment (+1.68) | Milestone delivery (+0.51)
ENG-00418,2025-11-01,Performance | Client feedback | Sentiment,Performance (+2.24) | Client feedback (+1.48) | Sentiment (+0.82)
ENG-00418,2025-12-01,Sentiment | Performance | Client feedback,Sentiment (+1.47) | Performance (+0.96) | Client feedback (+0.87)
ENG-00418,2026-01-01,Client feedback | Sentiment | Performance,Client feedback (+2.92) | Sentiment (+1.44) | Performance (+1.37)
ENG-00418,2026-02-01,Performance | Sentiment | Client feedback,Performance (+1.78) | Sentiment (+1.69) | Client feedback (+0.32)
ENG-00418,2026-03-01,Sentiment | Performance | Milestone delivery,Sentiment (+1.79) | Performance (+1.45) | Milestone delivery (+0.30)
ENG-00418,2026-04-01,Performance | Client feedback | Sentiment,Performance (+2.92) | Client feedback (+1.48) | Sentiment (+0.30)
ENG-00418,2026-05-01,Sentiment | Client feedback | Milestone delivery,Sentiment (+1.95) | Client feedback (+1.73) | Milestone delivery (+0.46)
ENG-00418,2026-06-01,Client feedback | Performance | Sentiment,Client feedback (+1.72) | Performance (+1.24) | Sentiment (+1.02)
ENG-00418,2026-07-01,Sentiment | Client feedback | Performance,Sentiment (+2.20) | Client feedback (+1.51) | Performance (+0.65)
ENG-00419,2024-03-01,No material driver detected,
ENG-00419,2024-04-01,Client feedback | Contract stage | Sentiment,Client feedback (+1.70) | Contract stage (+0.46) | Sentiment (+0.29)
ENG-00419,2024-05-01,No material driver detected,
ENG-00419,2024-06-01,No material driver detected,
ENG-00419,2024-07-01,No material driver detected,
ENG-00419,2024-08-01,No material driver detected,
ENG-00419,2024-09-01,No material driver detected,
ENG-00420,2026-01-01,Contract stage | Performance | Client feedback,Contract stage (+0.54) | Performance (+0.53) | Client feedback (+0.29)
ENG-00420,2026-02-01,Client feedback | Sentiment | Performance,Client feedback (+2.94) | Sentiment (+1.36) | Performance (+0.95)
ENG-00420,2026-03-01,Client feedback | Performance | Sentiment,Client feedback (+3.10) | Performance (+2.69) | Sentiment (+2.50)
ENG-00420,2026-04-01,Client feedback | Sentiment | Performance,Client feedback (+2.92) | Sentiment (+2.47) | Performance (+1.48)
ENG-00421,2024-11-01,No material driver detected,
ENG-00421,2024-12-01,No material driver detected,
ENG-00421,2025-01-01,No material driver detected,
ENG-00421,2025-02-01,Client feedback | Milestone delivery | Sentiment,Client feedback (+1.19) | Milestone delivery (+0.78) | Sentiment (+0.61)
ENG-00421,2025-03-01,Client feedback | Performance,Client feedback (+2.61) | Performance (+1.81)
ENG-00421,2025-04-01,Performance | Sentiment | Client feedback,Performance (+1.92) | Sentiment (+1.35) | Client feedback (+1.34)
ENG-00421,2025-05-01,Client feedback | Performance | Milestone delivery,Client feedback (+2.11) | Performance (+1.76) | Milestone delivery (+0.31)
ENG-00422,2025-07-01,No material driver detected,
ENG-00422,2025-08-01,No material driver detected,
ENG-00422,2025-09-01,Sentiment | Client feedback | Role profile,Sentiment (+1.83) | Client feedback (+1.54) | Role profile (+0.26)
ENG-00422,2025-10-01,No material driver detected,
ENG-00422,2025-11-01,No material driver detected,
ENG-00422,2025-12-01,No material driver detected,
ENG-00422,2026-01-01,No material driver detected,
ENG-00422,2026-02-01,No material driver detected,
ENG-00422,2026-03-01,No material driver detected,
ENG-00422,2026-04-01,No material driver detected,
ENG-00422,2026-05-01,No material driver detected,
ENG-00422,2026-06-01,No material driver detected,
ENG-00422,2026-07-01,No material driver detected,
ENG-00423,2025-08-01,No material driver detected,
ENG-00423,2025-09-01,No material driver detected,
ENG-00423,2025-10-01,No material driver detected,
ENG-00423,2025-11-01,No material driver detected,
ENG-00423,2025-12-01,Client feedback | Role profile,Client feedback (+2.70) | Role profile (+0.35)
ENG-00423,2026-01-01,No material driver detected,
ENG-00423,2026-02-01,Sentiment | Milestone delivery | Client feedback,Sentiment (+1.58) | Milestone delivery (+0.44) | Client feedback (+0.43)
ENG-00423,2026-03-01,No material driver detected,
ENG-00423,2026-04-01,No material driver detected,
ENG-00424,2024-03-01,No material driver detected,
ENG-00424,2024-04-01,No material driver detected,
ENG-00424,2024-05-01,Performance | Sentiment | Client feedback,Performance (+3.49) | Sentiment (+1.52) | Client feedback (+1.09)
ENG-00424,2024-06-01,Client feedback | Sentiment | Performance,Client feedback (+3.10) | Sentiment (+2.71) | Performance (+2.03)
ENG-00425,2025-03-01,No material driver detected,
ENG-00425,2025-04-01,No material driver detected,
ENG-00425,2025-05-01,Client feedback | Utilisation | Contract stage,Client feedback (+0.86) | Utilisation (+0.37) | Contract stage (+0.25)
ENG-00425,2025-06-01,No material driver detected,
ENG-00425,2025-07-01,No material driver detected,
ENG-00425,2025-08-01,Sentiment | Milestone delivery | Performance,Sentiment (+1.26) | Milestone delivery (+0.32) | Performance (+0.32)
ENG-00425,2025-09-01,No material driver detected,
ENG-00425,2025-10-01,No material driver detected,
ENG-00425,2025-11-01,No material driver detected,
ENG-00426,2025-12-01,No material driver detected,
ENG-00426,2026-01-01,No material driver detected,
ENG-00426,2026-02-01,No material driver detected,
ENG-00426,2026-03-01,No material driver detected,
ENG-00426,2026-04-01,No material driver detected,
ENG-00426,2026-05-01,No material driver detected,
ENG-00426,2026-06-01,No material driver detected,
ENG-00426,2026-07-01,No material driver detected,
ENG-00426,2026-08-01,No material driver detected,
ENG-00427,2025-04-01,Sentiment | Performance | Client feedback,Sentiment (+0.91) | Performance (+0.84) | Client feedback (+0.53)
ENG-00427,2025-05-01,Client feedback | Role profile | Contract stage,Client feedback (+2.59) | Role profile (+0.35) | Contract stage (+0.33)
ENG-00427,2025-06-01,Client feedback | Performance | Role profile,Client feedback (+1.59) | Performance (+0.46) | Role profile (+0.35)
ENG-00427,2025-07-01,No material driver detected,
ENG-00427,2025-08-01,Milestone delivery | Sentiment | Performance,Milestone delivery (+0.76) | Sentiment (+0.75) | Performance (+0.73)
ENG-00427,2025-09-01,Performance | Client feedback | Sentiment,Performance (+1.48) | Client feedback (+0.83) | Sentiment (+0.76)
ENG-00427,2025-10-01,Client feedback | Role profile | Sentiment,Client feedback (+2.02) | Role profile (+0.35) | Sentiment (+0.33)
ENG-00427,2025-11-01,No material driver detected,
ENG-00427,2025-12-01,Performance | Sentiment | Role profile,Performance (+1.18) | Sentiment (+0.88) | Role profile (+0.35)
ENG-00428,2026-02-01,No material driver detected,
ENG-00428,2026-03-01,No material driver detected,
ENG-00428,2026-04-01,Client feedback | Sentiment,Client feedback (+2.09) | Sentiment (+1.22)
ENG-00428,2026-05-01,No material driver detected,
ENG-00428,2026-06-01,No material driver detected,
ENG-00428,2026-07-01,No material driver detected,
ENG-00428,2026-08-01,Performance | Sentiment | Client feedback,Performance (+2.44) | Sentiment (+2.24) | Client feedback (+1.45)
ENG-00428,2026-09-01,Sentiment | Client feedback | Performance,Sentiment (+1.96) | Client feedback (+1.83) | Performance (+0.94)
ENG-00428,2026-10-01,Client feedback | Performance | Sentiment,Client feedback (+3.10) | Performance (+2.73) | Sentiment (+1.01)
ENG-00428,2026-11-01,Sentiment | Client feedback | Performance,Sentiment (+2.58) | Client feedback (+1.92) | Performance (+1.26)
ENG-00429,2025-12-01,No material driver detected,
ENG-00429,2026-01-01,No material driver detected,
ENG-00429,2026-02-01,No material driver detected,
ENG-00429,2026-03-01,No material driver detected,
ENG-00429,2026-04-01,No material driver detected,
ENG-00429,2026-05-01,No material driver detected,
ENG-00429,2026-06-01,No material driver detected,
ENG-00429,2026-07-01,No material driver detected,
ENG-00429,2026-08-01,No material driver detected,
ENG-00430,2024-12-01,No material driver detected,
ENG-00430,2025-01-01,Performance | Client feedback | Milestone delivery,Performance (+0.68) | Client feedback (+0.63) | Milestone delivery (+0.50)
ENG-00430,2025-02-01,Performance | Client feedback | Sentiment,Performance (+2.18) | Client feedback (+0.77) | Sentiment (+0.34)
ENG-00430,2025-03-01,Sentiment | Client feedback | Milestone delivery,Sentiment (+2.11) | Client feedback (+1.30) | Milestone delivery (+0.87)
ENG-00431,2024-01-01,No material driver detected,
ENG-00431,2024-02-01,No material driver detected,
ENG-00431,2024-03-01,Performance | Client feedback | Role profile,Performance (+0.64) | Client feedback (+0.60) | Role profile (+0.25)
ENG-00431,2024-04-01,No material driver detected,
ENG-00431,2024-05-01,No material driver detected,
ENG-00431,2024-06-01,No material driver detected,
ENG-00431,2024-07-01,Client feedback | Role profile | Performance,Client feedback (+0.95) | Role profile (+0.25) | Performance (+0.23)
ENG-00431,2024-08-01,No material driver detected,
ENG-00431,2024-09-01,No material driver detected,
ENG-00431,2024-10-01,No material driver detected,
ENG-00431,2024-11-01,No material driver detected,
ENG-00431,2024-12-01,No material driver detected,
ENG-00432,2026-06-01,Performance | Contract stage | Client feedback,Performance (+0.59) | Contract stage (+0.29) | Client feedback (+0.27)
ENG-00432,2026-07-01,No material driver detected,
ENG-00432,2026-08-01,No material driver detected,
ENG-00433,2025-12-01,No material driver detected,
ENG-00433,2026-01-01,No material driver detected,
ENG-00433,2026-02-01,No material driver detected,
ENG-00433,2026-03-01,No material driver detected,
ENG-00433,2026-04-01,No material driver detected,
ENG-00433,2026-05-01,No material driver detected,
ENG-00433,2026-06-01,No material driver detected,
ENG-00433,2026-07-01,No material driver detected,
ENG-00434,2026-08-01,Client feedback | Sentiment | Performance,Client feedback (+1.55) | Sentiment (+1.43) | Performance (+0.91)
ENG-00435,2025-07-01,No material driver detected,
ENG-00435,2025-08-01,No material driver detected,
ENG-00435,2025-09-01,Client feedback | Performance | Sentiment,Client feedback (+1.22) | Performance (+0.90) | Sentiment (+0.74)
ENG-00435,2025-10-01,No material driver detected,
ENG-00435,2025-11-01,Performance | Milestone delivery | Sentiment,Performance (+1.48) | Milestone delivery (+0.56) | Sentiment (+0.44)
ENG-00435,2025-12-01,No material driver detected,
ENG-00435,2026-01-01,No material driver detected,
ENG-00435,2026-02-01,No material driver detected,
ENG-00435,2026-03-01,No material driver detected,
ENG-00435,2026-04-01,No material driver detected,
ENG-00435,2026-05-01,No material driver detected,
ENG-00435,2026-06-01,No material driver detected,
ENG-00435,2026-07-01,Performance | Milestone delivery | Client feedback,Performance (+1.88) | Milestone delivery (+0.54) | Client feedback (+0.39)
ENG-00436,2026-02-01,No material driver detected,
ENG-00436,2026-03-01,Performance | Sentiment | Contract stage,Performance (+1.27) | Sentiment (+0.35) | Contract stage (+0.33)
ENG-00436,2026-04-01,No material driver detected,
ENG-00436,2026-05-01,No material driver detected,
ENG-00436,2026-06-01,Client feedback | Performance | Milestone delivery,Client feedback (+1.52) | Performance (+1.30) | Milestone delivery (+0.28)
ENG-00436,2026-07-01,No material driver detected,
ENG-00436,2026-08-01,Performance | Client feedback | Sentiment,Performance (+1.63) | Client feedback (+1.28) | Sentiment (+0.66)
ENG-00437,2024-08-01,No material driver detected,
ENG-00437,2024-09-01,No material driver detected,
ENG-00437,2024-10-01,No material driver detected,
ENG-00437,2024-11-01,No material driver detected,
ENG-00437,2024-12-01,No material driver detected,
ENG-00437,2025-01-01,No material driver detected,
ENG-00437,2025-02-01,Client feedback | Performance | Sentiment,Client feedback (+1.26) | Performance (+0.88) | Sentiment (+0.70)
ENG-00438,2026-02-01,No material driver detected,
ENG-00438,2026-03-01,No material driver detected,
ENG-00438,2026-04-01,No material driver detected,
ENG-00438,2026-05-01,No material driver detected,
ENG-00438,2026-06-01,No material driver detected,
ENG-00438,2026-07-01,No material driver detected,
ENG-00438,2026-08-01,No material driver detected,
ENG-00439,2025-04-01,No material driver detected,
ENG-00439,2025-05-01,No material driver detected,
ENG-00439,2025-06-01,No material driver detected,
ENG-00439,2025-07-01,No material driver detected,
ENG-00439,2025-08-01,No material driver detected,
ENG-00439,2025-09-01,No material driver detected,
ENG-00439,2025-10-01,No material driver detected,
ENG-00439,2025-11-01,No material driver detected,
ENG-00439,2025-12-01,No material driver detected,
ENG-00439,2026-01-01,No material driver detected,
ENG-00439,2026-02-01,No material driver detected,
ENG-00439,2026-03-01,No material driver detected,
ENG-00440,2025-01-01,No material driver detected,
ENG-00440,2025-02-01,No material driver detected,
ENG-00440,2025-03-01,No material driver detected,
ENG-00440,2025-04-01,No material driver detected,
ENG-00440,2025-05-01,No material driver detected,
ENG-00440,2025-06-01,No material driver detected,
ENG-00440,2025-07-01,No material driver detected,
ENG-00441,2025-07-01,No material driver detected,
ENG-00441,2025-08-01,No material driver detected,
ENG-00441,2025-09-01,No material driver detected,
ENG-00441,2025-10-01,Client feedback | Sentiment | Performance,Client feedback (+1.93) | Sentiment (+1.63) | Performance (+1.51)
ENG-00441,2025-11-01,No material driver detected,
ENG-00441,2025-12-01,No material driver detected,
ENG-00441,2026-01-01,No material driver detected,
ENG-00441,2026-02-01,No material driver detected,
ENG-00441,2026-03-01,No material driver detected,
ENG-00441,2026-04-01,No material driver detected,
ENG-00441,2026-05-01,No material driver detected,
ENG-00441,2026-06-01,No material driver detected,
ENG-00442,2024-02-01,No material driver detected,
ENG-00442,2024-03-01,No material driver detected,
ENG-00442,2024-04-01,No material driver detected,
ENG-00442,2024-05-01,No material driver detected,
ENG-00442,2024-06-01,No material driver detected,
ENG-00442,2024-07-01,No material driver detected,
ENG-00442,2024-08-01,No material driver detected,
ENG-00442,2024-09-01,No material driver detected,
ENG-00442,2024-10-01,No material driver detected,
ENG-00443,2025-09-01,Sentiment | Contract stage | Performance,Sentiment (+0.68) | Contract stage (+0.54) | Performance (+0.52)
ENG-00443,2025-10-01,Performance | Sentiment | Contract stage,Performance (+1.81) | Sentiment (+0.55) | Contract stage (+0.46)
ENG-00443,2025-11-01,No material driver detected,
ENG-00443,2025-12-01,No material driver detected,
ENG-00443,2026-01-01,Client feedback | Milestone delivery | Sentiment,Client feedback (+1.63) | Milestone delivery (+0.30) | Sentiment (+0.26)
ENG-00443,2026-02-01,No material driver detected,
ENG-00443,2026-03-01,No material driver detected,
ENG-00444,2024-12-01,No material driver detected,
ENG-00444,2025-01-01,No material driver detected,
ENG-00444,2025-02-01,No material driver detected,
ENG-00444,2025-03-01,No material driver detected,
ENG-00444,2025-04-01,No material driver detected,
ENG-00444,2025-05-01,No material driver detected,
ENG-00444,2025-06-01,No material driver detected,
ENG-00444,2025-07-01,No material driver detected,
ENG-00444,2025-08-01,No material driver detected,
ENG-00444,2025-09-01,No material driver detected,
ENG-00444,2025-10-01,No material driver detected,
ENG-00444,2025-11-01,No material driver detected,
ENG-00445,2026-06-01,No material driver detected,
ENG-00445,2026-07-01,No material driver detected,
ENG-00445,2026-08-01,No material driver detected,
ENG-00446,2025-10-01,Sentiment | Contract stage | Client feedback,Sentiment (+0.89) | Contract stage (+0.29) | Client feedback (+0.26)
ENG-00446,2025-11-01,No material driver detected,
ENG-00446,2025-12-01,Client feedback | Performance | Sentiment,Client feedback (+3.00) | Performance (+1.31) | Sentiment (+0.60)
ENG-00446,2026-01-01,Performance | Sentiment | Client feedback,Performance (+2.37) | Sentiment (+2.07) | Client feedback (+2.05)
ENG-00447,2025-11-01,No material driver detected,
ENG-00447,2025-12-01,No material driver detected,
ENG-00447,2026-01-01,No material driver detected,
ENG-00447,2026-02-01,No material driver detected,
ENG-00447,2026-03-01,No material driver detected,
ENG-00447,2026-04-01,No material driver detected,
ENG-00447,2026-05-01,No material driver detected,
ENG-00448,2025-10-01,No material driver detected,
ENG-00448,2025-11-01,No material driver detected,
ENG-00448,2025-12-01,No material driver detected,
ENG-00448,2026-01-01,No material driver detected,
ENG-00448,2026-02-01,No material driver detected,
ENG-00448,2026-03-01,Performance | Role profile,Performance (+1.88) | Role profile (+0.25)
ENG-00448,2026-04-01,No material driver detected,
ENG-00449,2026-06-01,No material driver detected,
ENG-00449,2026-07-01,No material driver detected,
ENG-00449,2026-08-01,No material driver detected,
ENG-00450,2025-05-01,Client feedback | Performance | Utilisation,Client feedback (+0.73) | Performance (+0.45) | Utilisation (+0.30)
ENG-00450,2025-06-01,Sentiment | Performance | Role profile,Sentiment (+0.91) | Performance (+0.38) | Role profile (+0.26)
ENG-00450,2025-07-01,Performance | Role profile | Milestone delivery,Performance (+1.21) | Role profile (+0.26) | Milestone delivery (+0.21)
ENG-00450,2025-08-01,No material driver detected,
ENG-00450,2025-09-01,Sentiment | Performance | Role profile,Sentiment (+1.33) | Performance (+0.45) | Role profile (+0.26)
ENG-00450,2025-10-01,Performance | Client feedback | Milestone delivery,Performance (+2.37) | Client feedback (+1.52) | Milestone delivery (+0.66)
ENG-00450,2025-11-01,Client feedback | Sentiment | Performance,Client feedback (+3.52) | Sentiment (+1.50) | Performance (+0.74)
ENG-00450,2025-12-01,Sentiment | Performance | Role profile,Sentiment (+2.88) | Performance (+1.48) | Role profile (+0.26)
ENG-00450,2026-01-01,Client feedback | Performance | Sentiment,Client feedback (+2.76) | Performance (+2.50) | Sentiment (+1.15)
ENG-00451,2025-06-01,No material driver detected,
ENG-00451,2025-07-01,Performance | Client feedback | Utilisation,Performance (+1.54) | Client feedback (+1.19) | Utilisation (+0.47)
ENG-00451,2025-08-01,Performance | Sentiment | Client feedback,Performance (+1.24) | Sentiment (+0.37) | Client feedback (+0.26)
ENG-00451,2025-09-01,Client feedback | Performance | Sentiment,Client feedback (+3.41) | Performance (+1.84) | Sentiment (+1.14)
ENG-00451,2025-10-01,Sentiment | Client feedback | Performance,Sentiment (+2.73) | Client feedback (+1.76) | Performance (+1.66)
ENG-00452,2025-09-01,No material driver detected,
ENG-00452,2025-10-01,No material driver detected,
ENG-00452,2025-11-01,No material driver detected,
ENG-00452,2025-12-01,No material driver detected,
ENG-00452,2026-01-01,No material driver detected,
ENG-00452,2026-02-01,No material driver detected,
ENG-00452,2026-03-01,No material driver detected,
ENG-00452,2026-04-01,No material driver detected,
ENG-00452,2026-05-01,No material driver detected,
ENG-00452,2026-06-01,No material driver detected,
ENG-00453,2024-03-01,No material driver detected,
ENG-00453,2024-04-01,No material driver detected,
ENG-00453,2024-05-01,No material driver detected,
ENG-00453,2024-06-01,No material driver detected,
ENG-00453,2024-07-01,Client feedback | Sentiment | Milestone delivery,Client feedback (+1.10) | Sentiment (+0.79) | Milestone delivery (+0.40)
ENG-00453,2024-08-01,No material driver detected,
ENG-00453,2024-09-01,No material driver detected,
ENG-00453,2024-10-01,Client feedback | Sentiment | Performance,Client feedback (+2.36) | Sentiment (+1.06) | Performance (+0.59)
ENG-00453,2024-11-01,No material driver detected,
ENG-00453,2024-12-01,No material driver detected,
ENG-00453,2025-01-01,Client feedback | Performance | Milestone delivery,Client feedback (+1.53) | Performance (+1.01) | Milestone delivery (+0.25)
ENG-00454,2025-04-01,No material driver detected,
ENG-00454,2025-05-01,No material driver detected,
ENG-00454,2025-06-01,No material driver detected,
ENG-00454,2025-07-01,No material driver detected,
ENG-00454,2025-08-01,No material driver detected,
ENG-00454,2025-09-01,No material driver detected,
ENG-00454,2025-10-01,No material driver detected,
ENG-00454,2025-11-01,No material driver detected,
ENG-00454,2025-12-01,No material driver detected,
ENG-00454,2026-01-01,No material driver detected,
ENG-00454,2026-02-01,No material driver detected,
ENG-00454,2026-03-01,No material driver detected,
ENG-00454,2026-04-01,No material driver detected,
ENG-00455,2025-11-01,No material driver detected,
ENG-00455,2025-12-01,No material driver detected,
ENG-00455,2026-01-01,No material driver detected,
ENG-00455,2026-02-01,No material driver detected,
ENG-00455,2026-03-01,Client feedback | Sentiment,Client feedback (+1.34) | Sentiment (+1.27)
ENG-00455,2026-04-01,No material driver detected,
ENG-00455,2026-05-01,Performance | Client feedback | Sentiment,Performance (+3.25) | Client feedback (+2.66) | Sentiment (+1.90)
ENG-00455,2026-06-01,Client feedback | Performance | Sentiment,Client feedback (+1.34) | Performance (+1.20) | Sentiment (+0.90)
ENG-00456,2025-01-01,No material driver detected,
ENG-00456,2025-02-01,Client feedback | Contract stage | Role profile,Client feedback (+2.74) | Contract stage (+0.39) | Role profile (+0.35)
ENG-00456,2025-03-01,No material driver detected,
ENG-00456,2025-04-01,No material driver detected,
ENG-00456,2025-05-01,Performance | Client feedback | Role profile,Performance (+1.26) | Client feedback (+0.69) | Role profile (+0.35)
ENG-00456,2025-06-01,No material driver detected,
ENG-00456,2025-07-01,No material driver detected,
ENG-00456,2025-08-01,No material driver detected,
ENG-00457,2024-11-01,No material driver detected,
ENG-00457,2024-12-01,No material driver detected,
ENG-00457,2025-01-01,Performance | Contract stage | Client feedback,Performance (+2.25) | Contract stage (+0.38) | Client feedback (+0.30)
ENG-00457,2025-02-01,No material driver detected,
ENG-00457,2025-03-01,No material driver detected,
ENG-00457,2025-04-01,No material driver detected,
ENG-00457,2025-05-01,No material driver detected,
ENG-00458,2026-01-01,No material driver detected,
ENG-00458,2026-02-01,No material driver detected,
ENG-00458,2026-03-01,No material driver detected,
ENG-00458,2026-04-01,No material driver detected,
ENG-00458,2026-05-01,No material driver detected,
ENG-00458,2026-06-01,No material driver detected,
ENG-00458,2026-07-01,No material driver detected,
ENG-00459,2024-06-01,No material driver detected,
ENG-00459,2024-07-01,No material driver detected,
ENG-00459,2024-08-01,No material driver detected,
ENG-00459,2024-09-01,No material driver detected,
ENG-00459,2024-10-01,No material driver detected,
ENG-00459,2024-11-01,No material driver detected,
ENG-00459,2024-12-01,No material driver detected,
ENG-00460,2025-06-01,Performance | Contract stage | Client feedback,Performance (+0.85) | Contract stage (+0.54) | Client feedback (+0.44)
ENG-00460,2025-07-01,No material driver detected,
ENG-00460,2025-08-01,Client feedback | Sentiment | Contract stage,Client feedback (+2.15) | Sentiment (+1.73) | Contract stage (+0.38)
ENG-00460,2025-09-01,No material driver detected,
ENG-00460,2025-10-01,Performance | Sentiment | Contract stage,Performance (+1.89) | Sentiment (+0.46) | Contract stage (+0.22)
ENG-00460,2025-11-01,No material driver detected,
ENG-00460,2025-12-01,No material driver detected,
ENG-00461,2024-07-01,No material driver detected,
ENG-00461,2024-08-01,Sentiment | Milestone delivery | Role profile,Sentiment (+1.55) | Milestone delivery (+0.37) | Role profile (+0.26)
ENG-00461,2024-09-01,No material driver detected,
ENG-00461,2024-10-01,Performance | Client feedback | Role profile,Performance (+1.97) | Client feedback (+0.29) | Role profile (+0.26)
ENG-00461,2024-11-01,Sentiment | Client feedback | Milestone delivery,Sentiment (+1.20) | Client feedback (+0.52) | Milestone delivery (+0.33)
ENG-00461,2024-12-01,No material driver detected,
ENG-00461,2025-01-01,Client feedback | Role profile | Utilisation,Client feedback (+1.50) | Role profile (+0.26) | Utilisation (+0.22)
ENG-00461,2025-02-01,No material driver detected,
ENG-00461,2025-03-01,No material driver detected,
ENG-00461,2025-04-01,No material driver detected,
ENG-00461,2025-05-01,No material driver detected,
ENG-00461,2025-06-01,No material driver detected,
ENG-00461,2025-07-01,No material driver detected,
ENG-00462,2025-12-01,No material driver detected,
ENG-00462,2026-01-01,No material driver detected,
ENG-00462,2026-02-01,Client feedback | Sentiment | Performance,Client feedback (+1.40) | Sentiment (+0.65) | Performance (+0.33)
ENG-00462,2026-03-01,No material driver detected,
ENG-00462,2026-04-01,No material driver detected,
ENG-00462,2026-05-01,Sentiment | Performance | Utilisation,Sentiment (+1.65) | Performance (+0.69) | Utilisation (+0.22)
ENG-00462,2026-06-01,No material driver detected,
ENG-00462,2026-07-01,No material driver detected,
ENG-00462,2026-08-01,No material driver detected,
ENG-00463,2025-07-01,No material driver detected,
ENG-00463,2025-08-01,No material driver detected,
ENG-00463,2025-09-01,No material driver detected,
ENG-00463,2025-10-01,No material driver detected,
ENG-00463,2025-11-01,No material driver detected,
ENG-00463,2025-12-01,No material driver detected,
ENG-00463,2026-01-01,No material driver detected,
ENG-00463,2026-02-01,No material driver detected,
ENG-00463,2026-03-01,No material driver detected,
ENG-00463,2026-04-01,No material driver detected,
ENG-00464,2025-09-01,No material driver detected,
ENG-00464,2025-10-01,No material driver detected,
ENG-00464,2025-11-01,No material driver detected,
ENG-00464,2025-12-01,No material driver detected,
ENG-00464,2026-01-01,No material driver detected,
ENG-00464,2026-02-01,No material driver detected,
ENG-00464,2026-03-01,No material driver detected,
ENG-00464,2026-04-01,No material driver detected,
ENG-00464,2026-05-01,No material driver detected,
ENG-00465,2025-10-01,No material driver detected,
ENG-00465,2025-11-01,Sentiment | Client feedback | Performance,Sentiment (+0.91) | Client feedback (+0.79) | Performance (+0.54)
ENG-00465,2025-12-01,No material driver detected,
ENG-00465,2026-01-01,No material driver detected,
ENG-00465,2026-02-01,No material driver detected,
ENG-00465,2026-03-01,No material driver detected,
ENG-00465,2026-04-01,No material driver detected,
ENG-00465,2026-05-01,No material driver detected,
ENG-00465,2026-06-01,No material driver detected,
ENG-00465,2026-07-01,No material driver detected,
ENG-00465,2026-08-01,No material driver detected,
ENG-00466,2024-01-01,No material driver detected,
ENG-00466,2024-02-01,Client feedback | Milestone delivery | Performance,Client feedback (+2.33) | Milestone delivery (+0.67) | Performance (+0.41)
ENG-00466,2024-03-01,Performance | Milestone delivery | Role profile,Performance (+1.77) | Milestone delivery (+0.39) | Role profile (+0.26)
ENG-00466,2024-04-01,Performance | Client feedback | Sentiment,Performance (+2.97) | Client feedback (+2.77) | Sentiment (+0.67)
ENG-00466,2024-05-01,Client feedback | Sentiment | Milestone delivery,Client feedback (+3.19) | Sentiment (+1.82) | Milestone delivery (+0.68)
ENG-00466,2024-06-01,Performance | Sentiment | Client feedback,Performance (+3.49) | Sentiment (+2.14) | Client feedback (+1.72)
ENG-00467,2024-05-01,No material driver detected,
ENG-00467,2024-06-01,No material driver detected,
ENG-00467,2024-07-01,No material driver detected,
ENG-00467,2024-08-01,No material driver detected,
ENG-00467,2024-09-01,No material driver detected,
ENG-00467,2024-10-01,No material driver detected,
ENG-00467,2024-11-01,No material driver detected,
ENG-00467,2024-12-01,No material driver detected,
ENG-00467,2025-01-01,No material driver detected,
ENG-00467,2025-02-01,No material driver detected,
ENG-00467,2025-03-01,No material driver detected,
ENG-00467,2025-04-01,No material driver detected,
ENG-00467,2025-05-01,No material driver detected,
ENG-00468,2025-05-01,Performance | Role profile | Contract stage,Performance (+1.13) | Role profile (+0.25) | Contract stage (+0.16)
ENG-00468,2025-06-01,Sentiment | Client feedback | Role profile,Sentiment (+1.49) | Client feedback (+0.79) | Role profile (+0.25)
ENG-00468,2025-07-01,No material driver detected,
ENG-00468,2025-08-01,No material driver detected,
ENG-00468,2025-09-01,No material driver detected,
ENG-00468,2025-10-01,Client feedback | Performance | Sentiment,Client feedback (+1.11) | Performance (+1.06) | Sentiment (+0.62)
ENG-00468,2025-11-01,Sentiment | Performance | Role profile,Sentiment (+1.00) | Performance (+0.53) | Role profile (+0.25)
ENG-00468,2025-12-01,Client feedback | Sentiment | Role profile,Client feedback (+3.07) | Sentiment (+0.50) | Role profile (+0.25)
ENG-00468,2026-01-01,Performance | Role profile,Performance (+2.09) | Role profile (+0.25)
ENG-00468,2026-02-01,No material driver detected,
ENG-00468,2026-03-01,Sentiment | Performance | Client feedback,Sentiment (+1.47) | Performance (+0.95) | Client feedback (+0.50)
ENG-00468,2026-04-01,No material driver detected,
ENG-00468,2026-05-01,Client feedback | Performance | Role profile,Client feedback (+2.19) | Performance (+1.54) | Role profile (+0.25)
ENG-00469,2025-09-01,No material driver detected,
ENG-00469,2025-10-01,No material driver detected,
ENG-00469,2025-11-01,No material driver detected,
ENG-00469,2025-12-01,No material driver detected,
ENG-00469,2026-01-01,No material driver detected,
ENG-00469,2026-02-01,No material driver detected,
ENG-00469,2026-03-01,Sentiment | Performance | Role profile,Sentiment (+0.82) | Performance (+0.62) | Role profile (+0.35)
ENG-00469,2026-04-01,No material driver detected,
ENG-00469,2026-05-01,No material driver detected,
ENG-00469,2026-06-01,No material driver detected,
ENG-00469,2026-07-01,No material driver detected,
ENG-00469,2026-08-01,No material driver detected,
ENG-00470,2024-01-01,No material driver detected,
ENG-00470,2024-02-01,No material driver detected,
ENG-00470,2024-03-01,No material driver detected,
ENG-00470,2024-04-01,No material driver detected,
ENG-00470,2024-05-01,No material driver detected,
ENG-00470,2024-06-01,No material driver detected,
ENG-00470,2024-07-01,No material driver detected,
ENG-00470,2024-08-01,Performance | Sentiment | Utilisation,Performance (+1.94) | Sentiment (+0.19) | Utilisation (+0.17)
ENG-00470,2024-09-01,No material driver detected,
ENG-00471,2026-04-01,No material driver detected,
ENG-00471,2026-05-01,No material driver detected,
ENG-00471,2026-06-01,No material driver detected,
ENG-00471,2026-07-01,No material driver detected,
ENG-00471,2026-08-01,No material driver detected,
ENG-00472,2024-04-01,No material driver detected,
ENG-00472,2024-05-01,No material driver detected,
ENG-00472,2024-06-01,No material driver detected,
ENG-00472,2024-07-01,No material driver detected,
ENG-00472,2024-08-01,No material driver detected,
ENG-00472,2024-09-01,No material driver detected,
ENG-00472,2024-10-01,No material driver detected,
ENG-00472,2024-11-01,Client feedback | Utilisation | Role profile,Client feedback (+1.07) | Utilisation (+0.34) | Role profile (+0.26)
ENG-00472,2024-12-01,No material driver detected,
ENG-00472,2025-01-01,Client feedback | Utilisation | Role profile,Client feedback (+1.87) | Utilisation (+0.30) | Role profile (+0.26)
ENG-00472,2025-02-01,Client feedback | Performance | Sentiment,Client feedback (+2.42) | Performance (+1.68) | Sentiment (+0.96)
ENG-00473,2024-11-01,No material driver detected,
ENG-00473,2024-12-01,No material driver detected,
ENG-00473,2025-01-01,No material driver detected,
ENG-00473,2025-02-01,No material driver detected,
ENG-00473,2025-03-01,No material driver detected,
ENG-00473,2025-04-01,No material driver detected,
ENG-00473,2025-05-01,No material driver detected,
ENG-00474,2025-02-01,No material driver detected,
ENG-00474,2025-03-01,No material driver detected,
ENG-00474,2025-04-01,No material driver detected,
ENG-00474,2025-05-01,No material driver detected,
ENG-00474,2025-06-01,No material driver detected,
ENG-00474,2025-07-01,No material driver detected,
ENG-00474,2025-08-01,No material driver detected,
ENG-00474,2025-09-01,No material driver detected,
ENG-00474,2025-10-01,No material driver detected,
ENG-00474,2025-11-01,No material driver detected,
ENG-00475,2024-10-01,No material driver detected,
ENG-00475,2024-11-01,Performance | Sentiment | Client feedback,Performance (+2.11) | Sentiment (+1.15) | Client feedback (+0.86)
ENG-00475,2024-12-01,Milestone delivery | Sentiment | Performance,Milestone delivery (+0.89) | Sentiment (+0.64) | Performance (+0.42)
ENG-00475,2025-01-01,No material driver detected,
ENG-00475,2025-02-01,Client feedback | Sentiment | Role profile,Client feedback (+1.09) | Sentiment (+0.68) | Role profile (+0.26)
ENG-00475,2025-03-01,No material driver detected,
ENG-00475,2025-04-01,No material driver detected,
ENG-00475,2025-05-01,No material driver detected,
ENG-00475,2025-06-01,Performance | Client feedback | Role profile,Performance (+2.02) | Client feedback (+1.74) | Role profile (+0.26)
ENG-00475,2025-07-01,No material driver detected,
ENG-00475,2025-08-01,No material driver detected,
ENG-00475,2025-09-01,Client feedback | Performance | Utilisation,Client feedback (+1.54) | Performance (+0.72) | Utilisation (+0.27)
ENG-00475,2025-10-01,No material driver detected,
ENG-00476,2025-06-01,No material driver detected,
ENG-00476,2025-07-01,Client feedback | Performance | Sentiment,Client feedback (+2.06) | Performance (+1.65) | Sentiment (+0.46)
ENG-00476,2025-08-01,Performance | Sentiment | Client feedback,Performance (+1.57) | Sentiment (+1.22) | Client feedback (+1.13)
ENG-00476,2025-09-01,Performance | Client feedback | Sentiment,Performance (+2.21) | Client feedback (+1.97) | Sentiment (+1.87)
ENG-00477,2024-07-01,Client feedback | Sentiment | Contract stage,Client feedback (+0.75) | Sentiment (+0.46) | Contract stage (+0.16)
ENG-00477,2024-08-01,No material driver detected,
ENG-00477,2024-09-01,No material driver detected,
ENG-00477,2024-10-01,No material driver detected,
ENG-00477,2024-11-01,No material driver detected,
ENG-00477,2024-12-01,No material driver detected,
ENG-00477,2025-01-01,No material driver detected,
ENG-00477,2025-02-01,No material driver detected,
ENG-00477,2025-03-01,No material driver detected,
ENG-00477,2025-04-01,No material driver detected,
ENG-00477,2025-05-01,No material driver detected,
ENG-00477,2025-06-01,No material driver detected,
ENG-00477,2025-07-01,No material driver detected,
ENG-00478,2024-10-01,No material driver detected,
ENG-00478,2024-11-01,Client feedback | Contract stage | Role profile,Client feedback (+1.31) | Contract stage (+0.46) | Role profile (+0.35)
ENG-00478,2024-12-01,Sentiment | Client feedback | Performance,Sentiment (+1.69) | Client feedback (+1.13) | Performance (+0.93)
ENG-00478,2025-01-01,Performance | Client feedback | Role profile,Performance (+0.94) | Client feedback (+0.77) | Role profile (+0.35)
ENG-00478,2025-02-01,Sentiment | Performance | Milestone delivery,Sentiment (+1.74) | Performance (+1.42) | Milestone delivery (+0.53)
ENG-00479,2025-12-01,No material driver detected,
ENG-00479,2026-01-01,No material driver detected,
ENG-00479,2026-02-01,No material driver detected,
ENG-00479,2026-03-01,No material driver detected,
ENG-00479,2026-04-01,Performance | Role profile | Client feedback,Performance (+1.64) | Role profile (+0.35) | Client feedback (+0.32)
ENG-00479,2026-05-01,Client feedback | Role profile | Utilisation,Client feedback (+1.65) | Role profile (+0.35) | Utilisation (+0.28)
ENG-00479,2026-06-01,No material driver detected,
ENG-00479,2026-07-01,No material driver detected,
ENG-00479,2026-08-01,Client feedback | Performance | Sentiment,Client feedback (+1.26) | Performance (+1.02) | Sentiment (+0.39)
ENG-00480,2026-04-01,No material driver detected,
ENG-00480,2026-05-01,No material driver detected,
ENG-00480,2026-06-01,No material driver detected,
ENG-00480,2026-07-01,No material driver detected,
ENG-00480,2026-08-01,No material driver detected,
ENG-00481,2026-08-01,No material driver detected,
ENG-00481,2026-09-01,Performance | Client feedback | Sentiment,Performance (+2.89) | Client feedback (+0.94) | Sentiment (+0.62)
ENG-00481,2026-10-01,Client feedback | Sentiment | Performance,Client feedback (+3.51) | Sentiment (+1.37) | Performance (+0.63)
ENG-00481,2026-11-01,Client feedback | Performance | Sentiment,Client feedback (+2.78) | Performance (+2.34) | Sentiment (+1.55)
ENG-00482,2026-07-01,No material driver detected,
ENG-00482,2026-08-01,No material driver detected,
ENG-00483,2024-10-01,No material driver detected,
ENG-00483,2024-11-01,Client feedback | Sentiment | Utilisation,Client feedback (+2.00) | Sentiment (+1.12) | Utilisation (+0.49)
ENG-00483,2024-12-01,Client feedback | Performance | Sentiment,Client feedback (+3.23) | Performance (+2.87) | Sentiment (+2.13)
ENG-00483,2025-01-01,Client feedback | Performance | Sentiment,Client feedback (+3.50) | Performance (+2.30) | Sentiment (+1.45)
ENG-00483,2025-02-01,Performance | Sentiment | Client feedback,Performance (+3.38) | Sentiment (+2.33) | Client feedback (+0.75)
ENG-00484,2024-05-01,No material driver detected,
ENG-00484,2024-06-01,No material driver detected,
ENG-00484,2024-07-01,No material driver detected,
ENG-00484,2024-08-01,No material driver detected,
ENG-00484,2024-09-01,No material driver detected,
ENG-00484,2024-10-01,No material driver detected,
ENG-00484,2024-11-01,No material driver detected,
ENG-00484,2024-12-01,No material driver detected,
ENG-00484,2025-01-01,No material driver detected,
ENG-00484,2025-02-01,No material driver detected,
ENG-00484,2025-03-01,No material driver detected,
ENG-00484,2025-04-01,No material driver detected,
ENG-00484,2025-05-01,No material driver detected,
ENG-00485,2024-06-01,No material driver detected,
ENG-00485,2024-07-01,No material driver detected,
ENG-00485,2024-08-01,No material driver detected,
ENG-00485,2024-09-01,No material driver detected,
ENG-00485,2024-10-01,No material driver detected,
ENG-00485,2024-11-01,No material driver detected,
ENG-00485,2024-12-01,No material driver detected,
ENG-00485,2025-01-01,No material driver detected,
ENG-00485,2025-02-01,No material driver detected,
ENG-00485,2025-03-01,No material driver detected,
ENG-00485,2025-04-01,No material driver detected,
ENG-00486,2026-02-01,No material driver detected,
ENG-00486,2026-03-01,Performance | Sentiment | Contract stage,Performance (+1.92) | Sentiment (+0.27) | Contract stage (+0.27)
ENG-00486,2026-04-01,No material driver detected,
ENG-00486,2026-05-01,No material driver detected,
ENG-00486,2026-06-01,No material driver detected,
ENG-00486,2026-07-01,No material driver detected,
ENG-00486,2026-08-01,No material driver detected,
ENG-00487,2024-10-01,No material driver detected,
ENG-00487,2024-11-01,No material driver detected,
ENG-00487,2024-12-01,No material driver detected,
ENG-00487,2025-01-01,Performance | Client feedback | Role profile,Performance (+1.73) | Client feedback (+1.35) | Role profile (+0.35)
ENG-00487,2025-02-01,No material driver detected,
ENG-00487,2025-03-01,Client feedback | Sentiment | Performance,Client feedback (+2.02) | Sentiment (+0.98) | Performance (+0.74)
ENG-00487,2025-04-01,Performance | Sentiment | Client feedback,Performance (+1.51) | Sentiment (+0.92) | Client feedback (+0.38)
ENG-00488,2024-07-01,No material driver detected,
ENG-00488,2024-08-01,No material driver detected,
ENG-00488,2024-09-01,No material driver detected,
ENG-00488,2024-10-01,No material driver detected,
ENG-00488,2024-11-01,No material driver detected,
ENG-00488,2024-12-01,No material driver detected,
ENG-00488,2025-01-01,No material driver detected,
ENG-00488,2025-02-01,No material driver detected,
ENG-00488,2025-03-01,No material driver detected,
ENG-00488,2025-04-01,No material driver detected,
ENG-00488,2025-05-01,No material driver detected,
ENG-00489,2025-04-01,Performance | Sentiment | Role profile,Performance (+0.80) | Sentiment (+0.44) | Role profile (+0.35)
ENG-00489,2025-05-01,Client feedback | Performance | Sentiment,Client feedback (+1.02) | Performance (+0.95) | Sentiment (+0.94)
ENG-00489,2025-06-01,Performance | Client feedback | Milestone delivery,Performance (+0.92) | Client feedback (+0.66) | Milestone delivery (+0.62)
ENG-00489,2025-07-01,No material driver detected,
ENG-00489,2025-08-01,Client feedback | Performance | Sentiment,Client feedback (+1.14) | Performance (+1.04) | Sentiment (+0.66)
ENG-00489,2025-09-01,Performance | Client feedback | Sentiment,Performance (+1.82) | Client feedback (+1.57) | Sentiment (+0.58)
ENG-00489,2025-10-01,Sentiment | Performance | Client feedback,Sentiment (+2.25) | Performance (+2.09) | Client feedback (+1.72)
ENG-00489,2025-11-01,Client feedback | Performance | Sentiment,Client feedback (+2.82) | Performance (+2.35) | Sentiment (+2.04)
ENG-00489,2025-12-01,Client feedback | Sentiment | Performance,Client feedback (+4.46) | Sentiment (+2.17) | Performance (+1.84)
ENG-00490,2024-08-01,No material driver detected,
ENG-00490,2024-09-01,No material driver detected,
ENG-00490,2024-10-01,No material driver detected,
ENG-00490,2024-11-01,No material driver detected,
ENG-00490,2024-12-01,No material driver detected,
ENG-00490,2025-01-01,No material driver detected,
ENG-00490,2025-02-01,No material driver detected,
ENG-00491,2024-07-01,No material driver detected,
ENG-00491,2024-08-01,No material driver detected,
ENG-00491,2024-09-01,No material driver detected,
ENG-00491,2024-10-01,Client feedback | Sentiment | Performance,Client feedback (+1.86) | Sentiment (+1.26) | Performance (+0.85)
ENG-00491,2024-11-01,No material driver detected,
ENG-00491,2024-12-01,No material driver detected,
ENG-00491,2025-01-01,No material driver detected,
ENG-00491,2025-02-01,Client feedback | Performance,Client feedback (+1.74) | Performance (+0.78)
ENG-00491,2025-03-01,No material driver detected,
ENG-00491,2025-04-01,Performance | Client feedback | Sentiment,Performance (+2.33) | Client feedback (+0.31) | Sentiment (+0.30)
ENG-00492,2024-12-01,No material driver detected,
ENG-00492,2025-01-01,No material driver detected,
ENG-00492,2025-02-01,No material driver detected,
ENG-00492,2025-03-01,No material driver detected,
ENG-00492,2025-04-01,No material driver detected,
ENG-00492,2025-05-01,Role profile | Performance | Client feedback,Role profile (+0.35) | Performance (+0.28) | Client feedback (+0.24)
ENG-00492,2025-06-01,No material driver detected,
ENG-00493,2024-07-01,No material driver detected,
ENG-00493,2024-08-01,No material driver detected,
ENG-00493,2024-09-01,No material driver detected,
ENG-00493,2024-10-01,Performance | Contract stage | Utilisation,Performance (+1.81) | Contract stage (+0.18) | Utilisation (+0.16)
ENG-00493,2024-11-01,No material driver detected,
ENG-00493,2024-12-01,No material driver detected,
ENG-00493,2025-01-01,No material driver detected,
ENG-00493,2025-02-01,No material driver detected,
ENG-00493,2025-03-01,No material driver detected,
ENG-00494,2025-12-01,No material driver detected,
ENG-00494,2026-01-01,No material driver detected,
ENG-00494,2026-02-01,No material driver detected,
ENG-00494,2026-03-01,No material driver detected,
ENG-00494,2026-04-01,No material driver detected,
ENG-00494,2026-05-01,No material driver detected,
ENG-00494,2026-06-01,No material driver detected,
ENG-00494,2026-07-01,No material driver detected,
ENG-00495,2024-08-01,No material driver detected,
ENG-00495,2024-09-01,No material driver detected,
ENG-00495,2024-10-01,No material driver detected,
ENG-00495,2024-11-01,No material driver detected,
ENG-00495,2024-12-01,No material driver detected,
ENG-00495,2025-01-01,No material driver detected,
ENG-00495,2025-02-01,No material driver detected,
ENG-00495,2025-03-01,No material driver detected,
ENG-00495,2025-04-01,No material driver detected,
ENG-00495,2025-05-01,No material driver detected,
ENG-00495,2025-06-01,No material driver detected,
ENG-00495,2025-07-01,No material driver detected,
ENG-00496,2026-02-01,No material driver detected,
ENG-00496,2026-03-01,No material driver detected,
ENG-00496,2026-04-01,No material driver detected,
ENG-00496,2026-05-01,No material driver detected,
ENG-00496,2026-06-01,No material driver detected,
ENG-00496,2026-07-01,No material driver detected,
ENG-00496,2026-08-01,No material driver detected,
ENG-00497,2026-06-01,No material driver detected,
ENG-00497,2026-07-01,No material driver detected,
ENG-00497,2026-08-01,No material driver detected,
ENG-00497,2026-09-01,No material driver detected,
ENG-00497,2026-10-01,No material driver detected,
ENG-00497,2026-11-01,No material driver detected,
ENG-00497,2026-12-01,Performance | Sentiment | Milestone delivery,Performance (+1.41) | Sentiment (+0.74) | Milestone delivery (+0.49)
ENG-00497,2027-01-01,Client feedback | Performance | Role profile,Client feedback (+1.56) | Performance (+0.83) | Role profile (+0.25)
ENG-00497,2027-02-01,Sentiment | Client feedback | Performance,Sentiment (+1.67) | Client feedback (+1.28) | Performance (+0.75)
ENG-00498,2026-06-01,No material driver detected,
ENG-00498,2026-07-01,No material driver detected,
ENG-00498,2026-08-01,No material driver detected,
ENG-00499,2025-04-01,No material driver detected,
ENG-00499,2025-05-01,No material driver detected,
ENG-00499,2025-06-01,No material driver detected,
ENG-00499,2025-07-01,No material driver detected,
ENG-00499,2025-08-01,No material driver detected,
ENG-00499,2025-09-01,No material driver detected,
ENG-00499,2025-10-01,No material driver detected,
ENG-00499,2025-11-01,No material driver detected,
ENG-00499,2025-12-01,No material driver detected,
ENG-00500,2024-10-01,No material driver detected,
ENG-00500,2024-11-01,No material driver detected,
ENG-00500,2024-12-01,No material driver detected,
ENG-00500,2025-01-01,No material driver detected,
ENG-00500,2025-02-01,Performance | Client feedback | Role profile,Performance (+1.00) | Client feedback (+0.96) | Role profile (+0.26)
ENG-00500,2025-03-01,No material driver detected,
ENG-00500,2025-04-01,Sentiment | Role profile,Sentiment (+1.31) | Role profile (+0.26)
ENG-00500,2025-05-01,No material driver detected,
ENG-00500,2025-06-01,No material driver detected,
ENG-00500,2025-07-01,No material driver detected,
ENG-00500,2025-08-01,No material driver detected,
ENG-00500,2025-09-01,No material driver detected,
ENG-00501,2025-10-01,Client feedback | Role profile | Contract stage,Client feedback (+0.65) | Role profile (+0.35) | Contract stage (+0.29)
ENG-00501,2025-11-01,Performance | Role profile | Contract stage,Performance (+0.94) | Role profile (+0.35) | Contract stage (+0.21)
ENG-00501,2025-12-01,No material driver detected,
ENG-00501,2026-01-01,Client feedback | Milestone delivery | Role profile,Client feedback (+1.38) | Milestone delivery (+0.52) | Role profile (+0.35)
ENG-00501,2026-02-01,No material driver detected,
ENG-00501,2026-03-01,Client feedback | Sentiment | Performance,Client feedback (+1.95) | Sentiment (+0.84) | Performance (+0.37)
ENG-00501,2026-04-01,Client feedback | Sentiment | Performance,Client feedback (+2.38) | Sentiment (+1.94) | Performance (+1.84)
ENG-00501,2026-05-01,Performance | Sentiment | Client feedback,Performance (+1.66) | Sentiment (+1.02) | Client feedback (+0.78)
ENG-00501,2026-06-01,Client feedback | Sentiment | Performance,Client feedback (+3.38) | Sentiment (+2.34) | Performance (+2.00)
ENG-00502,2024-01-01,No material driver detected,
ENG-00502,2024-02-01,Sentiment | Performance | Client feedback,Sentiment (+0.83) | Performance (+0.68) | Client feedback (+0.56)
ENG-00502,2024-03-01,Performance | Client feedback | Contract stage,Performance (+2.08) | Client feedback (+1.94) | Contract stage (+0.38)
ENG-00502,2024-04-01,Client feedback | Performance | Sentiment,Client feedback (+3.46) | Performance (+3.07) | Sentiment (+1.62)
ENG-00502,2024-05-01,Sentiment | Performance | Client feedback,Sentiment (+2.49) | Performance (+1.96) | Client feedback (+1.36)
ENG-00503,2025-12-01,No material driver detected,
ENG-00503,2026-01-01,No material driver detected,
ENG-00503,2026-02-01,No material driver detected,
ENG-00503,2026-03-01,No material driver detected,
ENG-00503,2026-04-01,No material driver detected,
ENG-00503,2026-05-01,No material driver detected,
ENG-00503,2026-06-01,No material driver detected,
ENG-00504,2026-08-01,No material driver detected,
ENG-00505,2025-02-01,No material driver detected,
ENG-00505,2025-03-01,Client feedback | Performance | Milestone delivery,Client feedback (+3.60) | Performance (+2.11) | Milestone delivery (+0.65)
ENG-00505,2025-04-01,Sentiment | Performance | Client feedback,Sentiment (+3.00) | Performance (+2.97) | Client feedback (+1.92)
ENG-00505,2025-05-01,Client feedback | Sentiment | Performance,Client feedback (+3.35) | Sentiment (+1.88) | Performance (+1.68)
ENG-00506,2026-03-01,No material driver detected,
ENG-00506,2026-04-01,Performance | Sentiment | Contract stage,Performance (+0.95) | Sentiment (+0.65) | Contract stage (+0.46)
ENG-00506,2026-05-01,Client feedback | Contract stage | Role profile,Client feedback (+2.74) | Contract stage (+0.38) | Role profile (+0.35)
ENG-00506,2026-06-01,Performance | Sentiment | Role profile,Performance (+2.55) | Sentiment (+0.90) | Role profile (+0.35)
ENG-00506,2026-07-01,Client feedback | Performance | Sentiment,Client feedback (+2.82) | Performance (+1.20) | Sentiment (+1.06)
ENG-00507,2024-04-01,No material driver detected,
ENG-00507,2024-05-01,Sentiment | Client feedback | Contract stage,Sentiment (+1.44) | Client feedback (+0.86) | Contract stage (+0.33)
ENG-00507,2024-06-01,No material driver detected,
ENG-00507,2024-07-01,Client feedback | Performance | Role profile,Client feedback (+2.97) | Performance (+0.99) | Role profile (+0.25)
ENG-00507,2024-08-01,No material driver detected,
ENG-00507,2024-09-01,Client feedback | Performance | Role profile,Client feedback (+1.51) | Performance (+1.47) | Role profile (+0.25)
ENG-00507,2024-10-01,No material driver detected,
ENG-00507,2024-11-01,No material driver detected,
ENG-00507,2024-12-01,No material driver detected,
ENG-00508,2025-03-01,No material driver detected,
ENG-00508,2025-04-01,No material driver detected,
ENG-00508,2025-05-01,No material driver detected,
ENG-00508,2025-06-01,No material driver detected,
ENG-00508,2025-07-01,No material driver detected,
ENG-00508,2025-08-01,No material driver detected,
ENG-00508,2025-09-01,No material driver detected,
ENG-00508,2025-10-01,No material driver detected,
ENG-00508,2025-11-01,No material driver detected,
ENG-00508,2025-12-01,No material driver detected,
ENG-00508,2026-01-01,Client feedback | Performance | Role profile,Client feedback (+1.86) | Performance (+0.41) | Role profile (+0.25)
ENG-00509,2025-06-01,No material driver detected,
ENG-00509,2025-07-01,No material driver detected,
ENG-00509,2025-08-01,No material driver detected,
ENG-00509,2025-09-01,No material driver detected,
ENG-00509,2025-10-01,No material driver detected,
ENG-00509,2025-11-01,No material driver detected,
ENG-00509,2025-12-01,No material driver detected,
ENG-00509,2026-01-01,No material driver detected,
ENG-00510,2025-02-01,No material driver detected,
ENG-00510,2025-03-01,Client feedback | Performance | Sentiment,Client feedback (+1.06) | Performance (+0.63) | Sentiment (+0.53)
ENG-00510,2025-04-01,Client feedback | Performance | Utilisation,Client feedback (+2.12) | Performance (+1.51) | Utilisation (+0.39)
ENG-00510,2025-05-01,Performance | Milestone delivery | Client feedback,Performance (+1.94) | Milestone delivery (+0.44) | Client feedback (+0.43)
ENG-00510,2025-06-01,Client feedback | Sentiment | Role profile,Client feedback (+4.39) | Sentiment (+1.90) | Role profile (+0.26)
ENG-00510,2025-07-01,Performance | Sentiment | Client feedback,Performance (+2.40) | Sentiment (+1.50) | Client feedback (+1.44)
ENG-00511,2026-04-01,Performance | Contract stage | Client feedback,Performance (+0.61) | Contract stage (+0.41) | Client feedback (+0.37)
ENG-00511,2026-05-01,No material driver detected,
ENG-00511,2026-06-01,No material driver detected,
ENG-00511,2026-07-01,Sentiment | Performance | Client feedback,Sentiment (+0.98) | Performance (+0.50) | Client feedback (+0.44)
ENG-00511,2026-08-01,No material driver detected,
ENG-00512,2024-12-01,No material driver detected,
ENG-00512,2025-01-01,No material driver detected,
ENG-00512,2025-02-01,No material driver detected,
ENG-00512,2025-03-01,No material driver detected,
ENG-00512,2025-04-01,No material driver detected,
ENG-00512,2025-05-01,No material driver detected,
ENG-00512,2025-06-01,No material driver detected,
ENG-00512,2025-07-01,No material driver detected,
ENG-00512,2025-08-01,No material driver detected,
ENG-00512,2025-09-01,No material driver detected,
ENG-00512,2025-10-01,Client feedback | Performance | Milestone delivery,Client feedback (+0.86) | Performance (+0.76) | Milestone delivery (+0.33)
ENG-00512,2025-11-01,No material driver detected,
ENG-00512,2025-12-01,No material driver detected,
ENG-00513,2025-08-01,No material driver detected,
ENG-00513,2025-09-01,Performance | Milestone delivery | Contract stage,Performance (+2.51) | Milestone delivery (+0.41) | Contract stage (+0.21)
ENG-00513,2025-10-01,No material driver detected,
ENG-00513,2025-11-01,Performance | Client feedback | Utilisation,Performance (+2.19) | Client feedback (+0.81) | Utilisation (+0.17)
ENG-00513,2025-12-01,Client feedback | Sentiment | Performance,Client feedback (+2.01) | Sentiment (+1.72) | Performance (+1.64)
ENG-00513,2026-01-01,Client feedback | Sentiment | Performance,Client feedback (+2.60) | Sentiment (+1.92) | Performance (+1.44)
ENG-00513,2026-02-01,Client feedback | Performance | Sentiment,Client feedback (+3.43) | Performance (+2.84) | Sentiment (+2.30)
ENG-00514,2025-08-01,No material driver detected,
ENG-00514,2025-09-01,No material driver detected,
ENG-00514,2025-10-01,No material driver detected,
ENG-00514,2025-11-01,No material driver detected,
ENG-00514,2025-12-01,No material driver detected,
ENG-00514,2026-01-01,No material driver detected,
ENG-00514,2026-02-01,No material driver detected,
ENG-00514,2026-03-01,No material driver detected,
ENG-00514,2026-04-01,No material driver detected,
ENG-00514,2026-05-01,No material driver detected,
ENG-00514,2026-06-01,No material driver detected,
ENG-00514,2026-07-01,No material driver detected,
ENG-00514,2026-08-01,No material driver detected,
ENG-00515,2025-10-01,Contract stage | Sentiment | Performance,Contract stage (+0.54) | Sentiment (+0.50) | Performance (+0.43)
ENG-00515,2025-11-01,Client feedback | Performance | Sentiment,Client feedback (+2.84) | Performance (+0.81) | Sentiment (+0.74)
ENG-00515,2025-12-01,Client feedback | Performance | Contract stage,Client feedback (+1.68) | Performance (+1.39) | Contract stage (+0.38)
ENG-00515,2026-01-01,Sentiment | Client feedback | Performance,Sentiment (+3.35) | Client feedback (+2.99) | Performance (+1.71)
ENG-00516,2025-04-01,No material driver detected,
ENG-00516,2025-05-01,No material driver detected,
ENG-00516,2025-06-01,No material driver detected,
ENG-00516,2025-07-01,No material driver detected,
ENG-00516,2025-08-01,No material driver detected,
ENG-00516,2025-09-01,No material driver detected,
ENG-00516,2025-10-01,No material driver detected,
ENG-00516,2025-11-01,No material driver detected,
ENG-00516,2025-12-01,No material driver detected,
ENG-00517,2024-08-01,No material driver detected,
ENG-00517,2024-09-01,No material driver detected,
ENG-00517,2024-10-01,No material driver detected,
ENG-00517,2024-11-01,No material driver detected,
ENG-00517,2024-12-01,No material driver detected,
ENG-00517,2025-01-01,No material driver detected,
ENG-00517,2025-02-01,No material driver detected,
ENG-00517,2025-03-01,No material driver detected,
ENG-00517,2025-04-01,No material driver detected,
ENG-00518,2024-01-01,No material driver detected,
ENG-00518,2024-02-01,No material driver detected,
ENG-00518,2024-03-01,No material driver detected,
ENG-00518,2024-04-01,No material driver detected,
ENG-00518,2024-05-01,No material driver detected,
ENG-00518,2024-06-01,No material driver detected,
ENG-00518,2024-07-01,No material driver detected,
ENG-00518,2024-08-01,No material driver detected,
ENG-00518,2024-09-01,No material driver detected,
ENG-00518,2024-10-01,No material driver detected,
ENG-00518,2024-11-01,No material driver detected,
ENG-00518,2024-12-01,No material driver detected,
ENG-00519,2024-10-01,No material driver detected,
ENG-00519,2024-11-01,No material driver detected,
ENG-00519,2024-12-01,No material driver detected,
ENG-00519,2025-01-01,No material driver detected,
ENG-00519,2025-02-01,No material driver detected,
ENG-00519,2025-03-01,No material driver detected,
ENG-00519,2025-04-01,No material driver detected,
ENG-00519,2025-05-01,No material driver detected,
ENG-00519,2025-06-01,No material driver detected,
ENG-00519,2025-07-01,No material driver detected,
ENG-00519,2025-08-01,No material driver detected,
ENG-00519,2025-09-01,No material driver detected,
ENG-00519,2025-10-01,No material driver detected,
ENG-00520,2025-03-01,No material driver detected,
ENG-00520,2025-04-01,No material driver detected,
ENG-00520,2025-05-01,No material driver detected,
ENG-00520,2025-06-01,No material driver detected,
ENG-00520,2025-07-01,No material driver detected,
ENG-00520,2025-08-01,No material driver detected,
ENG-00520,2025-09-01,No material driver detected,
ENG-00520,2025-10-01,No material driver detected,
ENG-00520,2025-11-01,No material driver detected,
ENG-00520,2025-12-01,No material driver detected,
ENG-00520,2026-01-01,No material driver detected,
ENG-00520,2026-02-01,No material driver detected,
ENG-00520,2026-03-01,No material driver detected,
ENG-00521,2024-02-01,No material driver detected,
ENG-00521,2024-03-01,No material driver detected,
ENG-00521,2024-04-01,No material driver detected,
ENG-00521,2024-05-01,No material driver detected,
ENG-00521,2024-06-01,No material driver detected,
ENG-00521,2024-07-01,No material driver detected,
ENG-00521,2024-08-01,No material driver detected,
ENG-00521,2024-09-01,No material driver detected,
ENG-00521,2024-10-01,No material driver detected,
ENG-00522,2025-06-01,Performance | Client feedback | Sentiment,Performance (+0.71) | Client feedback (+0.38) | Sentiment (+0.27)
ENG-00522,2025-07-01,No material driver detected,
ENG-00522,2025-08-01,Client feedback | Performance | Sentiment,Client feedback (+1.11) | Performance (+1.08) | Sentiment (+0.68)
ENG-00522,2025-09-01,No material driver detected,
ENG-00522,2025-10-01,Client feedback | Performance | Sentiment,Client feedback (+1.89) | Performance (+1.46) | Sentiment (+0.31)
ENG-00522,2025-11-01,Performance | Milestone delivery | Sentiment,Performance (+1.14) | Milestone delivery (+0.48) | Sentiment (+0.47)
ENG-00522,2025-12-01,Client feedback | Sentiment | Role profile,Client feedback (+1.21) | Sentiment (+1.21) | Role profile (+0.25)
ENG-00522,2026-01-01,No material driver detected,
ENG-00522,2026-02-01,Client feedback | Performance | Sentiment,Client feedback (+1.09) | Performance (+0.83) | Sentiment (+0.44)
ENG-00522,2026-03-01,No material driver detected,
ENG-00522,2026-04-01,No material driver detected,
ENG-00522,2026-05-01,No material driver detected,
ENG-00523,2024-01-01,Performance | Client feedback | Contract stage,Performance (+0.61) | Client feedback (+0.53) | Contract stage (+0.41)
ENG-00523,2024-02-01,Performance | Client feedback | Contract stage,Performance (+0.88) | Client feedback (+0.50) | Contract stage (+0.33)
ENG-00523,2024-03-01,Client feedback | Performance | Milestone delivery,Client feedback (+1.15) | Performance (+0.81) | Milestone delivery (+0.26)
ENG-00523,2024-04-01,Sentiment | Milestone delivery | Performance,Sentiment (+0.94) | Milestone delivery (+0.73) | Performance (+0.65)
ENG-00523,2024-05-01,Client feedback | Sentiment | Role profile,Client feedback (+3.59) | Sentiment (+0.43) | Role profile (+0.25)
ENG-00523,2024-06-01,No material driver detected,
ENG-00523,2024-07-01,Sentiment | Client feedback | Utilisation,Sentiment (+1.13) | Client feedback (+0.61) | Utilisation (+0.49)
ENG-00523,2024-08-01,Client feedback | Performance | Sentiment,Client feedback (+2.10) | Performance (+2.00) | Sentiment (+1.52)
ENG-00523,2024-09-01,Performance | Client feedback | Utilisation,Performance (+1.78) | Client feedback (+0.91) | Utilisation (+0.43)
ENG-00524,2025-09-01,No material driver detected,
ENG-00524,2025-10-01,No material driver detected,
ENG-00524,2025-11-01,No material driver detected,
ENG-00524,2025-12-01,No material driver detected,
ENG-00524,2026-01-01,Sentiment | Milestone delivery | Role profile,Sentiment (+0.95) | Milestone delivery (+0.59) | Role profile (+0.35)
ENG-00524,2026-02-01,No material driver detected,
ENG-00524,2026-03-01,No material driver detected,
ENG-00524,2026-04-01,No material driver detected,
ENG-00524,2026-05-01,No material driver detected,
ENG-00524,2026-06-01,No material driver detected,
ENG-00524,2026-07-01,No material driver detected,
ENG-00524,2026-08-01,No material driver detected,
ENG-00525,2025-02-01,No material driver detected,
ENG-00525,2025-03-01,No material driver detected,
ENG-00525,2025-04-01,No material driver detected,
ENG-00525,2025-05-01,Performance | Sentiment | Role profile,Performance (+1.37) | Sentiment (+0.56) | Role profile (+0.25)
ENG-00525,2025-06-01,No material driver detected,
ENG-00525,2025-07-01,No material driver detected,
ENG-00525,2025-08-01,No material driver detected,
ENG-00525,2025-09-01,No material driver detected,
ENG-00526,2026-03-01,No material driver detected,
ENG-00526,2026-04-01,No material driver detected,
ENG-00526,2026-05-01,No material driver detected,
ENG-00526,2026-06-01,No material driver detected,
ENG-00526,2026-07-01,No material driver detected,
ENG-00526,2026-08-01,No material driver detected,
ENG-00527,2025-05-01,No material driver detected,
ENG-00527,2025-06-01,Performance | Client feedback | Sentiment,Performance (+2.51) | Client feedback (+1.84) | Sentiment (+0.81)
ENG-00527,2025-07-01,Performance | Client feedback | Sentiment,Performance (+1.54) | Client feedback (+1.48) | Sentiment (+1.07)
ENG-00527,2025-08-01,Client feedback | Performance | Sentiment,Client feedback (+2.96) | Performance (+1.52) | Sentiment (+1.45)
ENG-00528,2025-05-01,No material driver detected,
ENG-00528,2025-06-01,No material driver detected,
ENG-00528,2025-07-01,No material driver detected,
ENG-00528,2025-08-01,No material driver detected,
ENG-00528,2025-09-01,No material driver detected,
ENG-00528,2025-10-01,No material driver detected,
ENG-00528,2025-11-01,No material driver detected,
ENG-00528,2025-12-01,No material driver detected,
ENG-00528,2026-01-01,Performance | Client feedback | Sentiment,Performance (+1.95) | Client feedback (+1.22) | Sentiment (+0.29)
ENG-00529,2025-10-01,No material driver detected,
ENG-00529,2025-11-01,No material driver detected,
ENG-00529,2025-12-01,No material driver detected,
ENG-00529,2026-01-01,No material driver detected,
ENG-00529,2026-02-01,No material driver detected,
ENG-00529,2026-03-01,No material driver detected,
ENG-00529,2026-04-01,No material driver detected,
ENG-00529,2026-05-01,No material driver detected,
ENG-00529,2026-06-01,No material driver detected,
ENG-00529,2026-07-01,No material driver detected,
ENG-00529,2026-08-01,No material driver detected,
ENG-00530,2024-12-01,No material driver detected,
ENG-00530,2025-01-01,No material driver detected,
ENG-00530,2025-02-01,No material driver detected,
ENG-00530,2025-03-01,No material driver detected,
ENG-00530,2025-04-01,No material driver detected,
ENG-00530,2025-05-01,No material driver detected,
ENG-00530,2025-06-01,No material driver detected,
ENG-00530,2025-07-01,No material driver detected,
ENG-00530,2025-08-01,No material driver detected,
ENG-00530,2025-09-01,No material driver detected,
ENG-00530,2025-10-01,No material driver detected,
ENG-00530,2025-11-01,No material driver detected,
ENG-00530,2025-12-01,No material driver detected,
ENG-00531,2026-04-01,Performance | Contract stage | Role profile,Performance (+0.71) | Contract stage (+0.54) | Role profile (+0.25)
ENG-00531,2026-05-01,No material driver detected,
ENG-00531,2026-06-01,Client feedback | Sentiment | Performance,Client feedback (+2.78) | Sentiment (+0.90) | Performance (+0.39)
ENG-00531,2026-07-01,Performance | Sentiment | Client feedback,Performance (+1.72) | Sentiment (+1.47) | Client feedback (+0.54)
ENG-00531,2026-08-01,Client feedback | Role profile | Contract stage,Client feedback (+1.41) | Role profile (+0.25) | Contract stage (+0.22)
ENG-00532,2024-01-01,No material driver detected,
ENG-00532,2024-02-01,No material driver detected,
ENG-00532,2024-03-01,Client feedback | Sentiment | Performance,Client feedback (+2.73) | Sentiment (+1.41) | Performance (+1.06)
ENG-00532,2024-04-01,Client feedback | Sentiment | Performance,Client feedback (+2.14) | Sentiment (+0.67) | Performance (+0.63)
ENG-00532,2024-05-01,Sentiment | Performance | Client feedback,Sentiment (+3.05) | Performance (+2.65) | Client feedback (+0.88)
ENG-00533,2024-03-01,No material driver detected,
ENG-00533,2024-04-01,No material driver detected,
ENG-00533,2024-05-01,No material driver detected,
ENG-00533,2024-06-01,No material driver detected,
ENG-00533,2024-07-01,No material driver detected,
ENG-00533,2024-08-01,No material driver detected,
ENG-00533,2024-09-01,No material driver detected,
ENG-00533,2024-10-01,No material driver detected,
ENG-00533,2024-11-01,No material driver detected,
ENG-00533,2024-12-01,No material driver detected,
ENG-00533,2025-01-01,No material driver detected,
ENG-00533,2025-02-01,No material driver detected,
ENG-00534,2026-07-01,No material driver detected,
ENG-00534,2026-08-01,Client feedback | Performance | Sentiment,Client feedback (+3.70) | Performance (+1.08) | Sentiment (+1.00)
ENG-00535,2024-05-01,No material driver detected,
ENG-00535,2024-06-01,No material driver detected,
ENG-00535,2024-07-01,No material driver detected,
ENG-00535,2024-08-01,No material driver detected,
ENG-00535,2024-09-01,No material driver detected,
ENG-00535,2024-10-01,No material driver detected,
ENG-00535,2024-11-01,No material driver detected,
ENG-00535,2024-12-01,No material driver detected,
ENG-00536,2025-01-01,No material driver detected,
ENG-00536,2025-02-01,No material driver detected,
ENG-00536,2025-03-01,No material driver detected,
ENG-00536,2025-04-01,No material driver detected,
ENG-00536,2025-05-01,No material driver detected,
ENG-00536,2025-06-01,No material driver detected,
ENG-00536,2025-07-01,No material driver detected,
ENG-00536,2025-08-01,Client feedback | Sentiment,Client feedback (+2.61) | Sentiment (+0.37)
ENG-00536,2025-09-01,No material driver detected,
ENG-00536,2025-10-01,No material driver detected,
ENG-00536,2025-11-01,No material driver detected,
ENG-00536,2025-12-01,No material driver detected,
ENG-00537,2026-04-01,Performance | Contract stage | Client feedback,Performance (+0.71) | Contract stage (+0.54) | Client feedback (+0.40)
ENG-00537,2026-05-01,No material driver detected,
ENG-00537,2026-06-01,Performance | Client feedback | Sentiment,Performance (+1.16) | Client feedback (+0.64) | Sentiment (+0.48)
ENG-00537,2026-07-01,Client feedback | Performance | Contract stage,Client feedback (+1.88) | Performance (+0.31) | Contract stage (+0.30)
ENG-00537,2026-08-01,Performance | Sentiment | Role profile,Performance (+0.70) | Sentiment (+0.51) | Role profile (+0.25)
ENG-00538,2025-09-01,No material driver detected,
ENG-00538,2025-10-01,No material driver detected,
ENG-00538,2025-11-01,No material driver detected,
ENG-00538,2025-12-01,No material driver detected,
ENG-00538,2026-01-01,No material driver detected,
ENG-00538,2026-02-01,No material driver detected,
ENG-00538,2026-03-01,No material driver detected,
ENG-00538,2026-04-01,No material driver detected,
ENG-00538,2026-05-01,No material driver detected,
ENG-00538,2026-06-01,No material driver detected,
ENG-00538,2026-07-01,No material driver detected,
ENG-00539,2025-03-01,No material driver detected,
ENG-00539,2025-04-01,No material driver detected,
ENG-00539,2025-05-01,No material driver detected,
ENG-00539,2025-06-01,No material driver detected,
ENG-00539,2025-07-01,No material driver detected,
ENG-00539,2025-08-01,No material driver detected,
ENG-00539,2025-09-01,No material driver detected,
ENG-00539,2025-10-01,No material driver detected,
ENG-00539,2025-11-01,No material driver detected,
ENG-00539,2025-12-01,No material driver detected,
ENG-00539,2026-01-01,No material driver detected,
ENG-00539,2026-02-01,No material driver detected,
ENG-00540,2025-11-01,No material driver detected,
ENG-00540,2025-12-01,No material driver detected,
ENG-00540,2026-01-01,Client feedback | Sentiment | Performance,Client feedback (+2.62) | Sentiment (+1.34) | Performance (+1.14)
ENG-00540,2026-02-01,Sentiment | Client feedback | Performance,Sentiment (+2.08) | Client feedback (+1.06) | Performance (+0.87)
ENG-00540,2026-03-01,Client feedback | Sentiment | Performance,Client feedback (+3.83) | Sentiment (+3.46) | Performance (+2.46)
ENG-00540,2026-04-01,Client feedback | Sentiment | Performance,Client feedback (+4.46) | Sentiment (+2.25) | Performance (+1.17)
ENG-00541,2024-12-01,No material driver detected,
ENG-00541,2025-01-01,Client feedback | Performance | Sentiment,Client feedback (+3.14) | Performance (+2.37) | Sentiment (+1.39)
ENG-00541,2025-02-01,Client feedback | Performance | Sentiment,Client feedback (+2.29) | Performance (+2.10) | Sentiment (+1.95)
ENG-00541,2025-03-01,Performance | Sentiment | Client feedback,Performance (+3.51) | Sentiment (+1.89) | Client feedback (+1.65)
ENG-00542,2025-11-01,No material driver detected,
ENG-00542,2025-12-01,No material driver detected,
ENG-00542,2026-01-01,No material driver detected,
ENG-00542,2026-02-01,Sentiment | Client feedback | Milestone delivery,Sentiment (+1.60) | Client feedback (+0.53) | Milestone delivery (+0.34)
ENG-00542,2026-03-01,No material driver detected,
ENG-00542,2026-04-01,No material driver detected,
ENG-00542,2026-05-01,Client feedback | Sentiment | Milestone delivery,Client feedback (+1.14) | Sentiment (+1.10) | Milestone delivery (+0.35)
ENG-00542,2026-06-01,No material driver detected,
ENG-00543,2025-05-01,No material driver detected,
ENG-00543,2025-06-01,No material driver detected,
ENG-00543,2025-07-01,No material driver detected,
ENG-00543,2025-08-01,No material driver detected,
ENG-00543,2025-09-01,No material driver detected,
ENG-00543,2025-10-01,No material driver detected,
ENG-00543,2025-11-01,No material driver detected,
ENG-00543,2025-12-01,No material driver detected,
ENG-00543,2026-01-01,No material driver detected,
ENG-00543,2026-02-01,No material driver detected,
ENG-00543,2026-03-01,No material driver detected,
ENG-00543,2026-04-01,No material driver detected,
ENG-00544,2025-04-01,Sentiment | Client feedback | Role profile,Sentiment (+0.83) | Client feedback (+0.50) | Role profile (+0.35)
ENG-00544,2025-05-01,Client feedback | Sentiment | Role profile,Client feedback (+0.85) | Sentiment (+0.59) | Role profile (+0.35)
ENG-00544,2025-06-01,Performance | Client feedback | Sentiment,Performance (+2.43) | Client feedback (+1.91) | Sentiment (+0.56)
ENG-00544,2025-07-01,Sentiment | Performance | Client feedback,Sentiment (+2.49) | Performance (+2.23) | Client feedback (+2.14)
ENG-00544,2025-08-01,Performance | Client feedback | Sentiment,Performance (+4.15) | Client feedback (+3.89) | Sentiment (+1.45)
ENG-00544,2025-09-01,Sentiment | Client feedback | Performance,Sentiment (+2.96) | Client feedback (+2.31) | Performance (+1.52)
ENG-00545,2024-06-01,No material driver detected,
ENG-00545,2024-07-01,No material driver detected,
ENG-00545,2024-08-01,No material driver detected,
ENG-00545,2024-09-01,Sentiment | Client feedback | Role profile,Sentiment (+1.30) | Client feedback (+0.40) | Role profile (+0.35)
ENG-00545,2024-10-01,No material driver detected,
ENG-00545,2024-11-01,No material driver detected,
ENG-00545,2024-12-01,No material driver detected,
ENG-00545,2025-01-01,No material driver detected,
ENG-00545,2025-02-01,No material driver detected,
ENG-00545,2025-03-01,No material driver detected,
ENG-00546,2026-07-01,No material driver detected,
ENG-00546,2026-08-01,No material driver detected,
ENG-00546,2026-09-01,No material driver detected,
ENG-00546,2026-10-01,No material driver detected,
ENG-00546,2026-11-01,No material driver detected,
ENG-00546,2026-12-01,No material driver detected,
ENG-00546,2027-01-01,Client feedback | Sentiment | Milestone delivery,Client feedback (+2.14) | Sentiment (+1.20) | Milestone delivery (+0.37)
ENG-00546,2027-02-01,Client feedback | Sentiment | Performance,Client feedback (+2.29) | Sentiment (+1.45) | Performance (+1.05)
ENG-00546,2027-03-01,Performance | Client feedback | Role profile,Performance (+3.45) | Client feedback (+2.58) | Role profile (+0.35)
ENG-00547,2026-02-01,No material driver detected,
ENG-00547,2026-03-01,No material driver detected,
ENG-00547,2026-04-01,Performance | Contract stage | Role profile,Performance (+2.00) | Contract stage (+0.32) | Role profile (+0.25)
ENG-00547,2026-05-01,No material driver detected,
ENG-00547,2026-06-01,No material driver detected,
ENG-00547,2026-07-01,No material driver detected,
ENG-00547,2026-08-01,No material driver detected,
ENG-00548,2025-12-01,Client feedback | Performance | Contract stage,Client feedback (+0.67) | Performance (+0.54) | Contract stage (+0.16)
ENG-00548,2026-01-01,Performance | Client feedback | Sentiment,Performance (+1.61) | Client feedback (+0.69) | Sentiment (+0.65)
ENG-00548,2026-02-01,No material driver detected,
ENG-00548,2026-03-01,No material driver detected,
ENG-00548,2026-04-01,No material driver detected,
ENG-00548,2026-05-01,Performance | Sentiment | Milestone delivery,Performance (+1.80) | Sentiment (+1.44) | Milestone delivery (+0.32)
ENG-00548,2026-06-01,Client feedback | Performance | Sentiment,Client feedback (+1.47) | Performance (+1.01) | Sentiment (+0.31)
ENG-00548,2026-07-01,No material driver detected,
ENG-00548,2026-08-01,No material driver detected,
ENG-00549,2025-01-01,No material driver detected,
ENG-00549,2025-02-01,No material driver detected,
ENG-00549,2025-03-01,No material driver detected,
ENG-00549,2025-04-01,No material driver detected,
ENG-00549,2025-05-01,No material driver detected,
ENG-00549,2025-06-01,No material driver detected,
ENG-00549,2025-07-01,No material driver detected,
ENG-00549,2025-08-01,No material driver detected,
ENG-00549,2025-09-01,No material driver detected,
ENG-00550,2024-10-01,No material driver detected,
ENG-00550,2024-11-01,No material driver detected,
ENG-00550,2024-12-01,No material driver detected,
ENG-00550,2025-01-01,No material driver detected,
ENG-00550,2025-02-01,No material driver detected,
ENG-00550,2025-03-01,No material driver detected,
ENG-00550,2025-04-01,No material driver detected,
ENG-00550,2025-05-01,No material driver detected,
ENG-00550,2025-06-01,No material driver detected,
ENG-00551,2025-07-01,No material driver detected,
ENG-00551,2025-08-01,Client feedback | Milestone delivery | Contract stage,Client feedback (+2.30) | Milestone delivery (+0.43) | Contract stage (+0.39)
ENG-00551,2025-09-01,Sentiment | Client feedback | Performance,Sentiment (+1.49) | Client feedback (+0.78) | Performance (+0.67)
ENG-00551,2025-10-01,Performance | Client feedback | Role profile,Performance (+2.87) | Client feedback (+1.97) | Role profile (+0.26)
ENG-00552,2024-06-01,No material driver detected,
ENG-00552,2024-07-01,No material driver detected,
ENG-00552,2024-08-01,No material driver detected,
ENG-00552,2024-09-01,No material driver detected,
ENG-00552,2024-10-01,No material driver detected,
ENG-00552,2024-11-01,No material driver detected,
ENG-00552,2024-12-01,No material driver detected,
ENG-00552,2025-01-01,Client feedback | Sentiment | Performance,Client feedback (+2.57) | Sentiment (+1.50) | Performance (+1.43)
ENG-00552,2025-02-01,Sentiment | Performance | Client feedback,Sentiment (+1.46) | Performance (+1.27) | Client feedback (+0.98)
ENG-00552,2025-03-01,Client feedback | Performance | Sentiment,Client feedback (+2.61) | Performance (+2.46) | Sentiment (+0.71)
ENG-00553,2024-02-01,No material driver detected,
ENG-00553,2024-03-01,No material driver detected,
ENG-00553,2024-04-01,No material driver detected,
ENG-00553,2024-05-01,No material driver detected,
ENG-00553,2024-06-01,No material driver detected,
ENG-00553,2024-07-01,No material driver detected,
ENG-00553,2024-08-01,No material driver detected,
ENG-00553,2024-09-01,Client feedback | Performance | Sentiment,Client feedback (+1.52) | Performance (+0.71) | Sentiment (+0.67)
ENG-00553,2024-10-01,No material driver detected,
ENG-00553,2024-11-01,No material driver detected,
ENG-00553,2024-12-01,No material driver detected,
ENG-00553,2025-01-01,No material driver detected,
ENG-00553,2025-02-01,No material driver detected,
ENG-00554,2024-08-01,No material driver detected,
ENG-00554,2024-09-01,No material driver detected,
ENG-00554,2024-10-01,No material driver detected,
ENG-00554,2024-11-01,No material driver detected,
ENG-00554,2024-12-01,No material driver detected,
ENG-00554,2025-01-01,No material driver detected,
ENG-00554,2025-02-01,No material driver detected,
ENG-00554,2025-03-01,No material driver detected,
ENG-00554,2025-04-01,No material driver detected,
ENG-00554,2025-05-01,No material driver detected,
ENG-00555,2026-08-01,No material driver detected,
ENG-00556,2026-06-01,No material driver detected,
ENG-00556,2026-07-01,No material driver detected,
ENG-00556,2026-08-01,Performance | Role profile | Contract stage,Performance (+1.28) | Role profile (+0.26) | Contract stage (+0.25)
ENG-00557,2025-09-01,No material driver detected,
ENG-00557,2025-10-01,No material driver detected,
ENG-00557,2025-11-01,No material driver detected,
ENG-00557,2025-12-01,Client feedback | Milestone delivery | Role profile,Client feedback (+1.82) | Milestone delivery (+0.70) | Role profile (+0.25)
ENG-00557,2026-01-01,Client feedback | Sentiment | Performance,Client feedback (+2.79) | Sentiment (+2.74) | Performance (+0.61)
ENG-00557,2026-02-01,Client feedback | Performance | Role profile,Client feedback (+1.59) | Performance (+1.38) | Role profile (+0.25)
ENG-00558,2025-01-01,No material driver detected,
ENG-00558,2025-02-01,No material driver detected,
ENG-00558,2025-03-01,No material driver detected,
ENG-00558,2025-04-01,No material driver detected,
ENG-00558,2025-05-01,No material driver detected,
ENG-00558,2025-06-01,No material driver detected,
ENG-00558,2025-07-01,No material driver detected,
ENG-00558,2025-08-01,Performance | Sentiment | Utilisation,Performance (+1.22) | Sentiment (+1.04) | Utilisation (+0.18)
ENG-00559,2025-05-01,No material driver detected,
ENG-00559,2025-06-01,No material driver detected,
ENG-00559,2025-07-01,No material driver detected,
ENG-00559,2025-08-01,No material driver detected,
ENG-00559,2025-09-01,Sentiment | Performance | Client feedback,Sentiment (+0.64) | Performance (+0.49) | Client feedback (+0.31)
ENG-00559,2025-10-01,Client feedback | Role profile | Performance,Client feedback (+0.77) | Role profile (+0.26) | Performance (+0.26)
ENG-00559,2025-11-01,No material driver detected,
ENG-00559,2025-12-01,No material driver detected,
ENG-00559,2026-01-01,No material driver detected,
ENG-00560,2026-05-01,Sentiment | Contract stage | Client feedback,Sentiment (+0.66) | Contract stage (+0.54) | Client feedback (+0.44)
ENG-00560,2026-06-01,Client feedback | Performance | Sentiment,Client feedback (+2.86) | Performance (+2.55) | Sentiment (+1.34)
ENG-00560,2026-07-01,Client feedback | Performance | Milestone delivery,Client feedback (+2.78) | Performance (+2.47) | Milestone delivery (+1.25)
ENG-00560,2026-08-01,Sentiment | Client feedback | Performance,Sentiment (+3.31) | Client feedback (+2.99) | Performance (+2.63)
ENG-00560,2026-09-01,Client feedback | Sentiment | Performance,Client feedback (+2.92) | Sentiment (+2.68) | Performance (+2.61)
ENG-00561,2025-11-01,No material driver detected,
ENG-00561,2025-12-01,Client feedback | Contract stage | Performance,Client feedback (+2.74) | Contract stage (+0.46) | Performance (+0.26)
ENG-00561,2026-01-01,No material driver detected,
ENG-00561,2026-02-01,No material driver detected,
ENG-00561,2026-03-01,No material driver detected,
ENG-00561,2026-04-01,No material driver detected,
ENG-00561,2026-05-01,No material driver detected,
ENG-00562,2024-02-01,No material driver detected,
ENG-00562,2024-03-01,Client feedback | Contract stage | Milestone delivery,Client feedback (+2.20) | Contract stage (+0.33) | Milestone delivery (+0.25)
ENG-00562,2024-04-01,No material driver detected,
ENG-00562,2024-05-01,No material driver detected,
ENG-00562,2024-06-01,No material driver detected,
ENG-00562,2024-07-01,No material driver detected,
ENG-00562,2024-08-01,No material driver detected,
ENG-00562,2024-09-01,No material driver detected,
ENG-00562,2024-10-01,Performance | Sentiment | Client feedback,Performance (+0.59) | Sentiment (+0.48) | Client feedback (+0.27)
ENG-00563,2024-07-01,No material driver detected,
ENG-00563,2024-08-01,No material driver detected,
ENG-00563,2024-09-01,No material driver detected,
ENG-00563,2024-10-01,No material driver detected,
ENG-00563,2024-11-01,No material driver detected,
ENG-00563,2024-12-01,No material driver detected,
ENG-00563,2025-01-01,No material driver detected,
ENG-00563,2025-02-01,No material driver detected,
ENG-00563,2025-03-01,No material driver detected,
ENG-00563,2025-04-01,No material driver detected,
ENG-00563,2025-05-01,No material driver detected,
ENG-00563,2025-06-01,No material driver detected,
ENG-00564,2026-06-01,No material driver detected,
ENG-00564,2026-07-01,No material driver detected,
ENG-00564,2026-08-01,No material driver detected,
ENG-00565,2025-11-01,No material driver detected,
ENG-00565,2025-12-01,No material driver detected,
ENG-00565,2026-01-01,No material driver detected,
ENG-00565,2026-02-01,No material driver detected,
ENG-00565,2026-03-01,No material driver detected,
ENG-00565,2026-04-01,No material driver detected,
ENG-00565,2026-05-01,No material driver detected,
ENG-00565,2026-06-01,No material driver detected,
ENG-00566,2026-02-01,No material driver detected,
ENG-00566,2026-03-01,No material driver detected,
ENG-00566,2026-04-01,No material driver detected,
ENG-00566,2026-05-01,No material driver detected,
ENG-00566,2026-06-01,No material driver detected,
ENG-00566,2026-07-01,No material driver detected,
ENG-00566,2026-08-01,No material driver detected,
ENG-00567,2024-02-01,No material driver detected,
ENG-00567,2024-03-01,No material driver detected,
ENG-00567,2024-04-01,No material driver detected,
ENG-00567,2024-05-01,No material driver detected,
ENG-00567,2024-06-01,No material driver detected,
ENG-00567,2024-07-01,No material driver detected,
ENG-00567,2024-08-01,No material driver detected,
ENG-00567,2024-09-01,No material driver detected,
ENG-00567,2024-10-01,No material driver detected,
ENG-00567,2024-11-01,No material driver detected,
ENG-00568,2026-07-01,No material driver detected,
ENG-00568,2026-08-01,No material driver detected,
ENG-00569,2025-09-01,No material driver detected,
ENG-00569,2025-10-01,No material driver detected,
ENG-00569,2025-11-01,No material driver detected,
ENG-00569,2025-12-01,No material driver detected,
ENG-00569,2026-01-01,No material driver detected,
ENG-00569,2026-02-01,No material driver detected,
ENG-00569,2026-03-01,No material driver detected,
ENG-00569,2026-04-01,No material driver detected,
ENG-00569,2026-05-01,No material driver detected,
ENG-00569,2026-06-01,No material driver detected,
ENG-00569,2026-07-01,No material driver detected,
ENG-00569,2026-08-01,No material driver detected,
ENG-00570,2025-07-01,No material driver detected,
ENG-00570,2025-08-01,No material driver detected,
ENG-00570,2025-09-01,No material driver detected,
ENG-00570,2025-10-01,No material driver detected,
ENG-00570,2025-11-01,No material driver detected,
ENG-00570,2025-12-01,No material driver detected,
ENG-00570,2026-01-01,No material driver detected,
ENG-00570,2026-02-01,Performance | Client feedback | Role profile,Performance (+1.30) | Client feedback (+0.72) | Role profile (+0.25)
ENG-00570,2026-03-01,No material driver detected,
ENG-00570,2026-04-01,No material driver detected,
ENG-00571,2025-03-01,No material driver detected,
ENG-00571,2025-04-01,No material driver detected,
ENG-00571,2025-05-01,No material driver detected,
ENG-00571,2025-06-01,No material driver detected,
ENG-00571,2025-07-01,No material driver detected,
ENG-00571,2025-08-01,No material driver detected,
ENG-00571,2025-09-01,No material driver detected,
ENG-00571,2025-10-01,No material driver detected,
ENG-00572,2026-01-01,Client feedback | Sentiment | Performance,Client feedback (+1.17) | Sentiment (+1.09) | Performance (+0.92)
ENG-00572,2026-02-01,Client feedback | Sentiment | Milestone delivery,Client feedback (+2.19) | Sentiment (+0.67) | Milestone delivery (+0.51)
ENG-00572,2026-03-01,Performance | Sentiment | Client feedback,Performance (+2.87) | Sentiment (+1.08) | Client feedback (+0.23)
ENG-00572,2026-04-01,Client feedback | Sentiment | Utilisation,Client feedback (+1.71) | Sentiment (+0.98) | Utilisation (+0.21)
ENG-00572,2026-05-01,Sentiment | Performance | Client feedback,Sentiment (+1.99) | Performance (+1.36) | Client feedback (+0.42)
ENG-00572,2026-06-01,No material driver detected,
ENG-00572,2026-07-01,Performance | Sentiment | Client feedback,Performance (+3.00) | Sentiment (+1.44) | Client feedback (+0.33)
ENG-00572,2026-08-01,Client feedback | Performance | Sentiment,Client feedback (+1.30) | Performance (+1.09) | Sentiment (+0.20)
ENG-00573,2024-04-01,No material driver detected,
ENG-00573,2024-05-01,No material driver detected,
ENG-00573,2024-06-01,No material driver detected,
ENG-00573,2024-07-01,Sentiment | Contract stage | Utilisation,Sentiment (+1.35) | Contract stage (+0.24) | Utilisation (+0.22)
ENG-00573,2024-08-01,No material driver detected,
ENG-00573,2024-09-01,No material driver detected,
ENG-00573,2024-10-01,Performance | Client feedback | Utilisation,Performance (+1.27) | Client feedback (+0.54) | Utilisation (+0.29)
ENG-00573,2024-11-01,No material driver detected,
ENG-00574,2025-01-01,No material driver detected,
ENG-00574,2025-02-01,Performance | Client feedback | Contract stage,Performance (+1.62) | Client feedback (+0.49) | Contract stage (+0.27)
ENG-00574,2025-03-01,Client feedback | Sentiment | Performance,Client feedback (+2.60) | Sentiment (+1.22) | Performance (+0.87)
ENG-00574,2025-04-01,Sentiment | Client feedback | Performance,Sentiment (+3.20) | Client feedback (+1.96) | Performance (+1.83)
ENG-00574,2025-05-01,Client feedback | Performance | Sentiment,Client feedback (+3.81) | Performance (+3.34) | Sentiment (+1.88)
ENG-00575,2026-08-01,No material driver detected,
ENG-00576,2024-11-01,No material driver detected,
ENG-00576,2024-12-01,No material driver detected,
ENG-00576,2025-01-01,No material driver detected,
ENG-00576,2025-02-01,No material driver detected,
ENG-00576,2025-03-01,No material driver detected,
ENG-00576,2025-04-01,No material driver detected,
ENG-00576,2025-05-01,No material driver detected,
ENG-00576,2025-06-01,No material driver detected,
ENG-00576,2025-07-01,No material driver detected,
ENG-00577,2024-12-01,No material driver detected,
ENG-00577,2025-01-01,No material driver detected,
ENG-00577,2025-02-01,No material driver detected,
ENG-00577,2025-03-01,No material driver detected,
ENG-00577,2025-04-01,No material driver detected,
ENG-00577,2025-05-01,Client feedback | Milestone delivery | Role profile,Client feedback (+1.43) | Milestone delivery (+0.37) | Role profile (+0.25)
ENG-00577,2025-06-01,Performance | Sentiment | Client feedback,Performance (+2.04) | Sentiment (+1.25) | Client feedback (+0.93)
ENG-00577,2025-07-01,No material driver detected,
ENG-00577,2025-08-01,Client feedback | Sentiment | Performance,Client feedback (+2.19) | Sentiment (+1.52) | Performance (+1.41)
ENG-00578,2026-01-01,No material driver detected,
ENG-00578,2026-02-01,No material driver detected,
ENG-00578,2026-03-01,No material driver detected,
ENG-00578,2026-04-01,No material driver detected,
ENG-00578,2026-05-01,No material driver detected,
ENG-00578,2026-06-01,No material driver detected,
ENG-00578,2026-07-01,No material driver detected,
ENG-00578,2026-08-01,No material driver detected,
ENG-00579,2024-12-01,No material driver detected,
ENG-00579,2025-01-01,No material driver detected,
ENG-00579,2025-02-01,No material driver detected,
ENG-00579,2025-03-01,No material driver detected,
ENG-00579,2025-04-01,No material driver detected,
ENG-00579,2025-05-01,No material driver detected,
ENG-00579,2025-06-01,No material driver detected,
ENG-00579,2025-07-01,No material driver detected,
ENG-00580,2024-10-01,No material driver detected,
ENG-00580,2024-11-01,No material driver detected,
ENG-00580,2024-12-01,No material driver detected,
ENG-00580,2025-01-01,No material driver detected,
ENG-00580,2025-02-01,No material driver detected,
ENG-00580,2025-03-01,No material driver detected,
ENG-00580,2025-04-01,Sentiment | Client feedback | Performance,Sentiment (+1.47) | Client feedback (+0.96) | Performance (+0.53)
ENG-00580,2025-05-01,No material driver detected,
ENG-00580,2025-06-01,Client feedback | Sentiment | Performance,Client feedback (+1.92) | Sentiment (+0.76) | Performance (+0.66)
ENG-00580,2025-07-01,Performance | Sentiment | Client feedback,Performance (+2.29) | Sentiment (+1.89) | Client feedback (+1.51)
ENG-00581,2025-10-01,Performance | Client feedback | Sentiment,Performance (+1.01) | Client feedback (+0.44) | Sentiment (+0.36)
ENG-00581,2025-11-01,No material driver detected,
ENG-00581,2025-12-01,Performance | Client feedback | Sentiment,Performance (+1.03) | Client feedback (+0.79) | Sentiment (+0.55)
ENG-00581,2026-01-01,Client feedback | Role profile,Client feedback (+1.93) | Role profile (+0.26)
ENG-00581,2026-02-01,Client feedback | Performance | Sentiment,Client feedback (+1.69) | Performance (+1.05) | Sentiment (+0.88)
ENG-00581,2026-03-01,Performance | Role profile | Milestone delivery,Performance (+1.21) | Role profile (+0.26) | Milestone delivery (+0.26)
ENG-00581,2026-04-01,Sentiment | Client feedback | Role profile,Sentiment (+0.63) | Client feedback (+0.57) | Role profile (+0.26)
ENG-00581,2026-05-01,No material driver detected,
ENG-00581,2026-06-01,No material driver detected,
ENG-00581,2026-07-01,Performance | Client feedback | Role profile,Performance (+1.45) | Client feedback (+1.02) | Role profile (+0.26)
ENG-00581,2026-08-01,Performance | Sentiment | Milestone delivery,Performance (+1.80) | Sentiment (+1.27) | Milestone delivery (+0.33)
ENG-00582,2024-03-01,No material driver detected,
ENG-00582,2024-04-01,No material driver detected,
ENG-00582,2024-05-01,Performance | Milestone delivery | Contract stage,Performance (+0.75) | Milestone delivery (+0.59) | Contract stage (+0.19)
ENG-00582,2024-06-01,No material driver detected,
ENG-00582,2024-07-01,Performance,Performance (+2.24)
ENG-00582,2024-08-01,No material driver detected,
ENG-00582,2024-09-01,No material driver detected,
ENG-00582,2024-10-01,No material driver detected,
ENG-00582,2024-11-01,Performance | Sentiment | Milestone delivery,Performance (+1.17) | Sentiment (+1.09) | Milestone delivery (+0.54)
ENG-00582,2024-12-01,No material driver detected,
ENG-00583,2025-11-01,No material driver detected,
ENG-00583,2025-12-01,No material driver detected,
ENG-00583,2026-01-01,No material driver detected,
ENG-00583,2026-02-01,No material driver detected,
ENG-00583,2026-03-01,No material driver detected,
ENG-00583,2026-04-01,Performance | Role profile | Utilisation,Performance (+1.63) | Role profile (+0.26) | Utilisation (+0.24)
ENG-00583,2026-05-01,No material driver detected,
ENG-00583,2026-06-01,No material driver detected,
ENG-00583,2026-07-01,Client feedback | Sentiment | Role profile,Client feedback (+2.44) | Sentiment (+0.48) | Role profile (+0.26)
ENG-00583,2026-08-01,No material driver detected,
ENG-00584,2024-11-01,No material driver detected,
ENG-00584,2024-12-01,No material driver detected,
ENG-00584,2025-01-01,No material driver detected,
ENG-00584,2025-02-01,Client feedback | Sentiment,Client feedback (+1.64) | Sentiment (+0.42)
ENG-00584,2025-03-01,No material driver detected,
ENG-00584,2025-04-01,No material driver detected,
ENG-00584,2025-05-01,Client feedback | Performance | Utilisation,Client feedback (+1.63) | Performance (+1.22) | Utilisation (+0.16)
ENG-00584,2025-06-01,No material driver detected,
ENG-00584,2025-07-01,No material driver detected,
ENG-00584,2025-08-01,No material driver detected,
ENG-00584,2025-09-01,No material driver detected,
ENG-00585,2024-10-01,No material driver detected,
ENG-00585,2024-11-01,No material driver detected,
ENG-00585,2024-12-01,No material driver detected,
ENG-00585,2025-01-01,No material driver detected,
ENG-00585,2025-02-01,No material driver detected,
ENG-00585,2025-03-01,No material driver detected,
ENG-00585,2025-04-01,No material driver detected,
ENG-00585,2025-05-01,No material driver detected,
ENG-00585,2025-06-01,No material driver detected,
ENG-00585,2025-07-01,No material driver detected,
ENG-00585,2025-08-01,No material driver detected,
ENG-00585,2025-09-01,No material driver detected,
ENG-00586,2024-10-01,No material driver detected,
ENG-00586,2024-11-01,No material driver detected,
ENG-00586,2024-12-01,No material driver detected,
ENG-00586,2025-01-01,No material driver detected,
ENG-00586,2025-02-01,No material driver detected,
ENG-00586,2025-03-01,No material driver detected,
ENG-00586,2025-04-01,No material driver detected,
ENG-00586,2025-05-01,No material driver detected,
ENG-00586,2025-06-01,No material driver detected,
ENG-00586,2025-07-01,No material driver detected,
ENG-00586,2025-08-01,No material driver detected,
ENG-00587,2024-11-01,No material driver detected,
ENG-00587,2024-12-01,No material driver detected,
ENG-00587,2025-01-01,No material driver detected,
ENG-00587,2025-02-01,No material driver detected,
ENG-00587,2025-03-01,Performance | Client feedback | Sentiment,Performance (+1.20) | Client feedback (+0.85) | Sentiment (+0.18)
ENG-00587,2025-04-01,No material driver detected,
ENG-00587,2025-05-01,Client feedback | Performance | Milestone delivery,Client feedback (+2.07) | Performance (+1.81) | Milestone delivery (+0.18)
ENG-00587,2025-06-01,No material driver detected,
ENG-00587,2025-07-01,No material driver detected,
ENG-00587,2025-08-01,No material driver detected,
ENG-00587,2025-09-01,No material driver detected,
ENG-00587,2025-10-01,No material driver detected,
ENG-00588,2025-11-01,No material driver detected,
ENG-00588,2025-12-01,No material driver detected,
ENG-00588,2026-01-01,No material driver detected,
ENG-00588,2026-02-01,No material driver detected,
ENG-00588,2026-03-01,No material driver detected,
ENG-00588,2026-04-01,No material driver detected,
ENG-00588,2026-05-01,Performance | Milestone delivery | Sentiment,Performance (+1.15) | Milestone delivery (+0.35) | Sentiment (+0.30)
ENG-00588,2026-06-01,No material driver detected,
ENG-00588,2026-07-01,No material driver detected,
ENG-00589,2024-04-01,No material driver detected,
ENG-00589,2024-05-01,No material driver detected,
ENG-00589,2024-06-01,No material driver detected,
ENG-00589,2024-07-01,No material driver detected,
ENG-00589,2024-08-01,No material driver detected,
ENG-00589,2024-09-01,No material driver detected,
ENG-00589,2024-10-01,No material driver detected,
ENG-00589,2024-11-01,No material driver detected,
ENG-00589,2024-12-01,No material driver detected,
ENG-00589,2025-01-01,No material driver detected,
ENG-00589,2025-02-01,No material driver detected,
ENG-00590,2025-07-01,No material driver detected,
ENG-00590,2025-08-01,No material driver detected,
ENG-00590,2025-09-01,No material driver detected,
ENG-00590,2025-10-01,No material driver detected,
ENG-00590,2025-11-01,No material driver detected,
ENG-00590,2025-12-01,No material driver detected,
ENG-00590,2026-01-01,No material driver detected,
ENG-00590,2026-02-01,No material driver detected,
ENG-00590,2026-03-01,No material driver detected,
ENG-00590,2026-04-01,No material driver detected,
ENG-00590,2026-05-01,Client feedback | Performance | Role profile,Client feedback (+2.25) | Performance (+0.57) | Role profile (+0.26)
ENG-00591,2024-01-01,No material driver detected,
ENG-00591,2024-02-01,No material driver detected,
ENG-00591,2024-03-01,No material driver detected,
ENG-00591,2024-04-01,No material driver detected,
ENG-00591,2024-05-01,Client feedback | Performance,Client feedback (+1.45) | Performance (+1.00)
ENG-00591,2024-06-01,No material driver detected,
ENG-00591,2024-07-01,No material driver detected,
ENG-00591,2024-08-01,No material driver detected,
ENG-00591,2024-09-01,No material driver detected,
ENG-00591,2024-10-01,No material driver detected,
ENG-00591,2024-11-01,No material driver detected,
ENG-00591,2024-12-01,No material driver detected,
ENG-00592,2025-06-01,No material driver detected,
ENG-00592,2025-07-01,No material driver detected,
ENG-00592,2025-08-01,No material driver detected,
ENG-00592,2025-09-01,No material driver detected,
ENG-00592,2025-10-01,No material driver detected,
ENG-00592,2025-11-01,No material driver detected,
ENG-00592,2025-12-01,No material driver detected,
ENG-00592,2026-01-01,No material driver detected,
ENG-00592,2026-02-01,No material driver detected,
ENG-00592,2026-03-01,No material driver detected,
ENG-00592,2026-04-01,No material driver detected,
ENG-00592,2026-05-01,No material driver detected,
ENG-00592,2026-06-01,No material driver detected,
ENG-00593,2026-07-01,No material driver detected,
ENG-00593,2026-08-01,No material driver detected,
ENG-00594,2024-05-01,Performance | Client feedback | Sentiment,Performance (+1.81) | Client feedback (+1.21) | Sentiment (+0.97)
ENG-00594,2024-06-01,Client feedback | Sentiment | Contract stage,Client feedback (+1.79) | Sentiment (+1.18) | Contract stage (+0.39)
ENG-00594,2024-07-01,No material driver detected,
ENG-00594,2024-08-01,Client feedback | Performance | Sentiment,Client feedback (+2.59) | Performance (+2.25) | Sentiment (+1.60)
ENG-00594,2024-09-01,Client feedback | Performance | Sentiment,Client feedback (+1.59) | Performance (+0.91) | Sentiment (+0.79)
ENG-00594,2024-10-01,Client feedback | Performance | Sentiment,Client feedback (+2.22) | Performance (+1.49) | Sentiment (+1.19)
ENG-00594,2024-11-01,Performance | Sentiment | Milestone delivery,Performance (+1.74) | Sentiment (+1.69) | Milestone delivery (+0.35)
ENG-00594,2024-12-01,Client feedback | Performance | Sentiment,Client feedback (+1.51) | Performance (+0.47) | Sentiment (+0.34)
ENG-00595,2024-04-01,No material driver detected,
ENG-00595,2024-05-01,Sentiment | Performance | Client feedback,Sentiment (+1.26) | Performance (+0.54) | Client feedback (+0.49)
ENG-00595,2024-06-01,Performance | Client feedback | Role profile,Performance (+1.43) | Client feedback (+1.05) | Role profile (+0.25)
ENG-00595,2024-07-01,No material driver detected,
ENG-00595,2024-08-01,Client feedback | Performance | Sentiment,Client feedback (+1.62) | Performance (+1.58) | Sentiment (+1.54)
ENG-00595,2024-09-01,Client feedback | Performance | Sentiment,Client feedback (+2.38) | Performance (+2.19) | Sentiment (+1.90)
ENG-00595,2024-10-01,Client feedback | Performance | Sentiment,Client feedback (+3.42) | Performance (+1.57) | Sentiment (+1.29)
ENG-00596,2025-07-01,No material driver detected,
ENG-00596,2025-08-01,No material driver detected,
ENG-00596,2025-09-01,No material driver detected,
ENG-00596,2025-10-01,No material driver detected,
ENG-00596,2025-11-01,No material driver detected,
ENG-00596,2025-12-01,No material driver detected,
ENG-00596,2026-01-01,Client feedback | Performance | Sentiment,Client feedback (+1.57) | Performance (+0.46) | Sentiment (+0.19)
ENG-00596,2026-02-01,No material driver detected,
ENG-00596,2026-03-01,No material driver detected,
ENG-00597,2024-01-01,No material driver detected,
ENG-00597,2024-02-01,No material driver detected,
ENG-00597,2024-03-01,No material driver detected,
ENG-00597,2024-04-01,No material driver detected,
ENG-00597,2024-05-01,No material driver detected,
ENG-00597,2024-06-01,No material driver detected,
ENG-00597,2024-07-01,No material driver detected,
ENG-00597,2024-08-01,No material driver detected,
ENG-00598,2024-11-01,No material driver detected,
ENG-00598,2024-12-01,No material driver detected,
ENG-00598,2025-01-01,Client feedback | Performance | Sentiment,Client feedback (+2.33) | Performance (+1.54) | Sentiment (+1.19)
ENG-00598,2025-02-01,Performance | Client feedback | Sentiment,Performance (+3.21) | Client feedback (+1.73) | Sentiment (+1.37)
ENG-00598,2025-03-01,Client feedback | Sentiment | Performance,Client feedback (+3.64) | Sentiment (+2.65) | Performance (+1.18)
ENG-00599,2024-06-01,Performance | Sentiment | Contract stage,Performance (+0.85) | Sentiment (+0.41) | Contract stage (+0.29)
ENG-00599,2024-07-01,No material driver detected,
ENG-00599,2024-08-01,No material driver detected,
ENG-00599,2024-09-01,Client feedback | Sentiment | Role profile,Client feedback (+2.70) | Sentiment (+1.49) | Role profile (+0.26)
ENG-00599,2024-10-01,No material driver detected,
ENG-00599,2024-11-01,Client feedback | Sentiment | Performance,Client feedback (+1.53) | Sentiment (+0.69) | Performance (+0.37)
ENG-00599,2024-12-01,Performance | Milestone delivery | Sentiment,Performance (+1.09) | Milestone delivery (+0.54) | Sentiment (+0.31)
ENG-00599,2025-01-01,No material driver detected,
ENG-00599,2025-02-01,No material driver detected,
ENG-00599,2025-03-01,Performance | Client feedback | Sentiment,Performance (+1.28) | Client feedback (+1.15) | Sentiment (+0.47)
ENG-00599,2025-04-01,Client feedback | Performance | Role profile,Client feedback (+2.11) | Performance (+0.62) | Role profile (+0.26)
ENG-00600,2024-02-01,No material driver detected,
ENG-00600,2024-03-01,No material driver detected,
ENG-00600,2024-04-01,Client feedback | Performance | Sentiment,Client feedback (+2.16) | Performance (+1.42) | Sentiment (+0.81)
ENG-00600,2024-05-01,Sentiment | Performance | Client feedback,Sentiment (+2.71) | Performance (+1.38) | Client feedback (+1.24)
ENG-00600,2024-06-01,Performance | Client feedback | Sentiment,Performance (+2.86) | Client feedback (+2.84) | Sentiment (+1.93)
ENG-00600,2024-07-01,Client feedback | Performance | Sentiment,Client feedback (+3.64) | Performance (+2.88) | Sentiment (+0.82)
ENG-00601,2026-03-01,No material driver detected,
ENG-00601,2026-04-01,Client feedback | Performance | Contract stage,Client feedback (+1.29) | Performance (+1.15) | Contract stage (+0.46)
ENG-00601,2026-05-01,Sentiment | Performance | Client feedback,Sentiment (+1.27) | Performance (+0.62) | Client feedback (+0.60)
ENG-00601,2026-06-01,Performance | Contract stage | Client feedback,Performance (+1.49) | Contract stage (+0.30) | Client feedback (+0.20)
ENG-00601,2026-07-01,No material driver detected,
ENG-00601,2026-08-01,Client feedback | Milestone delivery | Performance,Client feedback (+2.13) | Milestone delivery (+0.45) | Performance (+0.22)
ENG-00602,2025-02-01,No material driver detected,
ENG-00602,2025-03-01,No material driver detected,
ENG-00602,2025-04-01,No material driver detected,
ENG-00602,2025-05-01,No material driver detected,
ENG-00602,2025-06-01,No material driver detected,
ENG-00602,2025-07-01,No material driver detected,
ENG-00602,2025-08-01,No material driver detected,
ENG-00602,2025-09-01,No material driver detected,
ENG-00602,2025-10-01,No material driver detected,
ENG-00602,2025-11-01,No material driver detected,
ENG-00602,2025-12-01,No material driver detected,
ENG-00603,2025-12-01,No material driver detected,
ENG-00603,2026-01-01,No material driver detected,
ENG-00603,2026-02-01,Client feedback | Milestone delivery | Sentiment,Client feedback (+1.33) | Milestone delivery (+0.26) | Sentiment (+0.22)
ENG-00603,2026-03-01,No material driver detected,
ENG-00603,2026-04-01,Client feedback | Sentiment | Performance,Client feedback (+1.57) | Sentiment (+0.91) | Performance (+0.86)
ENG-00603,2026-05-01,Client feedback | Performance | Sentiment,Client feedback (+3.36) | Performance (+2.17) | Sentiment (+1.15)
ENG-00604,2025-03-01,No material driver detected,
ENG-00604,2025-04-01,No material driver detected,
ENG-00604,2025-05-01,No material driver detected,
ENG-00604,2025-06-01,No material driver detected,
ENG-00604,2025-07-01,No material driver detected,
ENG-00604,2025-08-01,No material driver detected,
ENG-00604,2025-09-01,Sentiment | Client feedback | Role profile,Sentiment (+0.69) | Client feedback (+0.61) | Role profile (+0.26)
ENG-00604,2025-10-01,No material driver detected,
ENG-00604,2025-11-01,No material driver detected,
ENG-00604,2025-12-01,No material driver detected,
ENG-00604,2026-01-01,No material driver detected,
ENG-00605,2025-11-01,No material driver detected,
ENG-00605,2025-12-01,Performance | Sentiment | Contract stage,Performance (+2.78) | Sentiment (+1.14) | Contract stage (+0.46)
ENG-00605,2026-01-01,Client feedback | Performance | Sentiment,Client feedback (+2.78) | Performance (+2.47) | Sentiment (+1.84)
ENG-00605,2026-02-01,Performance | Client feedback | Sentiment,Performance (+2.35) | Client feedback (+2.20) | Sentiment (+1.53)
ENG-00606,2024-07-01,No material driver detected,
ENG-00606,2024-08-01,No material driver detected,
ENG-00606,2024-09-01,No material driver detected,
ENG-00606,2024-10-01,No material driver detected,
ENG-00606,2024-11-01,No material driver detected,
ENG-00606,2024-12-01,No material driver detected,
ENG-00606,2025-01-01,No material driver detected,
ENG-00606,2025-02-01,No material driver detected,
ENG-00606,2025-03-01,No material driver detected,
ENG-00606,2025-04-01,No material driver detected,
ENG-00606,2025-05-01,No material driver detected,
ENG-00607,2026-04-01,No material driver detected,
ENG-00607,2026-05-01,Sentiment | Client feedback | Performance,Sentiment (+1.26) | Client feedback (+0.98) | Performance (+0.26)
ENG-00607,2026-06-01,Client feedback | Performance | Milestone delivery,Client feedback (+1.83) | Performance (+0.68) | Milestone delivery (+0.36)
ENG-00607,2026-07-01,Performance | Sentiment | Client feedback,Performance (+2.27) | Sentiment (+1.23) | Client feedback (+0.90)
ENG-00608,2025-05-01,No material driver detected,
ENG-00608,2025-06-01,No material driver detected,
ENG-00608,2025-07-01,No material driver detected,
ENG-00608,2025-08-01,No material driver detected,
ENG-00608,2025-09-01,Client feedback | Performance | Milestone delivery,Client feedback (+1.24) | Performance (+1.16) | Milestone delivery (+0.30)
ENG-00608,2025-10-01,No material driver detected,
ENG-00608,2025-11-01,No material driver detected,
ENG-00608,2025-12-01,No material driver detected,
ENG-00608,2026-01-01,No material driver detected,
ENG-00608,2026-02-01,No material driver detected,
ENG-00608,2026-03-01,No material driver detected,
ENG-00608,2026-04-01,No material driver detected,
ENG-00608,2026-05-01,No material driver detected,
ENG-00609,2024-07-01,No material driver detected,
ENG-00609,2024-08-01,Sentiment | Client feedback | Milestone delivery,Sentiment (+1.20) | Client feedback (+0.70) | Milestone delivery (+0.24)
ENG-00609,2024-09-01,Performance | Sentiment,Performance (+1.71) | Sentiment (+0.42)
ENG-00609,2024-10-01,Client feedback | Performance | Milestone delivery,Client feedback (+1.73) | Performance (+0.93) | Milestone delivery (+0.71)
ENG-00609,2024-11-01,Client feedback | Performance | Sentiment,Client feedback (+2.11) | Performance (+0.67) | Sentiment (+0.42)
ENG-00610,2024-05-01,No material driver detected,
ENG-00610,2024-06-01,No material driver detected,
ENG-00610,2024-07-01,No material driver detected,
ENG-00610,2024-08-01,No material driver detected,
ENG-00610,2024-09-01,No material driver detected,
ENG-00610,2024-10-01,No material driver detected,
ENG-00610,2024-11-01,No material driver detected,
ENG-00610,2024-12-01,Performance | Role profile | Sentiment,Performance (+1.73) | Role profile (+0.26) | Sentiment (+0.25)
ENG-00610,2025-01-01,No material driver detected,
ENG-00610,2025-02-01,Client feedback | Sentiment | Role profile,Client feedback (+1.97) | Sentiment (+0.49) | Role profile (+0.26)
ENG-00611,2025-08-01,Performance | Sentiment | Client feedback,Performance (+1.21) | Sentiment (+0.66) | Client feedback (+0.56)
ENG-00611,2025-09-01,Client feedback | Performance | Sentiment,Client feedback (+2.09) | Performance (+1.42) | Sentiment (+0.78)
ENG-00611,2025-10-01,Client feedback | Sentiment | Performance,Client feedback (+1.01) | Sentiment (+0.90) | Performance (+0.67)
ENG-00611,2025-11-01,Sentiment | Client feedback | Performance,Sentiment (+2.33) | Client feedback (+2.13) | Performance (+2.11)
ENG-00611,2025-12-01,Client feedback | Sentiment | Performance,Client feedback (+2.70) | Sentiment (+2.06) | Performance (+1.82)
ENG-00612,2024-03-01,No material driver detected,
ENG-00612,2024-04-01,No material driver detected,
ENG-00612,2024-05-01,No material driver detected,
ENG-00612,2024-06-01,No material driver detected,
ENG-00612,2024-07-01,No material driver detected,
ENG-00612,2024-08-01,No material driver detected,
ENG-00612,2024-09-01,No material driver detected,
ENG-00612,2024-10-01,No material driver detected,
ENG-00612,2024-11-01,No material driver detected,
ENG-00613,2024-07-01,No material driver detected,
ENG-00613,2024-08-01,No material driver detected,
ENG-00613,2024-09-01,No material driver detected,
ENG-00613,2024-10-01,No material driver detected,
ENG-00613,2024-11-01,No material driver detected,
ENG-00613,2024-12-01,No material driver detected,
ENG-00613,2025-01-01,No material driver detected,
ENG-00613,2025-02-01,No material driver detected,
ENG-00613,2025-03-01,No material driver detected,
ENG-00614,2024-02-01,No material driver detected,
ENG-00614,2024-03-01,No material driver detected,
ENG-00614,2024-04-01,No material driver detected,
ENG-00614,2024-05-01,No material driver detected,
ENG-00614,2024-06-01,No material driver detected,
ENG-00614,2024-07-01,No material driver detected,
ENG-00614,2024-08-01,No material driver detected,
ENG-00614,2024-09-01,No material driver detected,
ENG-00615,2026-07-01,Client feedback | Performance | Sentiment,Client feedback (+1.51) | Performance (+1.09) | Sentiment (+0.82)
ENG-00615,2026-08-01,Performance | Client feedback | Sentiment,Performance (+4.16) | Client feedback (+2.72) | Sentiment (+0.66)
ENG-00616,2024-04-01,No material driver detected,
ENG-00616,2024-05-01,No material driver detected,
ENG-00616,2024-06-01,No material driver detected,
ENG-00616,2024-07-01,No material driver detected,
ENG-00616,2024-08-01,No material driver detected,
ENG-00616,2024-09-01,No material driver detected,
ENG-00616,2024-10-01,No material driver detected,
ENG-00616,2024-11-01,No material driver detected,
ENG-00617,2024-04-01,No material driver detected,
ENG-00617,2024-05-01,No material driver detected,
ENG-00617,2024-06-01,No material driver detected,
ENG-00617,2024-07-01,No material driver detected,
ENG-00617,2024-08-01,No material driver detected,
ENG-00617,2024-09-01,No material driver detected,
ENG-00617,2024-10-01,No material driver detected,
ENG-00617,2024-11-01,No material driver detected,
ENG-00617,2024-12-01,No material driver detected,
ENG-00617,2025-01-01,No material driver detected,
ENG-00618,2024-08-01,No material driver detected,
ENG-00618,2024-09-01,No material driver detected,
ENG-00618,2024-10-01,No material driver detected,
ENG-00618,2024-11-01,No material driver detected,
ENG-00618,2024-12-01,No material driver detected,
ENG-00618,2025-01-01,No material driver detected,
ENG-00618,2025-02-01,No material driver detected,
ENG-00618,2025-03-01,No material driver detected,
ENG-00618,2025-04-01,No material driver detected,
ENG-00619,2026-05-01,No material driver detected,
ENG-00619,2026-06-01,Sentiment | Milestone delivery | Performance,Sentiment (+1.03) | Milestone delivery (+0.65) | Performance (+0.61)
ENG-00619,2026-07-01,Client feedback | Performance | Sentiment,Client feedback (+4.31) | Performance (+1.60) | Sentiment (+1.10)
ENG-00619,2026-08-01,Performance | Sentiment | Client feedback,Performance (+2.98) | Sentiment (+2.65) | Client feedback (+0.55)
ENG-00619,2026-09-01,Client feedback | Performance | Sentiment,Client feedback (+4.24) | Performance (+3.22) | Sentiment (+1.88)
ENG-00620,2024-07-01,Performance | Sentiment | Client feedback,Performance (+1.07) | Sentiment (+0.90) | Client feedback (+0.87)
ENG-00620,2024-08-01,Client feedback | Sentiment | Performance,Client feedback (+1.95) | Sentiment (+1.32) | Performance (+1.07)
ENG-00620,2024-09-01,Sentiment | Performance | Contract stage,Sentiment (+1.29) | Performance (+0.49) | Contract stage (+0.19)
ENG-00620,2024-10-01,Client feedback | Performance | Sentiment,Client feedback (+1.82) | Performance (+1.24) | Sentiment (+0.92)
ENG-00620,2024-11-01,Performance | Client feedback,Performance (+1.11) | Client feedback (+1.00)
ENG-00620,2024-12-01,Client feedback | Sentiment | Performance,Client feedback (+1.48) | Sentiment (+1.01) | Performance (+0.27)
ENG-00620,2025-01-01,Performance | Milestone delivery | Sentiment,Performance (+1.37) | Milestone delivery (+0.68) | Sentiment (+0.63)
ENG-00620,2025-02-01,Sentiment | Client feedback | Performance,Sentiment (+1.32) | Client feedback (+0.69) | Performance (+0.49)
ENG-00620,2025-03-01,Client feedback | Performance | Sentiment,Client feedback (+2.18) | Performance (+1.86) | Sentiment (+0.76)
ENG-00620,2025-04-01,Performance | Sentiment | Client feedback,Performance (+0.79) | Sentiment (+0.78) | Client feedback (+0.58)
ENG-00621,2025-07-01,Client feedback | Contract stage | Sentiment,Client feedback (+0.87) | Contract stage (+0.47) | Sentiment (+0.42)
ENG-00621,2025-08-01,Performance | Sentiment | Contract stage,Performance (+1.43) | Sentiment (+1.24) | Contract stage (+0.39)
ENG-00621,2025-09-01,Client feedback | Performance | Sentiment,Client feedback (+2.82) | Performance (+0.66) | Sentiment (+0.57)
ENG-00621,2025-10-01,Sentiment | Client feedback | Performance,Sentiment (+1.49) | Client feedback (+1.08) | Performance (+0.98)
ENG-00621,2025-11-01,Performance | Client feedback | Sentiment,Performance (+2.60) | Client feedback (+1.37) | Sentiment (+1.01)
ENG-00621,2025-12-01,No material driver detected,
ENG-00621,2026-01-01,Client feedback | Performance | Sentiment,Client feedback (+2.01) | Performance (+1.98) | Sentiment (+0.97)
ENG-00621,2026-02-01,Performance | Client feedback | Sentiment,Performance (+1.14) | Client feedback (+0.72) | Sentiment (+0.43)
ENG-00622,2026-08-01,No material driver detected,
ENG-00623,2026-03-01,No material driver detected,
ENG-00623,2026-04-01,Performance | Role profile | Milestone delivery,Performance (+0.83) | Role profile (+0.35) | Milestone delivery (+0.34)
ENG-00623,2026-05-01,Sentiment | Client feedback | Role profile,Sentiment (+1.33) | Client feedback (+0.38) | Role profile (+0.35)
ENG-00623,2026-06-01,Client feedback | Performance | Milestone delivery,Client feedback (+0.65) | Performance (+0.62) | Milestone delivery (+0.58)
ENG-00623,2026-07-01,Performance | Sentiment | Role profile,Performance (+2.69) | Sentiment (+0.91) | Role profile (+0.35)
ENG-00623,2026-08-01,Client feedback | Role profile,Client feedback (+2.01) | Role profile (+0.35)
ENG-00624,2024-07-01,No material driver detected,
ENG-00624,2024-08-01,Client feedback | Performance | Sentiment,Client feedback (+1.49) | Performance (+1.08) | Sentiment (+0.72)
ENG-00624,2024-09-01,No material driver detected,
ENG-00624,2024-10-01,No material driver detected,
ENG-00624,2024-11-01,No material driver detected,
ENG-00624,2024-12-01,No material driver detected,
ENG-00624,2025-01-01,No material driver detected,
ENG-00625,2024-06-01,No material driver detected,
ENG-00625,2024-07-01,No material driver detected,
ENG-00625,2024-08-01,No material driver detected,
ENG-00625,2024-09-01,No material driver detected,
ENG-00625,2024-10-01,No material driver detected,
ENG-00625,2024-11-01,No material driver detected,
ENG-00625,2024-12-01,No material driver detected,
ENG-00626,2024-09-01,No material driver detected,
ENG-00626,2024-10-01,No material driver detected,
ENG-00626,2024-11-01,Client feedback | Milestone delivery | Performance,Client feedback (+2.54) | Milestone delivery (+0.42) | Performance (+0.33)
ENG-00626,2024-12-01,Performance | Sentiment | Utilisation,Performance (+2.10) | Sentiment (+0.71) | Utilisation (+0.54)
ENG-00626,2025-01-01,Client feedback | Sentiment | Milestone delivery,Client feedback (+2.58) | Sentiment (+1.50) | Milestone delivery (+0.29)
ENG-00627,2026-07-01,No material driver detected,
ENG-00627,2026-08-01,No material driver detected,
ENG-00627,2026-09-01,No material driver detected,
ENG-00627,2026-10-01,No material driver detected,
ENG-00627,2026-11-01,No material driver detected,
ENG-00627,2026-12-01,Performance | Client feedback,Performance (+1.52) | Client feedback (+1.17)
ENG-00627,2027-01-01,Client feedback | Milestone delivery | Sentiment,Client feedback (+1.03) | Milestone delivery (+0.45) | Sentiment (+0.35)
ENG-00627,2027-02-01,Performance | Milestone delivery | Sentiment,Performance (+1.27) | Milestone delivery (+0.60) | Sentiment (+0.53)
ENG-00628,2024-10-01,Sentiment | Contract stage | Client feedback,Sentiment (+0.67) | Contract stage (+0.47) | Client feedback (+0.22)
ENG-00628,2024-11-01,Performance | Sentiment | Contract stage,Performance (+1.34) | Sentiment (+0.43) | Contract stage (+0.39)
ENG-00628,2024-12-01,No material driver detected,
ENG-00628,2025-01-01,No material driver detected,
ENG-00628,2025-02-01,Client feedback | Performance | Utilisation,Client feedback (+1.08) | Performance (+0.47) | Utilisation (+0.36)
ENG-00628,2025-03-01,No material driver detected,
ENG-00628,2025-04-01,No material driver detected,
ENG-00628,2025-05-01,Client feedback | Performance | Milestone delivery,Client feedback (+2.40) | Performance (+0.66) | Milestone delivery (+0.30)
ENG-00629,2025-10-01,No material driver detected,
ENG-00629,2025-11-01,No material driver detected,
ENG-00629,2025-12-01,Performance | Client feedback | Sentiment,Performance (+1.19) | Client feedback (+0.46) | Sentiment (+0.35)
ENG-00629,2026-01-01,No material driver detected,
ENG-00629,2026-02-01,No material driver detected,
ENG-00629,2026-03-01,No material driver detected,
ENG-00629,2026-04-01,No material driver detected,
ENG-00629,2026-05-01,No material driver detected,
ENG-00630,2024-04-01,No material driver detected,
ENG-00630,2024-05-01,No material driver detected,
ENG-00630,2024-06-01,No material driver detected,
ENG-00630,2024-07-01,No material driver detected,
ENG-00630,2024-08-01,No material driver detected,
ENG-00630,2024-09-01,No material driver detected,
ENG-00630,2024-10-01,No material driver detected,
ENG-00630,2024-11-01,No material driver detected,
ENG-00630,2024-12-01,No material driver detected,
ENG-00630,2025-01-01,No material driver detected,
ENG-00630,2025-02-01,No material driver detected,
ENG-00630,2025-03-01,No material driver detected,
ENG-00631,2024-11-01,No material driver detected,
ENG-00631,2024-12-01,No material driver detected,
ENG-00631,2025-01-01,No material driver detected,
ENG-00631,2025-02-01,No material driver detected,
ENG-00631,2025-03-01,No material driver detected,
ENG-00631,2025-04-01,No material driver detected,
ENG-00631,2025-05-01,Client feedback | Performance | Milestone delivery,Client feedback (+2.93) | Performance (+1.72) | Milestone delivery (+0.22)
ENG-00631,2025-06-01,No material driver detected,
ENG-00631,2025-07-01,No material driver detected,
ENG-00631,2025-08-01,No material driver detected,
ENG-00632,2026-02-01,No material driver detected,
ENG-00632,2026-03-01,No material driver detected,
ENG-00632,2026-04-01,No material driver detected,
ENG-00632,2026-05-01,No material driver detected,
ENG-00632,2026-06-01,No material driver detected,
ENG-00632,2026-07-01,Client feedback | Sentiment | Milestone delivery,Client feedback (+2.40) | Sentiment (+1.37) | Milestone delivery (+0.24)
ENG-00632,2026-08-01,No material driver detected,
ENG-00633,2025-05-01,No material driver detected,
ENG-00633,2025-06-01,No material driver detected,
ENG-00633,2025-07-01,No material driver detected,
ENG-00633,2025-08-01,No material driver detected,
ENG-00633,2025-09-01,No material driver detected,
ENG-00633,2025-10-01,No material driver detected,
ENG-00633,2025-11-01,No material driver detected,
ENG-00633,2025-12-01,No material driver detected,
ENG-00633,2026-01-01,No material driver detected,
ENG-00633,2026-02-01,No material driver detected,
ENG-00633,2026-03-01,No material driver detected,
ENG-00633,2026-04-01,No material driver detected,
ENG-00633,2026-05-01,No material driver detected,
ENG-00634,2026-04-01,No material driver detected,
ENG-00634,2026-05-01,No material driver detected,
ENG-00634,2026-06-01,No material driver detected,
ENG-00634,2026-07-01,No material driver detected,
ENG-00634,2026-08-01,No material driver detected,
ENG-00635,2025-11-01,No material driver detected,
ENG-00635,2025-12-01,No material driver detected,
ENG-00635,2026-01-01,No material driver detected,
ENG-00635,2026-02-01,No material driver detected,
ENG-00635,2026-03-01,No material driver detected,
ENG-00635,2026-04-01,No material driver detected,
ENG-00635,2026-05-01,No material driver detected,
ENG-00635,2026-06-01,No material driver detected,
ENG-00635,2026-07-01,No material driver detected,
ENG-00636,2025-07-01,No material driver detected,
ENG-00636,2025-08-01,No material driver detected,
ENG-00636,2025-09-01,No material driver detected,
ENG-00636,2025-10-01,No material driver detected,
ENG-00636,2025-11-01,No material driver detected,
ENG-00636,2025-12-01,No material driver detected,
ENG-00636,2026-01-01,No material driver detected,
ENG-00636,2026-02-01,No material driver detected,
ENG-00636,2026-03-01,No material driver detected,
ENG-00636,2026-04-01,No material driver detected,
ENG-00636,2026-05-01,No material driver detected,
ENG-00637,2026-01-01,No material driver detected,
ENG-00637,2026-02-01,No material driver detected,
ENG-00637,2026-03-01,No material driver detected,
ENG-00637,2026-04-01,No material driver detected,
ENG-00637,2026-05-01,Sentiment | Performance | Milestone delivery,Sentiment (+1.24) | Performance (+0.92) | Milestone delivery (+0.19)
ENG-00637,2026-06-01,No material driver detected,
ENG-00637,2026-07-01,No material driver detected,
ENG-00637,2026-08-01,No material driver detected,
ENG-00638,2024-12-01,No material driver detected,
ENG-00638,2025-01-01,No material driver detected,
ENG-00638,2025-02-01,No material driver detected,
ENG-00638,2025-03-01,No material driver detected,
ENG-00638,2025-04-01,No material driver detected,
ENG-00638,2025-05-01,No material driver detected,
ENG-00638,2025-06-01,No material driver detected,
ENG-00638,2025-07-01,No material driver detected,
ENG-00639,2025-12-01,No material driver detected,
ENG-00639,2026-01-01,Sentiment | Contract stage,Sentiment (+1.20) | Contract stage (+0.33)
ENG-00639,2026-02-01,No material driver detected,
ENG-00639,2026-03-01,No material driver detected,
ENG-00639,2026-04-01,No material driver detected,
ENG-00639,2026-05-01,Client feedback,Client feedback (+2.37)
ENG-00639,2026-06-01,No material driver detected,
ENG-00639,2026-07-01,No material driver detected,
ENG-00639,2026-08-01,Performance | Sentiment | Client feedback,Performance (+1.79) | Sentiment (+1.30) | Client feedback (+0.78)
ENG-00640,2026-01-01,No material driver detected,
ENG-00640,2026-02-01,No material driver detected,
ENG-00640,2026-03-01,No material driver detected,
ENG-00640,2026-04-01,No material driver detected,
ENG-00640,2026-05-01,No material driver detected,
ENG-00640,2026-06-01,Client feedback | Performance | Milestone delivery,Client feedback (+1.99) | Performance (+1.16) | Milestone delivery (+0.46)
ENG-00640,2026-07-01,No material driver detected,
ENG-00640,2026-08-01,No material driver detected,
ENG-00641,2025-07-01,Client feedback | Sentiment | Performance,Client feedback (+0.97) | Sentiment (+0.96) | Performance (+0.73)
ENG-00641,2025-08-01,Client feedback | Performance | Utilisation,Client feedback (+2.18) | Performance (+0.92) | Utilisation (+0.34)
ENG-00641,2025-09-01,Sentiment | Client feedback | Performance,Sentiment (+2.12) | Client feedback (+1.35) | Performance (+0.91)
ENG-00641,2025-10-01,No material driver detected,
ENG-00641,2025-11-01,Performance | Client feedback | Milestone delivery,Performance (+2.59) | Client feedback (+1.52) | Milestone delivery (+0.47)
ENG-00641,2025-12-01,Sentiment | Client feedback | Performance,Sentiment (+2.06) | Client feedback (+1.54) | Performance (+1.49)
ENG-00641,2026-01-01,Client feedback | Sentiment | Role profile,Client feedback (+2.15) | Sentiment (+0.56) | Role profile (+0.25)
ENG-00641,2026-02-01,Sentiment | Performance | Role profile,Sentiment (+1.59) | Performance (+1.48) | Role profile (+0.25)
ENG-00641,2026-03-01,Client feedback | Performance | Utilisation,Client feedback (+1.45) | Performance (+1.14) | Utilisation (+0.43)
ENG-00641,2026-04-01,Sentiment | Performance | Client feedback,Sentiment (+1.67) | Performance (+1.05) | Client feedback (+0.74)
ENG-00642,2024-09-01,No material driver detected,
ENG-00642,2024-10-01,Performance | Milestone delivery | Role profile,Performance (+1.01) | Milestone delivery (+0.47) | Role profile (+0.26)
ENG-00642,2024-11-01,No material driver detected,
ENG-00642,2024-12-01,No material driver detected,
ENG-00642,2025-01-01,No material driver detected,
ENG-00642,2025-02-01,No material driver detected,
ENG-00642,2025-03-01,No material driver detected,
ENG-00642,2025-04-01,Client feedback | Performance | Role profile,Client feedback (+1.43) | Performance (+1.20) | Role profile (+0.26)
ENG-00642,2025-05-01,No material driver detected,
ENG-00642,2025-06-01,No material driver detected,
ENG-00642,2025-07-01,No material driver detected,
ENG-00643,2025-05-01,No material driver detected,
ENG-00643,2025-06-01,No material driver detected,
ENG-00643,2025-07-01,Performance,Performance (+1.86)
ENG-00643,2025-08-01,No material driver detected,
ENG-00643,2025-09-01,No material driver detected,
ENG-00643,2025-10-01,No material driver detected,
ENG-00643,2025-11-01,No material driver detected,
ENG-00643,2025-12-01,No material driver detected,
ENG-00643,2026-01-01,No material driver detected,
ENG-00643,2026-02-01,No material driver detected,
ENG-00643,2026-03-01,No material driver detected,
ENG-00643,2026-04-01,No material driver detected,
ENG-00644,2026-07-01,Sentiment | Performance | Contract stage,Sentiment (+0.58) | Performance (+0.54) | Contract stage (+0.16)
ENG-00644,2026-08-01,No material driver detected,
ENG-00645,2025-01-01,Sentiment | Performance | Client feedback,Sentiment (+1.39) | Performance (+0.78) | Client feedback (+0.66)
ENG-00645,2025-02-01,Performance | Client feedback | Contract stage,Performance (+1.46) | Client feedback (+0.94) | Contract stage (+0.46)
ENG-00645,2025-03-01,Client feedback | Milestone delivery | Contract stage,Client feedback (+0.59) | Milestone delivery (+0.58) | Contract stage (+0.38)
ENG-00645,2025-04-01,Performance | Sentiment | Client feedback,Performance (+2.11) | Sentiment (+0.54) | Client feedback (+0.44)
ENG-00645,2025-05-01,Client feedback | Performance | Sentiment,Client feedback (+1.14) | Performance (+0.34) | Sentiment (+0.28)
ENG-00645,2025-06-01,Client feedback | Performance | Milestone delivery,Client feedback (+1.17) | Performance (+0.45) | Milestone delivery (+0.36)
ENG-00645,2025-07-01,Performance | Client feedback | Sentiment,Performance (+1.77) | Client feedback (+1.26) | Sentiment (+0.81)
ENG-00646,2025-02-01,No material driver detected,
ENG-00646,2025-03-01,Performance | Milestone delivery | Contract stage,Performance (+1.28) | Milestone delivery (+0.43) | Contract stage (+0.33)
ENG-00646,2025-04-01,No material driver detected,
ENG-00646,2025-05-01,Client feedback | Role profile | Contract stage,Client feedback (+2.08) | Role profile (+0.25) | Contract stage (+0.18)
ENG-00646,2025-06-01,Performance | Sentiment | Milestone delivery,Performance (+2.33) | Sentiment (+1.54) | Milestone delivery (+0.33)
ENG-00647,2025-06-01,No material driver detected,
ENG-00647,2025-07-01,No material driver detected,
ENG-00647,2025-08-01,No material driver detected,
ENG-00647,2025-09-01,No material driver detected,
ENG-00647,2025-10-01,No material driver detected,
ENG-00647,2025-11-01,No material driver detected,
ENG-00647,2025-12-01,No material driver detected,
ENG-00647,2026-01-01,No material driver detected,
ENG-00647,2026-02-01,No material driver detected,
ENG-00647,2026-03-01,No material driver detected,
ENG-00647,2026-04-01,No material driver detected,
ENG-00648,2026-08-01,No material driver detected,
ENG-00649,2025-06-01,No material driver detected,
ENG-00649,2025-07-01,No material driver detected,
ENG-00649,2025-08-01,No material driver detected,
ENG-00649,2025-09-01,No material driver detected,
ENG-00649,2025-10-01,No material driver detected,
ENG-00649,2025-11-01,No material driver detected,
ENG-00649,2025-12-01,No material driver detected,
ENG-00649,2026-01-01,No material driver detected,
ENG-00649,2026-02-01,No material driver detected,
ENG-00649,2026-03-01,No material driver detected,
ENG-00649,2026-04-01,No material driver detected,
ENG-00649,2026-05-01,No material driver detected,
ENG-00650,2026-06-01,No material driver detected,
ENG-00650,2026-07-01,Performance | Sentiment | Milestone delivery,Performance (+1.94) | Sentiment (+0.83) | Milestone delivery (+0.27)
ENG-00650,2026-08-01,Client feedback | Sentiment,Client feedback (+1.99) | Sentiment (+1.83)
ENG-00651,2024-11-01,No material driver detected,
ENG-00651,2024-12-01,No material driver detected,
ENG-00651,2025-01-01,No material driver detected,
ENG-00651,2025-02-01,No material driver detected,
ENG-00651,2025-03-01,No material driver detected,
ENG-00651,2025-04-01,No material driver detected,
ENG-00651,2025-05-01,No material driver detected,
ENG-00651,2025-06-01,No material driver detected,
ENG-00651,2025-07-01,No material driver detected,
ENG-00651,2025-08-01,No material driver detected,
ENG-00652,2025-01-01,No material driver detected,
ENG-00652,2025-02-01,No material driver detected,
ENG-00652,2025-03-01,No material driver detected,
ENG-00652,2025-04-01,No material driver detected,
ENG-00652,2025-05-01,No material driver detected,
ENG-00652,2025-06-01,No material driver detected,
ENG-00652,2025-07-01,No material driver detected,
ENG-00652,2025-08-01,No material driver detected,
ENG-00652,2025-09-01,No material driver detected,
ENG-00652,2025-10-01,No material driver detected,
ENG-00652,2025-11-01,No material driver detected,
ENG-00652,2025-12-01,No material driver detected,
ENG-00652,2026-01-01,No material driver detected,
ENG-00653,2024-06-01,Performance | Client feedback | Sentiment,Performance (+1.24) | Client feedback (+0.84) | Sentiment (+0.77)
ENG-00653,2024-07-01,No material driver detected,
ENG-00653,2024-08-01,Performance | Client feedback | Sentiment,Performance (+0.95) | Client feedback (+0.91) | Sentiment (+0.75)
ENG-00653,2024-09-01,No material driver detected,
ENG-00653,2024-10-01,Performance | Client feedback | Sentiment,Performance (+1.24) | Client feedback (+1.07) | Sentiment (+0.87)
ENG-00653,2024-11-01,Client feedback | Performance | Sentiment,Client feedback (+2.34) | Performance (+0.95) | Sentiment (+0.73)
ENG-00653,2024-12-01,No material driver detected,
ENG-00653,2025-01-01,No material driver detected,
ENG-00653,2025-02-01,Performance | Client feedback | Sentiment,Performance (+1.88) | Client feedback (+1.54) | Sentiment (+1.36)
ENG-00653,2025-03-01,No material driver detected,
ENG-00653,2025-04-01,No material driver detected,
ENG-00653,2025-05-01,No material driver detected,
ENG-00653,2025-06-01,Client feedback | Performance | Sentiment,Client feedback (+2.83) | Performance (+1.31) | Sentiment (+0.93)
ENG-00654,2024-06-01,No material driver detected,
ENG-00654,2024-07-01,No material driver detected,
ENG-00654,2024-08-01,Sentiment | Client feedback | Milestone delivery,Sentiment (+1.02) | Client feedback (+0.82) | Milestone delivery (+0.46)
ENG-00654,2024-09-01,No material driver detected,
ENG-00654,2024-10-01,Client feedback | Performance | Role profile,Client feedback (+1.28) | Performance (+0.72) | Role profile (+0.25)
ENG-00654,2024-11-01,No material driver detected,
ENG-00654,2024-12-01,Sentiment | Performance | Client feedback,Sentiment (+1.76) | Performance (+1.38) | Client feedback (+0.96)
ENG-00654,2025-01-01,Client feedback | Performance | Role profile,Client feedback (+2.79) | Performance (+0.27) | Role profile (+0.25)
ENG-00654,2025-02-01,Performance | Sentiment | Client feedback,Performance (+1.56) | Sentiment (+1.39) | Client feedback (+0.91)
ENG-00654,2025-03-01,Performance | Sentiment | Client feedback,Performance (+2.77) | Sentiment (+1.37) | Client feedback (+1.25)
ENG-00655,2025-01-01,No material driver detected,
ENG-00655,2025-02-01,No material driver detected,
ENG-00655,2025-03-01,No material driver detected,
ENG-00655,2025-04-01,No material driver detected,
ENG-00655,2025-05-01,No material driver detected,
ENG-00655,2025-06-01,No material driver detected,
ENG-00655,2025-07-01,Client feedback | Milestone delivery | Role profile,Client feedback (+2.47) | Milestone delivery (+0.41) | Role profile (+0.25)
ENG-00655,2025-08-01,No material driver detected,
ENG-00655,2025-09-01,No material driver detected,
ENG-00655,2025-10-01,No material driver detected,
ENG-00655,2025-11-01,No material driver detected,
ENG-00656,2024-08-01,No material driver detected,
ENG-00656,2024-09-01,Sentiment | Performance | Client feedback,Sentiment (+1.78) | Performance (+1.00) | Client feedback (+0.70)
ENG-00656,2024-10-01,No material driver detected,
ENG-00656,2024-11-01,No material driver detected,
ENG-00656,2024-12-01,No material driver detected,
ENG-00656,2025-01-01,No material driver detected,
ENG-00656,2025-02-01,No material driver detected,
ENG-00656,2025-03-01,No material driver detected,
ENG-00656,2025-04-01,No material driver detected,
ENG-00656,2025-05-01,No material driver detected,
ENG-00657,2025-04-01,No material driver detected,
ENG-00657,2025-05-01,No material driver detected,
ENG-00657,2025-06-01,No material driver detected,
ENG-00657,2025-07-01,No material driver detected,
ENG-00657,2025-08-01,No material driver detected,
ENG-00657,2025-09-01,Sentiment | Milestone delivery | Performance,Sentiment (+0.94) | Milestone delivery (+0.33) | Performance (+0.33)
ENG-00657,2025-10-01,No material driver detected,
ENG-00657,2025-11-01,Client feedback | Utilisation | Role profile,Client feedback (+2.35) | Utilisation (+0.25) | Role profile (+0.25)
ENG-00657,2025-12-01,No material driver detected,
ENG-00657,2026-01-01,No material driver detected,
ENG-00657,2026-02-01,No material driver detected,
ENG-00658,2026-02-01,No material driver detected,
ENG-00658,2026-03-01,Client feedback | Performance | Sentiment,Client feedback (+2.74) | Performance (+2.33) | Sentiment (+1.89)
ENG-00658,2026-04-01,Client feedback | Performance | Sentiment,Client feedback (+1.65) | Performance (+1.22) | Sentiment (+1.19)
ENG-00658,2026-05-01,Sentiment | Performance | Client feedback,Sentiment (+2.54) | Performance (+2.42) | Client feedback (+2.35)
ENG-00659,2024-10-01,No material driver detected,
ENG-00659,2024-11-01,No material driver detected,
ENG-00659,2024-12-01,No material driver detected,
ENG-00659,2025-01-01,No material driver detected,
ENG-00659,2025-02-01,No material driver detected,
ENG-00659,2025-03-01,No material driver detected,
ENG-00659,2025-04-01,No material driver detected,
ENG-00659,2025-05-01,No material driver detected,
ENG-00659,2025-06-01,No material driver detected,
ENG-00659,2025-07-01,No material driver detected,
ENG-00660,2025-01-01,No material driver detected,
ENG-00660,2025-02-01,Client feedback | Sentiment | Contract stage,Client feedback (+1.59) | Sentiment (+1.12) | Contract stage (+0.39)
ENG-00660,2025-03-01,Client feedback | Performance | Sentiment,Client feedback (+3.07) | Performance (+2.57) | Sentiment (+1.29)
ENG-00660,2025-04-01,Client feedback | Sentiment | Performance,Client feedback (+3.67) | Sentiment (+3.02) | Performance (+2.19)
ENG-00660,2025-05-01,Performance | Client feedback | Sentiment,Performance (+2.40) | Client feedback (+2.01) | Sentiment (+1.97)
ENG-00661,2025-05-01,No material driver detected,
ENG-00661,2025-06-01,No material driver detected,
ENG-00661,2025-07-01,No material driver detected,
ENG-00661,2025-08-01,No material driver detected,
ENG-00661,2025-09-01,No material driver detected,
ENG-00661,2025-10-01,No material driver detected,
ENG-00661,2025-11-01,No material driver detected,
ENG-00661,2025-12-01,No material driver detected,
ENG-00661,2026-01-01,No material driver detected,
ENG-00661,2026-02-01,No material driver detected,
ENG-00661,2026-03-01,No material driver detected,
ENG-00661,2026-04-01,No material driver detected,
ENG-00662,2024-03-01,No material driver detected,
ENG-00662,2024-04-01,No material driver detected,
ENG-00662,2024-05-01,No material driver detected,
ENG-00662,2024-06-01,No material driver detected,
ENG-00662,2024-07-01,No material driver detected,
ENG-00662,2024-08-01,No material driver detected,
ENG-00662,2024-09-01,No material driver detected,
ENG-00662,2024-10-01,No material driver detected,
ENG-00662,2024-11-01,No material driver detected,
ENG-00662,2024-12-01,No material driver detected,
ENG-00662,2025-01-01,No material driver detected,
ENG-00662,2025-02-01,No material driver detected,
ENG-00662,2025-03-01,No material driver detected,
ENG-00663,2025-02-01,No material driver detected,
ENG-00663,2025-03-01,No material driver detected,
ENG-00663,2025-04-01,Client feedback | Performance | Contract stage,Client feedback (+2.71) | Performance (+1.04) | Contract stage (+0.38)
ENG-00663,2025-05-01,Sentiment | Contract stage | Utilisation,Sentiment (+0.69) | Contract stage (+0.30) | Utilisation (+0.22)
ENG-00663,2025-06-01,Client feedback | Performance | Sentiment,Client feedback (+3.46) | Performance (+1.43) | Sentiment (+1.36)
ENG-00664,2026-06-01,No material driver detected,
ENG-00664,2026-07-01,No material driver detected,
ENG-00664,2026-08-01,No material driver detected,
ENG-00664,2026-09-01,Client feedback | Performance,Client feedback (+3.49) | Performance (+0.76)
ENG-00664,2026-10-01,No material driver detected,
ENG-00664,2026-11-01,Performance | Client feedback | Sentiment,Performance (+0.87) | Client feedback (+0.83) | Sentiment (+0.66)
ENG-00664,2026-12-01,Performance | Client feedback | Sentiment,Performance (+3.15) | Client feedback (+1.63) | Sentiment (+1.23)
ENG-00664,2027-01-01,Sentiment | Client feedback,Sentiment (+1.56) | Client feedback (+0.66)
ENG-00664,2027-02-01,Client feedback | Sentiment | Performance,Client feedback (+2.61) | Sentiment (+1.40) | Performance (+1.34)
ENG-00665,2024-04-01,No material driver detected,
ENG-00665,2024-05-01,No material driver detected,
ENG-00665,2024-06-01,No material driver detected,
ENG-00665,2024-07-01,No material driver detected,
ENG-00665,2024-08-01,No material driver detected,
ENG-00665,2024-09-01,No material driver detected,
ENG-00665,2024-10-01,No material driver detected,
ENG-00665,2024-11-01,No material driver detected,
ENG-00665,2024-12-01,No material driver detected,
ENG-00665,2025-01-01,No material driver detected,
ENG-00665,2025-02-01,No material driver detected,
ENG-00665,2025-03-01,No material driver detected,
ENG-00665,2025-04-01,No material driver detected,
ENG-00666,2024-06-01,No material driver detected,
ENG-00666,2024-07-01,No material driver detected,
ENG-00666,2024-08-01,No material driver detected,
ENG-00666,2024-09-01,No material driver detected,
ENG-00666,2024-10-01,No material driver detected,
ENG-00666,2024-11-01,No material driver detected,
ENG-00666,2024-12-01,No material driver detected,
ENG-00666,2025-01-01,No material driver detected,
ENG-00666,2025-02-01,No material driver detected,
ENG-00666,2025-03-01,No material driver detected,
ENG-00666,2025-04-01,No material driver detected,
ENG-00667,2025-04-01,No material driver detected,
ENG-00667,2025-05-01,No material driver detected,
ENG-00667,2025-06-01,No material driver detected,
ENG-00667,2025-07-01,No material driver detected,
ENG-00667,2025-08-01,No material driver detected,
ENG-00667,2025-09-01,No material driver detected,
ENG-00667,2025-10-01,No material driver detected,
ENG-00667,2025-11-01,No material driver detected,
ENG-00667,2025-12-01,No material driver detected,
ENG-00668,2025-12-01,No material driver detected,
ENG-00668,2026-01-01,No material driver detected,
ENG-00668,2026-02-01,No material driver detected,
ENG-00668,2026-03-01,No material driver detected,
ENG-00668,2026-04-01,No material driver detected,
ENG-00668,2026-05-01,No material driver detected,
ENG-00668,2026-06-01,No material driver detected,
ENG-00668,2026-07-01,No material driver detected,
ENG-00668,2026-08-01,No material driver detected,
ENG-00669,2025-05-01,No material driver detected,
ENG-00669,2025-06-01,Client feedback | Performance | Sentiment,Client feedback (+3.50) | Performance (+2.02) | Sentiment (+0.83)
ENG-00669,2025-07-01,Performance | Client feedback | Sentiment,Performance (+2.23) | Client feedback (+1.88) | Sentiment (+1.38)
ENG-00669,2025-08-01,Client feedback | Performance | Sentiment,Client feedback (+5.20) | Performance (+3.21) | Sentiment (+1.74)
ENG-00670,2025-01-01,No material driver detected,
ENG-00670,2025-02-01,No material driver detected,
ENG-00670,2025-03-01,No material driver detected,
ENG-00670,2025-04-01,No material driver detected,
ENG-00670,2025-05-01,No material driver detected,
ENG-00670,2025-06-01,No material driver detected,
ENG-00670,2025-07-01,No material driver detected,
ENG-00670,2025-08-01,Performance | Sentiment,Performance (+2.41) | Sentiment (+1.42)
ENG-00670,2025-09-01,No material driver detected,
ENG-00670,2025-10-01,No material driver detected,
ENG-00671,2024-06-01,No material driver detected,
ENG-00671,2024-07-01,No material driver detected,
ENG-00671,2024-08-01,No material driver detected,
ENG-00671,2024-09-01,No material driver detected,
ENG-00671,2024-10-01,No material driver detected,
ENG-00671,2024-11-01,No material driver detected,
ENG-00671,2024-12-01,No material driver detected,
ENG-00671,2025-01-01,No material driver detected,
ENG-00671,2025-02-01,No material driver detected,
ENG-00671,2025-03-01,No material driver detected,
ENG-00671,2025-04-01,No material driver detected,
ENG-00671,2025-05-01,No material driver detected,
ENG-00672,2025-03-01,No material driver detected,
ENG-00672,2025-04-01,No material driver detected,
ENG-00672,2025-05-01,No material driver detected,
ENG-00672,2025-06-01,No material driver detected,
ENG-00672,2025-07-01,No material driver detected,
ENG-00672,2025-08-01,No material driver detected,
ENG-00672,2025-09-01,No material driver detected,
ENG-00673,2026-03-01,No material driver detected,
ENG-00673,2026-04-01,No material driver detected,
ENG-00673,2026-05-01,Client feedback | Performance | Sentiment,Client feedback (+1.53) | Performance (+0.77) | Sentiment (+0.54)
ENG-00673,2026-06-01,No material driver detected,
ENG-00673,2026-07-01,Sentiment | Performance | Role profile,Sentiment (+1.66) | Performance (+1.04) | Role profile (+0.26)
ENG-00673,2026-08-01,Client feedback | Performance | Sentiment,Client feedback (+3.24) | Performance (+2.34) | Sentiment (+1.21)
ENG-00673,2026-09-01,No material driver detected,
ENG-00673,2026-10-01,Performance | Client feedback | Sentiment,Performance (+3.00) | Client feedback (+2.80) | Sentiment (+2.15)
ENG-00674,2025-09-01,No material driver detected,
ENG-00674,2025-10-01,No material driver detected,
ENG-00674,2025-11-01,No material driver detected,
ENG-00674,2025-12-01,No material driver detected,
ENG-00674,2026-01-01,No material driver detected,
ENG-00674,2026-02-01,Client feedback | Milestone delivery,Client feedback (+1.79) | Milestone delivery (+0.65)
ENG-00674,2026-03-01,No material driver detected,
ENG-00674,2026-04-01,No material driver detected,
ENG-00674,2026-05-01,Client feedback | Sentiment | Performance,Client feedback (+2.01) | Sentiment (+0.87) | Performance (+0.87)
ENG-00674,2026-06-01,No material driver detected,
ENG-00675,2024-10-01,No material driver detected,
ENG-00675,2024-11-01,Client feedback | Sentiment | Role profile,Client feedback (+1.38) | Sentiment (+0.90) | Role profile (+0.35)
ENG-00675,2024-12-01,No material driver detected,
ENG-00675,2025-01-01,No material driver detected,
ENG-00675,2025-02-01,No material driver detected,
ENG-00675,2025-03-01,Client feedback | Performance | Role profile,Client feedback (+1.44) | Performance (+0.44) | Role profile (+0.35)
ENG-00675,2025-04-01,No material driver detected,
ENG-00675,2025-05-01,No material driver detected,
ENG-00675,2025-06-01,No material driver detected,
ENG-00675,2025-07-01,No material driver detected,
ENG-00676,2026-06-01,No material driver detected,
ENG-00676,2026-07-01,No material driver detected,
ENG-00676,2026-08-01,No material driver detected,
ENG-00677,2024-04-01,Performance | Client feedback | Contract stage,Performance (+1.09) | Client feedback (+0.76) | Contract stage (+0.41)
ENG-00677,2024-05-01,No material driver detected,
ENG-00677,2024-06-01,No material driver detected,
ENG-00677,2024-07-01,Sentiment | Performance | Milestone delivery,Sentiment (+1.65) | Performance (+0.71) | Milestone delivery (+0.37)
ENG-00677,2024-08-01,Client feedback | Performance,Client feedback (+1.24) | Performance (+1.05)
ENG-00677,2024-09-01,No material driver detected,
ENG-00677,2024-10-01,Client feedback | Sentiment,Client feedback (+2.47) | Sentiment (+0.28)
ENG-00677,2024-11-01,No material driver detected,
ENG-00677,2024-12-01,No material driver detected,
ENG-00678,2026-01-01,No material driver detected,
ENG-00678,2026-02-01,No material driver detected,
ENG-00678,2026-03-01,No material driver detected,
ENG-00678,2026-04-01,No material driver detected,
ENG-00678,2026-05-01,No material driver detected,
ENG-00678,2026-06-01,No material driver detected,
ENG-00678,2026-07-01,No material driver detected,
ENG-00678,2026-08-01,No material driver detected,
ENG-00679,2024-04-01,No material driver detected,
ENG-00679,2024-05-01,No material driver detected,
ENG-00679,2024-06-01,No material driver detected,
ENG-00679,2024-07-01,No material driver detected,
ENG-00679,2024-08-01,No material driver detected,
ENG-00679,2024-09-01,Performance | Client feedback | Utilisation,Performance (+1.69) | Client feedback (+1.29) | Utilisation (+0.39)
ENG-00679,2024-10-01,No material driver detected,
ENG-00679,2024-11-01,No material driver detected,
ENG-00679,2024-12-01,Performance | Milestone delivery | Sentiment,Performance (+0.84) | Milestone delivery (+0.50) | Sentiment (+0.47)
ENG-00679,2025-01-01,No material driver detected,
ENG-00680,2024-03-01,Sentiment | Client feedback | Performance,Sentiment (+0.46) | Client feedback (+0.29) | Performance (+0.19)
ENG-00680,2024-04-01,No material driver detected,
ENG-00680,2024-05-01,No material driver detected,
ENG-00680,2024-06-01,No material driver detected,
ENG-00680,2024-07-01,No material driver detected,
ENG-00680,2024-08-01,No material driver detected,
ENG-00680,2024-09-01,Client feedback | Performance | Milestone delivery,Client feedback (+2.67) | Performance (+1.41) | Milestone delivery (+0.24)
ENG-00680,2024-10-01,No material driver detected,
ENG-00680,2024-11-01,No material driver detected,
ENG-00680,2024-12-01,No material driver detected,
ENG-00680,2025-01-01,No material driver detected,
ENG-00680,2025-02-01,No material driver detected,
ENG-00680,2025-03-01,No material driver detected,
ENG-00681,2026-02-01,Performance | Sentiment | Role profile,Performance (+0.77) | Sentiment (+0.44) | Role profile (+0.35)
ENG-00681,2026-03-01,No material driver detected,
ENG-00681,2026-04-01,Client feedback | Role profile,Client feedback (+2.36) | Role profile (+0.35)
ENG-00681,2026-05-01,No material driver detected,
ENG-00681,2026-06-01,No material driver detected,
ENG-00681,2026-07-01,No material driver detected,
ENG-00681,2026-08-01,Performance | Client feedback | Sentiment,Performance (+1.71) | Client feedback (+1.27) | Sentiment (+0.93)
ENG-00681,2026-09-01,Performance | Sentiment | Client feedback,Performance (+1.56) | Sentiment (+1.47) | Client feedback (+0.71)
ENG-00681,2026-10-01,Client feedback | Performance | Sentiment,Client feedback (+3.74) | Performance (+2.24) | Sentiment (+1.19)
ENG-00681,2026-11-01,Performance | Client feedback | Sentiment,Performance (+2.69) | Client feedback (+1.48) | Sentiment (+1.24)
ENG-00682,2024-09-01,No material driver detected,
ENG-00682,2024-10-01,No material driver detected,
ENG-00682,2024-11-01,No material driver detected,
ENG-00682,2024-12-01,No material driver detected,
ENG-00682,2025-01-01,No material driver detected,
ENG-00682,2025-02-01,No material driver detected,
ENG-00682,2025-03-01,No material driver detected,
ENG-00682,2025-04-01,No material driver detected,
ENG-00682,2025-05-01,No material driver detected,
ENG-00682,2025-06-01,No material driver detected,
ENG-00682,2025-07-01,No material driver detected,
ENG-00682,2025-08-01,No material driver detected,
ENG-00683,2025-03-01,No material driver detected,
ENG-00683,2025-04-01,Client feedback | Role profile | Contract stage,Client feedback (+1.21) | Role profile (+0.35) | Contract stage (+0.33)
ENG-00683,2025-05-01,No material driver detected,
ENG-00683,2025-06-01,Performance | Client feedback | Role profile,Performance (+1.42) | Client feedback (+1.39) | Role profile (+0.35)
ENG-00683,2025-07-01,No material driver detected,
ENG-00683,2025-08-01,Performance | Client feedback | Sentiment,Performance (+2.21) | Client feedback (+1.59) | Sentiment (+1.58)
ENG-00683,2025-09-01,Client feedback | Sentiment | Milestone delivery,Client feedback (+2.58) | Sentiment (+1.28) | Milestone delivery (+0.72)
ENG-00684,2024-05-01,Performance | Contract stage | Client feedback,Performance (+0.80) | Contract stage (+0.47) | Client feedback (+0.24)
ENG-00684,2024-06-01,Client feedback | Performance | Sentiment,Client feedback (+2.07) | Performance (+1.63) | Sentiment (+1.43)
ENG-00684,2024-07-01,Client feedback | Sentiment | Performance,Client feedback (+2.88) | Sentiment (+0.94) | Performance (+0.91)
ENG-00684,2024-08-01,Sentiment | Client feedback | Performance,Sentiment (+4.29) | Client feedback (+3.61) | Performance (+3.24)
ENG-00685,2025-06-01,No material driver detected,
ENG-00685,2025-07-01,Performance | Client feedback | Role profile,Performance (+0.45) | Client feedback (+0.43) | Role profile (+0.35)
ENG-00685,2025-08-01,No material driver detected,
ENG-00685,2025-09-01,No material driver detected,
ENG-00685,2025-10-01,No material driver detected,
ENG-00685,2025-11-01,No material driver detected,
ENG-00685,2025-12-01,No material driver detected,
ENG-00685,2026-01-01,No material driver detected,
ENG-00685,2026-02-01,No material driver detected,
ENG-00685,2026-03-01,No material driver detected,
ENG-00685,2026-04-01,No material driver detected,
ENG-00686,2025-09-01,No material driver detected,
ENG-00686,2025-10-01,No material driver detected,
ENG-00686,2025-11-01,No material driver detected,
ENG-00686,2025-12-01,No material driver detected,
ENG-00686,2026-01-01,No material driver detected,
ENG-00686,2026-02-01,No material driver detected,
ENG-00686,2026-03-01,No material driver detected,
ENG-00686,2026-04-01,Client feedback | Role profile | Performance,Client feedback (+2.03) | Role profile (+0.35) | Performance (+0.35)
ENG-00686,2026-05-01,No material driver detected,
ENG-00686,2026-06-01,No material driver detected,
ENG-00687,2024-04-01,No material driver detected,
ENG-00687,2024-05-01,No material driver detected,
ENG-00687,2024-06-01,No material driver detected,
ENG-00687,2024-07-01,No material driver detected,
ENG-00687,2024-08-01,No material driver detected,
ENG-00687,2024-09-01,No material driver detected,
ENG-00687,2024-10-01,No material driver detected,
ENG-00687,2024-11-01,No material driver detected,
ENG-00687,2024-12-01,No material driver detected,
ENG-00687,2025-01-01,No material driver detected,
ENG-00687,2025-02-01,No material driver detected,
ENG-00688,2025-12-01,No material driver detected,
ENG-00688,2026-01-01,No material driver detected,
ENG-00688,2026-02-01,Client feedback | Contract stage | Role profile,Client feedback (+2.26) | Contract stage (+0.32) | Role profile (+0.26)
ENG-00688,2026-03-01,No material driver detected,
ENG-00688,2026-04-01,No material driver detected,
ENG-00688,2026-05-01,No material driver detected,
ENG-00688,2026-06-01,No material driver detected,
ENG-00688,2026-07-01,Performance | Client feedback | Sentiment,Performance (+1.37) | Client feedback (+1.21) | Sentiment (+0.57)
ENG-00689,2025-08-01,No material driver detected,
ENG-00689,2025-09-01,Performance | Sentiment | Client feedback,Performance (+1.41) | Sentiment (+1.18) | Client feedback (+1.12)
ENG-00689,2025-10-01,Client feedback | Performance | Sentiment,Client feedback (+3.10) | Performance (+2.15) | Sentiment (+1.81)
ENG-00689,2025-11-01,Client feedback | Performance | Sentiment,Client feedback (+2.24) | Performance (+1.74) | Sentiment (+0.97)
ENG-00689,2025-12-01,Client feedback | Sentiment | Performance,Client feedback (+3.24) | Sentiment (+2.46) | Performance (+1.54)
ENG-00690,2024-06-01,No material driver detected,
ENG-00690,2024-07-01,No material driver detected,
ENG-00690,2024-08-01,No material driver detected,
ENG-00690,2024-09-01,No material driver detected,
ENG-00690,2024-10-01,No material driver detected,
ENG-00690,2024-11-01,No material driver detected,
ENG-00690,2024-12-01,No material driver detected,
ENG-00690,2025-01-01,No material driver detected,
ENG-00690,2025-02-01,No material driver detected,
ENG-00690,2025-03-01,No material driver detected,
ENG-00691,2024-08-01,No material driver detected,
ENG-00691,2024-09-01,No material driver detected,
ENG-00691,2024-10-01,Sentiment | Performance | Contract stage,Sentiment (+1.35) | Performance (+0.72) | Contract stage (+0.19)
ENG-00691,2024-11-01,No material driver detected,
ENG-00691,2024-12-01,No material driver detected,
ENG-00691,2025-01-01,No material driver detected,
ENG-00691,2025-02-01,Client feedback | Performance | Sentiment,Client feedback (+1.09) | Performance (+0.85) | Sentiment (+0.33)
ENG-00691,2025-03-01,Performance | Sentiment | Client feedback,Performance (+1.86) | Sentiment (+0.88) | Client feedback (+0.34)
ENG-00691,2025-04-01,No material driver detected,
ENG-00691,2025-05-01,Client feedback | Sentiment | Performance,Client feedback (+1.58) | Sentiment (+0.79) | Performance (+0.44)
ENG-00692,2025-04-01,No material driver detected,
ENG-00692,2025-05-01,No material driver detected,
ENG-00692,2025-06-01,No material driver detected,
ENG-00692,2025-07-01,No material driver detected,
ENG-00692,2025-08-01,No material driver detected,
ENG-00692,2025-09-01,No material driver detected,
ENG-00692,2025-10-01,No material driver detected,
ENG-00692,2025-11-01,Client feedback | Sentiment | Performance,Client feedback (+1.23) | Sentiment (+0.96) | Performance (+0.21)
ENG-00692,2025-12-01,No material driver detected,
ENG-00692,2026-01-01,No material driver detected,
ENG-00692,2026-02-01,No material driver detected,
ENG-00692,2026-03-01,No material driver detected,
ENG-00693,2024-05-01,No material driver detected,
ENG-00693,2024-06-01,Client feedback | Performance | Contract stage,Client feedback (+2.20) | Performance (+1.29) | Contract stage (+0.39)
ENG-00693,2024-07-01,Performance | Sentiment | Milestone delivery,Performance (+0.69) | Sentiment (+0.56) | Milestone delivery (+0.47)
ENG-00693,2024-08-01,Performance | Sentiment | Milestone delivery,Performance (+0.92) | Sentiment (+0.29) | Milestone delivery (+0.25)
ENG-00693,2024-09-01,Client feedback | Sentiment | Milestone delivery,Client feedback (+1.89) | Sentiment (+1.81) | Milestone delivery (+0.40)
ENG-00693,2024-10-01,Performance | Sentiment | Client feedback,Performance (+1.39) | Sentiment (+0.74) | Client feedback (+0.43)
ENG-00693,2024-11-01,No material driver detected,
ENG-00693,2024-12-01,Client feedback | Sentiment,Client feedback (+2.89) | Sentiment (+0.99)
ENG-00694,2026-01-01,No material driver detected,
ENG-00694,2026-02-01,No material driver detected,
ENG-00694,2026-03-01,No material driver detected,
ENG-00694,2026-04-01,Sentiment | Contract stage | Performance,Sentiment (+1.67) | Contract stage (+0.30) | Performance (+0.17)
ENG-00694,2026-05-01,No material driver detected,
ENG-00694,2026-06-01,No material driver detected,
ENG-00694,2026-07-01,Sentiment | Client feedback | Performance,Sentiment (+1.16) | Client feedback (+0.75) | Performance (+0.67)
ENG-00695,2025-05-01,No material driver detected,
ENG-00695,2025-06-01,No material driver detected,
ENG-00695,2025-07-01,No material driver detected,
ENG-00695,2025-08-01,No material driver detected,
ENG-00695,2025-09-01,No material driver detected,
ENG-00695,2025-10-01,No material driver detected,
ENG-00695,2025-11-01,No material driver detected,
ENG-00695,2025-12-01,No material driver detected,
ENG-00695,2026-01-01,No material driver detected,
ENG-00695,2026-02-01,No material driver detected,
ENG-00695,2026-03-01,No material driver detected,
ENG-00695,2026-04-01,No material driver detected,
ENG-00696,2025-11-01,No material driver detected,
ENG-00696,2025-12-01,No material driver detected,
ENG-00696,2026-01-01,No material driver detected,
ENG-00696,2026-02-01,No material driver detected,
ENG-00696,2026-03-01,No material driver detected,
ENG-00696,2026-04-01,No material driver detected,
ENG-00696,2026-05-01,No material driver detected,
ENG-00696,2026-06-01,No material driver detected,
ENG-00697,2025-12-01,No material driver detected,
ENG-00697,2026-01-01,Performance | Contract stage | Role profile,Performance (+1.62) | Contract stage (+0.46) | Role profile (+0.26)
ENG-00697,2026-02-01,Client feedback | Sentiment | Contract stage,Client feedback (+1.05) | Sentiment (+0.94) | Contract stage (+0.38)
ENG-00697,2026-03-01,Performance | Client feedback | Milestone delivery,Performance (+1.03) | Client feedback (+1.02) | Milestone delivery (+0.33)
ENG-00697,2026-04-01,Sentiment | Client feedback | Performance,Sentiment (+2.13) | Client feedback (+2.11) | Performance (+0.98)
ENG-00698,2024-04-01,No material driver detected,
ENG-00698,2024-05-01,No material driver detected,
ENG-00698,2024-06-01,Performance | Sentiment | Contract stage,Performance (+1.29) | Sentiment (+0.56) | Contract stage (+0.32)
ENG-00698,2024-07-01,Performance | Contract stage | Utilisation,Performance (+1.50) | Contract stage (+0.24) | Utilisation (+0.18)
ENG-00698,2024-08-01,Client feedback | Sentiment | Milestone delivery,Client feedback (+2.57) | Sentiment (+1.27) | Milestone delivery (+0.89)
ENG-00698,2024-09-01,Sentiment | Client feedback,Sentiment (+1.27) | Client feedback (+0.28)
ENG-00699,2025-02-01,Performance | Sentiment | Client feedback,Performance (+0.60) | Sentiment (+0.53) | Client feedback (+0.38)
ENG-00699,2025-03-01,No material driver detected,
ENG-00699,2025-04-01,Performance | Sentiment | Client feedback,Performance (+1.71) | Sentiment (+1.22) | Client feedback (+0.72)
ENG-00699,2025-05-01,No material driver detected,
ENG-00699,2025-06-01,No material driver detected,
ENG-00699,2025-07-01,Client feedback | Performance | Sentiment,Client feedback (+2.19) | Performance (+1.64) | Sentiment (+0.95)
ENG-00699,2025-08-01,Sentiment | Performance | Client feedback,Sentiment (+1.26) | Performance (+0.95) | Client feedback (+0.90)
ENG-00699,2025-09-01,No material driver detected,
ENG-00699,2025-10-01,Sentiment | Client feedback,Sentiment (+1.90) | Client feedback (+1.40)
ENG-00699,2025-11-01,No material driver detected,
ENG-00699,2025-12-01,No material driver detected,
ENG-00699,2026-01-01,Client feedback | Performance | Milestone delivery,Client feedback (+1.86) | Performance (+1.60) | Milestone delivery (+0.26)
ENG-00700,2025-03-01,Performance | Sentiment | Contract stage,Performance (+0.59) | Sentiment (+0.58) | Contract stage (+0.47)
ENG-00700,2025-04-01,Performance | Sentiment | Client feedback,Performance (+1.45) | Sentiment (+0.89) | Client feedback (+0.89)
ENG-00700,2025-05-01,Client feedback | Performance | Sentiment,Client feedback (+3.68) | Performance (+1.89) | Sentiment (+1.58)
ENG-00700,2025-06-01,Client feedback | Performance | Sentiment,Client feedback (+2.96) | Performance (+2.69) | Sentiment (+2.63)
ENG-00701,2024-04-01,No material driver detected,
ENG-00701,2024-05-01,No material driver detected,
ENG-00701,2024-06-01,No material driver detected,
ENG-00701,2024-07-01,No material driver detected,
ENG-00701,2024-08-01,No material driver detected,
ENG-00701,2024-09-01,No material driver detected,
ENG-00701,2024-10-01,No material driver detected,
ENG-00701,2024-11-01,No material driver detected,
ENG-00701,2024-12-01,No material driver detected,
ENG-00701,2025-01-01,No material driver detected,
ENG-00701,2025-02-01,No material driver detected,
ENG-00701,2025-03-01,No material driver detected,
ENG-00701,2025-04-01,No material driver detected,
ENG-00702,2026-05-01,No material driver detected,
ENG-00702,2026-06-01,No material driver detected,
ENG-00702,2026-07-01,No material driver detected,
ENG-00702,2026-08-01,No material driver detected,
ENG-00703,2024-08-01,No material driver detected,
ENG-00703,2024-09-01,No material driver detected,
ENG-00703,2024-10-01,No material driver detected,
ENG-00703,2024-11-01,No material driver detected,
ENG-00703,2024-12-01,No material driver detected,
ENG-00703,2025-01-01,No material driver detected,
ENG-00703,2025-02-01,No material driver detected,
ENG-00703,2025-03-01,No material driver detected,
ENG-00704,2024-11-01,No material driver detected,
ENG-00704,2024-12-01,No material driver detected,
ENG-00704,2025-01-01,No material driver detected,
ENG-00704,2025-02-01,No material driver detected,
ENG-00704,2025-03-01,No material driver detected,
ENG-00704,2025-04-01,No material driver detected,
ENG-00704,2025-05-01,No material driver detected,
ENG-00704,2025-06-01,No material driver detected,
ENG-00704,2025-07-01,No material driver detected,
ENG-00705,2026-06-01,Sentiment | Performance | Role profile,Sentiment (+0.94) | Performance (+0.37) | Role profile (+0.35)
ENG-00705,2026-07-01,No material driver detected,
ENG-00705,2026-08-01,No material driver detected,
ENG-00706,2024-06-01,No material driver detected,
ENG-00706,2024-07-01,No material driver detected,
ENG-00706,2024-08-01,Performance | Role profile | Contract stage,Performance (+1.73) | Role profile (+0.35) | Contract stage (+0.25)
ENG-00706,2024-09-01,No material driver detected,
ENG-00706,2024-10-01,Sentiment | Performance | Client feedback,Sentiment (+2.15) | Performance (+1.95) | Client feedback (+0.58)
ENG-00706,2024-11-01,Client feedback | Performance | Sentiment,Client feedback (+3.06) | Performance (+2.33) | Sentiment (+1.82)
ENG-00706,2024-12-01,Client feedback | Performance | Sentiment,Client feedback (+3.60) | Performance (+2.32) | Sentiment (+0.70)
ENG-00707,2025-08-01,No material driver detected,
ENG-00707,2025-09-01,No material driver detected,
ENG-00707,2025-10-01,No material driver detected,
ENG-00707,2025-11-01,Client feedback | Performance | Role profile,Client feedback (+2.71) | Performance (+0.77) | Role profile (+0.35)
ENG-00707,2025-12-01,Sentiment | Client feedback | Milestone delivery,Sentiment (+1.57) | Client feedback (+0.68) | Milestone delivery (+0.49)
ENG-00707,2026-01-01,Client feedback | Performance | Sentiment,Client feedback (+2.44) | Performance (+1.91) | Sentiment (+1.76)
ENG-00707,2026-02-01,Sentiment | Client feedback | Performance,Sentiment (+2.54) | Client feedback (+2.21) | Performance (+2.16)
ENG-00708,2025-04-01,No material driver detected,
ENG-00708,2025-05-01,No material driver detected,
ENG-00708,2025-06-01,No material driver detected,
ENG-00708,2025-07-01,No material driver detected,
ENG-00708,2025-08-01,No material driver detected,
ENG-00708,2025-09-01,No material driver detected,
ENG-00708,2025-10-01,No material driver detected,
ENG-00708,2025-11-01,No material driver detected,
ENG-00708,2025-12-01,No material driver detected,
ENG-00708,2026-01-01,No material driver detected,
ENG-00709,2025-05-01,No material driver detected,
ENG-00709,2025-06-01,Sentiment | Client feedback | Milestone delivery,Sentiment (+1.32) | Client feedback (+0.78) | Milestone delivery (+0.16)
ENG-00709,2025-07-01,No material driver detected,
ENG-00709,2025-08-01,Milestone delivery | Performance | Client feedback,Milestone delivery (+0.91) | Performance (+0.67) | Client feedback (+0.65)
ENG-00709,2025-09-01,Sentiment | Performance | Client feedback,Sentiment (+1.82) | Performance (+1.41) | Client feedback (+0.23)
ENG-00709,2025-10-01,No material driver detected,
ENG-00709,2025-11-01,Sentiment | Client feedback | Milestone delivery,Sentiment (+1.18) | Client feedback (+0.85) | Milestone delivery (+0.35)
ENG-00709,2025-12-01,No material driver detected,
ENG-00709,2026-01-01,No material driver detected,
ENG-00709,2026-02-01,Performance | Sentiment | Milestone delivery,Performance (+1.13) | Sentiment (+0.79) | Milestone delivery (+0.26)
ENG-00709,2026-03-01,No material driver detected,
ENG-00709,2026-04-01,Client feedback | Performance,Client feedback (+1.56) | Performance (+1.55)
ENG-00710,2026-03-01,No material driver detected,
ENG-00710,2026-04-01,No material driver detected,
ENG-00710,2026-05-01,No material driver detected,
ENG-00710,2026-06-01,No material driver detected,
ENG-00710,2026-07-01,No material driver detected,
ENG-00710,2026-08-01,No material driver detected,
ENG-00711,2025-03-01,No material driver detected,
ENG-00711,2025-04-01,No material driver detected,
ENG-00711,2025-05-01,No material driver detected,
ENG-00711,2025-06-01,No material driver detected,
ENG-00711,2025-07-01,No material driver detected,
ENG-00711,2025-08-01,No material driver detected,
ENG-00711,2025-09-01,No material driver detected,
ENG-00711,2025-10-01,No material driver detected,
ENG-00712,2024-10-01,No material driver detected,
ENG-00712,2024-11-01,No material driver detected,
ENG-00712,2024-12-01,No material driver detected,
ENG-00712,2025-01-01,No material driver detected,
ENG-00712,2025-02-01,No material driver detected,
ENG-00712,2025-03-01,No material driver detected,
ENG-00712,2025-04-01,No material driver detected,
ENG-00712,2025-05-01,Sentiment | Performance | Client feedback,Sentiment (+1.22) | Performance (+1.18) | Client feedback (+0.57)
ENG-00713,2025-12-01,No material driver detected,
ENG-00713,2026-01-01,No material driver detected,
ENG-00713,2026-02-01,No material driver detected,
ENG-00713,2026-03-01,No material driver detected,
ENG-00713,2026-04-01,No material driver detected,
ENG-00713,2026-05-01,No material driver detected,
ENG-00713,2026-06-01,No material driver detected,
ENG-00714,2025-05-01,No material driver detected,
ENG-00714,2025-06-01,No material driver detected,
ENG-00714,2025-07-01,Sentiment | Performance | Client feedback,Sentiment (+1.47) | Performance (+0.74) | Client feedback (+0.47)
ENG-00714,2025-08-01,Performance | Utilisation | Client feedback,Performance (+2.60) | Utilisation (+0.24) | Client feedback (+0.23)
ENG-00714,2025-09-01,No material driver detected,
ENG-00714,2025-10-01,Performance | Client feedback | Sentiment,Performance (+1.61) | Client feedback (+1.57) | Sentiment (+0.72)
ENG-00714,2025-11-01,No material driver detected,
ENG-00714,2025-12-01,No material driver detected,
ENG-00714,2026-01-01,Client feedback | Sentiment | Performance,Client feedback (+1.24) | Sentiment (+1.20) | Performance (+0.92)
ENG-00714,2026-02-01,No material driver detected,
ENG-00714,2026-03-01,Performance | Sentiment | Milestone delivery,Performance (+1.12) | Sentiment (+0.65) | Milestone delivery (+0.57)
ENG-00714,2026-04-01,No material driver detected,
ENG-00714,2026-05-01,Client feedback | Performance | Sentiment,Client feedback (+1.53) | Performance (+1.34) | Sentiment (+0.84)
ENG-00715,2024-08-01,No material driver detected,
ENG-00715,2024-09-01,No material driver detected,
ENG-00715,2024-10-01,No material driver detected,
ENG-00715,2024-11-01,No material driver detected,
ENG-00715,2024-12-01,No material driver detected,
ENG-00715,2025-01-01,No material driver detected,
ENG-00715,2025-02-01,No material driver detected,
ENG-00715,2025-03-01,No material driver detected,
ENG-00715,2025-04-01,No material driver detected,
ENG-00715,2025-05-01,No material driver detected,
ENG-00715,2025-06-01,No material driver detected,
ENG-00716,2026-05-01,No material driver detected,
ENG-00716,2026-06-01,No material driver detected,
ENG-00716,2026-07-01,No material driver detected,
ENG-00716,2026-08-01,No material driver detected,
ENG-00716,2026-09-01,Client feedback | Sentiment | Performance,Client feedback (+1.96) | Sentiment (+0.99) | Performance (+0.63)
ENG-00716,2026-10-01,Performance | Sentiment | Client feedback,Performance (+2.56) | Sentiment (+1.96) | Client feedback (+1.16)
ENG-00717,2025-02-01,No material driver detected,
ENG-00717,2025-03-01,No material driver detected,
ENG-00717,2025-04-01,Sentiment | Client feedback | Milestone delivery,Sentiment (+1.47) | Client feedback (+0.41) | Milestone delivery (+0.39)
ENG-00717,2025-05-01,No material driver detected,
ENG-00717,2025-06-01,Client feedback | Sentiment | Role profile,Client feedback (+2.07) | Sentiment (+1.67) | Role profile (+0.25)
ENG-00717,2025-07-01,Performance | Sentiment | Milestone delivery,Performance (+0.94) | Sentiment (+0.75) | Milestone delivery (+0.49)
ENG-00717,2025-08-01,No material driver detected,
ENG-00718,2026-08-01,No material driver detected,
ENG-00719,2024-12-01,No material driver detected,
ENG-00719,2025-01-01,No material driver detected,
ENG-00719,2025-02-01,No material driver detected,
ENG-00719,2025-03-01,No material driver detected,
ENG-00719,2025-04-01,No material driver detected,
ENG-00719,2025-05-01,No material driver detected,
ENG-00719,2025-06-01,No material driver detected,
ENG-00720,2024-04-01,Performance | Client feedback | Sentiment,Performance (+0.69) | Client feedback (+0.62) | Sentiment (+0.43)
ENG-00720,2024-05-01,Client feedback | Sentiment | Role profile,Client feedback (+1.97) | Sentiment (+1.80) | Role profile (+0.25)
ENG-00720,2024-06-01,No material driver detected,
ENG-00720,2024-07-01,Client feedback | Sentiment | Performance,Client feedback (+2.08) | Sentiment (+1.67) | Performance (+0.82)
ENG-00720,2024-08-01,No material driver detected,
ENG-00720,2024-09-01,Sentiment | Milestone delivery | Role profile,Sentiment (+1.92) | Milestone delivery (+0.25) | Role profile (+0.25)
ENG-00720,2024-10-01,Client feedback | Performance | Role profile,Client feedback (+2.07) | Performance (+1.69) | Role profile (+0.25)
ENG-00720,2024-11-01,No material driver detected,
ENG-00720,2024-12-01,Client feedback | Performance | Sentiment,Client feedback (+1.83) | Performance (+1.19) | Sentiment (+0.90)
ENG-00720,2025-01-01,Client feedback | Sentiment | Role profile,Client feedback (+2.89) | Sentiment (+0.37) | Role profile (+0.25)
ENG-00720,2025-02-01,No material driver detected,
ENG-00720,2025-03-01,Sentiment | Role profile | Performance,Sentiment (+1.24) | Role profile (+0.25) | Performance (+0.19)
ENG-00720,2025-04-01,No material driver detected,
ENG-00721,2025-01-01,No material driver detected,
ENG-00721,2025-02-01,No material driver detected,
ENG-00721,2025-03-01,No material driver detected,
ENG-00721,2025-04-01,No material driver detected,
ENG-00721,2025-05-01,Client feedback | Sentiment,Client feedback (+2.27) | Sentiment (+0.49)
ENG-00721,2025-06-01,No material driver detected,
ENG-00721,2025-07-01,No material driver detected,
ENG-00721,2025-08-01,No material driver detected,
ENG-00721,2025-09-01,No material driver detected,
ENG-00721,2025-10-01,No material driver detected,
ENG-00721,2025-11-01,No material driver detected,
ENG-00721,2025-12-01,No material driver detected,
ENG-00721,2026-01-01,No material driver detected,
ENG-00722,2024-01-01,No material driver detected,
ENG-00722,2024-02-01,Client feedback | Performance | Milestone delivery,Client feedback (+1.63) | Performance (+0.78) | Milestone delivery (+0.38)
ENG-00722,2024-03-01,Performance | Client feedback | Sentiment,Performance (+1.76) | Client feedback (+0.95) | Sentiment (+0.40)
ENG-00722,2024-04-01,No material driver detected,
ENG-00722,2024-05-01,No material driver detected,
ENG-00722,2024-06-01,Sentiment | Client feedback | Milestone delivery,Sentiment (+1.88) | Client feedback (+0.92) | Milestone delivery (+0.17)
ENG-00722,2024-07-01,No material driver detected,
ENG-00722,2024-08-01,Performance | Sentiment,Performance (+1.64) | Sentiment (+1.22)
ENG-00722,2024-09-01,No material driver detected,
ENG-00722,2024-10-01,No material driver detected,
ENG-00722,2024-11-01,Client feedback | Sentiment,Client feedback (+2.37) | Sentiment (+2.02)
ENG-00722,2024-12-01,No material driver detected,
ENG-00723,2026-03-01,No material driver detected,
ENG-00723,2026-04-01,No material driver detected,
ENG-00723,2026-05-01,No material driver detected,
ENG-00723,2026-06-01,No material driver detected,
ENG-00723,2026-07-01,Client feedback | Performance,Client feedback (+2.53) | Performance (+1.13)
ENG-00723,2026-08-01,No material driver detected,
ENG-00724,2026-07-01,No material driver detected,
ENG-00724,2026-08-01,No material driver detected,
ENG-00725,2025-08-01,No material driver detected,
ENG-00725,2025-09-01,No material driver detected,
ENG-00725,2025-10-01,No material driver detected,
ENG-00725,2025-11-01,No material driver detected,
ENG-00725,2025-12-01,No material driver detected,
ENG-00725,2026-01-01,No material driver detected,
ENG-00725,2026-02-01,No material driver detected,
ENG-00726,2025-11-01,No material driver detected,
ENG-00726,2025-12-01,No material driver detected,
ENG-00726,2026-01-01,Client feedback | Sentiment | Role profile,Client feedback (+1.22) | Sentiment (+0.63) | Role profile (+0.35)
ENG-00726,2026-02-01,Sentiment | Milestone delivery | Role profile,Sentiment (+0.94) | Milestone delivery (+0.52) | Role profile (+0.35)
ENG-00726,2026-03-01,Client feedback | Performance | Role profile,Client feedback (+1.78) | Performance (+0.88) | Role profile (+0.35)
ENG-00726,2026-04-01,No material driver detected,
ENG-00726,2026-05-01,Sentiment | Milestone delivery | Role profile,Sentiment (+0.90) | Milestone delivery (+0.83) | Role profile (+0.35)
ENG-00726,2026-06-01,No material driver detected,
ENG-00726,2026-07-01,Performance | Client feedback | Sentiment,Performance (+1.69) | Client feedback (+0.90) | Sentiment (+0.73)
ENG-00727,2024-03-01,No material driver detected,
ENG-00727,2024-04-01,Sentiment | Milestone delivery | Contract stage,Sentiment (+0.69) | Milestone delivery (+0.28) | Contract stage (+0.27)
ENG-00727,2024-05-01,No material driver detected,
ENG-00727,2024-06-01,No material driver detected,
ENG-00727,2024-07-01,No material driver detected,
ENG-00727,2024-08-01,No material driver detected,
ENG-00727,2024-09-01,Performance | Client feedback,Performance (+1.06) | Client feedback (+0.75)
ENG-00727,2024-10-01,No material driver detected,
ENG-00727,2024-11-01,No material driver detected,
ENG-00727,2024-12-01,No material driver detected,
ENG-00728,2024-05-01,No material driver detected,
ENG-00728,2024-06-01,No material driver detected,
ENG-00728,2024-07-01,No material driver detected,
ENG-00728,2024-08-01,No material driver detected,
ENG-00728,2024-09-01,No material driver detected,
ENG-00728,2024-10-01,No material driver detected,
ENG-00728,2024-11-01,No material driver detected,
ENG-00728,2024-12-01,No material driver detected,
ENG-00728,2025-01-01,No material driver detected,
ENG-00728,2025-02-01,No material driver detected,
ENG-00728,2025-03-01,No material driver detected,
ENG-00729,2025-12-01,No material driver detected,
ENG-00729,2026-01-01,No material driver detected,
ENG-00729,2026-02-01,Client feedback | Performance | Contract stage,Client feedback (+1.43) | Performance (+0.51) | Contract stage (+0.32)
ENG-00729,2026-03-01,No material driver detected,
ENG-00729,2026-04-01,No material driver detected,
ENG-00729,2026-05-01,No material driver detected,
ENG-00729,2026-06-01,No material driver detected,
ENG-00729,2026-07-01,No material driver detected,
ENG-00730,2025-08-01,No material driver detected,
ENG-00730,2025-09-01,No material driver detected,
ENG-00730,2025-10-01,No material driver detected,
ENG-00730,2025-11-01,No material driver detected,
ENG-00730,2025-12-01,No material driver detected,
ENG-00730,2026-01-01,No material driver detected,
ENG-00730,2026-02-01,No material driver detected,
ENG-00730,2026-03-01,No material driver detected,
ENG-00730,2026-04-01,No material driver detected,
ENG-00730,2026-05-01,No material driver detected,
ENG-00730,2026-06-01,No material driver detected,
ENG-00730,2026-07-01,No material driver detected,
ENG-00730,2026-08-01,No material driver detected,
ENG-00731,2026-03-01,No material driver detected,
ENG-00731,2026-04-01,No material driver detected,
ENG-00731,2026-05-01,No material driver detected,
ENG-00731,2026-06-01,No material driver detected,
ENG-00731,2026-07-01,No material driver detected,
ENG-00731,2026-08-01,No material driver detected,
ENG-00732,2024-02-01,No material driver detected,
ENG-00732,2024-03-01,Client feedback | Sentiment | Milestone delivery,Client feedback (+1.68) | Sentiment (+0.87) | Milestone delivery (+0.59)
ENG-00732,2024-04-01,Client feedback | Performance | Sentiment,Client feedback (+2.86) | Performance (+2.60) | Sentiment (+2.43)
ENG-00732,2024-05-01,Sentiment | Performance | Client feedback,Sentiment (+1.79) | Performance (+1.45) | Client feedback (+0.42)
ENG-00733,2026-08-01,No material driver detected,
ENG-00734,2025-11-01,No material driver detected,
ENG-00734,2025-12-01,No material driver detected,
ENG-00734,2026-01-01,No material driver detected,
ENG-00734,2026-02-01,No material driver detected,
ENG-00734,2026-03-01,No material driver detected,
ENG-00734,2026-04-01,No material driver detected,
ENG-00734,2026-05-01,No material driver detected,
ENG-00734,2026-06-01,No material driver detected,
ENG-00734,2026-07-01,No material driver detected,
ENG-00735,2025-07-01,No material driver detected,
ENG-00735,2025-08-01,No material driver detected,
ENG-00735,2025-09-01,No material driver detected,
ENG-00735,2025-10-01,No material driver detected,
ENG-00735,2025-11-01,No material driver detected,
ENG-00735,2025-12-01,No material driver detected,
ENG-00735,2026-01-01,No material driver detected,
ENG-00735,2026-02-01,No material driver detected,
ENG-00735,2026-03-01,No material driver detected,
ENG-00735,2026-04-01,No material driver detected,
ENG-00736,2024-10-01,Client feedback | Performance | Contract stage,Client feedback (+0.52) | Performance (+0.44) | Contract stage (+0.23)
ENG-00736,2024-11-01,Performance | Milestone delivery | Sentiment,Performance (+1.44) | Milestone delivery (+0.58) | Sentiment (+0.47)
ENG-00736,2024-12-01,Sentiment | Client feedback | Performance,Sentiment (+1.24) | Client feedback (+0.86) | Performance (+0.50)
ENG-00736,2025-01-01,Performance | Milestone delivery | Client feedback,Performance (+1.94) | Milestone delivery (+0.74) | Client feedback (+0.74)
ENG-00736,2025-02-01,Client feedback | Utilisation,Client feedback (+1.46) | Utilisation (+0.33)
ENG-00736,2025-03-01,No material driver detected,
ENG-00736,2025-04-01,Client feedback | Sentiment | Performance,Client feedback (+2.72) | Sentiment (+1.85) | Performance (+0.64)
ENG-00736,2025-05-01,Performance | Client feedback | Sentiment,Performance (+2.97) | Client feedback (+1.57) | Sentiment (+1.48)
ENG-00736,2025-06-01,Client feedback | Sentiment | Performance,Client feedback (+3.20) | Sentiment (+1.72) | Performance (+1.60)
ENG-00736,2025-07-01,Client feedback | Sentiment | Performance,Client feedback (+3.34) | Sentiment (+3.06) | Performance (+2.26)
ENG-00737,2025-12-01,No material driver detected,
ENG-00737,2026-01-01,No material driver detected,
ENG-00737,2026-02-01,No material driver detected,
ENG-00737,2026-03-01,No material driver detected,
ENG-00737,2026-04-01,No material driver detected,
ENG-00737,2026-05-01,No material driver detected,
ENG-00737,2026-06-01,No material driver detected,
ENG-00738,2026-01-01,No material driver detected,
ENG-00738,2026-02-01,No material driver detected,
ENG-00738,2026-03-01,Performance | Client feedback | Role profile,Performance (+1.67) | Client feedback (+1.03) | Role profile (+0.35)
ENG-00738,2026-04-01,No material driver detected,
ENG-00738,2026-05-01,Milestone delivery | Client feedback | Sentiment,Milestone delivery (+1.00) | Client feedback (+0.58) | Sentiment (+0.54)
ENG-00738,2026-06-01,No material driver detected,
ENG-00738,2026-07-01,Performance | Client feedback | Sentiment,Performance (+1.81) | Client feedback (+1.73) | Sentiment (+1.34)
ENG-00738,2026-08-01,Client feedback | Sentiment | Role profile,Client feedback (+1.17) | Sentiment (+1.11) | Role profile (+0.35)
ENG-00739,2025-11-01,No material driver detected,
ENG-00739,2025-12-01,Client feedback | Performance | Sentiment,Client feedback (+2.58) | Performance (+0.81) | Sentiment (+0.57)
ENG-00739,2026-01-01,Client feedback | Performance | Sentiment,Client feedback (+2.45) | Performance (+2.08) | Sentiment (+1.66)
ENG-00739,2026-02-01,Client feedback | Performance | Sentiment,Client feedback (+2.53) | Performance (+1.67) | Sentiment (+0.75)
ENG-00740,2026-06-01,No material driver detected,
ENG-00740,2026-07-01,No material driver detected,
ENG-00740,2026-08-01,Performance | Sentiment | Client feedback,Performance (+3.06) | Sentiment (+2.24) | Client feedback (+1.36)
ENG-00740,2026-09-01,Client feedback | Sentiment | Performance,Client feedback (+3.25) | Sentiment (+2.79) | Performance (+1.00)
ENG-00740,2026-10-01,Client feedback | Performance | Sentiment,Client feedback (+2.88) | Performance (+2.33) | Sentiment (+0.89)
ENG-00741,2026-07-01,No material driver detected,
ENG-00741,2026-08-01,No material driver detected,
ENG-00742,2026-08-01,Client feedback | Performance | Contract stage,Client feedback (+0.60) | Performance (+0.60) | Contract stage (+0.35)
ENG-00743,2025-10-01,No material driver detected,
ENG-00743,2025-11-01,No material driver detected,
ENG-00743,2025-12-01,No material driver detected,
ENG-00743,2026-01-01,No material driver detected,
ENG-00743,2026-02-01,No material driver detected,
ENG-00743,2026-03-01,No material driver detected,
ENG-00743,2026-04-01,No material driver detected,
ENG-00743,2026-05-01,No material driver detected,
ENG-00743,2026-06-01,No material driver detected,
ENG-00744,2026-02-01,No material driver detected,
ENG-00744,2026-03-01,No material driver detected,
ENG-00744,2026-04-01,No material driver detected,
ENG-00744,2026-05-01,No material driver detected,
ENG-00744,2026-06-01,No material driver detected,
ENG-00744,2026-07-01,No material driver detected,
ENG-00744,2026-08-01,No material driver detected,
ENG-00745,2025-07-01,Performance | Client feedback | Role profile,Performance (+0.80) | Client feedback (+0.38) | Role profile (+0.35)
ENG-00745,2025-08-01,Client feedback | Performance | Role profile,Client feedback (+1.40) | Performance (+0.81) | Role profile (+0.35)
ENG-00745,2025-09-01,Client feedback | Sentiment | Role profile,Client feedback (+3.08) | Sentiment (+0.61) | Role profile (+0.35)
ENG-00745,2025-10-01,Performance | Sentiment | Client feedback,Performance (+3.61) | Sentiment (+2.38) | Client feedback (+2.10)
ENG-00745,2025-11-01,Performance | Client feedback | Sentiment,Performance (+3.03) | Client feedback (+2.98) | Sentiment (+1.94)
ENG-00745,2025-12-01,Client feedback | Sentiment | Performance,Client feedback (+3.67) | Sentiment (+2.05) | Performance (+1.96)
ENG-00746,2026-07-01,No material driver detected,
ENG-00746,2026-08-01,No material driver detected,
ENG-00747,2025-02-01,Client feedback | Contract stage | Sentiment,Client feedback (+0.76) | Contract stage (+0.41) | Sentiment (+0.33)
ENG-00747,2025-03-01,No material driver detected,
ENG-00747,2025-04-01,No material driver detected,
ENG-00747,2025-05-01,No material driver detected,
ENG-00747,2025-06-01,No material driver detected,
ENG-00747,2025-07-01,No material driver detected,
ENG-00747,2025-08-01,No material driver detected,
ENG-00747,2025-09-01,No material driver detected,
ENG-00747,2025-10-01,No material driver detected,
ENG-00748,2026-08-01,No material driver detected,
ENG-00749,2026-06-01,No material driver detected,
ENG-00749,2026-07-01,No material driver detected,
ENG-00749,2026-08-01,No material driver detected,
ENG-00750,2024-11-01,No material driver detected,
ENG-00750,2024-12-01,No material driver detected,
ENG-00750,2025-01-01,No material driver detected,
ENG-00750,2025-02-01,No material driver detected,
ENG-00750,2025-03-01,No material driver detected,
ENG-00750,2025-04-01,No material driver detected,
ENG-00750,2025-05-01,No material driver detected,
ENG-00751,2024-02-01,No material driver detected,
ENG-00751,2024-03-01,No material driver detected,
ENG-00751,2024-04-01,No material driver detected,
ENG-00751,2024-05-01,Client feedback | Contract stage,Client feedback (+2.12) | Contract stage (+0.30)
ENG-00751,2024-06-01,No material driver detected,
ENG-00751,2024-07-01,No material driver detected,
ENG-00751,2024-08-01,No material driver detected,
ENG-00752,2026-02-01,No material driver detected,
ENG-00752,2026-03-01,No material driver detected,
ENG-00752,2026-04-01,No material driver detected,
ENG-00752,2026-05-01,No material driver detected,
ENG-00752,2026-06-01,No material driver detected,
ENG-00752,2026-07-01,No material driver detected,
ENG-00752,2026-08-01,No material driver detected,
ENG-00753,2025-04-01,No material driver detected,
ENG-00753,2025-05-01,No material driver detected,
ENG-00753,2025-06-01,Client feedback | Contract stage | Role profile,Client feedback (+2.05) | Contract stage (+0.32) | Role profile (+0.26)
ENG-00753,2025-07-01,No material driver detected,
ENG-00753,2025-08-01,No material driver detected,
ENG-00753,2025-09-01,No material driver detected,
ENG-00753,2025-10-01,No material driver detected,
ENG-00753,2025-11-01,No material driver detected,
ENG-00754,2024-01-01,No material driver detected,
ENG-00754,2024-02-01,No material driver detected,
ENG-00754,2024-03-01,No material driver detected,
ENG-00754,2024-04-01,No material driver detected,
ENG-00754,2024-05-01,No material driver detected,
ENG-00754,2024-06-01,No material driver detected,
ENG-00754,2024-07-01,No material driver detected,
ENG-00754,2024-08-01,No material driver detected,
ENG-00754,2024-09-01,No material driver detected,
ENG-00754,2024-10-01,No material driver detected,
ENG-00755,2024-03-01,No material driver detected,
ENG-00755,2024-04-01,No material driver detected,
ENG-00755,2024-05-01,No material driver detected,
ENG-00755,2024-06-01,No material driver detected,
ENG-00755,2024-07-01,No material driver detected,
ENG-00755,2024-08-01,No material driver detected,
ENG-00755,2024-09-01,No material driver detected,
ENG-00755,2024-10-01,No material driver detected,
ENG-00755,2024-11-01,No material driver detected,
ENG-00755,2024-12-01,No material driver detected,
ENG-00755,2025-01-01,No material driver detected,
ENG-00755,2025-02-01,No material driver detected,
ENG-00756,2026-08-01,No material driver detected,
ENG-00757,2024-04-01,No material driver detected,
ENG-00757,2024-05-01,No material driver detected,
ENG-00757,2024-06-01,No material driver detected,
ENG-00757,2024-07-01,No material driver detected,
ENG-00757,2024-08-01,No material driver detected,
ENG-00757,2024-09-01,No material driver detected,
ENG-00757,2024-10-01,No material driver detected,
ENG-00757,2024-11-01,No material driver detected,
ENG-00757,2024-12-01,No material driver detected,
ENG-00758,2025-08-01,No material driver detected,
ENG-00758,2025-09-01,No material driver detected,
ENG-00758,2025-10-01,No material driver detected,
ENG-00758,2025-11-01,No material driver detected,
ENG-00758,2025-12-01,No material driver detected,
ENG-00758,2026-01-01,No material driver detected,
ENG-00758,2026-02-01,No material driver detected,
ENG-00758,2026-03-01,No material driver detected,
ENG-00758,2026-04-01,No material driver detected,
ENG-00758,2026-05-01,No material driver detected,
ENG-00758,2026-06-01,No material driver detected,
ENG-00758,2026-07-01,No material driver detected,
ENG-00758,2026-08-01,No material driver detected,
ENG-00759,2024-12-01,Sentiment | Contract stage | Client feedback,Sentiment (+0.54) | Contract stage (+0.54) | Client feedback (+0.53)
ENG-00759,2025-01-01,Client feedback | Performance | Sentiment,Client feedback (+2.82) | Performance (+0.98) | Sentiment (+0.79)
ENG-00759,2025-02-01,Sentiment | Performance | Client feedback,Sentiment (+3.22) | Performance (+2.85) | Client feedback (+2.49)
ENG-00759,2025-03-01,Client feedback | Sentiment | Performance,Client feedback (+4.98) | Sentiment (+2.95) | Performance (+2.14)
ENG-00760,2024-10-01,No material driver detected,
ENG-00760,2024-11-01,No material driver detected,
ENG-00760,2024-12-01,No material driver detected,
ENG-00760,2025-01-01,No material driver detected,
ENG-00760,2025-02-01,No material driver detected,
ENG-00760,2025-03-01,No material driver detected,
ENG-00760,2025-04-01,No material driver detected,
ENG-00760,2025-05-01,No material driver detected,
ENG-00760,2025-06-01,No material driver detected,
ENG-00760,2025-07-01,No material driver detected,
ENG-00761,2025-01-01,No material driver detected,
ENG-00761,2025-02-01,No material driver detected,
ENG-00761,2025-03-01,Performance | Client feedback | Sentiment,Performance (+2.20) | Client feedback (+0.49) | Sentiment (+0.39)
ENG-00761,2025-04-01,Client feedback | Performance | Sentiment,Client feedback (+1.95) | Performance (+1.44) | Sentiment (+1.23)
ENG-00761,2025-05-01,Sentiment | Performance | Client feedback,Sentiment (+2.85) | Performance (+2.27) | Client feedback (+1.94)
ENG-00761,2025-06-01,Client feedback | Sentiment | Performance,Client feedback (+4.96) | Sentiment (+2.84) | Performance (+1.75)
ENG-00762,2024-10-01,Contract stage | Role profile | Performance,Contract stage (+0.41) | Role profile (+0.35) | Performance (+0.33)
ENG-00762,2024-11-01,Client feedback | Performance | Sentiment,Client feedback (+1.20) | Performance (+1.16) | Sentiment (+0.60)
ENG-00762,2024-12-01,No material driver detected,
ENG-00762,2025-01-01,Performance | Client feedback | Role profile,Performance (+1.17) | Client feedback (+0.84) | Role profile (+0.35)
ENG-00762,2025-02-01,No material driver detected,
ENG-00762,2025-03-01,Performance | Client feedback | Role profile,Performance (+1.36) | Client feedback (+0.36) | Role profile (+0.35)
ENG-00762,2025-04-01,Client feedback | Sentiment | Performance,Client feedback (+1.55) | Sentiment (+0.79) | Performance (+0.61)
ENG-00762,2025-05-01,Client feedback | Role profile | Performance,Client feedback (+0.91) | Role profile (+0.35) | Performance (+0.26)
ENG-00762,2025-06-01,No material driver detected,
ENG-00763,2025-09-01,No material driver detected,
ENG-00763,2025-10-01,Client feedback | Sentiment | Performance,Client feedback (+1.85) | Sentiment (+1.73) | Performance (+1.10)
ENG-00763,2025-11-01,Client feedback | Sentiment | Performance,Client feedback (+2.97) | Sentiment (+1.01) | Performance (+0.43)
ENG-00763,2025-12-01,Client feedback | Performance | Sentiment,Client feedback (+3.38) | Performance (+2.87) | Sentiment (+0.91)
ENG-00763,2026-01-01,Sentiment | Performance | Client feedback,Sentiment (+2.69) | Performance (+2.19) | Client feedback (+1.84)
ENG-00764,2025-04-01,No material driver detected,
ENG-00764,2025-05-01,No material driver detected,
ENG-00764,2025-06-01,No material driver detected,
ENG-00764,2025-07-01,No material driver detected,
ENG-00764,2025-08-01,No material driver detected,
ENG-00764,2025-09-01,Sentiment | Client feedback | Performance,Sentiment (+1.20) | Client feedback (+0.85) | Performance (+0.84)
ENG-00764,2025-10-01,Client feedback | Performance | Sentiment,Client feedback (+3.54) | Performance (+2.29) | Sentiment (+0.70)
ENG-00765,2024-10-01,No material driver detected,
ENG-00765,2024-11-01,No material driver detected,
ENG-00765,2024-12-01,Client feedback | Performance | Utilisation,Client feedback (+1.51) | Performance (+0.69) | Utilisation (+0.33)
ENG-00765,2025-01-01,No material driver detected,
ENG-00765,2025-02-01,No material driver detected,
ENG-00765,2025-03-01,No material driver detected,
ENG-00765,2025-04-01,No material driver detected,
ENG-00765,2025-05-01,No material driver detected,
ENG-00765,2025-06-01,Client feedback | Sentiment,Client feedback (+1.61) | Sentiment (+0.88)
ENG-00765,2025-07-01,Performance | Sentiment | Client feedback,Performance (+1.21) | Sentiment (+0.16) | Client feedback (+0.16)
ENG-00765,2025-08-01,No material driver detected,
ENG-00765,2025-09-01,No material driver detected,
ENG-00765,2025-10-01,No material driver detected,
ENG-00766,2026-04-01,No material driver detected,
ENG-00766,2026-05-01,No material driver detected,
ENG-00766,2026-06-01,No material driver detected,
ENG-00766,2026-07-01,No material driver detected,
ENG-00766,2026-08-01,Client feedback | Milestone delivery | Contract stage,Client feedback (+1.67) | Milestone delivery (+0.23) | Contract stage (+0.22)
ENG-00767,2025-05-01,No material driver detected,
ENG-00767,2025-06-01,No material driver detected,
ENG-00767,2025-07-01,Client feedback | Sentiment | Contract stage,Client feedback (+0.96) | Sentiment (+0.49) | Contract stage (+0.32)
ENG-00767,2025-08-01,No material driver detected,
ENG-00767,2025-09-01,Client feedback | Sentiment | Contract stage,Client feedback (+2.23) | Sentiment (+1.11) | Contract stage (+0.16)
ENG-00767,2025-10-01,Performance | Sentiment | Client feedback,Performance (+2.80) | Sentiment (+1.83) | Client feedback (+1.70)
ENG-00768,2025-04-01,No material driver detected,
ENG-00768,2025-05-01,Client feedback | Performance | Sentiment,Client feedback (+3.50) | Performance (+2.87) | Sentiment (+1.52)
ENG-00768,2025-06-01,Sentiment | Client feedback | Performance,Sentiment (+1.78) | Client feedback (+1.22) | Performance (+0.78)
ENG-00768,2025-07-01,Performance | Client feedback | Sentiment,Performance (+3.43) | Client feedback (+3.40) | Sentiment (+1.62)
ENG-00769,2024-01-01,Performance | Client feedback | Role profile,Performance (+0.82) | Client feedback (+0.70) | Role profile (+0.35)
ENG-00769,2024-02-01,No material driver detected,
ENG-00769,2024-03-01,Client feedback | Performance | Role profile,Client feedback (+2.26) | Performance (+0.56) | Role profile (+0.35)
ENG-00769,2024-04-01,No material driver detected,
ENG-00769,2024-05-01,Client feedback | Sentiment | Role profile,Client feedback (+2.53) | Sentiment (+0.60) | Role profile (+0.35)
ENG-00769,2024-06-01,Performance | Role profile | Milestone delivery,Performance (+1.71) | Role profile (+0.35) | Milestone delivery (+0.24)
ENG-00769,2024-07-01,Performance | Role profile | Client feedback,Performance (+0.71) | Role profile (+0.35) | Client feedback (+0.17)
ENG-00769,2024-08-01,No material driver detected,
ENG-00769,2024-09-01,Performance | Client feedback | Role profile,Performance (+1.31) | Client feedback (+0.47) | Role profile (+0.35)
ENG-00769,2024-10-01,Sentiment | Performance | Client feedback,Sentiment (+1.19) | Performance (+0.81) | Client feedback (+0.69)
ENG-00769,2024-11-01,No material driver detected,
ENG-00769,2024-12-01,Performance | Client feedback | Utilisation,Performance (+1.31) | Client feedback (+1.01) | Utilisation (+0.36)
ENG-00770,2025-08-01,No material driver detected,
ENG-00770,2025-09-01,No material driver detected,
ENG-00770,2025-10-01,Performance | Sentiment | Client feedback,Performance (+2.32) | Sentiment (+2.13) | Client feedback (+1.43)
ENG-00770,2025-11-01,Client feedback | Sentiment | Performance,Client feedback (+3.30) | Sentiment (+2.26) | Performance (+1.62)
ENG-00770,2025-12-01,Client feedback | Performance | Sentiment,Client feedback (+3.09) | Performance (+2.39) | Sentiment (+1.23)
ENG-00771,2025-01-01,No material driver detected,
ENG-00771,2025-02-01,No material driver detected,
ENG-00771,2025-03-01,No material driver detected,
ENG-00771,2025-04-01,No material driver detected,
ENG-00771,2025-05-01,No material driver detected,
ENG-00771,2025-06-01,No material driver detected,
ENG-00771,2025-07-01,No material driver detected,
ENG-00771,2025-08-01,No material driver detected,
ENG-00771,2025-09-01,No material driver detected,
ENG-00771,2025-10-01,No material driver detected,
ENG-00772,2024-11-01,No material driver detected,
ENG-00772,2024-12-01,No material driver detected,
ENG-00772,2025-01-01,No material driver detected,
ENG-00772,2025-02-01,Sentiment | Performance | Milestone delivery,Sentiment (+1.67) | Performance (+0.50) | Milestone delivery (+0.25)
ENG-00772,2025-03-01,No material driver detected,
ENG-00772,2025-04-01,No material driver detected,
ENG-00772,2025-05-01,No material driver detected,
ENG-00772,2025-06-01,No material driver detected,
ENG-00772,2025-07-01,No material driver detected,
ENG-00772,2025-08-01,No material driver detected,
ENG-00772,2025-09-01,No material driver detected,
ENG-00773,2025-01-01,No material driver detected,
ENG-00773,2025-02-01,No material driver detected,
ENG-00773,2025-03-01,No material driver detected,
ENG-00773,2025-04-01,No material driver detected,
ENG-00773,2025-05-01,No material driver detected,
ENG-00773,2025-06-01,No material driver detected,
ENG-00773,2025-07-01,No material driver detected,
ENG-00773,2025-08-01,No material driver detected,
ENG-00773,2025-09-01,No material driver detected,
ENG-00774,2025-11-01,No material driver detected,
ENG-00774,2025-12-01,No material driver detected,
ENG-00774,2026-01-01,No material driver detected,
ENG-00774,2026-02-01,No material driver detected,
ENG-00774,2026-03-01,No material driver detected,
ENG-00774,2026-04-01,No material driver detected,
ENG-00774,2026-05-01,No material driver detected,
ENG-00774,2026-06-01,No material driver detected,
ENG-00774,2026-07-01,No material driver detected,
ENG-00775,2026-08-01,No material driver detected,
ENG-00776,2026-04-01,No material driver detected,
ENG-00776,2026-05-01,No material driver detected,
ENG-00776,2026-06-01,No material driver detected,
ENG-00776,2026-07-01,No material driver detected,
ENG-00776,2026-08-01,No material driver detected,
ENG-00777,2026-04-01,Sentiment | Contract stage | Role profile,Sentiment (+0.58) | Contract stage (+0.54) | Role profile (+0.35)
ENG-00777,2026-05-01,Client feedback | Performance | Contract stage,Client feedback (+2.76) | Performance (+0.72) | Contract stage (+0.46)
ENG-00777,2026-06-01,No material driver detected,
ENG-00777,2026-07-01,No material driver detected,
ENG-00777,2026-08-01,Performance | Sentiment | Role profile,Performance (+0.73) | Sentiment (+0.66) | Role profile (+0.35)
ENG-00778,2024-09-01,No material driver detected,
ENG-00778,2024-10-01,No material driver detected,
ENG-00778,2024-11-01,No material driver detected,
ENG-00778,2024-12-01,No material driver detected,
ENG-00778,2025-01-01,No material driver detected,
ENG-00778,2025-02-01,No material driver detected,
ENG-00778,2025-03-01,No material driver detected,
ENG-00778,2025-04-01,No material driver detected,
ENG-00779,2026-02-01,No material driver detected,
ENG-00779,2026-03-01,Sentiment | Performance | Client feedback,Sentiment (+1.40) | Performance (+1.15) | Client feedback (+0.83)
ENG-00779,2026-04-01,Performance | Milestone delivery | Role profile,Performance (+1.06) | Milestone delivery (+0.67) | Role profile (+0.35)
ENG-00779,2026-05-01,No material driver detected,
ENG-00779,2026-06-01,Sentiment | Client feedback | Role profile,Sentiment (+0.84) | Client feedback (+0.71) | Role profile (+0.35)
ENG-00779,2026-07-01,No material driver detected,
ENG-00779,2026-08-01,Performance | Sentiment | Role profile,Performance (+1.52) | Sentiment (+0.38) | Role profile (+0.35)
ENG-00780,2024-01-01,No material driver detected,
ENG-00780,2024-02-01,No material driver detected,
ENG-00780,2024-03-01,No material driver detected,
ENG-00780,2024-04-01,No material driver detected,
ENG-00780,2024-05-01,No material driver detected,
ENG-00780,2024-06-01,Sentiment | Performance | Client feedback,Sentiment (+1.27) | Performance (+0.85) | Client feedback (+0.74)
ENG-00780,2024-07-01,No material driver detected,
ENG-00780,2024-08-01,No material driver detected,
ENG-00781,2024-05-01,No material driver detected,
ENG-00781,2024-06-01,No material driver detected,
ENG-00781,2024-07-01,No material driver detected,
ENG-00781,2024-08-01,Client feedback | Contract stage,Client feedback (+2.66) | Contract stage (+0.18)
ENG-00781,2024-09-01,No material driver detected,
ENG-00781,2024-10-01,No material driver detected,
ENG-00781,2024-11-01,No material driver detected,
ENG-00781,2024-12-01,No material driver detected,
ENG-00781,2025-01-01,No material driver detected,
ENG-00782,2026-03-01,No material driver detected,
ENG-00782,2026-04-01,No material driver detected,
ENG-00782,2026-05-01,No material driver detected,
ENG-00782,2026-06-01,No material driver detected,
ENG-00782,2026-07-01,No material driver detected,
ENG-00782,2026-08-01,No material driver detected,
ENG-00783,2025-07-01,No material driver detected,
ENG-00783,2025-08-01,No material driver detected,
ENG-00783,2025-09-01,No material driver detected,
ENG-00783,2025-10-01,No material driver detected,
ENG-00783,2025-11-01,No material driver detected,
ENG-00783,2025-12-01,No material driver detected,
ENG-00783,2026-01-01,No material driver detected,
ENG-00783,2026-02-01,No material driver detected,
ENG-00784,2025-09-01,No material driver detected,
ENG-00784,2025-10-01,No material driver detected,
ENG-00784,2025-11-01,Performance | Client feedback | Sentiment,Performance (+1.09) | Client feedback (+0.71) | Sentiment (+0.53)
ENG-00784,2025-12-01,Performance | Client feedback,Performance (+0.97) | Client feedback (+0.44)
ENG-00784,2026-01-01,Client feedback | Milestone delivery | Utilisation,Client feedback (+2.17) | Milestone delivery (+0.50) | Utilisation (+0.15)
ENG-00784,2026-02-01,Performance | Sentiment,Performance (+3.49) | Sentiment (+1.60)
ENG-00785,2024-07-01,No material driver detected,
ENG-00785,2024-08-01,No material driver detected,
ENG-00785,2024-09-01,No material driver detected,
ENG-00785,2024-10-01,No material driver detected,
ENG-00785,2024-11-01,No material driver detected,
ENG-00785,2024-12-01,No material driver detected,
ENG-00785,2025-01-01,No material driver detected,
ENG-00786,2025-06-01,No material driver detected,
ENG-00786,2025-07-01,No material driver detected,
ENG-00786,2025-08-01,No material driver detected,
ENG-00786,2025-09-01,No material driver detected,
ENG-00786,2025-10-01,No material driver detected,
ENG-00786,2025-11-01,No material driver detected,
ENG-00786,2025-12-01,No material driver detected,
ENG-00786,2026-01-01,No material driver detected,
ENG-00787,2026-05-01,No material driver detected,
ENG-00787,2026-06-01,No material driver detected,
ENG-00787,2026-07-01,No material driver detected,
ENG-00787,2026-08-01,No material driver detected,
ENG-00788,2024-06-01,No material driver detected,
ENG-00788,2024-07-01,Performance | Sentiment | Contract stage,Performance (+1.80) | Sentiment (+0.51) | Contract stage (+0.27)
ENG-00788,2024-08-01,Client feedback | Sentiment | Contract stage,Client feedback (+1.93) | Sentiment (+0.95) | Contract stage (+0.19)
ENG-00788,2024-09-01,Sentiment | Client feedback | Performance,Sentiment (+1.22) | Client feedback (+1.15) | Performance (+0.91)
ENG-00788,2024-10-01,Client feedback | Performance | Sentiment,Client feedback (+2.19) | Performance (+1.38) | Sentiment (+1.24)
ENG-00788,2024-11-01,Performance | Client feedback | Milestone delivery,Performance (+2.37) | Client feedback (+2.14) | Milestone delivery (+0.34)
ENG-00789,2026-01-01,No material driver detected,
ENG-00789,2026-02-01,No material driver detected,
ENG-00789,2026-03-01,No material driver detected,
ENG-00789,2026-04-01,No material driver detected,
ENG-00789,2026-05-01,No material driver detected,
ENG-00789,2026-06-01,No material driver detected,
ENG-00789,2026-07-01,No material driver detected,
ENG-00789,2026-08-01,No material driver detected,
ENG-00790,2024-03-01,No material driver detected,
ENG-00790,2024-04-01,No material driver detected,
ENG-00790,2024-05-01,No material driver detected,
ENG-00790,2024-06-01,No material driver detected,
ENG-00790,2024-07-01,No material driver detected,
ENG-00790,2024-08-01,No material driver detected,
ENG-00790,2024-09-01,No material driver detected,
ENG-00790,2024-10-01,No material driver detected,
ENG-00790,2024-11-01,No material driver detected,
ENG-00790,2024-12-01,No material driver detected,
ENG-00790,2025-01-01,No material driver detected,
ENG-00790,2025-02-01,No material driver detected,
ENG-00791,2024-10-01,Contract stage | Role profile | Client feedback,Contract stage (+0.41) | Role profile (+0.25) | Client feedback (+0.24)
ENG-00791,2024-11-01,Performance | Client feedback | Sentiment,Performance (+1.48) | Client feedback (+1.14) | Sentiment (+0.60)
ENG-00791,2024-12-01,Client feedback | Performance | Sentiment,Client feedback (+1.76) | Performance (+1.62) | Sentiment (+1.57)
ENG-00791,2025-01-01,Client feedback | Performance | Sentiment,Client feedback (+3.86) | Performance (+2.12) | Sentiment (+1.26)
ENG-00791,2025-02-01,Performance | Client feedback | Sentiment,Performance (+3.35) | Client feedback (+2.98) | Sentiment (+2.17)
ENG-00792,2026-08-01,Sentiment | Performance | Role profile,Sentiment (+0.96) | Performance (+0.64) | Role profile (+0.35)
ENG-00792,2026-09-01,Performance | Client feedback | Milestone delivery,Performance (+2.54) | Client feedback (+2.09) | Milestone delivery (+0.89)
ENG-00792,2026-10-01,Sentiment | Client feedback | Performance,Sentiment (+2.96) | Client feedback (+2.84) | Performance (+0.89)
ENG-00792,2026-11-01,Client feedback | Sentiment | Performance,Client feedback (+2.17) | Sentiment (+1.87) | Performance (+1.66)
ENG-00792,2026-12-01,Performance | Client feedback | Sentiment,Performance (+3.50) | Client feedback (+2.48) | Sentiment (+1.66)
ENG-00792,2027-01-01,Sentiment | Client feedback | Performance,Sentiment (+2.90) | Client feedback (+2.68) | Performance (+1.90)
ENG-00793,2025-09-01,No material driver detected,
ENG-00793,2025-10-01,No material driver detected,
ENG-00793,2025-11-01,No material driver detected,
ENG-00793,2025-12-01,No material driver detected,
ENG-00793,2026-01-01,No material driver detected,
ENG-00793,2026-02-01,No material driver detected,
ENG-00793,2026-03-01,No material driver detected,
ENG-00793,2026-04-01,No material driver detected,
ENG-00793,2026-05-01,No material driver detected,
ENG-00793,2026-06-01,No material driver detected,
ENG-00793,2026-07-01,No material driver detected,
ENG-00793,2026-08-01,No material driver detected,
ENG-00794,2024-05-01,No material driver detected,
ENG-00794,2024-06-01,No material driver detected,
ENG-00794,2024-07-01,No material driver detected,
ENG-00794,2024-08-01,No material driver detected,
ENG-00794,2024-09-01,No material driver detected,
ENG-00794,2024-10-01,No material driver detected,
ENG-00794,2024-11-01,No material driver detected,
ENG-00794,2024-12-01,No material driver detected,
ENG-00794,2025-01-01,No material driver detected,
ENG-00794,2025-02-01,No material driver detected,
ENG-00794,2025-03-01,No material driver detected,
ENG-00794,2025-04-01,No material driver detected,
ENG-00794,2025-05-01,No material driver detected,
ENG-00795,2025-10-01,No material driver detected,
ENG-00795,2025-11-01,Client feedback | Performance | Sentiment,Client feedback (+1.48) | Performance (+0.66) | Sentiment (+0.53)
ENG-00795,2025-12-01,No material driver detected,
ENG-00795,2026-01-01,Performance | Client feedback | Milestone delivery,Performance (+1.95) | Client feedback (+0.74) | Milestone delivery (+0.35)
ENG-00795,2026-02-01,Client feedback | Performance | Sentiment,Client feedback (+1.91) | Performance (+1.71) | Sentiment (+0.71)
ENG-00795,2026-03-01,Client feedback | Performance | Sentiment,Client feedback (+2.89) | Performance (+2.32) | Sentiment (+1.29)
ENG-00795,2026-04-01,Performance | Client feedback | Sentiment,Performance (+2.88) | Client feedback (+2.73) | Sentiment (+2.60)
ENG-00795,2026-05-01,Client feedback | Performance | Sentiment,Client feedback (+4.81) | Performance (+3.58) | Sentiment (+0.79)
ENG-00796,2025-07-01,No material driver detected,
ENG-00796,2025-08-01,No material driver detected,
ENG-00796,2025-09-01,No material driver detected,
ENG-00796,2025-10-01,Performance | Client feedback | Sentiment,Performance (+2.16) | Client feedback (+1.94) | Sentiment (+0.55)
ENG-00797,2024-08-01,No material driver detected,
ENG-00797,2024-09-01,No material driver detected,
ENG-00797,2024-10-01,No material driver detected,
ENG-00797,2024-11-01,No material driver detected,
ENG-00797,2024-12-01,Sentiment | Performance | Client feedback,Sentiment (+0.97) | Performance (+0.72) | Client feedback (+0.54)
ENG-00797,2025-01-01,No material driver detected,
ENG-00797,2025-02-01,No material driver detected,
ENG-00797,2025-03-01,No material driver detected,
ENG-00797,2025-04-01,No material driver detected,
ENG-00797,2025-05-01,No material driver detected,
ENG-00797,2025-06-01,No material driver detected,
ENG-00797,2025-07-01,No material driver detected,
ENG-00797,2025-08-01,No material driver detected,
ENG-00798,2025-01-01,No material driver detected,
ENG-00798,2025-02-01,No material driver detected,
ENG-00798,2025-03-01,No material driver detected,
ENG-00798,2025-04-01,No material driver detected,
ENG-00798,2025-05-01,No material driver detected,
ENG-00798,2025-06-01,No material driver detected,
ENG-00798,2025-07-01,Client feedback | Milestone delivery | Role profile,Client feedback (+1.37) | Milestone delivery (+0.36) | Role profile (+0.35)
ENG-00799,2025-10-01,No material driver detected,
ENG-00799,2025-11-01,No material driver detected,
ENG-00799,2025-12-01,No material driver detected,
ENG-00799,2026-01-01,No material driver detected,
ENG-00799,2026-02-01,No material driver detected,
ENG-00799,2026-03-01,No material driver detected,
ENG-00799,2026-04-01,No material driver detected,
ENG-00800,2025-09-01,Sentiment | Contract stage | Client feedback,Sentiment (+0.66) | Contract stage (+0.54) | Client feedback (+0.49)
ENG-00800,2025-10-01,No material driver detected,
ENG-00800,2025-11-01,No material driver detected,
ENG-00800,2025-12-01,No material driver detected,
ENG-00800,2026-01-01,No material driver detected,
ENG-00800,2026-02-01,Client feedback | Performance,Client feedback (+1.00) | Performance (+0.67)
ENG-00800,2026-03-01,No material driver detected,
ENG-00801,2024-03-01,No material driver detected,
ENG-00801,2024-04-01,Performance | Client feedback | Role profile,Performance (+1.48) | Client feedback (+0.54) | Role profile (+0.25)
ENG-00801,2024-05-01,No material driver detected,
ENG-00801,2024-06-01,Performance | Sentiment | Role profile,Performance (+2.03) | Sentiment (+0.35) | Role profile (+0.25)
ENG-00801,2024-07-01,No material driver detected,
ENG-00801,2024-08-01,No material driver detected,
ENG-00801,2024-09-01,No material driver detected,
ENG-00801,2024-10-01,Client feedback | Sentiment | Role profile,Client feedback (+1.37) | Sentiment (+0.51) | Role profile (+0.25)
ENG-00801,2024-11-01,No material driver detected,
ENG-00801,2024-12-01,No material driver detected,
ENG-00801,2025-01-01,No material driver detected,
ENG-00801,2025-02-01,No material driver detected,
ENG-00802,2026-04-01,No material driver detected,
ENG-00802,2026-05-01,No material driver detected,
ENG-00802,2026-06-01,No material driver detected,
ENG-00802,2026-07-01,No material driver detected,
ENG-00802,2026-08-01,No material driver detected,
ENG-00803,2024-11-01,No material driver detected,
ENG-00803,2024-12-01,No material driver detected,
ENG-00803,2025-01-01,Performance | Sentiment | Client feedback,Performance (+1.67) | Sentiment (+1.53) | Client feedback (+0.43)
ENG-00803,2025-02-01,Client feedback | Sentiment | Performance,Client feedback (+2.17) | Sentiment (+0.66) | Performance (+0.52)
ENG-00803,2025-03-01,Client feedback | Performance | Sentiment,Client feedback (+2.47) | Performance (+1.44) | Sentiment (+0.62)
ENG-00803,2025-04-01,Performance | Sentiment | Milestone delivery,Performance (+2.05) | Sentiment (+1.27) | Milestone delivery (+0.42)
ENG-00804,2024-10-01,No material driver detected,
ENG-00804,2024-11-01,No material driver detected,
ENG-00804,2024-12-01,Performance | Sentiment | Contract stage,Performance (+0.84) | Sentiment (+0.39) | Contract stage (+0.38)
ENG-00804,2025-01-01,Client feedback | Sentiment | Contract stage,Client feedback (+1.81) | Sentiment (+1.48) | Contract stage (+0.30)
ENG-00804,2025-02-01,Performance | Client feedback | Milestone delivery,Performance (+2.57) | Client feedback (+1.61) | Milestone delivery (+0.94)
ENG-00805,2026-08-01,No material driver detected,
ENG-00806,2025-06-01,No material driver detected,
ENG-00806,2025-07-01,No material driver detected,
ENG-00806,2025-08-01,Client feedback | Performance | Sentiment,Client feedback (+1.68) | Performance (+1.07) | Sentiment (+0.49)
ENG-00806,2025-09-01,No material driver detected,
ENG-00806,2025-10-01,Performance | Sentiment | Client feedback,Performance (+1.64) | Sentiment (+1.16) | Client feedback (+0.49)
ENG-00806,2025-11-01,Client feedback | Sentiment | Performance,Client feedback (+2.44) | Sentiment (+2.16) | Performance (+0.68)
ENG-00806,2025-12-01,Performance | Client feedback | Sentiment,Performance (+2.48) | Client feedback (+2.04) | Sentiment (+0.94)
ENG-00806,2026-01-01,Client feedback | Sentiment | Performance,Client feedback (+4.08) | Sentiment (+3.33) | Performance (+2.87)
ENG-00807,2024-02-01,No material driver detected,
ENG-00807,2024-03-01,No material driver detected,
ENG-00807,2024-04-01,Sentiment | Client feedback | Performance,Sentiment (+1.30) | Client feedback (+0.88) | Performance (+0.51)
ENG-00807,2024-05-01,No material driver detected,
ENG-00807,2024-06-01,No material driver detected,
ENG-00807,2024-07-01,No material driver detected,
ENG-00807,2024-08-01,No material driver detected,
ENG-00807,2024-09-01,No material driver detected,
ENG-00808,2026-05-01,No material driver detected,
ENG-00808,2026-06-01,No material driver detected,
ENG-00808,2026-07-01,No material driver detected,
ENG-00808,2026-08-01,No material driver detected,
ENG-00809,2025-10-01,Performance | Role profile | Contract stage,Performance (+0.50) | Role profile (+0.35) | Contract stage (+0.29)
ENG-00809,2025-11-01,Client feedback | Sentiment | Performance,Client feedback (+1.52) | Sentiment (+1.31) | Performance (+0.65)
ENG-00809,2025-12-01,Performance | Sentiment | Client feedback,Performance (+1.79) | Sentiment (+1.25) | Client feedback (+0.78)
ENG-00809,2026-01-01,Client feedback | Performance | Sentiment,Client feedback (+4.41) | Performance (+4.08) | Sentiment (+2.11)
ENG-00810,2026-07-01,No material driver detected,
ENG-00810,2026-08-01,Sentiment | Performance | Client feedback,Sentiment (+2.05) | Performance (+1.65) | Client feedback (+1.42)
ENG-00811,2026-02-01,Performance | Client feedback | Sentiment,Performance (+1.18) | Client feedback (+0.70) | Sentiment (+0.67)
ENG-00811,2026-03-01,No material driver detected,
ENG-00811,2026-04-01,Performance | Contract stage | Utilisation,Performance (+1.73) | Contract stage (+0.38) | Utilisation (+0.24)
ENG-00811,2026-05-01,No material driver detected,
ENG-00811,2026-06-01,Sentiment | Performance | Milestone delivery,Sentiment (+1.11) | Performance (+0.83) | Milestone delivery (+0.23)
ENG-00811,2026-07-01,Client feedback | Performance | Sentiment,Client feedback (+1.93) | Performance (+1.69) | Sentiment (+0.96)
ENG-00811,2026-08-01,Client feedback | Sentiment | Performance,Client feedback (+1.30) | Sentiment (+0.68) | Performance (+0.15)
ENG-00812,2024-06-01,No material driver detected,
ENG-00812,2024-07-01,Client feedback | Sentiment | Utilisation,Client feedback (+1.40) | Sentiment (+0.36) | Utilisation (+0.36)
ENG-00812,2024-08-01,No material driver detected,
ENG-00812,2024-09-01,No material driver detected,
ENG-00812,2024-10-01,No material driver detected,
ENG-00812,2024-11-01,No material driver detected,
ENG-00812,2024-12-01,No material driver detected,
ENG-00812,2025-01-01,No material driver detected,
ENG-00812,2025-02-01,No material driver detected,
ENG-00812,2025-03-01,No material driver detected,
ENG-00812,2025-04-01,No material driver detected,
ENG-00812,2025-05-01,No material driver detected,
ENG-00813,2025-01-01,Performance | Contract stage | Role profile,Performance (+0.59) | Contract stage (+0.41) | Role profile (+0.35)
ENG-00813,2025-02-01,Sentiment | Milestone delivery | Client feedback,Sentiment (+0.66) | Milestone delivery (+0.57) | Client feedback (+0.53)
ENG-00813,2025-03-01,Performance | Client feedback | Role profile,Performance (+1.24) | Client feedback (+0.91) | Role profile (+0.35)
ENG-00813,2025-04-01,No material driver detected,
ENG-00813,2025-05-01,Performance | Client feedback | Role profile,Performance (+1.05) | Client feedback (+0.54) | Role profile (+0.35)
ENG-00813,2025-06-01,No material driver detected,
ENG-00813,2025-07-01,Performance | Role profile | Milestone delivery,Performance (+0.99) | Role profile (+0.35) | Milestone delivery (+0.18)
ENG-00813,2025-08-01,Sentiment | Client feedback | Role profile,Sentiment (+0.79) | Client feedback (+0.73) | Role profile (+0.35)
ENG-00813,2025-09-01,Performance | Role profile,Performance (+2.05) | Role profile (+0.35)
ENG-00814,2024-08-01,No material driver detected,
ENG-00814,2024-09-01,Performance | Sentiment | Client feedback,Performance (+1.08) | Sentiment (+0.92) | Client feedback (+0.85)
ENG-00814,2024-10-01,No material driver detected,
ENG-00814,2024-11-01,No material driver detected,
ENG-00814,2024-12-01,No material driver detected,
ENG-00814,2025-01-01,No material driver detected,
ENG-00814,2025-02-01,Performance | Sentiment | Milestone delivery,Performance (+1.62) | Sentiment (+0.82) | Milestone delivery (+0.55)
ENG-00814,2025-03-01,No material driver detected,
ENG-00814,2025-04-01,No material driver detected,
ENG-00814,2025-05-01,Client feedback | Performance | Milestone delivery,Client feedback (+1.60) | Performance (+1.45) | Milestone delivery (+0.45)
ENG-00814,2025-06-01,No material driver detected,
ENG-00814,2025-07-01,No material driver detected,
ENG-00814,2025-08-01,No material driver detected,
ENG-00815,2025-07-01,No material driver detected,
ENG-00815,2025-08-01,No material driver detected,
ENG-00815,2025-09-01,No material driver detected,
ENG-00815,2025-10-01,No material driver detected,
ENG-00815,2025-11-01,No material driver detected,
ENG-00815,2025-12-01,No material driver detected,
ENG-00815,2026-01-01,No material driver detected,
ENG-00815,2026-02-01,No material driver detected,
ENG-00815,2026-03-01,No material driver detected,
ENG-00815,2026-04-01,No material driver detected,
ENG-00815,2026-05-01,No material driver detected,
ENG-00815,2026-06-01,No material driver detected,
ENG-00816,2024-06-01,No material driver detected,
ENG-00816,2024-07-01,Sentiment | Client feedback | Performance,Sentiment (+1.75) | Client feedback (+1.43) | Performance (+0.38)
ENG-00816,2024-08-01,Client feedback | Sentiment | Performance,Client feedback (+2.22) | Sentiment (+1.05) | Performance (+0.94)
ENG-00816,2024-09-01,Performance | Client feedback | Sentiment,Performance (+3.47) | Client feedback (+3.38) | Sentiment (+2.61)
ENG-00816,2024-10-01,Client feedback | Performance | Sentiment,Client feedback (+4.73) | Performance (+3.09) | Sentiment (+2.77)
ENG-00817,2026-05-01,No material driver detected,
ENG-00817,2026-06-01,No material driver detected,
ENG-00817,2026-07-01,No material driver detected,
ENG-00817,2026-08-01,Milestone delivery | Performance | Sentiment,Milestone delivery (+0.84) | Performance (+0.49) | Sentiment (+0.31)
ENG-00818,2025-06-01,No material driver detected,
ENG-00818,2025-07-01,No material driver detected,
ENG-00818,2025-08-01,No material driver detected,
ENG-00818,2025-09-01,No material driver detected,
ENG-00818,2025-10-01,No material driver detected,
ENG-00818,2025-11-01,No material driver detected,
ENG-00818,2025-12-01,No material driver detected,
ENG-00818,2026-01-01,No material driver detected,
ENG-00818,2026-02-01,No material driver detected,
ENG-00818,2026-03-01,No material driver detected,
ENG-00819,2024-11-01,No material driver detected,
ENG-00819,2024-12-01,Client feedback | Performance,Client feedback (+2.09) | Performance (+1.49)
ENG-00819,2025-01-01,No material driver detected,
ENG-00819,2025-02-01,No material driver detected,
ENG-00819,2025-03-01,No material driver detected,
ENG-00819,2025-04-01,No material driver detected,
ENG-00819,2025-05-01,No material driver detected,
ENG-00819,2025-06-01,No material driver detected,
ENG-00819,2025-07-01,No material driver detected,
ENG-00819,2025-08-01,No material driver detected,
ENG-00819,2025-09-01,No material driver detected,
ENG-00819,2025-10-01,No material driver detected,
ENG-00819,2025-11-01,No material driver detected,
ENG-00820,2025-03-01,No material driver detected,
ENG-00820,2025-04-01,Performance | Contract stage | Role profile,Performance (+1.76) | Contract stage (+0.46) | Role profile (+0.35)
ENG-00820,2025-05-01,No material driver detected,
ENG-00820,2025-06-01,No material driver detected,
ENG-00820,2025-07-01,No material driver detected,
ENG-00820,2025-08-01,No material driver detected,
ENG-00820,2025-09-01,No material driver detected,
ENG-00821,2024-05-01,No material driver detected,
ENG-00821,2024-06-01,No material driver detected,
ENG-00821,2024-07-01,No material driver detected,
ENG-00821,2024-08-01,No material driver detected,
ENG-00821,2024-09-01,No material driver detected,
ENG-00821,2024-10-01,No material driver detected,
ENG-00821,2024-11-01,No material driver detected,
ENG-00821,2024-12-01,No material driver detected,
ENG-00821,2025-01-01,No material driver detected,
ENG-00822,2024-04-01,No material driver detected,
ENG-00822,2024-05-01,No material driver detected,
ENG-00822,2024-06-01,No material driver detected,
ENG-00822,2024-07-01,No material driver detected,
ENG-00822,2024-08-01,No material driver detected,
ENG-00822,2024-09-01,Performance | Sentiment | Role profile,Performance (+1.71) | Sentiment (+0.98) | Role profile (+0.35)
ENG-00822,2024-10-01,Client feedback | Milestone delivery | Sentiment,Client feedback (+2.12) | Milestone delivery (+0.95) | Sentiment (+0.72)
ENG-00822,2024-11-01,No material driver detected,
ENG-00822,2024-12-01,Client feedback | Performance | Sentiment,Client feedback (+2.64) | Performance (+2.20) | Sentiment (+2.15)
ENG-00823,2025-03-01,No material driver detected,
ENG-00823,2025-04-01,No material driver detected,
ENG-00823,2025-05-01,No material driver detected,
ENG-00823,2025-06-01,No material driver detected,
ENG-00823,2025-07-01,No material driver detected,
ENG-00823,2025-08-01,No material driver detected,
ENG-00823,2025-09-01,Performance | Sentiment | Client feedback,Performance (+1.57) | Sentiment (+0.47) | Client feedback (+0.16)
ENG-00823,2025-10-01,No material driver detected,
ENG-00823,2025-11-01,No material driver detected,
ENG-00824,2025-09-01,No material driver detected,
ENG-00824,2025-10-01,No material driver detected,
ENG-00824,2025-11-01,Sentiment | Milestone delivery | Client feedback,Sentiment (+0.90) | Milestone delivery (+0.53) | Client feedback (+0.37)
ENG-00824,2025-12-01,No material driver detected,
ENG-00824,2026-01-01,No material driver detected,
ENG-00824,2026-02-01,No material driver detected,
ENG-00824,2026-03-01,No material driver detected,
ENG-00824,2026-04-01,No material driver detected,
ENG-00824,2026-05-01,No material driver detected,
ENG-00824,2026-06-01,No material driver detected,
ENG-00824,2026-07-01,Performance | Client feedback | Milestone delivery,Performance (+1.19) | Client feedback (+0.84) | Milestone delivery (+0.40)
ENG-00824,2026-08-01,No material driver detected,
ENG-00825,2024-12-01,No material driver detected,
ENG-00825,2025-01-01,No material driver detected,
ENG-00825,2025-02-01,No material driver detected,
ENG-00825,2025-03-01,No material driver detected,
ENG-00825,2025-04-01,No material driver detected,
ENG-00825,2025-05-01,No material driver detected,
ENG-00825,2025-06-01,No material driver detected,
ENG-00825,2025-07-01,No material driver detected,
ENG-00825,2025-08-01,No material driver detected,
ENG-00825,2025-09-01,No material driver detected,
ENG-00825,2025-10-01,No material driver detected,
ENG-00826,2026-07-01,No material driver detected,
ENG-00826,2026-08-01,No material driver detected,
ENG-00827,2025-10-01,No material driver detected,
ENG-00827,2025-11-01,No material driver detected,
ENG-00827,2025-12-01,No material driver detected,
ENG-00827,2026-01-01,No material driver detected,
ENG-00827,2026-02-01,No material driver detected,
ENG-00827,2026-03-01,No material driver detected,
ENG-00827,2026-04-01,No material driver detected,
ENG-00827,2026-05-01,Sentiment | Client feedback | Role profile,Sentiment (+0.89) | Client feedback (+0.56) | Role profile (+0.25)
ENG-00827,2026-06-01,Sentiment | Client feedback | Performance,Sentiment (+1.48) | Client feedback (+1.10) | Performance (+0.85)
ENG-00827,2026-07-01,Client feedback | Performance | Sentiment,Client feedback (+3.02) | Performance (+2.33) | Sentiment (+0.81)
ENG-00828,2025-05-01,No material driver detected,
ENG-00828,2025-06-01,No material driver detected,
ENG-00828,2025-07-01,Performance | Milestone delivery | Client feedback,Performance (+1.25) | Milestone delivery (+0.55) | Client feedback (+0.41)
ENG-00828,2025-08-01,No material driver detected,
ENG-00828,2025-09-01,No material driver detected,
ENG-00828,2025-10-01,No material driver detected,
ENG-00828,2025-11-01,Performance | Client feedback | Sentiment,Performance (+0.93) | Client feedback (+0.75) | Sentiment (+0.47)
ENG-00828,2025-12-01,No material driver detected,
ENG-00828,2026-01-01,Performance | Milestone delivery | Utilisation,Performance (+0.93) | Milestone delivery (+0.60) | Utilisation (+0.44)
ENG-00828,2026-02-01,No material driver detected,
ENG-00829,2024-06-01,No material driver detected,
ENG-00829,2024-07-01,No material driver detected,
ENG-00829,2024-08-01,No material driver detected,
ENG-00829,2024-09-01,Client feedback | Sentiment | Performance,Client feedback (+0.80) | Sentiment (+0.73) | Performance (+0.45)
ENG-00829,2024-10-01,No material driver detected,
ENG-00829,2024-11-01,No material driver detected,
ENG-00829,2024-12-01,No material driver detected,
ENG-00830,2025-01-01,No material driver detected,
ENG-00830,2025-02-01,Client feedback | Performance | Contract stage,Client feedback (+0.84) | Performance (+0.50) | Contract stage (+0.33)
ENG-00830,2025-03-01,Client feedback | Milestone delivery | Contract stage,Client feedback (+0.43) | Milestone delivery (+0.43) | Contract stage (+0.25)
ENG-00830,2025-04-01,Performance | Sentiment | Utilisation,Performance (+1.27) | Sentiment (+0.52) | Utilisation (+0.36)
ENG-00830,2025-05-01,Client feedback | Sentiment | Performance,Client feedback (+3.42) | Sentiment (+1.41) | Performance (+1.27)
ENG-00831,2025-07-01,No material driver detected,
ENG-00831,2025-08-01,No material driver detected,
ENG-00831,2025-09-01,No material driver detected,
ENG-00831,2025-10-01,No material driver detected,
ENG-00831,2025-11-01,No material driver detected,
ENG-00831,2025-12-01,No material driver detected,
ENG-00831,2026-01-01,No material driver detected,
ENG-00831,2026-02-01,No material driver detected,
ENG-00831,2026-03-01,No material driver detected,
ENG-00831,2026-04-01,No material driver detected,
ENG-00832,2026-06-01,No material driver detected,
ENG-00832,2026-07-01,No material driver detected,
ENG-00832,2026-08-01,No material driver detected,
ENG-00833,2025-10-01,No material driver detected,
ENG-00833,2025-11-01,No material driver detected,
ENG-00833,2025-12-01,No material driver detected,
ENG-00833,2026-01-01,No material driver detected,
ENG-00833,2026-02-01,No material driver detected,
ENG-00833,2026-03-01,No material driver detected,
ENG-00833,2026-04-01,No material driver detected,
ENG-00833,2026-05-01,No material driver detected,
ENG-00834,2026-01-01,No material driver detected,
ENG-00834,2026-02-01,No material driver detected,
ENG-00834,2026-03-01,Client feedback | Milestone delivery | Contract stage,Client feedback (+3.47) | Milestone delivery (+0.37) | Contract stage (+0.25)
ENG-00834,2026-04-01,No material driver detected,
ENG-00834,2026-05-01,Performance,Performance (+2.48)
ENG-00834,2026-06-01,No material driver detected,
ENG-00834,2026-07-01,Performance | Client feedback | Utilisation,Performance (+0.97) | Client feedback (+0.95) | Utilisation (+0.20)
ENG-00834,2026-08-01,No material driver detected,
ENG-00835,2026-06-01,No material driver detected,
ENG-00835,2026-07-01,No material driver detected,
ENG-00835,2026-08-01,Client feedback | Performance | Role profile,Client feedback (+1.39) | Performance (+1.05) | Role profile (+0.35)
ENG-00835,2026-09-01,Performance | Client feedback | Milestone delivery,Performance (+1.46) | Client feedback (+1.35) | Milestone delivery (+0.67)
ENG-00835,2026-10-01,Sentiment | Role profile | Client feedback,Sentiment (+0.93) | Role profile (+0.35) | Client feedback (+0.34)
ENG-00835,2026-11-01,Client feedback | Sentiment | Role profile,Client feedback (+2.53) | Sentiment (+1.73) | Role profile (+0.35)
ENG-00836,2025-07-01,No material driver detected,
ENG-00836,2025-08-01,No material driver detected,
ENG-00836,2025-09-01,Sentiment | Role profile | Client feedback,Sentiment (+0.71) | Role profile (+0.35) | Client feedback (+0.18)
ENG-00836,2025-10-01,Client feedback | Milestone delivery | Role profile,Client feedback (+0.97) | Milestone delivery (+0.54) | Role profile (+0.35)
ENG-00836,2025-11-01,No material driver detected,
ENG-00836,2025-12-01,No material driver detected,
ENG-00836,2026-01-01,No material driver detected,
ENG-00836,2026-02-01,No material driver detected,
ENG-00836,2026-03-01,No material driver detected,
ENG-00836,2026-04-01,No material driver detected,
ENG-00836,2026-05-01,No material driver detected,
ENG-00837,2024-09-01,Sentiment | Client feedback | Contract stage,Sentiment (+0.89) | Client feedback (+0.73) | Contract stage (+0.54)
ENG-00837,2024-10-01,Sentiment | Client feedback | Contract stage,Sentiment (+1.60) | Client feedback (+0.62) | Contract stage (+0.46)
ENG-00837,2024-11-01,Performance | Client feedback | Contract stage,Performance (+2.52) | Client feedback (+0.45) | Contract stage (+0.38)
ENG-00837,2024-12-01,Client feedback | Sentiment | Contract stage,Client feedback (+2.39) | Sentiment (+1.39) | Contract stage (+0.30)
ENG-00837,2025-01-01,Performance | Sentiment | Role profile,Performance (+1.62) | Sentiment (+0.41) | Role profile (+0.26)
ENG-00837,2025-02-01,Sentiment | Client feedback | Milestone delivery,Sentiment (+1.23) | Client feedback (+1.09) | Milestone delivery (+0.79)
ENG-00837,2025-03-01,Performance | Sentiment | Client feedback,Performance (+1.22) | Sentiment (+1.04) | Client feedback (+0.93)
ENG-00838,2026-05-01,No material driver detected,
ENG-00838,2026-06-01,No material driver detected,
ENG-00838,2026-07-01,No material driver detected,
ENG-00838,2026-08-01,Sentiment | Milestone delivery | Client feedback,Sentiment (+0.87) | Milestone delivery (+0.34) | Client feedback (+0.33)
ENG-00839,2026-07-01,Performance | Sentiment | Client feedback,Performance (+1.60) | Sentiment (+1.23) | Client feedback (+1.11)
ENG-00839,2026-08-01,Sentiment | Client feedback | Performance,Sentiment (+2.22) | Client feedback (+1.89) | Performance (+1.33)
ENG-00840,2026-03-01,No material driver detected,
ENG-00840,2026-04-01,Performance | Client feedback | Contract stage,Performance (+1.32) | Client feedback (+1.05) | Contract stage (+0.46)
ENG-00840,2026-05-01,No material driver detected,
ENG-00840,2026-06-01,Client feedback | Performance | Contract stage,Client feedback (+0.49) | Performance (+0.48) | Contract stage (+0.30)
ENG-00840,2026-07-01,Client feedback | Performance | Contract stage,Client feedback (+1.71) | Performance (+0.77) | Contract stage (+0.22)
ENG-00840,2026-08-01,No material driver detected,
ENG-00841,2024-06-01,No material driver detected,
ENG-00841,2024-07-01,No material driver detected,
ENG-00841,2024-08-01,No material driver detected,
ENG-00841,2024-09-01,No material driver detected,
ENG-00841,2024-10-01,No material driver detected,
ENG-00841,2024-11-01,No material driver detected,
ENG-00841,2024-12-01,No material driver detected,
ENG-00841,2025-01-01,No material driver detected,
ENG-00841,2025-02-01,No material driver detected,
ENG-00842,2024-01-01,No material driver detected,
ENG-00842,2024-02-01,Sentiment | Milestone delivery | Role profile,Sentiment (+0.83) | Milestone delivery (+0.36) | Role profile (+0.35)
ENG-00842,2024-03-01,Performance | Client feedback | Role profile,Performance (+1.37) | Client feedback (+0.45) | Role profile (+0.35)
ENG-00842,2024-04-01,Client feedback | Role profile | Utilisation,Client feedback (+0.69) | Role profile (+0.35) | Utilisation (+0.35)
ENG-00842,2024-05-01,Performance | Role profile | Milestone delivery,Performance (+1.17) | Role profile (+0.35) | Milestone delivery (+0.28)
ENG-00842,2024-06-01,No material driver detected,
ENG-00842,2024-07-01,Performance | Role profile | Client feedback,Performance (+0.63) | Role profile (+0.35) | Client feedback (+0.35)
ENG-00842,2024-08-01,No material driver detected,
ENG-00842,2024-09-01,Performance | Role profile | Client feedback,Performance (+0.85) | Role profile (+0.35) | Client feedback (+0.32)
ENG-00842,2024-10-01,Client feedback | Performance | Role profile,Client feedback (+1.35) | Performance (+1.03) | Role profile (+0.35)
ENG-00842,2024-11-01,No material driver detected,
ENG-00843,2025-12-01,Performance | Contract stage | Client feedback,Performance (+0.64) | Contract stage (+0.54) | Client feedback (+0.29)
ENG-00843,2026-01-01,Client feedback | Sentiment | Performance,Client feedback (+1.18) | Sentiment (+0.84) | Performance (+0.51)
ENG-00843,2026-02-01,No material driver detected,
ENG-00843,2026-03-01,Client feedback | Sentiment | Contract stage,Client feedback (+2.64) | Sentiment (+1.66) | Contract stage (+0.30)
ENG-00843,2026-04-01,No material driver detected,
ENG-00843,2026-05-01,No material driver detected,
ENG-00843,2026-06-01,No material driver detected,
ENG-00844,2025-08-01,Sentiment | Performance | Role profile,Sentiment (+0.62) | Performance (+0.34) | Role profile (+0.26)
ENG-00844,2025-09-01,Client feedback | Performance | Milestone delivery,Client feedback (+1.07) | Performance (+0.69) | Milestone delivery (+0.34)
ENG-00844,2025-10-01,No material driver detected,
ENG-00844,2025-11-01,Sentiment | Client feedback | Role profile,Sentiment (+1.78) | Client feedback (+0.98) | Role profile (+0.26)
ENG-00844,2025-12-01,No material driver detected,
ENG-00844,2026-01-01,No material driver detected,
ENG-00844,2026-02-01,Client feedback | Performance | Role profile,Client feedback (+0.74) | Performance (+0.60) | Role profile (+0.26)
ENG-00844,2026-03-01,No material driver detected,
ENG-00844,2026-04-01,No material driver detected,
ENG-00844,2026-05-01,No material driver detected,
ENG-00844,2026-06-01,No material driver detected,
ENG-00844,2026-07-01,Performance | Sentiment | Role profile,Performance (+1.32) | Sentiment (+0.33) | Role profile (+0.26)
ENG-00844,2026-08-01,No material driver detected,
ENG-00845,2024-12-01,No material driver detected,
ENG-00845,2025-01-01,Client feedback | Performance | Utilisation,Client feedback (+2.56) | Performance (+0.91) | Utilisation (+0.15)
ENG-00845,2025-02-01,No material driver detected,
ENG-00845,2025-03-01,No material driver detected,
ENG-00845,2025-04-01,No material driver detected,
ENG-00845,2025-05-01,No material driver detected,
ENG-00845,2025-06-01,No material driver detected,
ENG-00845,2025-07-01,No material driver detected,
ENG-00845,2025-08-01,No material driver detected,
ENG-00845,2025-09-01,No material driver detected,
ENG-00845,2025-10-01,No material driver detected,
ENG-00845,2025-11-01,No material driver detected,
ENG-00846,2024-10-01,No material driver detected,
ENG-00846,2024-11-01,Client feedback | Contract stage | Sentiment,Client feedback (+0.93) | Contract stage (+0.46) | Sentiment (+0.36)
ENG-00846,2024-12-01,No material driver detected,
ENG-00846,2025-01-01,No material driver detected,
ENG-00846,2025-02-01,No material driver detected,
ENG-00846,2025-03-01,No material driver detected,
ENG-00846,2025-04-01,No material driver detected,
ENG-00847,2026-03-01,No material driver detected,
ENG-00847,2026-04-01,No material driver detected,
ENG-00847,2026-05-01,No material driver detected,
ENG-00847,2026-06-01,No material driver detected,
ENG-00847,2026-07-01,No material driver detected,
ENG-00847,2026-08-01,No material driver detected,
ENG-00848,2025-11-01,No material driver detected,
ENG-00848,2025-12-01,No material driver detected,
ENG-00848,2026-01-01,No material driver detected,
ENG-00848,2026-02-01,No material driver detected,
ENG-00848,2026-03-01,No material driver detected,
ENG-00848,2026-04-01,No material driver detected,
ENG-00848,2026-05-01,No material driver detected,
ENG-00848,2026-06-01,No material driver detected,
ENG-00848,2026-07-01,No material driver detected,
ENG-00848,2026-08-01,No material driver detected,
ENG-00849,2025-01-01,Performance | Client feedback | Contract stage,Performance (+1.31) | Client feedback (+0.52) | Contract stage (+0.47)
ENG-00849,2025-02-01,Client feedback | Performance | Sentiment,Client feedback (+2.95) | Performance (+1.85) | Sentiment (+1.30)
ENG-00849,2025-03-01,Client feedback | Performance | Sentiment,Client feedback (+2.97) | Performance (+2.41) | Sentiment (+2.17)
ENG-00849,2025-04-01,Client feedback | Sentiment | Performance,Client feedback (+3.70) | Sentiment (+2.31) | Performance (+2.30)
ENG-00850,2026-01-01,No material driver detected,
ENG-00850,2026-02-01,No material driver detected,
ENG-00850,2026-03-01,No material driver detected,
ENG-00850,2026-04-01,No material driver detected,
ENG-00850,2026-05-01,No material driver detected,
ENG-00850,2026-06-01,No material driver detected,
ENG-00850,2026-07-01,No material driver detected,
ENG-00850,2026-08-01,No material driver detected,
ENG-00851,2024-03-01,No material driver detected,
ENG-00851,2024-04-01,Sentiment | Client feedback | Performance,Sentiment (+2.77) | Client feedback (+2.16) | Performance (+1.66)
ENG-00851,2024-05-01,Performance | Sentiment | Role profile,Performance (+1.63) | Sentiment (+0.76) | Role profile (+0.35)
ENG-00851,2024-06-01,Client feedback | Performance | Sentiment,Client feedback (+3.02) | Performance (+2.06) | Sentiment (+1.32)
ENG-00851,2024-07-01,Sentiment | Client feedback | Performance,Sentiment (+3.04) | Client feedback (+2.84) | Performance (+2.05)
ENG-00852,2025-08-01,No material driver detected,
ENG-00852,2025-09-01,No material driver detected,
ENG-00852,2025-10-01,No material driver detected,
ENG-00852,2025-11-01,No material driver detected,
ENG-00852,2025-12-01,No material driver detected,
ENG-00852,2026-01-01,No material driver detected,
ENG-00852,2026-02-01,No material driver detected,
ENG-00852,2026-03-01,No material driver detected,
ENG-00852,2026-04-01,No material driver detected,
ENG-00852,2026-05-01,No material driver detected,
ENG-00853,2025-10-01,No material driver detected,
ENG-00853,2025-11-01,No material driver detected,
ENG-00853,2025-12-01,Sentiment | Client feedback | Utilisation,Sentiment (+1.70) | Client feedback (+0.46) | Utilisation (+0.21)
ENG-00853,2026-01-01,Client feedback | Performance | Milestone delivery,Client feedback (+1.55) | Performance (+1.10) | Milestone delivery (+0.57)
ENG-00853,2026-02-01,Sentiment | Performance | Client feedback,Sentiment (+2.30) | Performance (+1.75) | Client feedback (+1.13)
ENG-00853,2026-03-01,Client feedback | Sentiment | Performance,Client feedback (+2.64) | Sentiment (+1.77) | Performance (+1.16)
ENG-00854,2024-09-01,No material driver detected,
ENG-00854,2024-10-01,No material driver detected,
ENG-00854,2024-11-01,No material driver detected,
ENG-00854,2024-12-01,Client feedback | Performance | Sentiment,Client feedback (+0.64) | Performance (+0.61) | Sentiment (+0.29)
ENG-00854,2025-01-01,No material driver detected,
ENG-00854,2025-02-01,No material driver detected,
ENG-00854,2025-03-01,No material driver detected,
ENG-00854,2025-04-01,No material driver detected,
ENG-00854,2025-05-01,Client feedback | Performance | Milestone delivery,Client feedback (+1.28) | Performance (+0.79) | Milestone delivery (+0.49)
ENG-00854,2025-06-01,No material driver detected,
ENG-00855,2026-07-01,No material driver detected,
ENG-00855,2026-08-01,No material driver detected,
ENG-00855,2026-09-01,No material driver detected,
ENG-00855,2026-10-01,No material driver detected,
ENG-00855,2026-11-01,No material driver detected,
ENG-00855,2026-12-01,No material driver detected,
ENG-00855,2027-01-01,No material driver detected,
ENG-00855,2027-02-01,No material driver detected,
ENG-00855,2027-03-01,No material driver detected,
ENG-00855,2027-04-01,Client feedback | Performance | Sentiment,Client feedback (+1.92) | Performance (+1.68) | Sentiment (+1.31)
ENG-00856,2025-06-01,No material driver detected,
ENG-00856,2025-07-01,No material driver detected,
ENG-00856,2025-08-01,Performance | Milestone delivery | Client feedback,Performance (+1.48) | Milestone delivery (+0.66) | Client feedback (+0.61)
ENG-00856,2025-09-01,Sentiment | Performance | Client feedback,Sentiment (+1.34) | Performance (+1.00) | Client feedback (+0.53)
ENG-00856,2025-10-01,Performance | Client feedback | Sentiment,Performance (+2.35) | Client feedback (+1.13) | Sentiment (+1.00)
ENG-00856,2025-11-01,Sentiment | Client feedback | Performance,Sentiment (+2.27) | Client feedback (+2.23) | Performance (+0.58)
ENG-00857,2025-12-01,No material driver detected,
ENG-00857,2026-01-01,Client feedback | Performance | Role profile,Client feedback (+1.64) | Performance (+1.38) | Role profile (+0.35)
ENG-00857,2026-02-01,No material driver detected,
ENG-00857,2026-03-01,Performance | Client feedback | Role profile,Performance (+1.05) | Client feedback (+0.96) | Role profile (+0.35)
ENG-00857,2026-04-01,No material driver detected,
ENG-00857,2026-05-01,No material driver detected,
ENG-00857,2026-06-01,No material driver detected,
ENG-00857,2026-07-01,Client feedback | Sentiment | Role profile,Client feedback (+0.89) | Sentiment (+0.45) | Role profile (+0.35)
ENG-00857,2026-08-01,No material driver detected,
ENG-00858,2025-10-01,No material driver detected,
ENG-00858,2025-11-01,Performance | Milestone delivery | Sentiment,Performance (+0.91) | Milestone delivery (+0.83) | Sentiment (+0.32)
ENG-00858,2025-12-01,Performance | Sentiment | Role profile,Performance (+0.90) | Sentiment (+0.87) | Role profile (+0.25)
ENG-00858,2026-01-01,No material driver detected,
ENG-00858,2026-02-01,Sentiment | Performance | Client feedback,Sentiment (+0.98) | Performance (+0.88) | Client feedback (+0.53)
ENG-00858,2026-03-01,No material driver detected,
ENG-00858,2026-04-01,No material driver detected,
ENG-00858,2026-05-01,No material driver detected,
ENG-00858,2026-06-01,No material driver detected,
ENG-00858,2026-07-01,No material driver detected,
ENG-00858,2026-08-01,No material driver detected,
ENG-00859,2024-08-01,Performance | Client feedback | Contract stage,Performance (+1.03) | Client feedback (+0.55) | Contract stage (+0.41)
ENG-00859,2024-09-01,No material driver detected,
ENG-00859,2024-10-01,Sentiment | Client feedback | Performance,Sentiment (+1.34) | Client feedback (+0.73) | Performance (+0.39)
ENG-00859,2024-11-01,Client feedback | Performance | Sentiment,Client feedback (+2.71) | Performance (+2.54) | Sentiment (+0.85)
ENG-00859,2024-12-01,Sentiment | Client feedback | Performance,Sentiment (+3.64) | Client feedback (+1.97) | Performance (+1.76)
ENG-00859,2025-01-01,Client feedback | Performance | Sentiment,Client feedback (+3.73) | Performance (+2.68) | Sentiment (+1.69)
ENG-00859,2025-02-01,Client feedback | Performance | Sentiment,Client feedback (+3.71) | Performance (+3.01) | Sentiment (+1.83)
ENG-00860,2026-08-01,No material driver detected,
ENG-00860,2026-09-01,Performance | Milestone delivery | Role profile,Performance (+2.37) | Milestone delivery (+0.29) | Role profile (+0.26)
ENG-00860,2026-10-01,Client feedback | Performance | Sentiment,Client feedback (+3.11) | Performance (+1.65) | Sentiment (+0.88)
ENG-00860,2026-11-01,No material driver detected,
ENG-00860,2026-12-01,Performance | Sentiment | Role profile,Performance (+2.05) | Sentiment (+1.48) | Role profile (+0.26)
ENG-00860,2027-01-01,Client feedback | Performance | Sentiment,Client feedback (+4.62) | Performance (+1.73) | Sentiment (+0.85)
ENG-00860,2027-02-01,Performance | Client feedback | Sentiment,Performance (+3.33) | Client feedback (+1.10) | Sentiment (+1.03)
ENG-00860,2027-03-01,Client feedback | Sentiment | Performance,Client feedback (+4.36) | Sentiment (+3.04) | Performance (+3.00)
ENG-00861,2025-10-01,No material driver detected,
ENG-00861,2025-11-01,Performance | Client feedback | Contract stage,Performance (+1.44) | Client feedback (+1.33) | Contract stage (+0.46)
ENG-00861,2025-12-01,Sentiment | Client feedback | Performance,Sentiment (+1.89) | Client feedback (+1.66) | Performance (+1.15)
ENG-00861,2026-01-01,Client feedback | Performance | Sentiment,Client feedback (+3.01) | Performance (+2.84) | Sentiment (+0.94)
ENG-00862,2026-05-01,No material driver detected,
ENG-00862,2026-06-01,No material driver detected,
ENG-00862,2026-07-01,Performance | Client feedback | Sentiment,Performance (+1.50) | Client feedback (+0.82) | Sentiment (+0.43)
ENG-00862,2026-08-01,No material driver detected,
ENG-00862,2026-09-01,No material driver detected,
ENG-00862,2026-10-01,No material driver detected,
ENG-00862,2026-11-01,Client feedback | Performance | Utilisation,Client feedback (+2.55) | Performance (+1.64) | Utilisation (+0.38)
ENG-00862,2026-12-01,Sentiment | Client feedback | Performance,Sentiment (+1.41) | Client feedback (+1.05) | Performance (+0.83)
ENG-00862,2027-01-01,Performance | Client feedback | Sentiment,Performance (+2.94) | Client feedback (+2.46) | Sentiment (+1.83)
ENG-00863,2025-09-01,No material driver detected,
ENG-00863,2025-10-01,No material driver detected,
ENG-00863,2025-11-01,No material driver detected,
ENG-00863,2025-12-01,No material driver detected,
ENG-00863,2026-01-01,No material driver detected,
ENG-00863,2026-02-01,No material driver detected,
ENG-00863,2026-03-01,No material driver detected,
ENG-00863,2026-04-01,No material driver detected,
ENG-00863,2026-05-01,No material driver detected,
ENG-00863,2026-06-01,No material driver detected,
ENG-00863,2026-07-01,No material driver detected,
ENG-00863,2026-08-01,No material driver detected,
ENG-00864,2025-05-01,No material driver detected,
ENG-00864,2025-06-01,Sentiment | Performance | Milestone delivery,Sentiment (+1.19) | Performance (+0.79) | Milestone delivery (+0.60)
ENG-00864,2025-07-01,No material driver detected,
ENG-00864,2025-08-01,No material driver detected,
ENG-00864,2025-09-01,Client feedback | Performance | Role profile,Client feedback (+1.61) | Performance (+0.33) | Role profile (+0.26)
ENG-00864,2025-10-01,Performance | Sentiment | Utilisation,Performance (+0.75) | Sentiment (+0.46) | Utilisation (+0.38)
ENG-00864,2025-11-01,No material driver detected,
ENG-00864,2025-12-01,Client feedback | Performance | Role profile,Client feedback (+1.47) | Performance (+0.84) | Role profile (+0.26)
ENG-00865,2025-05-01,Sentiment | Performance | Contract stage,Sentiment (+0.98) | Performance (+0.83) | Contract stage (+0.54)
ENG-00865,2025-06-01,Client feedback | Sentiment | Performance,Client feedback (+2.23) | Sentiment (+0.86) | Performance (+0.69)
ENG-00865,2025-07-01,No material driver detected,
ENG-00865,2025-08-01,Client feedback | Performance | Sentiment,Client feedback (+2.67) | Performance (+1.65) | Sentiment (+0.42)
ENG-00865,2025-09-01,No material driver detected,
ENG-00865,2025-10-01,Performance | Client feedback | Sentiment,Performance (+1.13) | Client feedback (+0.78) | Sentiment (+0.53)
ENG-00865,2025-11-01,No material driver detected,
ENG-00866,2024-03-01,No material driver detected,
ENG-00866,2024-04-01,No material driver detected,
ENG-00866,2024-05-01,No material driver detected,
ENG-00866,2024-06-01,No material driver detected,
ENG-00866,2024-07-01,No material driver detected,
ENG-00866,2024-08-01,No material driver detected,
ENG-00866,2024-09-01,No material driver detected,
ENG-00867,2026-05-01,No material driver detected,
ENG-00867,2026-06-01,Performance | Sentiment | Contract stage,Performance (+1.78) | Sentiment (+0.97) | Contract stage (+0.27)
ENG-00867,2026-07-01,No material driver detected,
ENG-00867,2026-08-01,Sentiment | Client feedback | Performance,Sentiment (+2.16) | Client feedback (+1.74) | Performance (+1.03)
ENG-00867,2026-09-01,Client feedback | Performance | Sentiment,Client feedback (+2.16) | Performance (+2.11) | Sentiment (+1.49)
ENG-00868,2025-06-01,No material driver detected,
ENG-00868,2025-07-01,No material driver detected,
ENG-00868,2025-08-01,Performance | Client feedback | Role profile,Performance (+1.29) | Client feedback (+0.85) | Role profile (+0.25)
ENG-00868,2025-09-01,No material driver detected,
ENG-00868,2025-10-01,No material driver detected,
ENG-00868,2025-11-01,No material driver detected,
ENG-00868,2025-12-01,Sentiment | Client feedback | Role profile,Sentiment (+1.52) | Client feedback (+1.48) | Role profile (+0.25)
ENG-00868,2026-01-01,No material driver detected,
ENG-00868,2026-02-01,No material driver detected,
ENG-00868,2026-03-01,No material driver detected,
ENG-00868,2026-04-01,No material driver detected,
ENG-00869,2024-10-01,No material driver detected,
ENG-00869,2024-11-01,No material driver detected,
ENG-00869,2024-12-01,Client feedback | Performance,Client feedback (+2.15) | Performance (+1.09)
ENG-00869,2025-01-01,No material driver detected,
ENG-00869,2025-02-01,No material driver detected,
ENG-00869,2025-03-01,No material driver detected,
ENG-00869,2025-04-01,No material driver detected,
ENG-00869,2025-05-01,No material driver detected,
ENG-00869,2025-06-01,No material driver detected,
ENG-00869,2025-07-01,No material driver detected,
ENG-00869,2025-08-01,No material driver detected,
ENG-00869,2025-09-01,No material driver detected,
ENG-00870,2026-07-01,No material driver detected,
ENG-00870,2026-08-01,Client feedback | Sentiment | Role profile,Client feedback (+1.10) | Sentiment (+0.69) | Role profile (+0.26)
ENG-00871,2026-02-01,Client feedback | Performance | Sentiment,Client feedback (+0.97) | Performance (+0.71) | Sentiment (+0.28)
ENG-00871,2026-03-01,Performance | Client feedback | Milestone delivery,Performance (+0.97) | Client feedback (+0.82) | Milestone delivery (+0.29)
ENG-00871,2026-04-01,Client feedback | Sentiment | Utilisation,Client feedback (+2.60) | Sentiment (+0.87) | Utilisation (+0.32)
ENG-00871,2026-05-01,No material driver detected,
ENG-00871,2026-06-01,Sentiment | Client feedback | Milestone delivery,Sentiment (+1.47) | Client feedback (+1.24) | Milestone delivery (+0.42)
ENG-00871,2026-07-01,Client feedback | Performance | Sentiment,Client feedback (+1.83) | Performance (+1.41) | Sentiment (+0.64)
ENG-00871,2026-08-01,Performance | Sentiment,Performance (+1.60) | Sentiment (+0.45)
ENG-00872,2026-08-01,No material driver detected,
ENG-00873,2026-02-01,No material driver detected,
ENG-00873,2026-03-01,No material driver detected,
ENG-00873,2026-04-01,No material driver detected,
ENG-00873,2026-05-01,No material driver detected,
ENG-00873,2026-06-01,No material driver detected,
ENG-00873,2026-07-01,No material driver detected,
ENG-00873,2026-08-01,No material driver detected,
ENG-00874,2025-05-01,No material driver detected,
ENG-00874,2025-06-01,No material driver detected,
ENG-00874,2025-07-01,No material driver detected,
ENG-00874,2025-08-01,No material driver detected,
ENG-00874,2025-09-01,No material driver detected,
ENG-00874,2025-10-01,No material driver detected,
ENG-00874,2025-11-01,No material driver detected,
ENG-00874,2025-12-01,No material driver detected,
ENG-00874,2026-01-01,No material driver detected,
ENG-00874,2026-02-01,No material driver detected,
ENG-00874,2026-03-01,No material driver detected,
ENG-00874,2026-04-01,No material driver detected,
ENG-00874,2026-05-01,No material driver detected,
ENG-00875,2025-01-01,No material driver detected,
ENG-00875,2025-02-01,No material driver detected,
ENG-00875,2025-03-01,No material driver detected,
ENG-00875,2025-04-01,No material driver detected,
ENG-00875,2025-05-01,No material driver detected,
ENG-00875,2025-06-01,No material driver detected,
ENG-00875,2025-07-01,No material driver detected,
ENG-00875,2025-08-01,No material driver detected,
ENG-00875,2025-09-01,No material driver detected,
ENG-00875,2025-10-01,No material driver detected,
ENG-00875,2025-11-01,No material driver detected,
ENG-00876,2026-04-01,No material driver detected,
ENG-00876,2026-05-01,No material driver detected,
ENG-00876,2026-06-01,No material driver detected,
ENG-00876,2026-07-01,No material driver detected,
ENG-00876,2026-08-01,No material driver detected,
ENG-00877,2025-12-01,No material driver detected,
ENG-00877,2026-01-01,No material driver detected,
ENG-00877,2026-02-01,No material driver detected,
ENG-00877,2026-03-01,No material driver detected,
ENG-00877,2026-04-01,No material driver detected,
ENG-00877,2026-05-01,No material driver detected,
ENG-00877,2026-06-01,No material driver detected,
ENG-00877,2026-07-01,No material driver detected,
ENG-00877,2026-08-01,Client feedback | Milestone delivery | Sentiment,Client feedback (+0.88) | Milestone delivery (+0.85) | Sentiment (+0.38)
ENG-00877,2026-09-01,Performance | Client feedback | Role profile,Performance (+3.10) | Client feedback (+1.27) | Role profile (+0.35)
ENG-00878,2026-07-01,No material driver detected,
ENG-00878,2026-08-01,No material driver detected,
ENG-00879,2024-01-01,No material driver detected,
ENG-00879,2024-02-01,Client feedback | Performance | Contract stage,Client feedback (+2.55) | Performance (+1.02) | Contract stage (+0.33)
ENG-00879,2024-03-01,Sentiment | Client feedback | Performance,Sentiment (+1.85) | Client feedback (+1.40) | Performance (+1.32)
ENG-00879,2024-04-01,Client feedback | Performance | Sentiment,Client feedback (+4.06) | Performance (+2.65) | Sentiment (+2.58)
ENG-00880,2024-05-01,No material driver detected,
ENG-00880,2024-06-01,No material driver detected,
ENG-00880,2024-07-01,No material driver detected,
ENG-00880,2024-08-01,No material driver detected,
ENG-00880,2024-09-01,No material driver detected,
ENG-00880,2024-10-01,Client feedback | Milestone delivery | Sentiment,Client feedback (+1.57) | Milestone delivery (+0.36) | Sentiment (+0.31)
ENG-00880,2024-11-01,No material driver detected,
ENG-00880,2024-12-01,Performance | Role profile | Milestone delivery,Performance (+2.24) | Role profile (+0.26) | Milestone delivery (+0.24)
ENG-00880,2025-01-01,No material driver detected,
ENG-00880,2025-02-01,Performance | Sentiment | Client feedback,Performance (+0.82) | Sentiment (+0.42) | Client feedback (+0.31)
ENG-00881,2026-07-01,No material driver detected,
ENG-00881,2026-08-01,No material driver detected,
ENG-00881,2026-09-01,Client feedback | Sentiment | Performance,Client feedback (+1.05) | Sentiment (+1.03) | Performance (+0.85)
ENG-00881,2026-10-01,Performance | Client feedback | Sentiment,Performance (+2.80) | Client feedback (+2.34) | Sentiment (+0.42)
ENG-00881,2026-11-01,Client feedback | Sentiment | Milestone delivery,Client feedback (+2.40) | Sentiment (+1.86) | Milestone delivery (+0.71)
ENG-00882,2026-01-01,Client feedback | Role profile | Performance,Client feedback (+0.47) | Role profile (+0.35) | Performance (+0.32)
ENG-00882,2026-02-01,No material driver detected,
ENG-00882,2026-03-01,No material driver detected,
ENG-00882,2026-04-01,No material driver detected,
ENG-00882,2026-05-01,No material driver detected,
ENG-00882,2026-06-01,No material driver detected,
ENG-00882,2026-07-01,No material driver detected,
ENG-00882,2026-08-01,Performance | Sentiment | Role profile,Performance (+2.90) | Sentiment (+1.95) | Role profile (+0.35)
ENG-00883,2026-01-01,No material driver detected,
ENG-00883,2026-02-01,No material driver detected,
ENG-00883,2026-03-01,No material driver detected,
ENG-00883,2026-04-01,No material driver detected,
ENG-00883,2026-05-01,No material driver detected,
ENG-00883,2026-06-01,No material driver detected,
ENG-00883,2026-07-01,No material driver detected,
ENG-00883,2026-08-01,No material driver detected,
ENG-00884,2026-04-01,Performance | Contract stage | Sentiment,Performance (+0.60) | Contract stage (+0.29) | Sentiment (+0.24)
ENG-00884,2026-05-01,Client feedback | Performance | Sentiment,Client feedback (+3.93) | Performance (+2.57) | Sentiment (+1.61)
ENG-00884,2026-06-01,Client feedback | Performance | Sentiment,Client feedback (+3.05) | Performance (+2.60) | Sentiment (+1.82)
ENG-00884,2026-07-01,Performance | Sentiment | Client feedback,Performance (+2.98) | Sentiment (+2.57) | Client feedback (+2.34)
ENG-00885,2024-12-01,No material driver detected,
ENG-00885,2025-01-01,No material driver detected,
ENG-00885,2025-02-01,No material driver detected,
ENG-00885,2025-03-01,No material driver detected,
ENG-00885,2025-04-01,No material driver detected,
ENG-00885,2025-05-01,No material driver detected,
ENG-00885,2025-06-01,No material driver detected,
ENG-00885,2025-07-01,No material driver detected,
ENG-00886,2026-03-01,No material driver detected,
ENG-00886,2026-04-01,No material driver detected,
ENG-00886,2026-05-01,No material driver detected,
ENG-00886,2026-06-01,No material driver detected,
ENG-00886,2026-07-01,No material driver detected,
ENG-00886,2026-08-01,Performance | Milestone delivery | Sentiment,Performance (+1.26) | Milestone delivery (+0.54) | Sentiment (+0.28)
ENG-00887,2024-06-01,No material driver detected,
ENG-00887,2024-07-01,No material driver detected,
ENG-00887,2024-08-01,No material driver detected,
ENG-00887,2024-09-01,No material driver detected,
ENG-00887,2024-10-01,No material driver detected,
ENG-00887,2024-11-01,No material driver detected,
ENG-00887,2024-12-01,No material driver detected,
ENG-00888,2024-05-01,No material driver detected,
ENG-00888,2024-06-01,No material driver detected,
ENG-00888,2024-07-01,No material driver detected,
ENG-00888,2024-08-01,No material driver detected,
ENG-00888,2024-09-01,No material driver detected,
ENG-00888,2024-10-01,No material driver detected,
ENG-00888,2024-11-01,No material driver detected,
ENG-00888,2024-12-01,No material driver detected,
ENG-00888,2025-01-01,No material driver detected,
ENG-00889,2026-05-01,No material driver detected,
ENG-00889,2026-06-01,No material driver detected,
ENG-00889,2026-07-01,No material driver detected,
ENG-00889,2026-08-01,No material driver detected,
ENG-00890,2026-07-01,No material driver detected,
ENG-00890,2026-08-01,Performance | Client feedback | Sentiment,Performance (+2.40) | Client feedback (+1.56) | Sentiment (+0.34)
ENG-00891,2025-07-01,Contract stage | Performance | Role profile,Contract stage (+0.54) | Performance (+0.25) | Role profile (+0.25)
ENG-00891,2025-08-01,No material driver detected,
ENG-00891,2025-09-01,No material driver detected,
ENG-00891,2025-10-01,No material driver detected,
ENG-00891,2025-11-01,Client feedback | Performance | Sentiment,Client feedback (+1.83) | Performance (+0.51) | Sentiment (+0.51)
ENG-00891,2025-12-01,Performance | Client feedback | Role profile,Performance (+1.39) | Client feedback (+0.58) | Role profile (+0.25)
ENG-00891,2026-01-01,No material driver detected,
ENG-00892,2025-06-01,Performance | Sentiment | Client feedback,Performance (+0.95) | Sentiment (+0.46) | Client feedback (+0.36)
ENG-00892,2025-07-01,Client feedback | Sentiment | Performance,Client feedback (+2.18) | Sentiment (+1.54) | Performance (+0.84)
ENG-00892,2025-08-01,Client feedback | Performance | Sentiment,Client feedback (+2.94) | Performance (+2.71) | Sentiment (+0.82)
ENG-00892,2025-09-01,Client feedback | Performance | Sentiment,Client feedback (+3.83) | Performance (+2.76) | Sentiment (+2.57)
ENG-00892,2025-10-01,Performance | Sentiment | Client feedback,Performance (+3.38) | Sentiment (+3.36) | Client feedback (+1.46)
ENG-00893,2025-02-01,No material driver detected,
ENG-00893,2025-03-01,No material driver detected,
ENG-00893,2025-04-01,No material driver detected,
ENG-00893,2025-05-01,No material driver detected,
ENG-00893,2025-06-01,No material driver detected,
ENG-00893,2025-07-01,No material driver detected,
ENG-00893,2025-08-01,No material driver detected,
ENG-00893,2025-09-01,No material driver detected,
ENG-00893,2025-10-01,Client feedback | Sentiment,Client feedback (+2.03) | Sentiment (+0.42)
ENG-00893,2025-11-01,No material driver detected,
ENG-00894,2025-06-01,No material driver detected,
ENG-00894,2025-07-01,No material driver detected,
ENG-00894,2025-08-01,No material driver detected,
ENG-00894,2025-09-01,No material driver detected,
ENG-00894,2025-10-01,No material driver detected,
ENG-00894,2025-11-01,No material driver detected,
ENG-00894,2025-12-01,Sentiment | Client feedback | Milestone delivery,Sentiment (+1.12) | Client feedback (+0.80) | Milestone delivery (+0.51)
ENG-00894,2026-01-01,No material driver detected,
ENG-00894,2026-02-01,No material driver detected,
ENG-00895,2024-11-01,No material driver detected,
ENG-00895,2024-12-01,No material driver detected,
ENG-00895,2025-01-01,No material driver detected,
ENG-00895,2025-02-01,No material driver detected,
ENG-00895,2025-03-01,No material driver detected,
ENG-00895,2025-04-01,No material driver detected,
ENG-00895,2025-05-01,No material driver detected,
ENG-00895,2025-06-01,No material driver detected,
ENG-00895,2025-07-01,No material driver detected,
ENG-00895,2025-08-01,No material driver detected,
ENG-00895,2025-09-01,No material driver detected,
ENG-00896,2024-03-01,No material driver detected,
ENG-00896,2024-04-01,No material driver detected,
ENG-00896,2024-05-01,No material driver detected,
ENG-00896,2024-06-01,No material driver detected,
ENG-00896,2024-07-01,No material driver detected,
ENG-00896,2024-08-01,No material driver detected,
ENG-00896,2024-09-01,Performance | Client feedback | Utilisation,Performance (+3.06) | Client feedback (+1.50) | Utilisation (+0.22)
ENG-00896,2024-10-01,Client feedback | Sentiment | Milestone delivery,Client feedback (+2.23) | Sentiment (+1.40) | Milestone delivery (+0.45)
ENG-00896,2024-11-01,Client feedback | Sentiment | Performance,Client feedback (+1.97) | Sentiment (+1.78) | Performance (+1.63)
ENG-00897,2025-08-01,No material driver detected,
ENG-00897,2025-09-01,No material driver detected,
ENG-00897,2025-10-01,No material driver detected,
ENG-00897,2025-11-01,No material driver detected,
ENG-00897,2025-12-01,No material driver detected,
ENG-00897,2026-01-01,No material driver detected,
ENG-00897,2026-02-01,No material driver detected,
ENG-00897,2026-03-01,No material driver detected,
ENG-00897,2026-04-01,No material driver detected,
ENG-00897,2026-05-01,No material driver detected,
ENG-00897,2026-06-01,No material driver detected,
ENG-00898,2026-05-01,No material driver detected,
ENG-00898,2026-06-01,No material driver detected,
ENG-00898,2026-07-01,No material driver detected,
ENG-00898,2026-08-01,No material driver detected,
ENG-00899,2024-06-01,No material driver detected,
ENG-00899,2024-07-01,No material driver detected,
ENG-00899,2024-08-01,No material driver detected,
ENG-00899,2024-09-01,No material driver detected,
ENG-00899,2024-10-01,No material driver detected,
ENG-00899,2024-11-01,No material driver detected,
ENG-00899,2024-12-01,No material driver detected,
ENG-00899,2025-01-01,No material driver detected,
ENG-00900,2024-03-01,No material driver detected,
ENG-00900,2024-04-01,No material driver detected,
ENG-00900,2024-05-01,Performance,Performance (+1.66)
ENG-00900,2024-06-01,No material driver detected,
ENG-00900,2024-07-01,No material driver detected,
ENG-00900,2024-08-01,No material driver detected,
ENG-00900,2024-09-01,No material driver detected,
ENG-00900,2024-10-01,No material driver detected,
ENG-00900,2024-11-01,No material driver detected,
ENG-00900,2024-12-01,No material driver detected,
ENG-00900,2025-01-01,No material driver detected,
ENG-00901,2025-10-01,No material driver detected,
ENG-00901,2025-11-01,Sentiment | Client feedback | Contract stage,Sentiment (+0.99) | Client feedback (+0.44) | Contract stage (+0.27)
ENG-00901,2025-12-01,Performance | Client feedback | Milestone delivery,Performance (+2.75) | Client feedback (+2.25) | Milestone delivery (+0.26)
ENG-00901,2026-01-01,Sentiment | Client feedback | Performance,Sentiment (+1.34) | Client feedback (+1.14) | Performance (+0.79)
ENG-00901,2026-02-01,Client feedback | Performance | Sentiment,Client feedback (+3.11) | Performance (+2.15) | Sentiment (+1.68)
ENG-00901,2026-03-01,Performance | Client feedback | Sentiment,Performance (+3.66) | Client feedback (+1.98) | Sentiment (+1.96)
ENG-00902,2026-01-01,No material driver detected,
ENG-00902,2026-02-01,No material driver detected,
ENG-00902,2026-03-01,No material driver detected,
ENG-00902,2026-04-01,No material driver detected,
ENG-00902,2026-05-01,No material driver detected,
ENG-00902,2026-06-01,No material driver detected,
ENG-00902,2026-07-01,No material driver detected,
ENG-00902,2026-08-01,No material driver detected,
ENG-00903,2024-09-01,No material driver detected,
ENG-00903,2024-10-01,No material driver detected,
ENG-00903,2024-11-01,No material driver detected,
ENG-00903,2024-12-01,No material driver detected,
ENG-00903,2025-01-01,No material driver detected,
ENG-00903,2025-02-01,No material driver detected,
ENG-00903,2025-03-01,No material driver detected,
ENG-00904,2024-07-01,No material driver detected,
ENG-00904,2024-08-01,No material driver detected,
ENG-00904,2024-09-01,No material driver detected,
ENG-00904,2024-10-01,Client feedback | Performance | Sentiment,Client feedback (+1.61) | Performance (+0.93) | Sentiment (+0.33)
ENG-00904,2024-11-01,No material driver detected,
ENG-00904,2024-12-01,Client feedback | Performance,Client feedback (+3.00) | Performance (+2.23)
ENG-00904,2025-01-01,No material driver detected,
ENG-00905,2026-04-01,No material driver detected,
ENG-00905,2026-05-01,No material driver detected,
ENG-00905,2026-06-01,No material driver detected,
ENG-00905,2026-07-01,No material driver detected,
ENG-00905,2026-08-01,No material driver detected,
ENG-00905,2026-09-01,No material driver detected,
ENG-00905,2026-10-01,No material driver detected,
ENG-00905,2026-11-01,Client feedback | Milestone delivery | Performance,Client feedback (+0.57) | Milestone delivery (+0.55) | Performance (+0.52)
ENG-00905,2026-12-01,Performance | Client feedback | Sentiment,Performance (+1.18) | Client feedback (+0.80) | Sentiment (+0.76)
ENG-00905,2027-01-01,Client feedback | Milestone delivery,Client feedback (+2.78) | Milestone delivery (+0.17)
ENG-00905,2027-02-01,Performance | Client feedback | Sentiment,Performance (+2.86) | Client feedback (+1.94) | Sentiment (+1.35)
ENG-00906,2024-05-01,No material driver detected,
ENG-00906,2024-06-01,No material driver detected,
ENG-00906,2024-07-01,No material driver detected,
ENG-00906,2024-08-01,No material driver detected,
ENG-00906,2024-09-01,No material driver detected,
ENG-00906,2024-10-01,No material driver detected,
ENG-00906,2024-11-01,No material driver detected,
ENG-00906,2024-12-01,No material driver detected,
ENG-00906,2025-01-01,No material driver detected,
ENG-00906,2025-02-01,No material driver detected,
ENG-00906,2025-03-01,No material driver detected,
ENG-00906,2025-04-01,No material driver detected,
ENG-00907,2025-09-01,No material driver detected,
ENG-00907,2025-10-01,Performance | Sentiment | Contract stage,Performance (+0.92) | Sentiment (+0.55) | Contract stage (+0.21)
ENG-00907,2025-11-01,No material driver detected,
ENG-00907,2025-12-01,No material driver detected,
ENG-00907,2026-01-01,No material driver detected,
ENG-00907,2026-02-01,No material driver detected,
ENG-00907,2026-03-01,No material driver detected,
ENG-00907,2026-04-01,No material driver detected,
ENG-00907,2026-05-01,No material driver detected,
ENG-00907,2026-06-01,No material driver detected,
ENG-00907,2026-07-01,Client feedback | Performance,Client feedback (+1.11) | Performance (+0.97)
ENG-00908,2025-11-01,No material driver detected,
ENG-00908,2025-12-01,Client feedback | Performance | Sentiment,Client feedback (+2.56) | Performance (+1.12) | Sentiment (+1.06)
ENG-00908,2026-01-01,Client feedback | Performance | Sentiment,Client feedback (+2.78) | Performance (+1.25) | Sentiment (+0.98)
ENG-00908,2026-02-01,Sentiment | Performance | Milestone delivery,Sentiment (+2.52) | Performance (+2.05) | Milestone delivery (+0.48)
ENG-00909,2025-04-01,No material driver detected,
ENG-00909,2025-05-01,Performance | Sentiment | Client feedback,Performance (+1.91) | Sentiment (+1.77) | Client feedback (+0.84)
ENG-00909,2025-06-01,Client feedback | Performance | Sentiment,Client feedback (+1.26) | Performance (+0.78) | Sentiment (+0.28)
ENG-00909,2025-07-01,Client feedback | Performance | Sentiment,Client feedback (+4.55) | Performance (+3.97) | Sentiment (+2.04)
ENG-00909,2025-08-01,Client feedback | Sentiment | Performance,Client feedback (+2.35) | Sentiment (+2.25) | Performance (+1.60)
ENG-00910,2026-08-01,No material driver detected,
ENG-00911,2025-03-01,No material driver detected,
ENG-00911,2025-04-01,No material driver detected,
ENG-00911,2025-05-01,No material driver detected,
ENG-00911,2025-06-01,Client feedback | Performance | Sentiment,Client feedback (+0.72) | Performance (+0.64) | Sentiment (+0.33)
ENG-00911,2025-07-01,Client feedback | Sentiment | Performance,Client feedback (+1.12) | Sentiment (+0.45) | Performance (+0.45)
ENG-00911,2025-08-01,Performance | Sentiment | Client feedback,Performance (+1.77) | Sentiment (+0.46) | Client feedback (+0.32)
ENG-00911,2025-09-01,Client feedback | Sentiment | Performance,Client feedback (+2.91) | Sentiment (+1.68) | Performance (+1.40)
ENG-00912,2025-12-01,No material driver detected,
ENG-00912,2026-01-01,No material driver detected,
ENG-00912,2026-02-01,No material driver detected,
ENG-00912,2026-03-01,No material driver detected,
ENG-00912,2026-04-01,No material driver detected,
ENG-00912,2026-05-01,No material driver detected,
ENG-00912,2026-06-01,No material driver detected,
ENG-00912,2026-07-01,No material driver detected,
ENG-00912,2026-08-01,No material driver detected,
ENG-00913,2024-11-01,No material driver detected,
ENG-00913,2024-12-01,No material driver detected,
ENG-00913,2025-01-01,No material driver detected,
ENG-00913,2025-02-01,Client feedback | Performance,Client feedback (+1.79) | Performance (+0.79)
ENG-00913,2025-03-01,No material driver detected,
ENG-00913,2025-04-01,No material driver detected,
ENG-00913,2025-05-01,No material driver detected,
ENG-00913,2025-06-01,No material driver detected,
ENG-00913,2025-07-01,No material driver detected,
ENG-00913,2025-08-01,No material driver detected,
ENG-00913,2025-09-01,No material driver detected,
ENG-00914,2026-05-01,Performance | Sentiment | Role profile,Performance (+0.37) | Sentiment (+0.34) | Role profile (+0.26)
ENG-00914,2026-06-01,Sentiment | Performance | Client feedback,Sentiment (+1.20) | Performance (+0.92) | Client feedback (+0.62)
ENG-00914,2026-07-01,Client feedback | Performance | Sentiment,Client feedback (+2.53) | Performance (+1.02) | Sentiment (+1.00)
ENG-00914,2026-08-01,Sentiment | Client feedback | Performance,Sentiment (+2.02) | Client feedback (+1.81) | Performance (+1.15)
ENG-00915,2024-10-01,No material driver detected,
ENG-00915,2024-11-01,No material driver detected,
ENG-00915,2024-12-01,No material driver detected,
ENG-00915,2025-01-01,No material driver detected,
ENG-00915,2025-02-01,No material driver detected,
ENG-00915,2025-03-01,No material driver detected,
ENG-00915,2025-04-01,No material driver detected,
ENG-00915,2025-05-01,No material driver detected,
ENG-00916,2025-07-01,No material driver detected,
ENG-00916,2025-08-01,No material driver detected,
ENG-00916,2025-09-01,No material driver detected,
ENG-00916,2025-10-01,No material driver detected,
ENG-00916,2025-11-01,No material driver detected,
ENG-00916,2025-12-01,No material driver detected,
ENG-00916,2026-01-01,No material driver detected,
ENG-00916,2026-02-01,No material driver detected,
ENG-00916,2026-03-01,No material driver detected,
ENG-00916,2026-04-01,No material driver detected,
ENG-00917,2025-08-01,No material driver detected,
ENG-00917,2025-09-01,No material driver detected,
ENG-00917,2025-10-01,No material driver detected,
ENG-00917,2025-11-01,No material driver detected,
ENG-00917,2025-12-01,No material driver detected,
ENG-00917,2026-01-01,No material driver detected,
ENG-00917,2026-02-01,No material driver detected,
ENG-00917,2026-03-01,Sentiment | Client feedback | Performance,Sentiment (+1.51) | Client feedback (+1.39) | Performance (+1.15)
ENG-00917,2026-04-01,Client feedback | Performance | Sentiment,Client feedback (+2.85) | Performance (+2.02) | Sentiment (+0.46)
ENG-00918,2025-11-01,No material driver detected,
ENG-00918,2025-12-01,No material driver detected,
ENG-00918,2026-01-01,No material driver detected,
ENG-00918,2026-02-01,No material driver detected,
ENG-00918,2026-03-01,Performance | Milestone delivery | Role profile,Performance (+0.98) | Milestone delivery (+0.76) | Role profile (+0.25)
ENG-00918,2026-04-01,No material driver detected,
ENG-00918,2026-05-01,Client feedback | Performance | Sentiment,Client feedback (+1.51) | Performance (+1.36) | Sentiment (+0.53)
ENG-00918,2026-06-01,No material driver detected,
ENG-00918,2026-07-01,Client feedback | Performance | Milestone delivery,Client feedback (+2.19) | Performance (+1.11) | Milestone delivery (+0.47)
ENG-00918,2026-08-01,Client feedback | Sentiment | Performance,Client feedback (+3.31) | Sentiment (+2.88) | Performance (+2.04)
ENG-00919,2026-06-01,No material driver detected,
ENG-00919,2026-07-01,Client feedback | Performance | Role profile,Client feedback (+1.99) | Performance (+1.94) | Role profile (+0.35)
ENG-00919,2026-08-01,Sentiment | Client feedback | Role profile,Sentiment (+2.51) | Client feedback (+1.58) | Role profile (+0.35)
ENG-00920,2024-07-01,No material driver detected,
ENG-00920,2024-08-01,No material driver detected,
ENG-00920,2024-09-01,No material driver detected,
ENG-00920,2024-10-01,No material driver detected,
ENG-00920,2024-11-01,No material driver detected,
ENG-00920,2024-12-01,No material driver detected,
ENG-00920,2025-01-01,No material driver detected,
ENG-00920,2025-02-01,No material driver detected,
ENG-00920,2025-03-01,No material driver detected,
ENG-00920,2025-04-01,No material driver detected,
ENG-00920,2025-05-01,No material driver detected,
ENG-00921,2025-12-01,Client feedback | Contract stage | Performance,Client feedback (+1.02) | Contract stage (+0.35) | Performance (+0.17)
ENG-00921,2026-01-01,No material driver detected,
ENG-00921,2026-02-01,No material driver detected,
ENG-00921,2026-03-01,Performance | Client feedback | Sentiment,Performance (+1.62) | Client feedback (+0.70) | Sentiment (+0.44)
ENG-00921,2026-04-01,No material driver detected,
ENG-00921,2026-05-01,Performance | Sentiment,Performance (+2.08) | Sentiment (+0.61)
ENG-00921,2026-06-01,No material driver detected,
ENG-00921,2026-07-01,No material driver detected,
ENG-00921,2026-08-01,Client feedback | Performance | Milestone delivery,Client feedback (+0.86) | Performance (+0.68) | Milestone delivery (+0.25)
ENG-00922,2026-02-01,Performance | Sentiment | Role profile,Performance (+1.02) | Sentiment (+0.35) | Role profile (+0.25)
ENG-00922,2026-03-01,No material driver detected,
ENG-00922,2026-04-01,No material driver detected,
ENG-00922,2026-05-01,Client feedback | Sentiment | Milestone delivery,Client feedback (+1.26) | Sentiment (+0.58) | Milestone delivery (+0.34)
ENG-00922,2026-06-01,No material driver detected,
ENG-00922,2026-07-01,No material driver detected,
ENG-00922,2026-08-01,No material driver detected,
ENG-00923,2025-07-01,No material driver detected,
ENG-00923,2025-08-01,Performance | Sentiment | Contract stage,Performance (+2.05) | Sentiment (+0.64) | Contract stage (+0.39)
ENG-00923,2025-09-01,Client feedback | Sentiment | Contract stage,Client feedback (+2.34) | Sentiment (+0.34) | Contract stage (+0.32)
ENG-00923,2025-10-01,No material driver detected,
ENG-00923,2025-11-01,No material driver detected,
ENG-00923,2025-12-01,Sentiment | Performance | Client feedback,Sentiment (+1.24) | Performance (+0.90) | Client feedback (+0.83)
ENG-00923,2026-01-01,No material driver detected,
ENG-00923,2026-02-01,Performance | Milestone delivery | Role profile,Performance (+1.95) | Milestone delivery (+0.27) | Role profile (+0.26)
ENG-00924,2026-08-01,No material driver detected,
ENG-00925,2024-02-01,No material driver detected,
ENG-00925,2024-03-01,Sentiment | Performance | Client feedback,Sentiment (+2.23) | Performance (+2.09) | Client feedback (+2.09)
ENG-00925,2024-04-01,Client feedback | Performance | Sentiment,Client feedback (+1.45) | Performance (+0.81) | Sentiment (+0.75)
ENG-00925,2024-05-01,Performance | Client feedback | Sentiment,Performance (+3.25) | Client feedback (+2.09) | Sentiment (+1.19)
ENG-00925,2024-06-01,Client feedback | Performance | Sentiment,Client feedback (+4.91) | Performance (+2.68) | Sentiment (+2.28)
ENG-00926,2024-05-01,No material driver detected,
ENG-00926,2024-06-01,Client feedback | Performance | Contract stage,Client feedback (+1.16) | Performance (+0.95) | Contract stage (+0.46)
ENG-00926,2024-07-01,Performance | Contract stage | Role profile,Performance (+1.47) | Contract stage (+0.38) | Role profile (+0.25)
ENG-00926,2024-08-01,Sentiment | Client feedback | Performance,Sentiment (+1.50) | Client feedback (+0.63) | Performance (+0.56)
ENG-00927,2024-11-01,No material driver detected,
ENG-00927,2024-12-01,No material driver detected,
ENG-00927,2025-01-01,No material driver detected,
ENG-00927,2025-02-01,Performance | Sentiment | Utilisation,Performance (+1.94) | Sentiment (+1.34) | Utilisation (+0.30)
ENG-00927,2025-03-01,Performance | Client feedback | Role profile,Performance (+1.71) | Client feedback (+1.39) | Role profile (+0.25)
ENG-00927,2025-04-01,Client feedback | Sentiment | Performance,Client feedback (+1.97) | Sentiment (+1.63) | Performance (+0.43)
ENG-00927,2025-05-01,Client feedback | Performance | Milestone delivery,Client feedback (+3.74) | Performance (+2.94) | Milestone delivery (+1.01)
ENG-00928,2025-06-01,Client feedback | Contract stage | Performance,Client feedback (+1.27) | Contract stage (+0.54) | Performance (+0.42)
ENG-00928,2025-07-01,Performance | Sentiment | Client feedback,Performance (+3.25) | Sentiment (+1.85) | Client feedback (+1.51)
ENG-00928,2025-08-01,Client feedback | Performance | Sentiment,Client feedback (+2.31) | Performance (+2.23) | Sentiment (+0.77)
ENG-00928,2025-09-01,Client feedback | Performance | Sentiment,Client feedback (+4.10) | Performance (+3.37) | Sentiment (+3.00)
ENG-00929,2026-02-01,Performance | Sentiment | Contract stage,Performance (+0.67) | Sentiment (+0.35) | Contract stage (+0.35)
ENG-00929,2026-03-01,Performance | Sentiment | Contract stage,Performance (+1.90) | Sentiment (+0.28) | Contract stage (+0.27)
ENG-00929,2026-04-01,Client feedback | Sentiment | Milestone delivery,Client feedback (+0.93) | Sentiment (+0.50) | Milestone delivery (+0.40)
ENG-00929,2026-05-01,No material driver detected,
ENG-00929,2026-06-01,Performance | Client feedback | Sentiment,Performance (+0.96) | Client feedback (+0.47) | Sentiment (+0.33)
ENG-00929,2026-07-01,No material driver detected,
ENG-00929,2026-08-01,No material driver detected,
ENG-00930,2025-08-01,No material driver detected,
ENG-00930,2025-09-01,No material driver detected,
ENG-00930,2025-10-01,Client feedback | Sentiment | Performance,Client feedback (+1.70) | Sentiment (+0.41) | Performance (+0.31)
ENG-00930,2025-11-01,Milestone delivery | Utilisation | Role profile,Milestone delivery (+0.40) | Utilisation (+0.36) | Role profile (+0.25)
ENG-00930,2025-12-01,No material driver detected,
ENG-00930,2026-01-01,No material driver detected,
ENG-00930,2026-02-01,Client feedback | Performance | Role profile,Client feedback (+1.94) | Performance (+0.79) | Role profile (+0.25)
ENG-00930,2026-03-01,No material driver detected,
ENG-00930,2026-04-01,Client feedback | Role profile | Sentiment,Client feedback (+2.15) | Role profile (+0.25) | Sentiment (+0.20)
ENG-00931,2025-11-01,No material driver detected,
ENG-00931,2025-12-01,No material driver detected,
ENG-00931,2026-01-01,Client feedback | Performance | Contract stage,Client feedback (+1.90) | Performance (+0.76) | Contract stage (+0.32)
ENG-00931,2026-02-01,No material driver detected,
ENG-00931,2026-03-01,No material driver detected,
ENG-00931,2026-04-01,Sentiment | Utilisation | Milestone delivery,Sentiment (+0.81) | Utilisation (+0.42) | Milestone delivery (+0.27)
ENG-00932,2024-04-01,No material driver detected,
ENG-00932,2024-05-01,No material driver detected,
ENG-00932,2024-06-01,No material driver detected,
ENG-00932,2024-07-01,Client feedback | Sentiment | Role profile,Client feedback (+1.07) | Sentiment (+0.42) | Role profile (+0.26)
ENG-00932,2024-08-01,Performance | Client feedback | Role profile,Performance (+2.26) | Client feedback (+1.25) | Role profile (+0.26)
ENG-00932,2024-09-01,Performance | Sentiment | Milestone delivery,Performance (+1.56) | Sentiment (+1.04) | Milestone delivery (+0.92)
ENG-00932,2024-10-01,Sentiment | Client feedback | Performance,Sentiment (+2.76) | Client feedback (+1.65) | Performance (+0.51)
ENG-00933,2025-07-01,No material driver detected,
ENG-00933,2025-08-01,No material driver detected,
ENG-00933,2025-09-01,No material driver detected,
ENG-00933,2025-10-01,No material driver detected,
ENG-00933,2025-11-01,No material driver detected,
ENG-00933,2025-12-01,No material driver detected,
ENG-00933,2026-01-01,No material driver detected,
ENG-00933,2026-02-01,No material driver detected,
ENG-00933,2026-03-01,No material driver detected,
ENG-00933,2026-04-01,No material driver detected,
ENG-00933,2026-05-01,No material driver detected,
ENG-00933,2026-06-01,No material driver detected,
ENG-00934,2025-03-01,No material driver detected,
ENG-00934,2025-04-01,Performance | Client feedback | Contract stage,Performance (+1.36) | Client feedback (+0.79) | Contract stage (+0.27)
ENG-00934,2025-05-01,No material driver detected,
ENG-00934,2025-06-01,No material driver detected,
ENG-00934,2025-07-01,Sentiment | Client feedback | Role profile,Sentiment (+1.03) | Client feedback (+0.79) | Role profile (+0.26)
ENG-00934,2025-08-01,No material driver detected,
ENG-00934,2025-09-01,No material driver detected,
ENG-00934,2025-10-01,Performance | Client feedback | Milestone delivery,Performance (+1.30) | Client feedback (+1.27) | Milestone delivery (+0.31)
ENG-00934,2025-11-01,No material driver detected,
ENG-00934,2025-12-01,No material driver detected,
ENG-00935,2025-08-01,No material driver detected,
ENG-00935,2025-09-01,No material driver detected,
ENG-00935,2025-10-01,No material driver detected,
ENG-00935,2025-11-01,No material driver detected,
ENG-00935,2025-12-01,No material driver detected,
ENG-00935,2026-01-01,No material driver detected,
ENG-00935,2026-02-01,No material driver detected,
ENG-00936,2024-04-01,No material driver detected,
ENG-00936,2024-05-01,No material driver detected,
ENG-00936,2024-06-01,Client feedback | Sentiment | Contract stage,Client feedback (+1.26) | Sentiment (+0.58) | Contract stage (+0.32)
ENG-00936,2024-07-01,Client feedback | Sentiment | Performance,Client feedback (+2.45) | Sentiment (+1.63) | Performance (+0.52)
ENG-00936,2024-08-01,Sentiment | Performance | Client feedback,Sentiment (+1.84) | Performance (+1.76) | Client feedback (+0.60)
ENG-00936,2024-09-01,Client feedback | Performance | Sentiment,Client feedback (+3.78) | Performance (+2.05) | Sentiment (+1.84)
ENG-00937,2024-01-01,No material driver detected,
ENG-00937,2024-02-01,Performance | Client feedback | Contract stage,Performance (+1.50) | Client feedback (+0.85) | Contract stage (+0.27)
ENG-00937,2024-03-01,Client feedback | Sentiment | Milestone delivery,Client feedback (+2.25) | Sentiment (+1.47) | Milestone delivery (+1.02)
ENG-00937,2024-04-01,Client feedback | Performance | Sentiment,Client feedback (+2.25) | Performance (+1.05) | Sentiment (+0.61)
ENG-00937,2024-05-01,Sentiment | Performance | Client feedback,Sentiment (+2.94) | Performance (+2.72) | Client feedback (+2.72)
ENG-00938,2025-11-01,No material driver detected,
ENG-00938,2025-12-01,No material driver detected,
ENG-00938,2026-01-01,No material driver detected,
ENG-00938,2026-02-01,No material driver detected,
ENG-00938,2026-03-01,No material driver detected,
ENG-00938,2026-04-01,No material driver detected,
ENG-00938,2026-05-01,Client feedback | Performance | Milestone delivery,Client feedback (+1.39) | Performance (+0.78) | Milestone delivery (+0.17)
ENG-00939,2025-10-01,Sentiment | Client feedback | Performance,Sentiment (+1.03) | Client feedback (+1.02) | Performance (+0.41)
ENG-00939,2025-11-01,Sentiment | Performance | Contract stage,Sentiment (+1.33) | Performance (+1.07) | Contract stage (+0.21)
ENG-00939,2025-12-01,Performance | Client feedback | Sentiment,Performance (+3.13) | Client feedback (+2.35) | Sentiment (+0.38)
ENG-00939,2026-01-01,Sentiment | Milestone delivery | Utilisation,Sentiment (+2.14) | Milestone delivery (+0.27) | Utilisation (+0.24)
ENG-00939,2026-02-01,No material driver detected,
ENG-00939,2026-03-01,Performance | Client feedback | Milestone delivery,Performance (+3.16) | Client feedback (+1.96) | Milestone delivery (+0.28)
ENG-00939,2026-04-01,Sentiment | Client feedback | Performance,Sentiment (+3.37) | Client feedback (+3.19) | Performance (+1.70)
ENG-00939,2026-05-01,Client feedback | Performance | Sentiment,Client feedback (+2.76) | Performance (+2.66) | Sentiment (+1.55)
ENG-00939,2026-06-01,Sentiment | Performance | Client feedback,Sentiment (+2.53) | Performance (+2.21) | Client feedback (+2.11)
ENG-00940,2026-06-01,No material driver detected,
ENG-00940,2026-07-01,No material driver detected,
ENG-00940,2026-08-01,No material driver detected,
ENG-00941,2025-04-01,No material driver detected,
ENG-00941,2025-05-01,No material driver detected,
ENG-00941,2025-06-01,No material driver detected,
ENG-00941,2025-07-01,No material driver detected,
ENG-00941,2025-08-01,No material driver detected,
ENG-00941,2025-09-01,No material driver detected,
ENG-00941,2025-10-01,No material driver detected,
ENG-00941,2025-11-01,No material driver detected,
ENG-00941,2025-12-01,No material driver detected,
ENG-00941,2026-01-01,No material driver detected,
ENG-00941,2026-02-01,No material driver detected,
ENG-00941,2026-03-01,No material driver detected,
ENG-00942,2024-03-01,No material driver detected,
ENG-00942,2024-04-01,No material driver detected,
ENG-00942,2024-05-01,No material driver detected,
ENG-00942,2024-06-01,No material driver detected,
ENG-00942,2024-07-01,Client feedback | Performance | Milestone delivery,Client feedback (+1.36) | Performance (+1.07) | Milestone delivery (+0.54)
ENG-00942,2024-08-01,No material driver detected,
ENG-00942,2024-09-01,No material driver detected,
ENG-00943,2024-09-01,No material driver detected,
ENG-00943,2024-10-01,Client feedback | Performance | Contract stage,Client feedback (+2.18) | Performance (+0.97) | Contract stage (+0.39)
ENG-00943,2024-11-01,Client feedback | Sentiment | Contract stage,Client feedback (+1.89) | Sentiment (+1.66) | Contract stage (+0.32)
ENG-00943,2024-12-01,Client feedback | Performance | Sentiment,Client feedback (+3.36) | Performance (+2.69) | Sentiment (+1.56)
ENG-00944,2024-01-01,No material driver detected,
ENG-00944,2024-02-01,No material driver detected,
ENG-00944,2024-03-01,No material driver detected,
ENG-00944,2024-04-01,No material driver detected,
ENG-00944,2024-05-01,No material driver detected,
ENG-00944,2024-06-01,No material driver detected,
ENG-00944,2024-07-01,No material driver detected,
ENG-00944,2024-08-01,No material driver detected,
ENG-00944,2024-09-01,No material driver detected,
ENG-00944,2024-10-01,No material driver detected,
ENG-00944,2024-11-01,No material driver detected,
ENG-00944,2024-12-01,No material driver detected,
ENG-00945,2025-08-01,No material driver detected,
ENG-00945,2025-09-01,No material driver detected,
ENG-00945,2025-10-01,No material driver detected,
ENG-00945,2025-11-01,No material driver detected,
ENG-00945,2025-12-01,No material driver detected,
ENG-00945,2026-01-01,No material driver detected,
ENG-00945,2026-02-01,No material driver detected,
ENG-00945,2026-03-01,No material driver detected,
ENG-00945,2026-04-01,No material driver detected,
ENG-00945,2026-05-01,No material driver detected,
ENG-00946,2024-03-01,No material driver detected,
ENG-00946,2024-04-01,No material driver detected,
ENG-00946,2024-05-01,No material driver detected,
ENG-00946,2024-06-01,No material driver detected,
ENG-00946,2024-07-01,No material driver detected,
ENG-00946,2024-08-01,No material driver detected,
ENG-00946,2024-09-01,No material driver detected,
ENG-00947,2025-04-01,No material driver detected,
ENG-00947,2025-05-01,No material driver detected,
ENG-00947,2025-06-01,No material driver detected,
ENG-00947,2025-07-01,No material driver detected,
ENG-00947,2025-08-01,No material driver detected,
ENG-00947,2025-09-01,Client feedback | Performance | Sentiment,Client feedback (+3.43) | Performance (+1.74) | Sentiment (+1.15)
ENG-00947,2025-10-01,Client feedback | Performance | Milestone delivery,Client feedback (+1.24) | Performance (+0.41) | Milestone delivery (+0.39)
ENG-00947,2025-11-01,Performance | Milestone delivery | Role profile,Performance (+1.70) | Milestone delivery (+0.60) | Role profile (+0.35)
ENG-00948,2024-01-01,Performance | Client feedback | Sentiment,Performance (+1.72) | Client feedback (+0.99) | Sentiment (+0.93)
ENG-00948,2024-02-01,Client feedback | Sentiment | Milestone delivery,Client feedback (+2.93) | Sentiment (+0.59) | Milestone delivery (+0.40)
ENG-00948,2024-03-01,No material driver detected,
ENG-00948,2024-04-01,Client feedback | Performance | Sentiment,Client feedback (+0.89) | Performance (+0.71) | Sentiment (+0.71)
ENG-00948,2024-05-01,No material driver detected,
ENG-00948,2024-06-01,Client feedback | Performance,Client feedback (+1.85) | Performance (+1.26)
ENG-00948,2024-07-01,No material driver detected,
ENG-00948,2024-08-01,No material driver detected,
ENG-00948,2024-09-01,No material driver detected,
ENG-00948,2024-10-01,Client feedback | Performance | Sentiment,Client feedback (+2.20) | Performance (+1.50) | Sentiment (+0.50)
ENG-00948,2024-11-01,No material driver detected,
ENG-00948,2024-12-01,No material driver detected,
ENG-00949,2025-03-01,No material driver detected,
ENG-00949,2025-04-01,No material driver detected,
ENG-00949,2025-05-01,No material driver detected,
ENG-00949,2025-06-01,No material driver detected,
ENG-00949,2025-07-01,No material driver detected,
ENG-00949,2025-08-01,No material driver detected,
ENG-00949,2025-09-01,No material driver detected,
ENG-00950,2026-04-01,No material driver detected,
ENG-00950,2026-05-01,Sentiment | Performance | Client feedback,Sentiment (+0.76) | Performance (+0.66) | Client feedback (+0.54)
ENG-00950,2026-06-01,No material driver detected,
ENG-00950,2026-07-01,No material driver detected,
ENG-00950,2026-08-01,No material driver detected,
ENG-00951,2024-10-01,No material driver detected,
ENG-00951,2024-11-01,No material driver detected,
ENG-00951,2024-12-01,No material driver detected,
ENG-00951,2025-01-01,Performance | Client feedback,Performance (+1.67) | Client feedback (+0.57)
ENG-00951,2025-02-01,No material driver detected,
ENG-00951,2025-03-01,No material driver detected,
ENG-00951,2025-04-01,No material driver detected,
ENG-00951,2025-05-01,No material driver detected,
ENG-00951,2025-06-01,No material driver detected,
ENG-00951,2025-07-01,No material driver detected,
ENG-00951,2025-08-01,Client feedback | Performance | Sentiment,Client feedback (+0.83) | Performance (+0.60) | Sentiment (+0.41)
ENG-00952,2024-02-01,No material driver detected,
ENG-00952,2024-03-01,No material driver detected,
ENG-00952,2024-04-01,No material driver detected,
ENG-00952,2024-05-01,No material driver detected,
ENG-00952,2024-06-01,No material driver detected,
ENG-00952,2024-07-01,No material driver detected,
ENG-00952,2024-08-01,No material driver detected,
ENG-00952,2024-09-01,No material driver detected,
ENG-00953,2026-07-01,No material driver detected,
ENG-00953,2026-08-01,No material driver detected,
ENG-00954,2024-01-01,No material driver detected,
ENG-00954,2024-02-01,No material driver detected,
ENG-00954,2024-03-01,No material driver detected,
ENG-00954,2024-04-01,No material driver detected,
ENG-00954,2024-05-01,No material driver detected,
ENG-00954,2024-06-01,No material driver detected,
ENG-00954,2024-07-01,No material driver detected,
ENG-00954,2024-08-01,No material driver detected,
ENG-00954,2024-09-01,No material driver detected,
ENG-00954,2024-10-01,No material driver detected,
ENG-00955,2024-12-01,No material driver detected,
ENG-00955,2025-01-01,No material driver detected,
ENG-00955,2025-02-01,No material driver detected,
ENG-00955,2025-03-01,No material driver detected,
ENG-00955,2025-04-01,No material driver detected,
ENG-00955,2025-05-01,No material driver detected,
ENG-00955,2025-06-01,No material driver detected,
ENG-00955,2025-07-01,No material driver detected,
ENG-00955,2025-08-01,No material driver detected,
ENG-00955,2025-09-01,No material driver detected,
ENG-00955,2025-10-01,No material driver detected,
ENG-00955,2025-11-01,No material driver detected,
ENG-00955,2025-12-01,No material driver detected,
ENG-00956,2024-12-01,No material driver detected,
ENG-00956,2025-01-01,No material driver detected,
ENG-00956,2025-02-01,No material driver detected,
ENG-00956,2025-03-01,No material driver detected,
ENG-00956,2025-04-01,No material driver detected,
ENG-00956,2025-05-01,Client feedback | Performance | Role profile,Client feedback (+1.74) | Performance (+0.47) | Role profile (+0.26)
ENG-00956,2025-06-01,Sentiment | Role profile,Sentiment (+1.27) | Role profile (+0.26)
ENG-00956,2025-07-01,No material driver detected,
ENG-00956,2025-08-01,Client feedback | Role profile | Sentiment,Client feedback (+2.70) | Role profile (+0.26) | Sentiment (+0.20)
ENG-00956,2025-09-01,No material driver detected,
ENG-00956,2025-10-01,No material driver detected,
ENG-00956,2025-11-01,No material driver detected,
ENG-00957,2025-05-01,No material driver detected,
ENG-00957,2025-06-01,Client feedback | Sentiment | Contract stage,Client feedback (+1.64) | Sentiment (+0.69) | Contract stage (+0.27)
ENG-00957,2025-07-01,Client feedback | Performance | Sentiment,Client feedback (+2.66) | Performance (+2.18) | Sentiment (+1.43)
ENG-00957,2025-08-01,Performance | Sentiment | Client feedback,Performance (+3.02) | Sentiment (+1.47) | Client feedback (+1.06)
ENG-00957,2025-09-01,Client feedback | Sentiment | Performance,Client feedback (+2.74) | Sentiment (+2.26) | Performance (+1.18)
ENG-00958,2024-12-01,No material driver detected,
ENG-00958,2025-01-01,No material driver detected,
ENG-00958,2025-02-01,No material driver detected,
ENG-00958,2025-03-01,No material driver detected,
ENG-00958,2025-04-01,No material driver detected,
ENG-00958,2025-05-01,Performance | Sentiment | Milestone delivery,Performance (+0.86) | Sentiment (+0.41) | Milestone delivery (+0.27)
ENG-00958,2025-06-01,Performance | Client feedback | Role profile,Performance (+2.84) | Client feedback (+1.32) | Role profile (+0.25)
ENG-00958,2025-07-01,Client feedback | Performance | Sentiment,Client feedback (+1.79) | Performance (+1.36) | Sentiment (+0.62)
ENG-00959,2025-09-01,No material driver detected,
ENG-00959,2025-10-01,No material driver detected,
ENG-00959,2025-11-01,No material driver detected,
ENG-00959,2025-12-01,Client feedback | Performance | Milestone delivery,Client feedback (+1.12) | Performance (+1.02) | Milestone delivery (+0.55)
ENG-00959,2026-01-01,No material driver detected,
ENG-00959,2026-02-01,Client feedback | Sentiment | Utilisation,Client feedback (+1.78) | Sentiment (+0.96) | Utilisation (+0.19)
ENG-00959,2026-03-01,No material driver detected,
ENG-00959,2026-04-01,No material driver detected,
ENG-00959,2026-05-01,No material driver detected,
ENG-00959,2026-06-01,Client feedback | Sentiment | Performance,Client feedback (+1.87) | Sentiment (+0.83) | Performance (+0.57)
ENG-00959,2026-07-01,No material driver detected,
ENG-00959,2026-08-01,No material driver detected,
ENG-00960,2025-01-01,No material driver detected,
ENG-00960,2025-02-01,No material driver detected,
ENG-00960,2025-03-01,No material driver detected,
ENG-00960,2025-04-01,No material driver detected,
ENG-00960,2025-05-01,No material driver detected,
ENG-00960,2025-06-01,No material driver detected,
ENG-00960,2025-07-01,No material driver detected,
ENG-00960,2025-08-01,No material driver detected,
ENG-00960,2025-09-01,No material driver detected,
ENG-00960,2025-10-01,No material driver detected,
ENG-00961,2024-01-01,No material driver detected,
ENG-00961,2024-02-01,No material driver detected,
ENG-00961,2024-03-01,No material driver detected,
ENG-00961,2024-04-01,No material driver detected,
ENG-00961,2024-05-01,No material driver detected,
ENG-00961,2024-06-01,No material driver detected,
ENG-00961,2024-07-01,No material driver detected,
ENG-00961,2024-08-01,No material driver detected,
ENG-00962,2025-07-01,Performance | Client feedback | Sentiment,Performance (+1.49) | Client feedback (+1.16) | Sentiment (+0.39)
ENG-00962,2025-08-01,Performance | Client feedback | Sentiment,Performance (+1.67) | Client feedback (+1.30) | Sentiment (+1.05)
ENG-00962,2025-09-01,No material driver detected,
ENG-00962,2025-10-01,No material driver detected,
ENG-00962,2025-11-01,Performance | Client feedback | Sentiment,Performance (+2.17) | Client feedback (+1.14) | Sentiment (+0.30)
ENG-00962,2025-12-01,Client feedback | Sentiment | Performance,Client feedback (+1.96) | Sentiment (+1.76) | Performance (+0.90)
ENG-00962,2026-01-01,Client feedback | Performance | Utilisation,Client feedback (+2.01) | Performance (+1.71) | Utilisation (+0.22)
ENG-00962,2026-02-01,Sentiment | Milestone delivery | Performance,Sentiment (+1.23) | Milestone delivery (+0.72) | Performance (+0.57)
ENG-00962,2026-03-01,No material driver detected,
ENG-00962,2026-04-01,Client feedback | Performance | Milestone delivery,Client feedback (+3.23) | Performance (+1.35) | Milestone delivery (+1.35)
ENG-00962,2026-05-01,No material driver detected,
ENG-00962,2026-06-01,Client feedback | Performance | Sentiment,Client feedback (+1.94) | Performance (+1.77) | Sentiment (+0.51)
ENG-00963,2026-07-01,Client feedback | Contract stage | Performance,Client feedback (+0.73) | Contract stage (+0.54) | Performance (+0.47)
ENG-00963,2026-08-01,No material driver detected,
ENG-00964,2025-03-01,No material driver detected,
ENG-00964,2025-04-01,No material driver detected,
ENG-00964,2025-05-01,Client feedback | Performance | Role profile,Client feedback (+1.89) | Performance (+1.06) | Role profile (+0.35)
ENG-00964,2025-06-01,Performance | Sentiment | Role profile,Performance (+1.18) | Sentiment (+1.16) | Role profile (+0.35)
ENG-00964,2025-07-01,Performance | Client feedback | Sentiment,Performance (+1.72) | Client feedback (+1.59) | Sentiment (+0.80)
ENG-00964,2025-08-01,Sentiment | Client feedback | Performance,Sentiment (+1.53) | Client feedback (+1.03) | Performance (+0.55)
ENG-00965,2024-04-01,No material driver detected,
ENG-00965,2024-05-01,No material driver detected,
ENG-00965,2024-06-01,Sentiment | Client feedback | Milestone delivery,Sentiment (+1.23) | Client feedback (+0.87) | Milestone delivery (+0.54)
ENG-00965,2024-07-01,No material driver detected,
ENG-00965,2024-08-01,No material driver detected,
ENG-00965,2024-09-01,No material driver detected,
ENG-00965,2024-10-01,No material driver detected,
ENG-00965,2024-11-01,No material driver detected,
ENG-00965,2024-12-01,No material driver detected,
ENG-00965,2025-01-01,No material driver detected,
ENG-00965,2025-02-01,No material driver detected,
ENG-00965,2025-03-01,No material driver detected,
ENG-00966,2024-05-01,No material driver detected,
ENG-00966,2024-06-01,Client feedback | Sentiment | Contract stage,Client feedback (+2.12) | Sentiment (+1.49) | Contract stage (+0.27)
ENG-00966,2024-07-01,No material driver detected,
ENG-00966,2024-08-01,Client feedback | Performance | Sentiment,Client feedback (+2.43) | Performance (+1.40) | Sentiment (+1.35)
ENG-00966,2024-09-01,No material driver detected,
ENG-00966,2024-10-01,Sentiment | Client feedback | Milestone delivery,Sentiment (+2.67) | Client feedback (+1.21) | Milestone delivery (+0.91)
ENG-00966,2024-11-01,Client feedback | Performance | Sentiment,Client feedback (+3.05) | Performance (+2.94) | Sentiment (+0.43)
ENG-00967,2024-10-01,No material driver detected,
ENG-00967,2024-11-01,No material driver detected,
ENG-00967,2024-12-01,No material driver detected,
ENG-00967,2025-01-01,No material driver detected,
ENG-00967,2025-02-01,No material driver detected,
ENG-00967,2025-03-01,No material driver detected,
ENG-00967,2025-04-01,No material driver detected,
ENG-00967,2025-05-01,No material driver detected,
ENG-00968,2024-04-01,No material driver detected,
ENG-00968,2024-05-01,No material driver detected,
ENG-00968,2024-06-01,No material driver detected,
ENG-00968,2024-07-01,No material driver detected,
ENG-00968,2024-08-01,No material driver detected,
ENG-00968,2024-09-01,No material driver detected,
ENG-00968,2024-10-01,No material driver detected,
ENG-00968,2024-11-01,No material driver detected,
ENG-00968,2024-12-01,No material driver detected,
ENG-00968,2025-01-01,No material driver detected,
ENG-00968,2025-02-01,No material driver detected,
ENG-00969,2025-08-01,No material driver detected,
ENG-00969,2025-09-01,No material driver detected,
ENG-00969,2025-10-01,No material driver detected,
ENG-00969,2025-11-01,No material driver detected,
ENG-00969,2025-12-01,No material driver detected,
ENG-00969,2026-01-01,Client feedback | Performance | Sentiment,Client feedback (+1.58) | Performance (+1.47) | Sentiment (+0.79)
ENG-00969,2026-02-01,No material driver detected,
ENG-00969,2026-03-01,No material driver detected,
ENG-00969,2026-04-01,No material driver detected,
ENG-00969,2026-05-01,No material driver detected,
ENG-00969,2026-06-01,Performance | Client feedback | Milestone delivery,Performance (+1.48) | Client feedback (+0.87) | Milestone delivery (+0.80)
ENG-00969,2026-07-01,No material driver detected,
ENG-00970,2025-05-01,No material driver detected,
ENG-00970,2025-06-01,No material driver detected,
ENG-00970,2025-07-01,Client feedback | Sentiment | Performance,Client feedback (+2.36) | Sentiment (+0.63) | Performance (+0.62)
ENG-00970,2025-08-01,Performance | Client feedback | Sentiment,Performance (+1.31) | Client feedback (+1.07) | Sentiment (+0.90)
ENG-00970,2025-09-01,Performance | Client feedback | Sentiment,Performance (+1.59) | Client feedback (+1.27) | Sentiment (+0.72)
ENG-00971,2024-07-01,No material driver detected,
ENG-00971,2024-08-01,No material driver detected,
ENG-00971,2024-09-01,No material driver detected,
ENG-00971,2024-10-01,No material driver detected,
ENG-00971,2024-11-01,No material driver detected,
ENG-00971,2024-12-01,No material driver detected,
ENG-00971,2025-01-01,No material driver detected,
ENG-00971,2025-02-01,No material driver detected,
ENG-00971,2025-03-01,No material driver detected,
ENG-00971,2025-04-01,No material driver detected,
ENG-00971,2025-05-01,No material driver detected,
ENG-00972,2024-03-01,No material driver detected,
ENG-00972,2024-04-01,No material driver detected,
ENG-00972,2024-05-01,No material driver detected,
ENG-00972,2024-06-01,No material driver detected,
ENG-00972,2024-07-01,No material driver detected,
ENG-00972,2024-08-01,No material driver detected,
ENG-00972,2024-09-01,No material driver detected,
ENG-00972,2024-10-01,No material driver detected,
ENG-00972,2024-11-01,No material driver detected,
ENG-00973,2026-06-01,No material driver detected,
ENG-00973,2026-07-01,No material driver detected,
ENG-00973,2026-08-01,No material driver detected,
ENG-00974,2026-05-01,No material driver detected,
ENG-00974,2026-06-01,No material driver detected,
ENG-00974,2026-07-01,No material driver detected,
ENG-00974,2026-08-01,No material driver detected,
ENG-00975,2025-07-01,No material driver detected,
ENG-00975,2025-08-01,No material driver detected,
ENG-00975,2025-09-01,No material driver detected,
ENG-00975,2025-10-01,No material driver detected,
ENG-00975,2025-11-01,No material driver detected,
ENG-00975,2025-12-01,No material driver detected,
ENG-00975,2026-01-01,No material driver detected,
ENG-00975,2026-02-01,No material driver detected,
ENG-00975,2026-03-01,No material driver detected,
ENG-00975,2026-04-01,No material driver detected,
ENG-00975,2026-05-01,No material driver detected,
ENG-00975,2026-06-01,No material driver detected,
ENG-00976,2024-03-01,No material driver detected,
ENG-00976,2024-04-01,No material driver detected,
ENG-00976,2024-05-01,No material driver detected,
ENG-00976,2024-06-01,No material driver detected,
ENG-00976,2024-07-01,No material driver detected,
ENG-00976,2024-08-01,No material driver detected,
ENG-00976,2024-09-01,No material driver detected,
ENG-00976,2024-10-01,No material driver detected,
ENG-00976,2024-11-01,No material driver detected,
ENG-00977,2024-10-01,No material driver detected,
ENG-00977,2024-11-01,Client feedback | Contract stage | Role profile,Client feedback (+0.92) | Contract stage (+0.33) | Role profile (+0.26)
ENG-00977,2024-12-01,No material driver detected,
ENG-00977,2025-01-01,No material driver detected,
ENG-00977,2025-02-01,Client feedback | Sentiment | Performance,Client feedback (+1.77) | Sentiment (+1.18) | Performance (+0.51)
ENG-00977,2025-03-01,No material driver detected,
ENG-00977,2025-04-01,Performance | Sentiment | Role profile,Performance (+1.89) | Sentiment (+0.28) | Role profile (+0.26)
ENG-00977,2025-05-01,No material driver detected,
ENG-00977,2025-06-01,No material driver detected,
ENG-00978,2024-03-01,No material driver detected,
ENG-00978,2024-04-01,No material driver detected,
ENG-00978,2024-05-01,No material driver detected,
ENG-00978,2024-06-01,No material driver detected,
ENG-00978,2024-07-01,No material driver detected,
ENG-00978,2024-08-01,No material driver detected,
ENG-00978,2024-09-01,No material driver detected,
ENG-00978,2024-10-01,No material driver detected,
ENG-00978,2024-11-01,Sentiment | Performance | Client feedback,Sentiment (+0.75) | Performance (+0.64) | Client feedback (+0.57)
ENG-00978,2024-12-01,No material driver detected,
ENG-00979,2025-08-01,No material driver detected,
ENG-00979,2025-09-01,No material driver detected,
ENG-00979,2025-10-01,No material driver detected,
ENG-00979,2025-11-01,No material driver detected,
ENG-00979,2025-12-01,No material driver detected,
ENG-00979,2026-01-01,No material driver detected,
ENG-00979,2026-02-01,Performance | Client feedback | Sentiment,Performance (+1.20) | Client feedback (+0.32) | Sentiment (+0.20)
ENG-00979,2026-03-01,No material driver detected,
ENG-00979,2026-04-01,No material driver detected,
ENG-00979,2026-05-01,No material driver detected,
ENG-00980,2024-09-01,No material driver detected,
ENG-00980,2024-10-01,No material driver detected,
ENG-00980,2024-11-01,Performance | Client feedback | Contract stage,Performance (+1.60) | Client feedback (+0.62) | Contract stage (+0.19)
ENG-00980,2024-12-01,No material driver detected,
ENG-00980,2025-01-01,Client feedback | Sentiment | Performance,Client feedback (+1.53) | Sentiment (+1.17) | Performance (+0.58)
ENG-00980,2025-02-01,No material driver detected,
ENG-00980,2025-03-01,No material driver detected,
ENG-00980,2025-04-01,No material driver detected,
ENG-00980,2025-05-01,Performance | Sentiment,Performance (+2.67) | Sentiment (+0.97)
ENG-00980,2025-06-01,No material driver detected,
ENG-00981,2025-08-01,No material driver detected,
ENG-00981,2025-09-01,No material driver detected,
ENG-00981,2025-10-01,No material driver detected,
ENG-00981,2025-11-01,No material driver detected,
ENG-00981,2025-12-01,No material driver detected,
ENG-00981,2026-01-01,No material driver detected,
ENG-00981,2026-02-01,No material driver detected,
ENG-00982,2026-01-01,Sentiment | Contract stage | Performance,Sentiment (+0.36) | Contract stage (+0.35) | Performance (+0.33)
ENG-00982,2026-02-01,Client feedback | Sentiment | Contract stage,Client feedback (+2.80) | Sentiment (+1.13) | Contract stage (+0.27)
ENG-00982,2026-03-01,Client feedback | Performance | Sentiment,Client feedback (+2.29) | Performance (+2.28) | Sentiment (+0.85)
ENG-00982,2026-04-01,Performance | Client feedback | Sentiment,Performance (+2.97) | Client feedback (+1.84) | Sentiment (+1.51)
ENG-00982,2026-05-01,Client feedback | Sentiment | Performance,Client feedback (+4.62) | Sentiment (+3.05) | Performance (+1.52)
ENG-00982,2026-06-01,Performance | Client feedback | Sentiment,Performance (+4.43) | Client feedback (+3.65) | Sentiment (+2.22)
ENG-00983,2024-04-01,Performance | Client feedback | Contract stage,Performance (+0.54) | Client feedback (+0.50) | Contract stage (+0.35)
ENG-00983,2024-05-01,No material driver detected,
ENG-00983,2024-06-01,No material driver detected,
ENG-00983,2024-07-01,Performance | Client feedback | Sentiment,Performance (+1.98) | Client feedback (+0.98) | Sentiment (+0.82)
ENG-00983,2024-08-01,No material driver detected,
ENG-00983,2024-09-01,No material driver detected,
ENG-00983,2024-10-01,No material driver detected,
ENG-00983,2024-11-01,Sentiment | Performance | Client feedback,Sentiment (+1.24) | Performance (+0.96) | Client feedback (+0.77)
ENG-00983,2024-12-01,No material driver detected,
ENG-00983,2025-01-01,No material driver detected,
ENG-00984,2024-12-01,No material driver detected,
ENG-00984,2025-01-01,No material driver detected,
ENG-00984,2025-02-01,No material driver detected,
ENG-00984,2025-03-01,No material driver detected,
ENG-00984,2025-04-01,No material driver detected,
ENG-00984,2025-05-01,No material driver detected,
ENG-00984,2025-06-01,No material driver detected,
ENG-00984,2025-07-01,No material driver detected,
ENG-00985,2025-01-01,No material driver detected,
ENG-00985,2025-02-01,No material driver detected,
ENG-00985,2025-03-01,Performance | Client feedback | Sentiment,Performance (+1.36) | Client feedback (+0.70) | Sentiment (+0.58)
ENG-00985,2025-04-01,No material driver detected,
ENG-00985,2025-05-01,Performance | Client feedback | Sentiment,Performance (+4.06) | Client feedback (+1.67) | Sentiment (+1.08)
ENG-00985,2025-06-01,Client feedback | Performance | Sentiment,Client feedback (+1.95) | Performance (+1.29) | Sentiment (+0.76)
ENG-00986,2026-05-01,No material driver detected,
ENG-00986,2026-06-01,No material driver detected,
ENG-00986,2026-07-01,No material driver detected,
ENG-00986,2026-08-01,Client feedback | Performance | Sentiment,Client feedback (+3.01) | Performance (+1.26) | Sentiment (+0.80)
ENG-00987,2026-02-01,No material driver detected,
ENG-00987,2026-03-01,No material driver detected,
ENG-00987,2026-04-01,No material driver detected,
ENG-00987,2026-05-01,No material driver detected,
ENG-00987,2026-06-01,No material driver detected,
ENG-00987,2026-07-01,No material driver detected,
ENG-00987,2026-08-01,No material driver detected,
ENG-00988,2024-08-01,No material driver detected,
ENG-00988,2024-09-01,No material driver detected,
ENG-00988,2024-10-01,Performance | Client feedback | Sentiment,Performance (+1.63) | Client feedback (+1.62) | Sentiment (+0.54)
ENG-00988,2024-11-01,Performance | Sentiment | Client feedback,Performance (+2.83) | Sentiment (+1.57) | Client feedback (+1.22)
ENG-00988,2024-12-01,Client feedback | Sentiment | Performance,Client feedback (+3.13) | Sentiment (+2.49) | Performance (+1.26)
ENG-00988,2025-01-01,Client feedback | Performance | Sentiment,Client feedback (+4.62) | Performance (+4.27) | Sentiment (+2.30)
ENG-00989,2025-07-01,No material driver detected,
ENG-00989,2025-08-01,Performance | Milestone delivery | Client feedback,Performance (+0.92) | Milestone delivery (+0.37) | Client feedback (+0.30)
ENG-00989,2025-09-01,No material driver detected,
ENG-00989,2025-10-01,Client feedback | Sentiment | Performance,Client feedback (+1.18) | Sentiment (+1.15) | Performance (+0.92)
ENG-00989,2025-11-01,No material driver detected,
ENG-00989,2025-12-01,Client feedback | Sentiment | Role profile,Client feedback (+2.20) | Sentiment (+0.42) | Role profile (+0.26)
ENG-00989,2026-01-01,No material driver detected,
ENG-00989,2026-02-01,No material driver detected,
ENG-00989,2026-03-01,No material driver detected,
ENG-00989,2026-04-01,No material driver detected,
ENG-00989,2026-05-01,Performance | Sentiment | Role profile,Performance (+1.25) | Sentiment (+1.17) | Role profile (+0.26)
ENG-00989,2026-06-01,No material driver detected,
ENG-00990,2025-09-01,No material driver detected,
ENG-00990,2025-10-01,No material driver detected,
ENG-00990,2025-11-01,No material driver detected,
ENG-00990,2025-12-01,No material driver detected,
ENG-00990,2026-01-01,No material driver detected,
ENG-00990,2026-02-01,No material driver detected,
ENG-00990,2026-03-01,No material driver detected,
ENG-00990,2026-04-01,No material driver detected,
ENG-00990,2026-05-01,No material driver detected,
ENG-00990,2026-06-01,No material driver detected,
ENG-00991,2026-01-01,No material driver detected,
ENG-00991,2026-02-01,No material driver detected,
ENG-00991,2026-03-01,Client feedback | Performance,Client feedback (+2.51) | Performance (+1.64)
ENG-00991,2026-04-01,Sentiment | Performance | Milestone delivery,Sentiment (+1.55) | Performance (+1.41) | Milestone delivery (+0.32)
ENG-00991,2026-05-01,Client feedback | Performance | Sentiment,Client feedback (+2.93) | Performance (+1.25) | Sentiment (+0.70)
ENG-00992,2025-11-01,No material driver detected,
ENG-00992,2025-12-01,No material driver detected,
ENG-00992,2026-01-01,No material driver detected,
ENG-00992,2026-02-01,No material driver detected,
ENG-00992,2026-03-01,No material driver detected,
ENG-00992,2026-04-01,No material driver detected,
ENG-00992,2026-05-01,No material driver detected,
ENG-00992,2026-06-01,No material driver detected,
ENG-00992,2026-07-01,No material driver detected,
ENG-00992,2026-08-01,No material driver detected,
ENG-00993,2024-11-01,No material driver detected,
ENG-00993,2024-12-01,No material driver detected,
ENG-00993,2025-01-01,No material driver detected,
ENG-00993,2025-02-01,No material driver detected,
ENG-00993,2025-03-01,No material driver detected,
ENG-00993,2025-04-01,No material driver detected,
ENG-00993,2025-05-01,No material driver detected,
ENG-00993,2025-06-01,No material driver detected,
ENG-00993,2025-07-01,No material driver detected,
ENG-00993,2025-08-01,No material driver detected,
ENG-00993,2025-09-01,No material driver detected,
ENG-00993,2025-10-01,No material driver detected,
ENG-00994,2026-04-01,No material driver detected,
ENG-00994,2026-05-01,No material driver detected,
ENG-00994,2026-06-01,No material driver detected,
ENG-00994,2026-07-01,No material driver detected,
ENG-00994,2026-08-01,No material driver detected,
ENG-00995,2026-08-01,No material driver detected,
ENG-00996,2025-03-01,No material driver detected,
ENG-00996,2025-04-01,No material driver detected,
ENG-00996,2025-05-01,No material driver detected,
ENG-00996,2025-06-01,No material driver detected,
ENG-00996,2025-07-01,No material driver detected,
ENG-00996,2025-08-01,No material driver detected,
ENG-00996,2025-09-01,Sentiment | Client feedback,Sentiment (+0.87) | Client feedback (+0.65)
ENG-00996,2025-10-01,No material driver detected,
ENG-00996,2025-11-01,No material driver detected,
ENG-00996,2025-12-01,No material driver detected,
ENG-00997,2025-04-01,No material driver detected,
ENG-00997,2025-05-01,No material driver detected,
ENG-00997,2025-06-01,No material driver detected,
ENG-00997,2025-07-01,No material driver detected,
ENG-00997,2025-08-01,No material driver detected,
ENG-00997,2025-09-01,No material driver detected,
ENG-00997,2025-10-01,No material driver detected,
ENG-00997,2025-11-01,No material driver detected,
ENG-00997,2025-12-01,No material driver detected,
ENG-00997,2026-01-01,No material driver detected,
ENG-00997,2026-02-01,No material driver detected,
ENG-00997,2026-03-01,No material driver detected,
ENG-00998,2024-06-01,No material driver detected,
ENG-00998,2024-07-01,Client feedback | Role profile | Contract stage,Client feedback (+1.54) | Role profile (+0.35) | Contract stage (+0.33)
ENG-00998,2024-08-01,No material driver detected,
ENG-00998,2024-09-01,Client feedback | Role profile | Performance,Client feedback (+1.58) | Role profile (+0.35) | Performance (+0.35)
ENG-00998,2024-10-01,Sentiment | Performance | Role profile,Sentiment (+1.33) | Performance (+1.02) | Role profile (+0.35)
ENG-00998,2024-11-01,No material driver detected,
ENG-00998,2024-12-01,No material driver detected,
ENG-00998,2025-01-01,No material driver detected,
ENG-00998,2025-02-01,No material driver detected,
ENG-00999,2026-04-01,Sentiment | Contract stage | Performance,Sentiment (+0.75) | Contract stage (+0.54) | Performance (+0.20)
ENG-00999,2026-05-01,Client feedback | Performance | Milestone delivery,Client feedback (+2.25) | Performance (+0.89) | Milestone delivery (+0.71)
ENG-00999,2026-06-01,Sentiment | Contract stage | Performance,Sentiment (+1.04) | Contract stage (+0.38) | Performance (+0.27)
ENG-00999,2026-07-01,Client feedback | Performance | Sentiment,Client feedback (+1.78) | Performance (+0.99) | Sentiment (+0.36)
ENG-00999,2026-08-01,Sentiment | Client feedback | Contract stage,Sentiment (+1.23) | Client feedback (+1.09) | Contract stage (+0.22)
ENG-01000,2025-12-01,Sentiment | Contract stage | Performance,Sentiment (+0.90) | Contract stage (+0.47) | Performance (+0.40)
ENG-01000,2026-01-01,No material driver detected,
ENG-01000,2026-02-01,Performance | Milestone delivery | Contract stage,Performance (+1.02) | Milestone delivery (+0.57) | Contract stage (+0.32)
ENG-01000,2026-03-01,Client feedback | Sentiment | Contract stage,Client feedback (+1.19) | Sentiment (+0.63) | Contract stage (+0.24)
ENG-01000,2026-04-01,Client feedback | Sentiment | Performance,Client feedback (+1.65) | Sentiment (+1.51) | Performance (+0.88)
ENG-01000,2026-05-01,No material driver detected,
ENG-01000,2026-06-01,Client feedback | Sentiment | Performance,Client feedback (+1.08) | Sentiment (+0.98) | Performance (+0.81)
ENG-01000,2026-07-01,Sentiment | Performance | Client feedback,Sentiment (+1.45) | Performance (+1.10) | Client feedback (+0.48)
ENG-01001,2024-12-01,No material driver detected,
ENG-01001,2025-01-01,No material driver detected,
ENG-01001,2025-02-01,No material driver detected,
ENG-01001,2025-03-01,No material driver detected,
ENG-01001,2025-04-01,No material driver detected,
ENG-01001,2025-05-01,No material driver detected,
ENG-01001,2025-06-01,No material driver detected,
ENG-01001,2025-07-01,No material driver detected,
ENG-01001,2025-08-01,No material driver detected,
ENG-01001,2025-09-01,No material driver detected,
ENG-01001,2025-10-01,No material driver detected,
ENG-01001,2025-11-01,No material driver detected,
ENG-01002,2024-09-01,Sentiment | Client feedback | Performance,Sentiment (+1.08) | Client feedback (+0.58) | Performance (+0.38)
ENG-01002,2024-10-01,Client feedback | Role profile | Performance,Client feedback (+1.43) | Role profile (+0.26) | Performance (+0.24)
ENG-01002,2024-11-01,Performance | Sentiment | Client feedback,Performance (+1.27) | Sentiment (+1.22) | Client feedback (+0.96)
ENG-01002,2024-12-01,No material driver detected,
ENG-01002,2025-01-01,Performance | Client feedback | Role profile,Performance (+0.95) | Client feedback (+0.72) | Role profile (+0.26)
ENG-01002,2025-02-01,No material driver detected,
ENG-01002,2025-03-01,No material driver detected,
ENG-01002,2025-04-01,Client feedback | Sentiment | Performance,Client feedback (+1.84) | Sentiment (+1.08) | Performance (+0.62)
ENG-01002,2025-05-01,No material driver detected,
ENG-01002,2025-06-01,No material driver detected,
ENG-01002,2025-07-01,Performance | Client feedback | Milestone delivery,Performance (+1.69) | Client feedback (+0.81) | Milestone delivery (+0.48)
ENG-01003,2025-06-01,No material driver detected,
ENG-01003,2025-07-01,No material driver detected,
ENG-01003,2025-08-01,Client feedback | Role profile,Client feedback (+2.46) | Role profile (+0.35)
ENG-01003,2025-09-01,No material driver detected,
ENG-01003,2025-10-01,No material driver detected,
ENG-01003,2025-11-01,No material driver detected,
ENG-01003,2025-12-01,No material driver detected,
ENG-01003,2026-01-01,No material driver detected,
ENG-01003,2026-02-01,No material driver detected,
ENG-01003,2026-03-01,No material driver detected,
ENG-01003,2026-04-01,No material driver detected,
ENG-01004,2026-03-01,Sentiment | Performance | Contract stage,Sentiment (+1.05) | Performance (+0.93) | Contract stage (+0.47)
ENG-01004,2026-04-01,Client feedback | Performance | Sentiment,Client feedback (+2.90) | Performance (+1.41) | Sentiment (+0.81)
ENG-01004,2026-05-01,Performance | Client feedback | Sentiment,Performance (+3.25) | Client feedback (+2.45) | Sentiment (+1.29)
ENG-01004,2026-06-01,Sentiment | Client feedback | Performance,Sentiment (+3.30) | Client feedback (+1.65) | Performance (+1.46)
ENG-01004,2026-07-01,Client feedback | Performance | Sentiment,Client feedback (+4.80) | Performance (+2.53) | Sentiment (+1.54)
ENG-01005,2026-02-01,Client feedback | Sentiment | Performance,Client feedback (+1.10) | Sentiment (+1.09) | Performance (+0.66)
ENG-01005,2026-03-01,Performance | Sentiment | Contract stage,Performance (+2.18) | Sentiment (+0.77) | Contract stage (+0.27)
ENG-01005,2026-04-01,Client feedback | Performance | Sentiment,Client feedback (+2.99) | Performance (+2.27) | Sentiment (+1.42)
ENG-01005,2026-05-01,Client feedback | Sentiment | Performance,Client feedback (+1.94) | Sentiment (+1.70) | Performance (+1.38)
ENG-01005,2026-06-01,Performance | Sentiment | Milestone delivery,Performance (+1.39) | Sentiment (+0.35) | Milestone delivery (+0.17)
ENG-01005,2026-07-01,Client feedback | Sentiment | Milestone delivery,Client feedback (+2.48) | Sentiment (+1.18) | Milestone delivery (+0.70)
ENG-01005,2026-08-01,Performance | Client feedback | Sentiment,Performance (+2.22) | Client feedback (+0.80) | Sentiment (+0.73)
ENG-01006,2026-02-01,No material driver detected,
ENG-01006,2026-03-01,No material driver detected,
ENG-01006,2026-04-01,No material driver detected,
ENG-01006,2026-05-01,No material driver detected,
ENG-01006,2026-06-01,No material driver detected,
ENG-01006,2026-07-01,No material driver detected,
ENG-01006,2026-08-01,No material driver detected,
ENG-01007,2026-06-01,No material driver detected,
ENG-01007,2026-07-01,Client feedback | Sentiment | Performance,Client feedback (+1.40) | Sentiment (+0.63) | Performance (+0.40)
ENG-01007,2026-08-01,Client feedback | Performance | Sentiment,Client feedback (+2.85) | Performance (+2.68) | Sentiment (+1.31)
ENG-01007,2026-09-01,Client feedback | Sentiment | Performance,Client feedback (+3.28) | Sentiment (+2.30) | Performance (+1.57)
ENG-01008,2024-08-01,No material driver detected,
ENG-01008,2024-09-01,No material driver detected,
ENG-01008,2024-10-01,No material driver detected,
ENG-01008,2024-11-01,No material driver detected,
ENG-01008,2024-12-01,No material driver detected,
ENG-01008,2025-01-01,No material driver detected,
ENG-01008,2025-02-01,No material driver detected,
ENG-01008,2025-03-01,No material driver detected,
ENG-01008,2025-04-01,No material driver detected,
ENG-01008,2025-05-01,No material driver detected,
ENG-01008,2025-06-01,No material driver detected,
ENG-01008,2025-07-01,No material driver detected,
ENG-01009,2026-05-01,No material driver detected,
ENG-01009,2026-06-01,No material driver detected,
ENG-01009,2026-07-01,No material driver detected,
ENG-01009,2026-08-01,No material driver detected,
ENG-01009,2026-09-01,No material driver detected,
ENG-01009,2026-10-01,No material driver detected,
ENG-01009,2026-11-01,Client feedback | Performance | Milestone delivery,Client feedback (+2.44) | Performance (+1.11) | Milestone delivery (+0.32)
ENG-01009,2026-12-01,No material driver detected,
ENG-01009,2027-01-01,Client feedback | Sentiment | Performance,Client feedback (+1.70) | Sentiment (+1.68) | Performance (+0.53)
ENG-01009,2027-02-01,Client feedback | Performance | Sentiment,Client feedback (+2.62) | Performance (+1.38) | Sentiment (+0.92)
ENG-01010,2024-01-01,No material driver detected,
ENG-01010,2024-02-01,No material driver detected,
ENG-01010,2024-03-01,No material driver detected,
ENG-01010,2024-04-01,No material driver detected,
ENG-01010,2024-05-01,No material driver detected,
ENG-01010,2024-06-01,No material driver detected,
ENG-01010,2024-07-01,Performance | Client feedback | Role profile,Performance (+1.45) | Client feedback (+1.24) | Role profile (+0.26)
ENG-01010,2024-08-01,No material driver detected,
ENG-01011,2024-07-01,No material driver detected,
ENG-01011,2024-08-01,No material driver detected,
ENG-01011,2024-09-01,No material driver detected,
ENG-01011,2024-10-01,No material driver detected,
ENG-01011,2024-11-01,No material driver detected,
ENG-01011,2024-12-01,No material driver detected,
ENG-01011,2025-01-01,No material driver detected,
ENG-01011,2025-02-01,No material driver detected,
ENG-01011,2025-03-01,No material driver detected,
ENG-01011,2025-04-01,No material driver detected,
ENG-01011,2025-05-01,No material driver detected,
ENG-01012,2025-02-01,No material driver detected,
ENG-01012,2025-03-01,No material driver detected,
ENG-01012,2025-04-01,No material driver detected,
ENG-01012,2025-05-01,No material driver detected,
ENG-01012,2025-06-01,No material driver detected,
ENG-01012,2025-07-01,No material driver detected,
ENG-01012,2025-08-01,Performance | Milestone delivery | Client feedback,Performance (+1.80) | Milestone delivery (+0.28) | Client feedback (+0.17)
ENG-01012,2025-09-01,No material driver detected,
ENG-01012,2025-10-01,No material driver detected,
ENG-01012,2025-11-01,No material driver detected,
ENG-01012,2025-12-01,Client feedback | Performance | Sentiment,Client feedback (+1.84) | Performance (+0.40) | Sentiment (+0.39)
ENG-01012,2026-01-01,No material driver detected,
ENG-01013,2025-03-01,No material driver detected,
ENG-01013,2025-04-01,No material driver detected,
ENG-01013,2025-05-01,No material driver detected,
ENG-01013,2025-06-01,No material driver detected,
ENG-01013,2025-07-01,No material driver detected,
ENG-01013,2025-08-01,No material driver detected,
ENG-01013,2025-09-01,No material driver detected,
ENG-01013,2025-10-01,No material driver detected,
ENG-01013,2025-11-01,No material driver detected,
ENG-01014,2026-01-01,No material driver detected,
ENG-01014,2026-02-01,Performance | Sentiment | Contract stage,Performance (+1.56) | Sentiment (+0.98) | Contract stage (+0.39)
ENG-01014,2026-03-01,No material driver detected,
ENG-01014,2026-04-01,No material driver detected,
ENG-01014,2026-05-01,Client feedback | Performance | Utilisation,Client feedback (+1.40) | Performance (+1.07) | Utilisation (+0.35)
ENG-01014,2026-06-01,No material driver detected,
ENG-01014,2026-07-01,No material driver detected,
ENG-01014,2026-08-01,No material driver detected,
ENG-01015,2026-05-01,No material driver detected,
ENG-01015,2026-06-01,No material driver detected,
ENG-01015,2026-07-01,No material driver detected,
ENG-01015,2026-08-01,No material driver detected,
ENG-01016,2024-01-01,No material driver detected,
ENG-01016,2024-02-01,No material driver detected,
ENG-01016,2024-03-01,No material driver detected,
ENG-01016,2024-04-01,No material driver detected,
ENG-01016,2024-05-01,No material driver detected,
ENG-01016,2024-06-01,No material driver detected,
ENG-01016,2024-07-01,No material driver detected,
ENG-01016,2024-08-01,No material driver detected,
ENG-01016,2024-09-01,No material driver detected,
ENG-01017,2025-12-01,No material driver detected,
ENG-01017,2026-01-01,No material driver detected,
ENG-01017,2026-02-01,No material driver detected,
ENG-01017,2026-03-01,No material driver detected,
ENG-01017,2026-04-01,No material driver detected,
ENG-01017,2026-05-01,No material driver detected,
ENG-01017,2026-06-01,No material driver detected,
ENG-01017,2026-07-01,No material driver detected,
ENG-01017,2026-08-01,No material driver detected,
ENG-01018,2025-09-01,No material driver detected,
ENG-01018,2025-10-01,No material driver detected,
ENG-01018,2025-11-01,Performance | Client feedback | Sentiment,Performance (+1.13) | Client feedback (+0.95) | Sentiment (+0.48)
ENG-01018,2025-12-01,No material driver detected,
ENG-01018,2026-01-01,No material driver detected,
ENG-01018,2026-02-01,Performance | Sentiment | Client feedback,Performance (+1.02) | Sentiment (+0.74) | Client feedback (+0.37)
ENG-01018,2026-03-01,No material driver detected,
ENG-01018,2026-04-01,Client feedback | Performance | Sentiment,Client feedback (+1.08) | Performance (+0.78) | Sentiment (+0.56)
ENG-01018,2026-05-01,No material driver detected,
ENG-01018,2026-06-01,No material driver detected,
ENG-01018,2026-07-01,Sentiment | Client feedback | Milestone delivery,Sentiment (+1.61) | Client feedback (+0.93) | Milestone delivery (+0.57)
ENG-01018,2026-08-01,No material driver detected,
ENG-01019,2026-03-01,No material driver detected,
ENG-01019,2026-04-01,No material driver detected,
ENG-01019,2026-05-01,No material driver detected,
ENG-01019,2026-06-01,No material driver detected,
ENG-01019,2026-07-01,No material driver detected,
ENG-01019,2026-08-01,No material driver detected,
ENG-01020,2024-02-01,No material driver detected,
ENG-01020,2024-03-01,No material driver detected,
ENG-01020,2024-04-01,Client feedback | Performance | Contract stage,Client feedback (+1.01) | Performance (+0.60) | Contract stage (+0.38)
ENG-01020,2024-05-01,Client feedback | Performance | Contract stage,Client feedback (+1.30) | Performance (+0.89) | Contract stage (+0.30)
ENG-01020,2024-06-01,No material driver detected,
ENG-01020,2024-07-01,Sentiment | Performance | Client feedback,Sentiment (+0.44) | Performance (+0.29) | Client feedback (+0.27)
ENG-01020,2024-08-01,No material driver detected,
ENG-01021,2024-06-01,No material driver detected,
ENG-01021,2024-07-01,No material driver detected,
ENG-01021,2024-08-01,No material driver detected,
ENG-01021,2024-09-01,No material driver detected,
ENG-01021,2024-10-01,Performance | Milestone delivery | Client feedback,Performance (+2.32) | Milestone delivery (+0.47) | Client feedback (+0.29)
ENG-01021,2024-11-01,No material driver detected,
ENG-01021,2024-12-01,No material driver detected,
ENG-01021,2025-01-01,Client feedback | Sentiment | Milestone delivery,Client feedback (+1.65) | Sentiment (+0.69) | Milestone delivery (+0.55)
ENG-01022,2025-10-01,No material driver detected,
ENG-01022,2025-11-01,No material driver detected,
ENG-01022,2025-12-01,No material driver detected,
ENG-01022,2026-01-01,No material driver detected,
ENG-01022,2026-02-01,No material driver detected,
ENG-01022,2026-03-01,Client feedback | Performance | Role profile,Client feedback (+2.30) | Performance (+0.65) | Role profile (+0.25)
ENG-01022,2026-04-01,No material driver detected,
ENG-01022,2026-05-01,No material driver detected,
ENG-01022,2026-06-01,No material driver detected,
ENG-01023,2026-01-01,No material driver detected,
ENG-01023,2026-02-01,No material driver detected,
ENG-01023,2026-03-01,No material driver detected,
ENG-01023,2026-04-01,No material driver detected,
ENG-01023,2026-05-01,No material driver detected,
ENG-01023,2026-06-01,No material driver detected,
ENG-01023,2026-07-01,No material driver detected,
ENG-01023,2026-08-01,No material driver detected,
ENG-01024,2025-08-01,No material driver detected,
ENG-01024,2025-09-01,No material driver detected,
ENG-01024,2025-10-01,No material driver detected,
ENG-01024,2025-11-01,No material driver detected,
ENG-01024,2025-12-01,No material driver detected,
ENG-01024,2026-01-01,No material driver detected,
ENG-01024,2026-02-01,No material driver detected,
ENG-01024,2026-03-01,No material driver detected,
ENG-01024,2026-04-01,No material driver detected,
ENG-01025,2026-05-01,No material driver detected,
ENG-01025,2026-06-01,No material driver detected,
ENG-01025,2026-07-01,No material driver detected,
ENG-01025,2026-08-01,No material driver detected,
ENG-01026,2025-10-01,No material driver detected,
ENG-01026,2025-11-01,No material driver detected,
ENG-01026,2025-12-01,Client feedback | Performance | Sentiment,Client feedback (+2.36) | Performance (+1.34) | Sentiment (+0.55)
ENG-01026,2026-01-01,Sentiment | Performance | Contract stage,Sentiment (+1.70) | Performance (+0.77) | Contract stage (+0.18)
ENG-01026,2026-02-01,Client feedback | Performance | Sentiment,Client feedback (+2.46) | Performance (+1.77) | Sentiment (+1.09)
ENG-01027,2026-03-01,No material driver detected,
ENG-01027,2026-04-01,Client feedback | Sentiment | Milestone delivery,Client feedback (+1.38) | Sentiment (+1.36) | Milestone delivery (+0.47)
ENG-01027,2026-05-01,Client feedback | Performance | Sentiment,Client feedback (+3.20) | Performance (+1.96) | Sentiment (+0.55)
ENG-01027,2026-06-01,Client feedback | Sentiment | Milestone delivery,Client feedback (+3.37) | Sentiment (+2.43) | Milestone delivery (+0.57)
ENG-01027,2026-07-01,Performance | Client feedback | Sentiment,Performance (+4.36) | Client feedback (+2.55) | Sentiment (+2.17)
ENG-01028,2024-03-01,No material driver detected,
ENG-01028,2024-04-01,Client feedback | Milestone delivery | Contract stage,Client feedback (+1.35) | Milestone delivery (+0.59) | Contract stage (+0.46)
ENG-01028,2024-05-01,No material driver detected,
ENG-01028,2024-06-01,No material driver detected,
ENG-01028,2024-07-01,No material driver detected,
ENG-01028,2024-08-01,No material driver detected,
ENG-01028,2024-09-01,No material driver detected,
ENG-01029,2026-06-01,No material driver detected,
ENG-01029,2026-07-01,Client feedback | Role profile | Utilisation,Client feedback (+1.45) | Role profile (+0.35) | Utilisation (+0.33)
ENG-01029,2026-08-01,No material driver detected,
ENG-01029,2026-09-01,Performance | Client feedback | Sentiment,Performance (+1.65) | Client feedback (+0.46) | Sentiment (+0.45)
ENG-01029,2026-10-01,Client feedback | Milestone delivery | Role profile,Client feedback (+1.29) | Milestone delivery (+0.59) | Role profile (+0.35)
ENG-01030,2025-04-01,No material driver detected,
ENG-01030,2025-05-01,Performance | Contract stage | Role profile,Performance (+1.58) | Contract stage (+0.46) | Role profile (+0.26)
ENG-01030,2025-06-01,No material driver detected,
ENG-01030,2025-07-01,Client feedback | Sentiment | Milestone delivery,Client feedback (+2.30) | Sentiment (+1.23) | Milestone delivery (+0.60)
ENG-01030,2025-08-01,Performance | Client feedback | Sentiment,Performance (+3.32) | Client feedback (+1.96) | Sentiment (+1.03)
ENG-01031,2026-08-01,No material driver detected,
ENG-01032,2025-03-01,No material driver detected,
ENG-01032,2025-04-01,Client feedback | Sentiment | Contract stage,Client feedback (+1.25) | Sentiment (+0.60) | Contract stage (+0.21)
ENG-01032,2025-05-01,Performance | Milestone delivery | Sentiment,Performance (+0.54) | Milestone delivery (+0.32) | Sentiment (+0.19)
ENG-01032,2025-06-01,No material driver detected,
ENG-01032,2025-07-01,No material driver detected,
ENG-01032,2025-08-01,No material driver detected,
ENG-01032,2025-09-01,No material driver detected,
ENG-01032,2025-10-01,No material driver detected,
ENG-01032,2025-11-01,Performance | Client feedback | Sentiment,Performance (+1.74) | Client feedback (+0.80) | Sentiment (+0.66)
ENG-01032,2025-12-01,No material driver detected,
ENG-01032,2026-01-01,No material driver detected,
ENG-01033,2025-05-01,No material driver detected,
ENG-01033,2025-06-01,Performance | Sentiment | Client feedback,Performance (+2.22) | Sentiment (+1.78) | Client feedback (+1.30)
ENG-01033,2025-07-01,Performance | Client feedback | Sentiment,Performance (+0.90) | Client feedback (+0.85) | Sentiment (+0.68)
ENG-01033,2025-08-01,Client feedback | Performance | Sentiment,Client feedback (+2.10) | Performance (+2.02) | Sentiment (+1.41)
ENG-01034,2026-07-01,Client feedback | Performance | Sentiment,Client feedback (+1.43) | Performance (+1.03) | Sentiment (+0.82)
ENG-01034,2026-08-01,Client feedback | Performance | Sentiment,Client feedback (+2.25) | Performance (+2.15) | Sentiment (+2.09)
ENG-01034,2026-09-01,Performance | Client feedback | Sentiment,Performance (+2.46) | Client feedback (+1.80) | Sentiment (+1.63)
ENG-01034,2026-10-01,Performance | Client feedback | Sentiment,Performance (+2.86) | Client feedback (+2.52) | Sentiment (+2.24)
ENG-01035,2025-05-01,No material driver detected,
ENG-01035,2025-06-01,No material driver detected,
ENG-01035,2025-07-01,Client feedback | Sentiment | Performance,Client feedback (+0.95) | Sentiment (+0.43) | Performance (+0.35)
ENG-01035,2025-08-01,No material driver detected,
ENG-01035,2025-09-01,No material driver detected,
ENG-01035,2025-10-01,No material driver detected,
ENG-01035,2025-11-01,No material driver detected,
ENG-01035,2025-12-01,No material driver detected,
ENG-01035,2026-01-01,No material driver detected,
ENG-01035,2026-02-01,No material driver detected,
ENG-01035,2026-03-01,No material driver detected,
ENG-01036,2024-01-01,No material driver detected,
ENG-01036,2024-02-01,Performance | Client feedback | Role profile,Performance (+1.74) | Client feedback (+0.53) | Role profile (+0.26)
ENG-01036,2024-03-01,Client feedback | Sentiment | Performance,Client feedback (+2.92) | Sentiment (+1.55) | Performance (+1.18)
ENG-01036,2024-04-01,Client feedback | Sentiment | Performance,Client feedback (+2.85) | Sentiment (+1.67) | Performance (+1.49)
ENG-01037,2025-04-01,No material driver detected,
ENG-01037,2025-05-01,Client feedback | Sentiment | Contract stage,Client feedback (+2.07) | Sentiment (+0.76) | Contract stage (+0.46)
ENG-01037,2025-06-01,No material driver detected,
ENG-01037,2025-07-01,Client feedback | Performance | Sentiment,Client feedback (+1.50) | Performance (+1.30) | Sentiment (+1.16)
ENG-01037,2025-08-01,No material driver detected,
ENG-01037,2025-09-01,Client feedback | Performance | Milestone delivery,Client feedback (+0.76) | Performance (+0.68) | Milestone delivery (+0.47)
ENG-01037,2025-10-01,Client feedback | Sentiment | Utilisation,Client feedback (+1.60) | Sentiment (+1.22) | Utilisation (+0.37)
ENG-01038,2024-09-01,No material driver detected,
ENG-01038,2024-10-01,No material driver detected,
ENG-01038,2024-11-01,No material driver detected,
ENG-01038,2024-12-01,No material driver detected,
ENG-01038,2025-01-01,No material driver detected,
ENG-01038,2025-02-01,No material driver detected,
ENG-01038,2025-03-01,No material driver detected,
ENG-01038,2025-04-01,No material driver detected,
ENG-01038,2025-05-01,No material driver detected,
ENG-01038,2025-06-01,No material driver detected,
ENG-01038,2025-07-01,No material driver detected,
ENG-01039,2025-11-01,No material driver detected,
ENG-01039,2025-12-01,No material driver detected,
ENG-01039,2026-01-01,No material driver detected,
ENG-01039,2026-02-01,No material driver detected,
ENG-01039,2026-03-01,No material driver detected,
ENG-01039,2026-04-01,No material driver detected,
ENG-01039,2026-05-01,No material driver detected,
ENG-01039,2026-06-01,No material driver detected,
ENG-01039,2026-07-01,No material driver detected,
ENG-01039,2026-08-01,No material driver detected,
ENG-01040,2024-03-01,No material driver detected,
ENG-01040,2024-04-01,No material driver detected,
ENG-01040,2024-05-01,No material driver detected,
ENG-01040,2024-06-01,No material driver detected,
ENG-01040,2024-07-01,No material driver detected,
ENG-01040,2024-08-01,No material driver detected,
ENG-01040,2024-09-01,No material driver detected,
ENG-01040,2024-10-01,No material driver detected,
ENG-01040,2024-11-01,No material driver detected,
ENG-01040,2024-12-01,No material driver detected,
ENG-01040,2025-01-01,No material driver detected,
ENG-01041,2024-02-01,No material driver detected,
ENG-01041,2024-03-01,No material driver detected,
ENG-01041,2024-04-01,No material driver detected,
ENG-01041,2024-05-01,No material driver detected,
ENG-01041,2024-06-01,No material driver detected,
ENG-01041,2024-07-01,No material driver detected,
ENG-01041,2024-08-01,No material driver detected,
ENG-01042,2024-05-01,No material driver detected,
ENG-01042,2024-06-01,No material driver detected,
ENG-01042,2024-07-01,No material driver detected,
ENG-01042,2024-08-01,No material driver detected,
ENG-01042,2024-09-01,No material driver detected,
ENG-01042,2024-10-01,No material driver detected,
ENG-01042,2024-11-01,No material driver detected,
ENG-01042,2024-12-01,No material driver detected,
ENG-01042,2025-01-01,No material driver detected,
ENG-01043,2024-10-01,No material driver detected,
ENG-01043,2024-11-01,Sentiment | Client feedback | Milestone delivery,Sentiment (+1.41) | Client feedback (+1.28) | Milestone delivery (+0.25)
ENG-01043,2024-12-01,No material driver detected,
ENG-01043,2025-01-01,Performance | Client feedback | Sentiment,Performance (+1.36) | Client feedback (+0.77) | Sentiment (+0.38)
ENG-01043,2025-02-01,No material driver detected,
ENG-01043,2025-03-01,No material driver detected,
ENG-01043,2025-04-01,No material driver detected,
ENG-01043,2025-05-01,No material driver detected,
ENG-01043,2025-06-01,No material driver detected,
ENG-01043,2025-07-01,Sentiment | Performance | Milestone delivery,Sentiment (+1.36) | Performance (+1.09) | Milestone delivery (+0.45)
ENG-01043,2025-08-01,No material driver detected,
ENG-01043,2025-09-01,No material driver detected,
ENG-01043,2025-10-01,Performance | Sentiment | Client feedback,Performance (+2.58) | Sentiment (+1.94) | Client feedback (+0.77)
ENG-01044,2024-02-01,No material driver detected,
ENG-01044,2024-03-01,Client feedback | Performance | Contract stage,Client feedback (+1.54) | Performance (+0.44) | Contract stage (+0.33)
ENG-01044,2024-04-01,No material driver detected,
ENG-01044,2024-05-01,No material driver detected,
ENG-01044,2024-06-01,Performance | Sentiment,Performance (+2.54) | Sentiment (+0.91)
ENG-01044,2024-07-01,No material driver detected,
ENG-01044,2024-08-01,Client feedback | Performance,Client feedback (+1.35) | Performance (+0.83)
ENG-01044,2024-09-01,No material driver detected,
ENG-01044,2024-10-01,No material driver detected,
ENG-01045,2024-06-01,No material driver detected,
ENG-01045,2024-07-01,No material driver detected,
ENG-01045,2024-08-01,No material driver detected,
ENG-01045,2024-09-01,No material driver detected,
ENG-01045,2024-10-01,No material driver detected,
ENG-01045,2024-11-01,No material driver detected,
ENG-01045,2024-12-01,Sentiment | Performance | Role profile,Sentiment (+0.75) | Performance (+0.71) | Role profile (+0.26)
ENG-01045,2025-01-01,No material driver detected,
ENG-01045,2025-02-01,No material driver detected,
ENG-01046,2026-02-01,Client feedback | Sentiment | Performance,Client feedback (+1.12) | Sentiment (+0.65) | Performance (+0.49)
ENG-01046,2026-03-01,No material driver detected,
ENG-01046,2026-04-01,Sentiment | Client feedback | Performance,Sentiment (+0.79) | Client feedback (+0.73) | Performance (+0.50)
ENG-01046,2026-05-01,Client feedback | Performance | Milestone delivery,Client feedback (+1.63) | Performance (+0.69) | Milestone delivery (+0.33)
ENG-01046,2026-06-01,Sentiment | Client feedback | Role profile,Sentiment (+1.59) | Client feedback (+1.28) | Role profile (+0.26)
ENG-01046,2026-07-01,Performance | Milestone delivery | Client feedback,Performance (+2.14) | Milestone delivery (+0.48) | Client feedback (+0.34)
ENG-01046,2026-08-01,Client feedback | Sentiment | Performance,Client feedback (+2.53) | Sentiment (+2.06) | Performance (+2.01)
ENG-01047,2024-01-01,No material driver detected,
ENG-01047,2024-02-01,No material driver detected,
ENG-01047,2024-03-01,No material driver detected,
ENG-01047,2024-04-01,No material driver detected,
ENG-01047,2024-05-01,No material driver detected,
ENG-01047,2024-06-01,No material driver detected,
ENG-01047,2024-07-01,No material driver detected,
ENG-01048,2024-09-01,No material driver detected,
ENG-01048,2024-10-01,No material driver detected,
ENG-01048,2024-11-01,No material driver detected,
ENG-01048,2024-12-01,No material driver detected,
ENG-01048,2025-01-01,Sentiment | Performance,Sentiment (+1.81) | Performance (+1.45)
ENG-01048,2025-02-01,No material driver detected,
ENG-01048,2025-03-01,No material driver detected,
ENG-01048,2025-04-01,No material driver detected,
ENG-01048,2025-05-01,No material driver detected,
ENG-01048,2025-06-01,No material driver detected,
ENG-01048,2025-07-01,No material driver detected,
ENG-01049,2026-07-01,No material driver detected,
ENG-01049,2026-08-01,No material driver detected,
ENG-01049,2026-09-01,Client feedback | Sentiment | Contract stage,Client feedback (+1.16) | Sentiment (+1.04) | Contract stage (+0.32)
ENG-01049,2026-10-01,Client feedback | Sentiment | Performance,Client feedback (+2.65) | Sentiment (+2.19) | Performance (+2.02)
ENG-01049,2026-11-01,Performance | Client feedback | Milestone delivery,Performance (+2.43) | Client feedback (+1.76) | Milestone delivery (+0.73)
ENG-01050,2024-02-01,No material driver detected,
ENG-01050,2024-03-01,No material driver detected,
ENG-01050,2024-04-01,No material driver detected,
ENG-01050,2024-05-01,No material driver detected,
ENG-01050,2024-06-01,No material driver detected,
ENG-01050,2024-07-01,No material driver detected,
ENG-01050,2024-08-01,No material driver detected,
ENG-01050,2024-09-01,No material driver detected,
ENG-01050,2024-10-01,No material driver detected,
ENG-01050,2024-11-01,No material driver detected,
ENG-01050,2024-12-01,Client feedback | Sentiment | Role profile,Client feedback (+1.19) | Sentiment (+0.57) | Role profile (+0.35)
ENG-01050,2025-01-01,No material driver detected,
ENG-01051,2026-02-01,No material driver detected,
ENG-01051,2026-03-01,No material driver detected,
ENG-01051,2026-04-01,No material driver detected,
ENG-01051,2026-05-01,No material driver detected,
ENG-01051,2026-06-01,No material driver detected,
ENG-01051,2026-07-01,Performance | Client feedback | Sentiment,Performance (+1.43) | Client feedback (+1.31) | Sentiment (+1.06)
ENG-01051,2026-08-01,Client feedback | Performance | Sentiment,Client feedback (+2.96) | Performance (+1.91) | Sentiment (+0.97)
ENG-01051,2026-09-01,Client feedback | Performance | Sentiment,Client feedback (+1.90) | Performance (+1.49) | Sentiment (+1.18)
ENG-01052,2025-01-01,No material driver detected,
ENG-01052,2025-02-01,No material driver detected,
ENG-01052,2025-03-01,Client feedback | Role profile,Client feedback (+1.91) | Role profile (+0.35)
ENG-01052,2025-04-01,Client feedback | Performance | Role profile,Client feedback (+0.68) | Performance (+0.38) | Role profile (+0.35)
ENG-01052,2025-05-01,Sentiment | Client feedback | Performance,Sentiment (+2.22) | Client feedback (+1.54) | Performance (+1.42)
ENG-01052,2025-06-01,Client feedback | Performance | Sentiment,Client feedback (+3.82) | Performance (+1.74) | Sentiment (+0.89)
ENG-01052,2025-07-01,Sentiment | Client feedback | Performance,Sentiment (+2.00) | Client feedback (+1.64) | Performance (+1.15)
ENG-01053,2024-12-01,Sentiment | Performance | Contract stage,Sentiment (+0.64) | Performance (+0.60) | Contract stage (+0.41)
ENG-01053,2025-01-01,Client feedback | Performance | Milestone delivery,Client feedback (+3.75) | Performance (+2.37) | Milestone delivery (+0.35)
ENG-01053,2025-02-01,Client feedback | Performance | Sentiment,Client feedback (+2.14) | Performance (+1.66) | Sentiment (+0.59)
ENG-01053,2025-03-01,Sentiment | Client feedback | Performance,Sentiment (+2.44) | Client feedback (+1.49) | Performance (+1.46)
ENG-01053,2025-04-01,Client feedback | Performance | Milestone delivery,Client feedback (+3.71) | Performance (+2.86) | Milestone delivery (+0.93)
ENG-01054,2025-12-01,No material driver detected,
ENG-01054,2026-01-01,No material driver detected,
ENG-01054,2026-02-01,Client feedback | Role profile | Milestone delivery,Client feedback (+1.79) | Role profile (+0.25) | Milestone delivery (+0.21)
ENG-01054,2026-03-01,No material driver detected,
ENG-01054,2026-04-01,No material driver detected,
ENG-01054,2026-05-01,No material driver detected,
ENG-01054,2026-06-01,No material driver detected,
ENG-01054,2026-07-01,No material driver detected,
ENG-01054,2026-08-01,No material driver detected,
ENG-01055,2025-08-01,No material driver detected,
ENG-01055,2025-09-01,Performance | Client feedback | Sentiment,Performance (+2.17) | Client feedback (+1.22) | Sentiment (+0.60)
ENG-01055,2025-10-01,Client feedback | Performance | Sentiment,Client feedback (+2.77) | Performance (+2.41) | Sentiment (+1.89)
ENG-01055,2025-11-01,Performance | Client feedback | Sentiment,Performance (+3.46) | Client feedback (+1.97) | Sentiment (+1.67)
ENG-01056,2024-10-01,Client feedback | Sentiment | Performance,Client feedback (+0.93) | Sentiment (+0.78) | Performance (+0.38)
ENG-01056,2024-11-01,No material driver detected,
ENG-01056,2024-12-01,No material driver detected,
ENG-01056,2025-01-01,No material driver detected,
ENG-01056,2025-02-01,Performance | Client feedback | Milestone delivery,Performance (+0.81) | Client feedback (+0.54) | Milestone delivery (+0.28)
ENG-01056,2025-03-01,No material driver detected,
ENG-01056,2025-04-01,No material driver detected,
ENG-01056,2025-05-01,No material driver detected,
ENG-01056,2025-06-01,No material driver detected,
ENG-01056,2025-07-01,Client feedback | Performance | Sentiment,Client feedback (+1.07) | Performance (+0.75) | Sentiment (+0.27)
ENG-01056,2025-08-01,No material driver detected,
ENG-01056,2025-09-01,Performance | Sentiment | Client feedback,Performance (+1.66) | Sentiment (+1.02) | Client feedback (+0.56)
ENG-01056,2025-10-01,No material driver detected,
ENG-01057,2024-08-01,No material driver detected,
ENG-01057,2024-09-01,No material driver detected,
ENG-01057,2024-10-01,Performance | Sentiment | Milestone delivery,Performance (+1.11) | Sentiment (+1.09) | Milestone delivery (+0.39)
ENG-01057,2024-11-01,No material driver detected,
ENG-01057,2024-12-01,No material driver detected,
ENG-01057,2025-01-01,No material driver detected,
ENG-01057,2025-02-01,Client feedback | Performance | Role profile,Client feedback (+1.90) | Performance (+0.89) | Role profile (+0.25)
ENG-01057,2025-03-01,No material driver detected,
ENG-01058,2025-10-01,No material driver detected,
ENG-01058,2025-11-01,No material driver detected,
ENG-01058,2025-12-01,No material driver detected,
ENG-01058,2026-01-01,No material driver detected,
ENG-01058,2026-02-01,No material driver detected,
ENG-01058,2026-03-01,No material driver detected,
ENG-01058,2026-04-01,No material driver detected,
ENG-01058,2026-05-01,No material driver detected,
ENG-01058,2026-06-01,No material driver detected,
ENG-01058,2026-07-01,No material driver detected,
ENG-01058,2026-08-01,No material driver detected,
ENG-01059,2026-04-01,No material driver detected,
ENG-01059,2026-05-01,Client feedback | Performance,Client feedback (+1.54) | Performance (+1.00)
ENG-01059,2026-06-01,No material driver detected,
ENG-01059,2026-07-01,Performance | Client feedback | Milestone delivery,Performance (+1.80) | Client feedback (+0.54) | Milestone delivery (+0.41)
ENG-01059,2026-08-01,No material driver detected,
ENG-01060,2024-11-01,No material driver detected,
ENG-01060,2024-12-01,No material driver detected,
ENG-01060,2025-01-01,No material driver detected,
ENG-01060,2025-02-01,No material driver detected,
ENG-01060,2025-03-01,No material driver detected,
ENG-01060,2025-04-01,No material driver detected,
ENG-01060,2025-05-01,No material driver detected,
ENG-01060,2025-06-01,No material driver detected,
ENG-01061,2025-05-01,No material driver detected,
ENG-01061,2025-06-01,No material driver detected,
ENG-01061,2025-07-01,No material driver detected,
ENG-01061,2025-08-01,Sentiment | Performance | Role profile,Sentiment (+0.90) | Performance (+0.70) | Role profile (+0.25)
ENG-01061,2025-09-01,Client feedback | Performance | Sentiment,Client feedback (+2.32) | Performance (+1.13) | Sentiment (+0.80)
ENG-01061,2025-10-01,Sentiment | Performance | Client feedback,Sentiment (+2.10) | Performance (+0.84) | Client feedback (+0.66)
ENG-01061,2025-11-01,Performance | Client feedback | Role profile,Performance (+1.66) | Client feedback (+1.31) | Role profile (+0.25)
ENG-01061,2025-12-01,Client feedback | Sentiment | Performance,Client feedback (+4.00) | Sentiment (+2.98) | Performance (+1.64)
ENG-01062,2024-06-01,No material driver detected,
ENG-01062,2024-07-01,No material driver detected,
ENG-01062,2024-08-01,No material driver detected,
ENG-01062,2024-09-01,No material driver detected,
ENG-01062,2024-10-01,No material driver detected,
ENG-01062,2024-11-01,No material driver detected,
ENG-01062,2024-12-01,No material driver detected,
ENG-01062,2025-01-01,No material driver detected,
ENG-01062,2025-02-01,No material driver detected,
ENG-01063,2024-04-01,No material driver detected,
ENG-01063,2024-05-01,No material driver detected,
ENG-01063,2024-06-01,No material driver detected,
ENG-01063,2024-07-01,No material driver detected,
ENG-01063,2024-08-01,No material driver detected,
ENG-01063,2024-09-01,No material driver detected,
ENG-01063,2024-10-01,No material driver detected,
ENG-01063,2024-11-01,Client feedback | Sentiment | Milestone delivery,Client feedback (+2.50) | Sentiment (+0.23) | Milestone delivery (+0.17)
ENG-01064,2026-07-01,No material driver detected,
ENG-01064,2026-08-01,No material driver detected,
ENG-01065,2024-11-01,No material driver detected,
ENG-01065,2024-12-01,No material driver detected,
ENG-01065,2025-01-01,No material driver detected,
ENG-01065,2025-02-01,No material driver detected,
ENG-01065,2025-03-01,No material driver detected,
ENG-01065,2025-04-01,No material driver detected,
ENG-01065,2025-05-01,No material driver detected,
ENG-01065,2025-06-01,No material driver detected,
ENG-01065,2025-07-01,No material driver detected,
ENG-01066,2025-05-01,No material driver detected,
ENG-01066,2025-06-01,No material driver detected,
ENG-01066,2025-07-01,Client feedback | Performance | Contract stage,Client feedback (+1.33) | Performance (+1.19) | Contract stage (+0.32)
ENG-01066,2025-08-01,No material driver detected,
ENG-01066,2025-09-01,No material driver detected,
ENG-01066,2025-10-01,No material driver detected,
ENG-01066,2025-11-01,No material driver detected,
ENG-01066,2025-12-01,No material driver detected,
ENG-01067,2026-07-01,No material driver detected,
ENG-01067,2026-08-01,No material driver detected,
ENG-01068,2024-09-01,No material driver detected,
ENG-01068,2024-10-01,No material driver detected,
ENG-01068,2024-11-01,No material driver detected,
ENG-01068,2024-12-01,No material driver detected,
ENG-01068,2025-01-01,No material driver detected,
ENG-01068,2025-02-01,No material driver detected,
ENG-01068,2025-03-01,No material driver detected,
ENG-01068,2025-04-01,No material driver detected,
ENG-01068,2025-05-01,No material driver detected,
ENG-01068,2025-06-01,No material driver detected,
ENG-01069,2026-07-01,No material driver detected,
ENG-01069,2026-08-01,Performance | Sentiment | Client feedback,Performance (+2.37) | Sentiment (+1.27) | Client feedback (+1.16)
ENG-01069,2026-09-01,Client feedback | Milestone delivery | Sentiment,Client feedback (+1.16) | Milestone delivery (+0.71) | Sentiment (+0.46)
ENG-01069,2026-10-01,Performance | Client feedback | Sentiment,Performance (+3.38) | Client feedback (+2.25) | Sentiment (+2.00)
ENG-01069,2026-11-01,Client feedback | Performance | Sentiment,Client feedback (+3.06) | Performance (+2.44) | Sentiment (+1.62)
ENG-01070,2025-12-01,Sentiment | Contract stage | Client feedback,Sentiment (+1.21) | Contract stage (+0.54) | Client feedback (+0.33)
ENG-01070,2026-01-01,No material driver detected,
ENG-01070,2026-02-01,Client feedback | Contract stage | Role profile,Client feedback (+2.55) | Contract stage (+0.38) | Role profile (+0.26)
ENG-01070,2026-03-01,Sentiment | Contract stage | Milestone delivery,Sentiment (+1.41) | Contract stage (+0.30) | Milestone delivery (+0.28)
ENG-01070,2026-04-01,No material driver detected,
ENG-01070,2026-05-01,Performance | Sentiment | Role profile,Performance (+1.52) | Sentiment (+1.09) | Role profile (+0.26)
ENG-01070,2026-06-01,No material driver detected,
ENG-01071,2024-02-01,No material driver detected,
ENG-01071,2024-03-01,No material driver detected,
ENG-01071,2024-04-01,Client feedback | Performance | Milestone delivery,Client feedback (+2.38) | Performance (+0.77) | Milestone delivery (+0.30)
ENG-01071,2024-05-01,No material driver detected,
ENG-01071,2024-06-01,Client feedback | Sentiment | Milestone delivery,Client feedback (+2.48) | Sentiment (+0.92) | Milestone delivery (+0.77)
ENG-01071,2024-07-01,Performance | Sentiment | Client feedback,Performance (+1.31) | Sentiment (+0.54) | Client feedback (+0.47)
ENG-01072,2025-12-01,No material driver detected,
ENG-01072,2026-01-01,No material driver detected,
ENG-01072,2026-02-01,No material driver detected,
ENG-01072,2026-03-01,No material driver detected,
ENG-01072,2026-04-01,No material driver detected,
ENG-01072,2026-05-01,No material driver detected,
ENG-01072,2026-06-01,No material driver detected,
ENG-01072,2026-07-01,No material driver detected,
ENG-01072,2026-08-01,No material driver detected,
ENG-01073,2025-11-01,No material driver detected,
ENG-01073,2025-12-01,No material driver detected,
ENG-01073,2026-01-01,No material driver detected,
ENG-01073,2026-02-01,No material driver detected,
ENG-01073,2026-03-01,No material driver detected,
ENG-01073,2026-04-01,No material driver detected,
ENG-01073,2026-05-01,No material driver detected,
ENG-01073,2026-06-01,No material driver detected,
ENG-01073,2026-07-01,No material driver detected,
ENG-01073,2026-08-01,No material driver detected,
ENG-01074,2025-05-01,No material driver detected,
ENG-01074,2025-06-01,Sentiment | Client feedback | Role profile,Sentiment (+0.53) | Client feedback (+0.36) | Role profile (+0.35)
ENG-01074,2025-07-01,No material driver detected,
ENG-01074,2025-08-01,No material driver detected,
ENG-01074,2025-09-01,Performance | Client feedback | Role profile,Performance (+1.12) | Client feedback (+0.76) | Role profile (+0.35)
ENG-01074,2025-10-01,No material driver detected,
ENG-01074,2025-11-01,Client feedback | Role profile | Milestone delivery,Client feedback (+0.88) | Role profile (+0.35) | Milestone delivery (+0.15)
ENG-01074,2025-12-01,No material driver detected,
ENG-01074,2026-01-01,No material driver detected,
ENG-01074,2026-02-01,Client feedback | Sentiment | Performance,Client feedback (+2.07) | Sentiment (+0.66) | Performance (+0.52)
ENG-01074,2026-03-01,Performance | Client feedback | Role profile,Performance (+1.31) | Client feedback (+0.60) | Role profile (+0.35)
ENG-01074,2026-04-01,No material driver detected,
ENG-01074,2026-05-01,No material driver detected,
ENG-01075,2025-06-01,No material driver detected,
ENG-01075,2025-07-01,No material driver detected,
ENG-01075,2025-08-01,No material driver detected,
ENG-01075,2025-09-01,No material driver detected,
ENG-01075,2025-10-01,No material driver detected,
ENG-01075,2025-11-01,No material driver detected,
ENG-01075,2025-12-01,No material driver detected,
ENG-01075,2026-01-01,No material driver detected,
ENG-01075,2026-02-01,No material driver detected,
ENG-01076,2025-09-01,Sentiment | Contract stage | Utilisation,Sentiment (+0.66) | Contract stage (+0.54) | Utilisation (+0.20)
ENG-01076,2025-10-01,No material driver detected,
ENG-01076,2025-11-01,No material driver detected,
ENG-01076,2025-12-01,Performance | Sentiment | Client feedback,Performance (+0.79) | Sentiment (+0.67) | Client feedback (+0.63)
ENG-01076,2026-01-01,No material driver detected,
ENG-01076,2026-02-01,No material driver detected,
ENG-01076,2026-03-01,Performance | Client feedback | Sentiment,Performance (+1.12) | Client feedback (+0.92) | Sentiment (+0.57)
ENG-01077,2025-03-01,No material driver detected,
ENG-01077,2025-04-01,Performance | Sentiment | Role profile,Performance (+0.81) | Sentiment (+0.55) | Role profile (+0.26)
ENG-01077,2025-05-01,No material driver detected,
ENG-01077,2025-06-01,Sentiment | Performance | Client feedback,Sentiment (+1.46) | Performance (+0.45) | Client feedback (+0.27)
ENG-01077,2025-07-01,No material driver detected,
ENG-01077,2025-08-01,No material driver detected,
ENG-01077,2025-09-01,No material driver detected,
ENG-01077,2025-10-01,Client feedback | Role profile,Client feedback (+2.83) | Role profile (+0.26)
ENG-01077,2025-11-01,No material driver detected,
ENG-01077,2025-12-01,Performance | Client feedback | Sentiment,Performance (+2.92) | Client feedback (+2.79) | Sentiment (+1.03)
ENG-01078,2025-03-01,Performance | Sentiment | Client feedback,Performance (+1.03) | Sentiment (+0.80) | Client feedback (+0.57)
ENG-01078,2025-04-01,Client feedback | Sentiment | Role profile,Client feedback (+1.65) | Sentiment (+0.29) | Role profile (+0.25)
ENG-01078,2025-05-01,No material driver detected,
ENG-01078,2025-06-01,Performance | Sentiment | Client feedback,Performance (+2.15) | Sentiment (+1.27) | Client feedback (+1.26)
ENG-01078,2025-07-01,No material driver detected,
ENG-01078,2025-08-01,Performance | Sentiment | Milestone delivery,Performance (+1.05) | Sentiment (+0.87) | Milestone delivery (+0.66)
ENG-01078,2025-09-01,Sentiment | Client feedback | Performance,Sentiment (+2.32) | Client feedback (+1.46) | Performance (+1.08)
ENG-01078,2025-10-01,Client feedback | Performance | Sentiment,Client feedback (+3.29) | Performance (+2.04) | Sentiment (+0.58)
ENG-01078,2025-11-01,Performance | Sentiment | Client feedback,Performance (+2.48) | Sentiment (+1.75) | Client feedback (+0.87)
ENG-01078,2025-12-01,Sentiment | Performance | Client feedback,Sentiment (+2.96) | Performance (+2.60) | Client feedback (+2.31)
ENG-01078,2026-01-01,Client feedback | Performance | Sentiment,Client feedback (+4.05) | Performance (+3.75) | Sentiment (+2.15)
ENG-01079,2026-08-01,No material driver detected,
ENG-01079,2026-09-01,No material driver detected,
ENG-01079,2026-10-01,Client feedback | Sentiment,Client feedback (+1.17) | Sentiment (+0.71)
ENG-01079,2026-11-01,Performance | Sentiment | Client feedback,Performance (+1.50) | Sentiment (+0.75) | Client feedback (+0.60)
ENG-01079,2026-12-01,Client feedback | Performance | Sentiment,Client feedback (+1.72) | Performance (+1.00) | Sentiment (+0.63)
ENG-01079,2027-01-01,Client feedback | Sentiment | Performance,Client feedback (+1.99) | Sentiment (+1.05) | Performance (+0.84)
ENG-01080,2026-07-01,No material driver detected,
ENG-01080,2026-08-01,Performance | Client feedback | Sentiment,Performance (+3.33) | Client feedback (+2.34) | Sentiment (+1.55)
ENG-01081,2025-01-01,No material driver detected,
ENG-01081,2025-02-01,Client feedback | Contract stage | Milestone delivery,Client feedback (+0.63) | Contract stage (+0.33) | Milestone delivery (+0.28)
ENG-01081,2025-03-01,No material driver detected,
ENG-01081,2025-04-01,No material driver detected,
ENG-01081,2025-05-01,Client feedback | Performance | Milestone delivery,Client feedback (+2.57) | Performance (+0.95) | Milestone delivery (+0.23)
ENG-01081,2025-06-01,No material driver detected,
ENG-01081,2025-07-01,No material driver detected,
ENG-01081,2025-08-01,No material driver detected,
ENG-01081,2025-09-01,No material driver detected,
ENG-01082,2024-05-01,No material driver detected,
ENG-01082,2024-06-01,No material driver detected,
ENG-01082,2024-07-01,No material driver detected,
ENG-01082,2024-08-01,No material driver detected,
ENG-01082,2024-09-01,Performance | Client feedback | Milestone delivery,Performance (+0.74) | Client feedback (+0.72) | Milestone delivery (+0.44)
ENG-01082,2024-10-01,No material driver detected,
ENG-01082,2024-11-01,No material driver detected,
ENG-01082,2024-12-01,No material driver detected,
ENG-01082,2025-01-01,No material driver detected,
ENG-01082,2025-02-01,No material driver detected,
ENG-01083,2024-06-01,No material driver detected,
ENG-01083,2024-07-01,No material driver detected,
ENG-01083,2024-08-01,No material driver detected,
ENG-01083,2024-09-01,No material driver detected,
ENG-01083,2024-10-01,No material driver detected,
ENG-01083,2024-11-01,No material driver detected,
ENG-01083,2024-12-01,No material driver detected,
ENG-01084,2026-06-01,No material driver detected,
ENG-01084,2026-07-01,Performance | Contract stage | Utilisation,Performance (+1.64) | Contract stage (+0.39) | Utilisation (+0.26)
ENG-01084,2026-08-01,No material driver detected,
ENG-01085,2024-05-01,No material driver detected,
ENG-01085,2024-06-01,No material driver detected,
ENG-01085,2024-07-01,No material driver detected,
ENG-01085,2024-08-01,No material driver detected,
ENG-01085,2024-09-01,No material driver detected,
ENG-01085,2024-10-01,No material driver detected,
ENG-01085,2024-11-01,No material driver detected,
ENG-01085,2024-12-01,No material driver detected,
ENG-01085,2025-01-01,No material driver detected,
ENG-01085,2025-02-01,No material driver detected,
ENG-01085,2025-03-01,No material driver detected,
ENG-01085,2025-04-01,No material driver detected,
ENG-01086,2025-03-01,No material driver detected,
ENG-01086,2025-04-01,No material driver detected,
ENG-01086,2025-05-01,No material driver detected,
ENG-01086,2025-06-01,No material driver detected,
ENG-01086,2025-07-01,No material driver detected,
ENG-01086,2025-08-01,No material driver detected,
ENG-01086,2025-09-01,No material driver detected,
ENG-01086,2025-10-01,No material driver detected,
ENG-01086,2025-11-01,No material driver detected,
ENG-01086,2025-12-01,No material driver detected,
ENG-01086,2026-01-01,No material driver detected,
ENG-01086,2026-02-01,No material driver detected,
ENG-01086,2026-03-01,No material driver detected,
ENG-01087,2025-08-01,No material driver detected,
ENG-01087,2025-09-01,No material driver detected,
ENG-01087,2025-10-01,No material driver detected,
ENG-01087,2025-11-01,Client feedback | Performance | Contract stage,Client feedback (+2.19) | Performance (+1.30) | Contract stage (+0.18)
ENG-01087,2025-12-01,Client feedback | Performance | Milestone delivery,Client feedback (+0.67) | Performance (+0.61) | Milestone delivery (+0.42)
ENG-01087,2026-01-01,No material driver detected,
ENG-01087,2026-02-01,Performance | Client feedback | Sentiment,Performance (+2.40) | Client feedback (+1.42) | Sentiment (+0.64)
ENG-01088,2026-06-01,No material driver detected,
ENG-01088,2026-07-01,No material driver detected,
ENG-01088,2026-08-01,No material driver detected,
ENG-01089,2024-09-01,No material driver detected,
ENG-01089,2024-10-01,No material driver detected,
ENG-01089,2024-11-01,No material driver detected,
ENG-01089,2024-12-01,No material driver detected,
ENG-01089,2025-01-01,No material driver detected,
ENG-01089,2025-02-01,No material driver detected,
ENG-01089,2025-03-01,No material driver detected,
ENG-01089,2025-04-01,No material driver detected,
ENG-01089,2025-05-01,No material driver detected,
ENG-01089,2025-06-01,No material driver detected,
ENG-01089,2025-07-01,No material driver detected,
ENG-01090,2026-03-01,No material driver detected,
ENG-01090,2026-04-01,No material driver detected,
ENG-01090,2026-05-01,Client feedback | Milestone delivery | Role profile,Client feedback (+0.76) | Milestone delivery (+0.60) | Role profile (+0.35)
ENG-01090,2026-06-01,No material driver detected,
ENG-01090,2026-07-01,No material driver detected,
ENG-01090,2026-08-01,No material driver detected,
ENG-01091,2024-08-01,No material driver detected,
ENG-01091,2024-09-01,No material driver detected,
ENG-01091,2024-10-01,No material driver detected,
ENG-01091,2024-11-01,No material driver detected,
ENG-01091,2024-12-01,Performance | Client feedback | Milestone delivery,Performance (+1.73) | Client feedback (+0.56) | Milestone delivery (+0.28)
ENG-01091,2025-01-01,Sentiment | Client feedback | Performance,Sentiment (+1.74) | Client feedback (+1.69) | Performance (+1.19)
ENG-01091,2025-02-01,Client feedback | Performance | Sentiment,Client feedback (+2.90) | Performance (+1.68) | Sentiment (+1.51)
ENG-01091,2025-03-01,Performance | Client feedback | Sentiment,Performance (+2.75) | Client feedback (+1.91) | Sentiment (+0.55)
ENG-01092,2024-11-01,No material driver detected,
ENG-01092,2024-12-01,No material driver detected,
ENG-01092,2025-01-01,No material driver detected,
ENG-01092,2025-02-01,Client feedback | Performance | Sentiment,Client feedback (+1.18) | Performance (+0.61) | Sentiment (+0.50)
ENG-01092,2025-03-01,No material driver detected,
ENG-01092,2025-04-01,No material driver detected,
ENG-01092,2025-05-01,No material driver detected,
ENG-01093,2025-05-01,No material driver detected,
ENG-01093,2025-06-01,No material driver detected,
ENG-01093,2025-07-01,No material driver detected,
ENG-01093,2025-08-01,No material driver detected,
ENG-01093,2025-09-01,No material driver detected,
ENG-01093,2025-10-01,No material driver detected,
ENG-01093,2025-11-01,No material driver detected,
ENG-01093,2025-12-01,No material driver detected,
ENG-01093,2026-01-01,No material driver detected,
ENG-01093,2026-02-01,No material driver detected,
ENG-01093,2026-03-01,No material driver detected,
ENG-01093,2026-04-01,No material driver detected,
ENG-01094,2024-03-01,No material driver detected,
ENG-01094,2024-04-01,No material driver detected,
ENG-01094,2024-05-01,No material driver detected,
ENG-01094,2024-06-01,No material driver detected,
ENG-01094,2024-07-01,No material driver detected,
ENG-01094,2024-08-01,No material driver detected,
ENG-01094,2024-09-01,No material driver detected,
ENG-01094,2024-10-01,Performance | Client feedback,Performance (+2.28) | Client feedback (+0.53)
ENG-01094,2024-11-01,Client feedback | Sentiment | Performance,Client feedback (+1.70) | Sentiment (+0.65) | Performance (+0.60)
ENG-01094,2024-12-01,Client feedback | Sentiment | Performance,Client feedback (+2.29) | Sentiment (+0.73) | Performance (+0.37)
ENG-01095,2025-09-01,No material driver detected,
ENG-01095,2025-10-01,No material driver detected,
ENG-01095,2025-11-01,No material driver detected,
ENG-01095,2025-12-01,No material driver detected,
ENG-01095,2026-01-01,No material driver detected,
ENG-01095,2026-02-01,No material driver detected,
ENG-01095,2026-03-01,Performance | Client feedback | Milestone delivery,Performance (+1.61) | Client feedback (+1.31) | Milestone delivery (+0.22)
ENG-01096,2024-10-01,No material driver detected,
ENG-01096,2024-11-01,Performance | Client feedback | Contract stage,Performance (+1.03) | Client feedback (+0.53) | Contract stage (+0.46)
ENG-01096,2024-12-01,No material driver detected,
ENG-01096,2025-01-01,No material driver detected,
ENG-01096,2025-02-01,No material driver detected,
ENG-01096,2025-03-01,No material driver detected,
ENG-01096,2025-04-01,No material driver detected,
ENG-01097,2025-03-01,No material driver detected,
ENG-01097,2025-04-01,Client feedback | Performance | Role profile,Client feedback (+1.92) | Performance (+1.40) | Role profile (+0.26)
ENG-01097,2025-05-01,No material driver detected,
ENG-01097,2025-06-01,No material driver detected,
ENG-01097,2025-07-01,No material driver detected,
ENG-01097,2025-08-01,Client feedback | Sentiment | Utilisation,Client feedback (+1.26) | Sentiment (+0.70) | Utilisation (+0.33)
ENG-01097,2025-09-01,No material driver detected,
ENG-01097,2025-10-01,No material driver detected,
ENG-01097,2025-11-01,No material driver detected,
ENG-01097,2025-12-01,No material driver detected,
ENG-01097,2026-01-01,No material driver detected,
ENG-01097,2026-02-01,No material driver detected,
ENG-01097,2026-03-01,No material driver detected,
ENG-01098,2024-06-01,Client feedback | Performance | Contract stage,Client feedback (+0.85) | Performance (+0.17) | Contract stage (+0.16)
ENG-01098,2024-07-01,No material driver detected,
ENG-01098,2024-08-01,Performance | Client feedback | Sentiment,Performance (+1.42) | Client feedback (+0.67) | Sentiment (+0.55)
ENG-01098,2024-09-01,Sentiment | Performance | Client feedback,Sentiment (+1.04) | Performance (+0.71) | Client feedback (+0.24)
ENG-01098,2024-10-01,No material driver detected,
ENG-01098,2024-11-01,Client feedback | Sentiment | Performance,Client feedback (+2.32) | Sentiment (+1.59) | Performance (+1.42)
ENG-01098,2024-12-01,Client feedback | Performance | Milestone delivery,Client feedback (+2.44) | Performance (+0.47) | Milestone delivery (+0.30)
ENG-01098,2025-01-01,Client feedback | Sentiment | Performance,Client feedback (+2.48) | Sentiment (+1.85) | Performance (+1.78)
ENG-01098,2025-02-01,Performance | Client feedback | Sentiment,Performance (+3.55) | Client feedback (+2.24) | Sentiment (+2.05)
ENG-01099,2024-04-01,No material driver detected,
ENG-01099,2024-05-01,No material driver detected,
ENG-01099,2024-06-01,No material driver detected,
ENG-01099,2024-07-01,Client feedback | Performance | Sentiment,Client feedback (+2.03) | Performance (+0.79) | Sentiment (+0.61)
ENG-01099,2024-08-01,Performance | Client feedback | Sentiment,Performance (+2.81) | Client feedback (+1.83) | Sentiment (+1.22)
ENG-01099,2024-09-01,Sentiment | Client feedback | Performance,Sentiment (+2.15) | Client feedback (+1.59) | Performance (+1.40)
ENG-01099,2024-10-01,Client feedback | Performance | Utilisation,Client feedback (+2.52) | Performance (+1.04) | Utilisation (+0.31)
ENG-01100,2025-10-01,Sentiment | Contract stage | Role profile,Sentiment (+0.49) | Contract stage (+0.35) | Role profile (+0.25)
ENG-01100,2025-11-01,Client feedback | Performance | Sentiment,Client feedback (+2.34) | Performance (+0.59) | Sentiment (+0.42)
ENG-01100,2025-12-01,No material driver detected,
ENG-01100,2026-01-01,Performance | Client feedback | Role profile,Performance (+2.61) | Client feedback (+1.51) | Role profile (+0.25)
ENG-01100,2026-02-01,Client feedback | Performance | Role profile,Client feedback (+2.60) | Performance (+1.50) | Role profile (+0.25)
ENG-01100,2026-03-01,Client feedback | Sentiment | Performance,Client feedback (+4.15) | Sentiment (+2.93) | Performance (+2.20)
ENG-01100,2026-04-01,Sentiment | Performance | Client feedback,Sentiment (+1.62) | Performance (+1.02) | Client feedback (+0.89)
ENG-01101,2025-05-01,Sentiment | Contract stage | Role profile,Sentiment (+0.72) | Contract stage (+0.54) | Role profile (+0.25)
ENG-01101,2025-06-01,No material driver detected,
ENG-01101,2025-07-01,No material driver detected,
ENG-01101,2025-08-01,Performance | Sentiment | Milestone delivery,Performance (+0.97) | Sentiment (+0.83) | Milestone delivery (+0.59)
ENG-01101,2025-09-01,No material driver detected,
ENG-01101,2025-10-01,Client feedback | Sentiment | Role profile,Client feedback (+2.47) | Sentiment (+0.53) | Role profile (+0.25)
ENG-01101,2025-11-01,No material driver detected,
ENG-01102,2025-12-01,No material driver detected,
ENG-01102,2026-01-01,No material driver detected,
ENG-01102,2026-02-01,No material driver detected,
ENG-01102,2026-03-01,No material driver detected,
ENG-01102,2026-04-01,No material driver detected,
ENG-01102,2026-05-01,No material driver detected,
ENG-01102,2026-06-01,No material driver detected,
ENG-01102,2026-07-01,No material driver detected,
ENG-01102,2026-08-01,No material driver detected,
ENG-01103,2026-07-01,No material driver detected,
ENG-01103,2026-08-01,No material driver detected,
ENG-01104,2024-04-01,Performance | Contract stage | Sentiment,Performance (+0.57) | Contract stage (+0.54) | Sentiment (+0.26)
ENG-01104,2024-05-01,No material driver detected,
ENG-01104,2024-06-01,No material driver detected,
ENG-01104,2024-07-01,Client feedback | Contract stage | Performance,Client feedback (+0.90) | Contract stage (+0.30) | Performance (+0.16)
ENG-01104,2024-08-01,No material driver detected,
ENG-01104,2024-09-01,No material driver detected,
ENG-01104,2024-10-01,No material driver detected,
ENG-01105,2026-01-01,No material driver detected,
ENG-01105,2026-02-01,No material driver detected,
ENG-01105,2026-03-01,No material driver detected,
ENG-01105,2026-04-01,No material driver detected,
ENG-01105,2026-05-01,Performance | Sentiment | Client feedback,Performance (+2.16) | Sentiment (+0.84) | Client feedback (+0.59)
ENG-01105,2026-06-01,No material driver detected,
ENG-01105,2026-07-01,No material driver detected,
ENG-01105,2026-08-01,No material driver detected,
ENG-01106,2025-03-01,No material driver detected,
ENG-01106,2025-04-01,No material driver detected,
ENG-01106,2025-05-01,No material driver detected,
ENG-01106,2025-06-01,No material driver detected,
ENG-01106,2025-07-01,No material driver detected,
ENG-01106,2025-08-01,Performance | Client feedback | Milestone delivery,Performance (+1.45) | Client feedback (+0.33) | Milestone delivery (+0.28)
ENG-01106,2025-09-01,No material driver detected,
ENG-01106,2025-10-01,No material driver detected,
ENG-01106,2025-11-01,No material driver detected,
ENG-01107,2025-05-01,No material driver detected,
ENG-01107,2025-06-01,No material driver detected,
ENG-01107,2025-07-01,No material driver detected,
ENG-01107,2025-08-01,No material driver detected,
ENG-01107,2025-09-01,No material driver detected,
ENG-01107,2025-10-01,No material driver detected,
ENG-01107,2025-11-01,No material driver detected,
ENG-01107,2025-12-01,No material driver detected,
ENG-01107,2026-01-01,No material driver detected,
ENG-01107,2026-02-01,No material driver detected,
ENG-01107,2026-03-01,No material driver detected,
ENG-01108,2024-07-01,No material driver detected,
ENG-01108,2024-08-01,No material driver detected,
ENG-01108,2024-09-01,No material driver detected,
ENG-01108,2024-10-01,No material driver detected,
ENG-01108,2024-11-01,No material driver detected,
ENG-01108,2024-12-01,No material driver detected,
ENG-01108,2025-01-01,No material driver detected,
ENG-01108,2025-02-01,No material driver detected,
ENG-01109,2024-01-01,No material driver detected,
ENG-01109,2024-02-01,No material driver detected,
ENG-01109,2024-03-01,No material driver detected,
ENG-01109,2024-04-01,No material driver detected,
ENG-01109,2024-05-01,No material driver detected,
ENG-01109,2024-06-01,No material driver detected,
ENG-01109,2024-07-01,No material driver detected,
ENG-01109,2024-08-01,No material driver detected,
ENG-01109,2024-09-01,No material driver detected,
ENG-01109,2024-10-01,No material driver detected,
ENG-01109,2024-11-01,No material driver detected,
ENG-01109,2024-12-01,No material driver detected,
ENG-01110,2025-01-01,No material driver detected,
ENG-01110,2025-02-01,Sentiment | Performance | Client feedback,Sentiment (+1.48) | Performance (+1.12) | Client feedback (+0.90)
ENG-01110,2025-03-01,No material driver detected,
ENG-01110,2025-04-01,No material driver detected,
ENG-01110,2025-05-01,Client feedback | Milestone delivery,Client feedback (+2.71) | Milestone delivery (+0.26)
ENG-01110,2025-06-01,Sentiment | Client feedback | Performance,Sentiment (+2.64) | Client feedback (+2.51) | Performance (+2.00)
ENG-01110,2025-07-01,Client feedback | Sentiment | Performance,Client feedback (+2.27) | Sentiment (+2.04) | Performance (+1.97)
ENG-01110,2025-08-01,Client feedback | Performance | Sentiment,Client feedback (+2.41) | Performance (+2.13) | Sentiment (+1.22)
ENG-01111,2024-01-01,No material driver detected,
ENG-01111,2024-02-01,No material driver detected,
ENG-01111,2024-03-01,No material driver detected,
ENG-01111,2024-04-01,No material driver detected,
ENG-01111,2024-05-01,No material driver detected,
ENG-01111,2024-06-01,No material driver detected,
ENG-01111,2024-07-01,No material driver detected,
ENG-01111,2024-08-01,No material driver detected,
ENG-01111,2024-09-01,No material driver detected,
ENG-01112,2025-02-01,No material driver detected,
ENG-01112,2025-03-01,No material driver detected,
ENG-01112,2025-04-01,No material driver detected,
ENG-01112,2025-05-01,No material driver detected,
ENG-01112,2025-06-01,No material driver detected,
ENG-01112,2025-07-01,No material driver detected,
ENG-01112,2025-08-01,Sentiment | Milestone delivery | Client feedback,Sentiment (+0.94) | Milestone delivery (+0.79) | Client feedback (+0.36)
ENG-01112,2025-09-01,No material driver detected,
ENG-01112,2025-10-01,No material driver detected,
ENG-01112,2025-11-01,No material driver detected,
ENG-01112,2025-12-01,No material driver detected,
ENG-01112,2026-01-01,No material driver detected,
ENG-01113,2025-09-01,No material driver detected,
ENG-01113,2025-10-01,No material driver detected,
ENG-01113,2025-11-01,No material driver detected,
ENG-01113,2025-12-01,No material driver detected,
ENG-01113,2026-01-01,No material driver detected,
ENG-01113,2026-02-01,No material driver detected,
ENG-01113,2026-03-01,No material driver detected,
ENG-01113,2026-04-01,No material driver detected,
ENG-01113,2026-05-01,No material driver detected,
ENG-01114,2026-02-01,No material driver detected,
ENG-01114,2026-03-01,No material driver detected,
ENG-01114,2026-04-01,No material driver detected,
ENG-01114,2026-05-01,Performance | Milestone delivery,Performance (+0.81) | Milestone delivery (+0.44)
ENG-01114,2026-06-01,Client feedback | Sentiment | Utilisation,Client feedback (+1.17) | Sentiment (+0.60) | Utilisation (+0.23)
ENG-01114,2026-07-01,Client feedback | Performance,Client feedback (+1.65) | Performance (+0.56)
ENG-01114,2026-08-01,Client feedback | Performance | Milestone delivery,Client feedback (+1.59) | Performance (+1.14) | Milestone delivery (+0.57)
ENG-01115,2024-09-01,No material driver detected,
ENG-01115,2024-10-01,No material driver detected,
ENG-01115,2024-11-01,No material driver detected,
ENG-01115,2024-12-01,No material driver detected,
ENG-01115,2025-01-01,No material driver detected,
ENG-01115,2025-02-01,No material driver detected,
ENG-01115,2025-03-01,No material driver detected,
ENG-01115,2025-04-01,No material driver detected,
ENG-01115,2025-05-01,No material driver detected,
ENG-01115,2025-06-01,No material driver detected,
ENG-01116,2025-04-01,No material driver detected,
ENG-01116,2025-05-01,No material driver detected,
ENG-01116,2025-06-01,No material driver detected,
ENG-01116,2025-07-01,No material driver detected,
ENG-01116,2025-08-01,No material driver detected,
ENG-01116,2025-09-01,No material driver detected,
ENG-01116,2025-10-01,No material driver detected,
ENG-01116,2025-11-01,No material driver detected,
ENG-01116,2025-12-01,No material driver detected,
ENG-01116,2026-01-01,No material driver detected,
ENG-01117,2026-01-01,No material driver detected,
ENG-01117,2026-02-01,Performance | Client feedback | Contract stage,Performance (+2.05) | Client feedback (+0.69) | Contract stage (+0.33)
ENG-01117,2026-03-01,Sentiment | Client feedback | Performance,Sentiment (+1.31) | Client feedback (+0.60) | Performance (+0.51)
ENG-01117,2026-04-01,Client feedback | Performance | Sentiment,Client feedback (+2.83) | Performance (+1.78) | Sentiment (+1.30)
ENG-01117,2026-05-01,Client feedback | Performance | Sentiment,Client feedback (+4.14) | Performance (+2.64) | Sentiment (+1.25)
ENG-01118,2024-03-01,No material driver detected,
ENG-01118,2024-04-01,No material driver detected,
ENG-01118,2024-05-01,Client feedback | Performance | Role profile,Client feedback (+0.62) | Performance (+0.51) | Role profile (+0.35)
ENG-01118,2024-06-01,No material driver detected,
ENG-01118,2024-07-01,Performance | Role profile,Performance (+2.79) | Role profile (+0.35)
ENG-01118,2024-08-01,No material driver detected,
ENG-01118,2024-09-01,Client feedback | Performance | Role profile,Client feedback (+2.41) | Performance (+0.62) | Role profile (+0.35)
ENG-01118,2024-10-01,Sentiment | Performance | Client feedback,Sentiment (+0.78) | Performance (+0.38) | Client feedback (+0.36)
ENG-01118,2024-11-01,Sentiment | Client feedback | Utilisation,Sentiment (+1.40) | Client feedback (+1.29) | Utilisation (+0.54)
ENG-01118,2024-12-01,Client feedback | Performance | Sentiment,Client feedback (+3.64) | Performance (+1.64) | Sentiment (+1.01)
ENG-01119,2024-11-01,No material driver detected,
ENG-01119,2024-12-01,No material driver detected,
ENG-01119,2025-01-01,No material driver detected,
ENG-01119,2025-02-01,No material driver detected,
ENG-01119,2025-03-01,No material driver detected,
ENG-01119,2025-04-01,No material driver detected,
ENG-01119,2025-05-01,Performance | Client feedback,Performance (+1.56) | Client feedback (+0.74)
ENG-01120,2025-04-01,Performance | Client feedback | Role profile,Performance (+0.47) | Client feedback (+0.37) | Role profile (+0.35)
ENG-01120,2025-05-01,No material driver detected,
ENG-01120,2025-06-01,No material driver detected,
ENG-01120,2025-07-01,No material driver detected,
ENG-01120,2025-08-01,No material driver detected,
ENG-01120,2025-09-01,No material driver detected,
ENG-01120,2025-10-01,Sentiment | Role profile | Milestone delivery,Sentiment (+1.32) | Role profile (+0.35) | Milestone delivery (+0.24)
ENG-01120,2025-11-01,No material driver detected,
ENG-01120,2025-12-01,No material driver detected,
ENG-01120,2026-01-01,No material driver detected,
ENG-01120,2026-02-01,Performance | Milestone delivery | Role profile,Performance (+2.01) | Milestone delivery (+0.61) | Role profile (+0.35)
ENG-01120,2026-03-01,No material driver detected,
ENG-01121,2024-02-01,Client feedback | Performance | Sentiment,Client feedback (+0.68) | Performance (+0.51) | Sentiment (+0.42)
ENG-01121,2024-03-01,No material driver detected,
ENG-01121,2024-04-01,No material driver detected,
ENG-01121,2024-05-01,Client feedback | Sentiment | Performance,Client feedback (+2.08) | Sentiment (+1.36) | Performance (+0.90)
ENG-01121,2024-06-01,Client feedback | Sentiment | Performance,Client feedback (+1.03) | Sentiment (+0.60) | Performance (+0.47)
ENG-01121,2024-07-01,No material driver detected,
ENG-01121,2024-08-01,Performance | Client feedback | Utilisation,Performance (+2.29) | Client feedback (+1.26) | Utilisation (+0.27)
ENG-01121,2024-09-01,No material driver detected,
ENG-01121,2024-10-01,No material driver detected,
ENG-01121,2024-11-01,Performance | Client feedback | Milestone delivery,Performance (+1.34) | Client feedback (+0.54) | Milestone delivery (+0.24)
ENG-01121,2024-12-01,No material driver detected,
ENG-01121,2025-01-01,No material driver detected,
ENG-01122,2024-01-01,No material driver detected,
ENG-01122,2024-02-01,No material driver detected,
ENG-01122,2024-03-01,No material driver detected,
ENG-01122,2024-04-01,No material driver detected,
ENG-01122,2024-05-01,No material driver detected,
ENG-01122,2024-06-01,No material driver detected,
ENG-01122,2024-07-01,No material driver detected,
ENG-01122,2024-08-01,No material driver detected,
ENG-01122,2024-09-01,No material driver detected,
ENG-01122,2024-10-01,No material driver detected,
ENG-01123,2026-05-01,No material driver detected,
ENG-01123,2026-06-01,Performance | Sentiment | Contract stage,Performance (+2.69) | Sentiment (+0.43) | Contract stage (+0.27)
ENG-01123,2026-07-01,No material driver detected,
ENG-01123,2026-08-01,No material driver detected,
ENG-01124,2024-03-01,No material driver detected,
ENG-01124,2024-04-01,No material driver detected,
ENG-01124,2024-05-01,No material driver detected,
ENG-01124,2024-06-01,No material driver detected,
ENG-01124,2024-07-01,Performance | Client feedback | Utilisation,Performance (+1.40) | Client feedback (+0.72) | Utilisation (+0.20)
ENG-01124,2024-08-01,Client feedback | Performance | Sentiment,Client feedback (+1.09) | Performance (+1.02) | Sentiment (+0.64)
ENG-01124,2024-09-01,Client feedback | Performance | Sentiment,Client feedback (+1.79) | Performance (+1.09) | Sentiment (+0.72)
ENG-01124,2024-10-01,Client feedback | Sentiment | Performance,Client feedback (+3.02) | Sentiment (+2.22) | Performance (+0.99)
ENG-01125,2026-03-01,No material driver detected,
ENG-01125,2026-04-01,No material driver detected,
ENG-01125,2026-05-01,No material driver detected,
ENG-01125,2026-06-01,No material driver detected,
ENG-01125,2026-07-01,No material driver detected,
ENG-01125,2026-08-01,No material driver detected,
ENG-01126,2026-06-01,No material driver detected,
ENG-01126,2026-07-01,Client feedback | Performance | Role profile,Client feedback (+1.79) | Performance (+0.51) | Role profile (+0.26)
ENG-01126,2026-08-01,No material driver detected,
ENG-01127,2025-10-01,No material driver detected,
ENG-01127,2025-11-01,No material driver detected,
ENG-01127,2025-12-01,Sentiment | Milestone delivery | Client feedback,Sentiment (+0.88) | Milestone delivery (+0.73) | Client feedback (+0.66)
ENG-01127,2026-01-01,No material driver detected,
ENG-01127,2026-02-01,No material driver detected,
ENG-01127,2026-03-01,Client feedback | Sentiment | Role profile,Client feedback (+0.98) | Sentiment (+0.32) | Role profile (+0.26)
ENG-01127,2026-04-01,Performance | Utilisation | Milestone delivery,Performance (+1.26) | Utilisation (+0.46) | Milestone delivery (+0.45)
ENG-01127,2026-05-01,Sentiment | Performance | Role profile,Sentiment (+1.27) | Performance (+1.13) | Role profile (+0.26)
ENG-01128,2025-02-01,No material driver detected,
ENG-01128,2025-03-01,No material driver detected,
ENG-01128,2025-04-01,No material driver detected,
ENG-01128,2025-05-01,No material driver detected,
ENG-01128,2025-06-01,No material driver detected,
ENG-01128,2025-07-01,No material driver detected,
ENG-01128,2025-08-01,No material driver detected,
ENG-01128,2025-09-01,No material driver detected,
ENG-01128,2025-10-01,No material driver detected,
ENG-01128,2025-11-01,No material driver detected,
ENG-01128,2025-12-01,No material driver detected,
ENG-01128,2026-01-01,No material driver detected,
ENG-01128,2026-02-01,No material driver detected,
ENG-01129,2024-09-01,No material driver detected,
ENG-01129,2024-10-01,No material driver detected,
ENG-01129,2024-11-01,No material driver detected,
ENG-01129,2024-12-01,Client feedback | Performance | Contract stage,Client feedback (+3.12) | Performance (+2.32) | Contract stage (+0.18)
ENG-01129,2025-01-01,Performance | Sentiment | Client feedback,Performance (+1.92) | Sentiment (+0.86) | Client feedback (+0.70)
ENG-01129,2025-02-01,Client feedback | Sentiment | Performance,Client feedback (+2.70) | Sentiment (+2.33) | Performance (+1.56)
ENG-01130,2025-05-01,Sentiment | Performance | Role profile,Sentiment (+0.59) | Performance (+0.50) | Role profile (+0.25)
ENG-01130,2025-06-01,Client feedback | Performance | Sentiment,Client feedback (+4.14) | Performance (+1.38) | Sentiment (+1.18)
ENG-01130,2025-07-01,Performance | Client feedback | Sentiment,Performance (+2.87) | Client feedback (+1.16) | Sentiment (+1.10)
ENG-01130,2025-08-01,Client feedback | Sentiment | Performance,Client feedback (+3.08) | Sentiment (+2.58) | Performance (+2.55)
ENG-01131,2025-09-01,No material driver detected,
ENG-01131,2025-10-01,No material driver detected,
ENG-01131,2025-11-01,No material driver detected,
ENG-01131,2025-12-01,No material driver detected,
ENG-01131,2026-01-01,No material driver detected,
ENG-01131,2026-02-01,No material driver detected,
ENG-01131,2026-03-01,No material driver detected,
ENG-01131,2026-04-01,No material driver detected,
ENG-01131,2026-05-01,No material driver detected,
ENG-01132,2025-05-01,No material driver detected,
ENG-01132,2025-06-01,No material driver detected,
ENG-01132,2025-07-01,No material driver detected,
ENG-01132,2025-08-01,No material driver detected,
ENG-01132,2025-09-01,No material driver detected,
ENG-01132,2025-10-01,No material driver detected,
ENG-01132,2025-11-01,Performance | Sentiment | Role profile,Performance (+0.88) | Sentiment (+0.31) | Role profile (+0.25)
ENG-01132,2025-12-01,No material driver detected,
ENG-01132,2026-01-01,No material driver detected,
ENG-01133,2025-08-01,No material driver detected,
ENG-01133,2025-09-01,No material driver detected,
ENG-01133,2025-10-01,No material driver detected,
ENG-01133,2025-11-01,No material driver detected,
ENG-01133,2025-12-01,No material driver detected,
ENG-01133,2026-01-01,No material driver detected,
ENG-01133,2026-02-01,No material driver detected,
ENG-01134,2024-02-01,No material driver detected,
ENG-01134,2024-03-01,Performance | Client feedback | Role profile,Performance (+3.24) | Client feedback (+1.55) | Role profile (+0.35)
ENG-01134,2024-04-01,Sentiment | Client feedback | Performance,Sentiment (+3.40) | Client feedback (+2.39) | Performance (+1.20)
ENG-01134,2024-05-01,Performance | Client feedback | Sentiment,Performance (+3.13) | Client feedback (+2.37) | Sentiment (+1.27)
ENG-01135,2024-05-01,No material driver detected,
ENG-01135,2024-06-01,No material driver detected,
ENG-01135,2024-07-01,No material driver detected,
ENG-01135,2024-08-01,No material driver detected,
ENG-01135,2024-09-01,No material driver detected,
ENG-01135,2024-10-01,No material driver detected,
ENG-01135,2024-11-01,No material driver detected,
ENG-01135,2024-12-01,No material driver detected,
ENG-01136,2024-05-01,No material driver detected,
ENG-01136,2024-06-01,No material driver detected,
ENG-01136,2024-07-01,No material driver detected,
ENG-01136,2024-08-01,No material driver detected,
ENG-01136,2024-09-01,No material driver detected,
ENG-01136,2024-10-01,No material driver detected,
ENG-01136,2024-11-01,No material driver detected,
ENG-01136,2024-12-01,No material driver detected,
ENG-01136,2025-01-01,No material driver detected,
ENG-01136,2025-02-01,No material driver detected,
ENG-01137,2025-10-01,No material driver detected,
ENG-01137,2025-11-01,No material driver detected,
ENG-01137,2025-12-01,No material driver detected,
ENG-01137,2026-01-01,No material driver detected,
ENG-01137,2026-02-01,No material driver detected,
ENG-01137,2026-03-01,No material driver detected,
ENG-01137,2026-04-01,No material driver detected,
ENG-01137,2026-05-01,No material driver detected,
ENG-01137,2026-06-01,No material driver detected,
ENG-01138,2026-05-01,No material driver detected,
ENG-01138,2026-06-01,No material driver detected,
ENG-01138,2026-07-01,No material driver detected,
ENG-01138,2026-08-01,No material driver detected,
ENG-01139,2026-04-01,No material driver detected,
ENG-01139,2026-05-01,No material driver detected,
ENG-01139,2026-06-01,No material driver detected,
ENG-01139,2026-07-01,No material driver detected,
ENG-01139,2026-08-01,No material driver detected,
ENG-01140,2024-09-01,Client feedback | Sentiment | Performance,Client feedback (+1.37) | Sentiment (+1.28) | Performance (+0.84)
ENG-01140,2024-10-01,Sentiment | Performance | Contract stage,Sentiment (+1.30) | Performance (+1.23) | Contract stage (+0.33)
ENG-01140,2024-11-01,Client feedback | Performance | Contract stage,Client feedback (+1.72) | Performance (+0.88) | Contract stage (+0.25)
ENG-01140,2024-12-01,Client feedback | Performance | Sentiment,Client feedback (+1.00) | Performance (+0.80) | Sentiment (+0.37)
ENG-01140,2025-01-01,Sentiment | Performance,Sentiment (+2.07) | Performance (+0.40)
ENG-01140,2025-02-01,Performance | Sentiment | Client feedback,Performance (+0.67) | Sentiment (+0.64) | Client feedback (+0.63)
ENG-01140,2025-03-01,Client feedback | Sentiment | Performance,Client feedback (+1.37) | Sentiment (+0.44) | Performance (+0.38)
ENG-01140,2025-04-01,Client feedback | Performance | Sentiment,Client feedback (+2.05) | Performance (+1.57) | Sentiment (+0.32)
ENG-01140,2025-05-01,No material driver detected,
ENG-01141,2025-09-01,No material driver detected,
ENG-01141,2025-10-01,No material driver detected,
ENG-01141,2025-11-01,No material driver detected,
ENG-01141,2025-12-01,No material driver detected,
ENG-01141,2026-01-01,Client feedback | Performance | Milestone delivery,Client feedback (+1.99) | Performance (+0.79) | Milestone delivery (+0.16)
ENG-01141,2026-02-01,No material driver detected,
ENG-01141,2026-03-01,Sentiment | Client feedback | Performance,Sentiment (+2.35) | Client feedback (+2.26) | Performance (+1.77)
ENG-01141,2026-04-01,Client feedback | Performance | Milestone delivery,Client feedback (+2.60) | Performance (+1.84) | Milestone delivery (+0.92)
ENG-01142,2026-08-01,No material driver detected,
ENG-01143,2024-09-01,No material driver detected,
ENG-01143,2024-10-01,No material driver detected,
ENG-01143,2024-11-01,No material driver detected,
ENG-01143,2024-12-01,Client feedback | Sentiment | Utilisation,Client feedback (+1.79) | Sentiment (+1.20) | Utilisation (+0.25)
ENG-01143,2025-01-01,Client feedback | Performance | Sentiment,Client feedback (+1.56) | Performance (+1.19) | Sentiment (+1.02)
ENG-01143,2025-02-01,Performance | Client feedback | Sentiment,Performance (+1.86) | Client feedback (+1.47) | Sentiment (+0.85)
ENG-01143,2025-03-01,Performance | Client feedback | Sentiment,Performance (+3.01) | Client feedback (+1.40) | Sentiment (+1.24)
ENG-01144,2025-05-01,No material driver detected,
ENG-01144,2025-06-01,No material driver detected,
ENG-01144,2025-07-01,Performance | Client feedback | Sentiment,Performance (+2.09) | Client feedback (+0.51) | Sentiment (+0.40)
ENG-01144,2025-08-01,Client feedback | Sentiment | Role profile,Client feedback (+1.93) | Sentiment (+1.13) | Role profile (+0.35)
ENG-01144,2025-09-01,Performance | Client feedback | Sentiment,Performance (+2.69) | Client feedback (+1.89) | Sentiment (+1.53)
ENG-01144,2025-10-01,Client feedback | Performance | Sentiment,Client feedback (+3.15) | Performance (+2.00) | Sentiment (+0.92)
ENG-01145,2024-04-01,No material driver detected,
ENG-01145,2024-05-01,No material driver detected,
ENG-01145,2024-06-01,No material driver detected,
ENG-01145,2024-07-01,No material driver detected,
ENG-01145,2024-08-01,No material driver detected,
ENG-01145,2024-09-01,No material driver detected,
ENG-01145,2024-10-01,No material driver detected,
ENG-01145,2024-11-01,No material driver detected,
ENG-01145,2024-12-01,No material driver detected,
ENG-01145,2025-01-01,No material driver detected,
ENG-01146,2025-06-01,No material driver detected,
ENG-01146,2025-07-01,No material driver detected,
ENG-01146,2025-08-01,Client feedback | Performance | Sentiment,Client feedback (+2.42) | Performance (+0.60) | Sentiment (+0.46)
ENG-01146,2025-09-01,No material driver detected,
ENG-01146,2025-10-01,No material driver detected,
ENG-01146,2025-11-01,No material driver detected,
ENG-01146,2025-12-01,Performance | Sentiment | Role profile,Performance (+1.32) | Sentiment (+0.59) | Role profile (+0.35)
ENG-01147,2024-01-01,No material driver detected,
ENG-01147,2024-02-01,No material driver detected,
ENG-01147,2024-03-01,No material driver detected,
ENG-01147,2024-04-01,No material driver detected,
ENG-01147,2024-05-01,No material driver detected,
ENG-01147,2024-06-01,No material driver detected,
ENG-01147,2024-07-01,No material driver detected,
ENG-01147,2024-08-01,Client feedback | Role profile | Performance,Client feedback (+0.95) | Role profile (+0.35) | Performance (+0.32)
ENG-01147,2024-09-01,No material driver detected,
ENG-01147,2024-10-01,No material driver detected,
ENG-01147,2024-11-01,No material driver detected,
ENG-01148,2024-10-01,No material driver detected,
ENG-01148,2024-11-01,No material driver detected,
ENG-01148,2024-12-01,No material driver detected,
ENG-01148,2025-01-01,No material driver detected,
ENG-01148,2025-02-01,No material driver detected,
ENG-01148,2025-03-01,No material driver detected,
ENG-01148,2025-04-01,No material driver detected,
ENG-01148,2025-05-01,No material driver detected,
ENG-01149,2024-07-01,No material driver detected,
ENG-01149,2024-08-01,No material driver detected,
ENG-01149,2024-09-01,No material driver detected,
ENG-01149,2024-10-01,No material driver detected,
ENG-01149,2024-11-01,No material driver detected,
ENG-01149,2024-12-01,Client feedback | Sentiment | Performance,Client feedback (+0.79) | Sentiment (+0.33) | Performance (+0.28)
ENG-01149,2025-01-01,No material driver detected,
ENG-01149,2025-02-01,Sentiment | Client feedback | Milestone delivery,Sentiment (+0.88) | Client feedback (+0.54) | Milestone delivery (+0.25)
ENG-01150,2025-12-01,No material driver detected,
ENG-01150,2026-01-01,No material driver detected,
ENG-01150,2026-02-01,No material driver detected,
ENG-01150,2026-03-01,No material driver detected,
ENG-01150,2026-04-01,No material driver detected,
ENG-01150,2026-05-01,No material driver detected,
ENG-01150,2026-06-01,No material driver detected,
ENG-01150,2026-07-01,No material driver detected,
ENG-01150,2026-08-01,No material driver detected,
ENG-01151,2025-01-01,Performance | Client feedback | Sentiment,Performance (+1.69) | Client feedback (+1.40) | Sentiment (+1.21)
ENG-01151,2025-02-01,Client feedback | Performance | Sentiment,Client feedback (+3.92) | Performance (+2.94) | Sentiment (+2.92)
ENG-01151,2025-03-01,Client feedback | Performance | Sentiment,Client feedback (+3.42) | Performance (+2.10) | Sentiment (+1.73)
ENG-01151,2025-04-01,Performance | Client feedback | Sentiment,Performance (+2.65) | Client feedback (+2.04) | Sentiment (+1.91)
ENG-01152,2024-04-01,Performance | Contract stage | Sentiment,Performance (+0.80) | Contract stage (+0.29) | Sentiment (+0.21)
ENG-01152,2024-05-01,No material driver detected,
ENG-01152,2024-06-01,Sentiment | Milestone delivery | Performance,Sentiment (+0.77) | Milestone delivery (+0.56) | Performance (+0.46)
ENG-01152,2024-07-01,Sentiment | Performance | Client feedback,Sentiment (+1.32) | Performance (+0.32) | Client feedback (+0.29)
ENG-01152,2024-08-01,Performance | Sentiment,Performance (+1.17) | Sentiment (+0.69)
ENG-01152,2024-09-01,Client feedback | Sentiment | Utilisation,Client feedback (+1.70) | Sentiment (+0.53) | Utilisation (+0.22)
ENG-01152,2024-10-01,Client feedback | Performance | Milestone delivery,Client feedback (+1.14) | Performance (+0.83) | Milestone delivery (+0.33)
ENG-01152,2024-11-01,Performance | Client feedback | Sentiment,Performance (+1.40) | Client feedback (+1.29) | Sentiment (+0.88)
ENG-01152,2024-12-01,No material driver detected,
ENG-01152,2025-01-01,Performance | Sentiment,Performance (+3.03) | Sentiment (+1.75)
ENG-01152,2025-02-01,No material driver detected,
ENG-01153,2024-08-01,No material driver detected,
ENG-01153,2024-09-01,Performance | Contract stage | Milestone delivery,Performance (+1.83) | Contract stage (+0.27) | Milestone delivery (+0.22)
ENG-01153,2024-10-01,Client feedback | Contract stage,Client feedback (+2.50) | Contract stage (+0.19)
ENG-01153,2024-11-01,Sentiment | Performance | Client feedback,Sentiment (+1.22) | Performance (+1.09) | Client feedback (+0.60)
ENG-01153,2024-12-01,No material driver detected,
ENG-01153,2025-01-01,Client feedback | Sentiment | Performance,Client feedback (+1.70) | Sentiment (+0.76) | Performance (+0.68)
ENG-01153,2025-02-01,Performance | Sentiment,Performance (+1.84) | Sentiment (+0.61)
ENG-01153,2025-03-01,No material driver detected,
ENG-01153,2025-04-01,Sentiment | Client feedback,Sentiment (+1.94) | Client feedback (+0.24)
ENG-01153,2025-05-01,Performance | Client feedback | Milestone delivery,Performance (+1.90) | Client feedback (+1.80) | Milestone delivery (+0.41)
ENG-01154,2025-08-01,Client feedback | Sentiment | Performance,Client feedback (+0.60) | Sentiment (+0.53) | Performance (+0.48)
ENG-01154,2025-09-01,Performance | Sentiment | Milestone delivery,Performance (+0.79) | Sentiment (+0.55) | Milestone delivery (+0.51)
ENG-01154,2025-10-01,No material driver detected,
ENG-01154,2025-11-01,No material driver detected,
ENG-01154,2025-12-01,Client feedback | Performance | Sentiment,Client feedback (+3.53) | Performance (+1.74) | Sentiment (+0.84)
ENG-01154,2026-01-01,No material driver detected,
ENG-01154,2026-02-01,No material driver detected,
ENG-01154,2026-03-01,No material driver detected,
ENG-01154,2026-04-01,Performance | Sentiment | Client feedback,Performance (+2.22) | Sentiment (+0.61) | Client feedback (+0.41)
ENG-01154,2026-05-01,Sentiment | Client feedback | Performance,Sentiment (+1.38) | Client feedback (+0.47) | Performance (+0.33)
ENG-01154,2026-06-01,Client feedback | Milestone delivery | Sentiment,Client feedback (+1.50) | Milestone delivery (+0.74) | Sentiment (+0.63)
ENG-01154,2026-07-01,No material driver detected,
ENG-01154,2026-08-01,No material driver detected,
ENG-01155,2026-06-01,Sentiment | Client feedback | Contract stage,Sentiment (+0.92) | Client feedback (+0.71) | Contract stage (+0.35)
ENG-01155,2026-07-01,Performance | Sentiment | Client feedback,Performance (+1.36) | Sentiment (+0.90) | Client feedback (+0.71)
ENG-01155,2026-08-01,No material driver detected,
ENG-01156,2024-04-01,No material driver detected,
ENG-01156,2024-05-01,No material driver detected,
ENG-01156,2024-06-01,No material driver detected,
ENG-01156,2024-07-01,No material driver detected,
ENG-01156,2024-08-01,No material driver detected,
ENG-01156,2024-09-01,Client feedback | Performance | Milestone delivery,Client feedback (+1.57) | Performance (+0.95) | Milestone delivery (+0.25)
ENG-01156,2024-10-01,No material driver detected,
ENG-01156,2024-11-01,Performance | Sentiment | Client feedback,Performance (+2.79) | Sentiment (+0.90) | Client feedback (+0.64)
ENG-01157,2024-03-01,No material driver detected,
ENG-01157,2024-04-01,No material driver detected,
ENG-01157,2024-05-01,No material driver detected,
ENG-01157,2024-06-01,Client feedback | Utilisation,Client feedback (+1.91) | Utilisation (+0.43)
ENG-01157,2024-07-01,No material driver detected,
ENG-01157,2024-08-01,No material driver detected,
ENG-01157,2024-09-01,No material driver detected,
ENG-01157,2024-10-01,No material driver detected,
ENG-01157,2024-11-01,No material driver detected,
ENG-01157,2024-12-01,No material driver detected,
ENG-01158,2024-07-01,Performance | Role profile | Contract stage,Performance (+0.46) | Role profile (+0.35) | Contract stage (+0.35)
ENG-01158,2024-08-01,No material driver detected,
ENG-01158,2024-09-01,No material driver detected,
ENG-01158,2024-10-01,No material driver detected,
ENG-01158,2024-11-01,Sentiment | Client feedback | Role profile,Sentiment (+1.72) | Client feedback (+0.58) | Role profile (+0.35)
ENG-01158,2024-12-01,No material driver detected,
ENG-01158,2025-01-01,No material driver detected,
ENG-01158,2025-02-01,No material driver detected,
ENG-01158,2025-03-01,No material driver detected,
ENG-01158,2025-04-01,No material driver detected,
ENG-01159,2024-12-01,No material driver detected,
ENG-01159,2025-01-01,Client feedback | Role profile | Sentiment,Client feedback (+2.00) | Role profile (+0.35) | Sentiment (+0.33)
ENG-01159,2025-02-01,No material driver detected,
ENG-01159,2025-03-01,No material driver detected,
ENG-01159,2025-04-01,No material driver detected,
ENG-01159,2025-05-01,No material driver detected,
ENG-01159,2025-06-01,No material driver detected,
ENG-01159,2025-07-01,No material driver detected,
ENG-01159,2025-08-01,No material driver detected,
ENG-01159,2025-09-01,No material driver detected,
ENG-01159,2025-10-01,No material driver detected,
ENG-01159,2025-11-01,No material driver detected,
ENG-01159,2025-12-01,No material driver detected,
ENG-01160,2026-02-01,No material driver detected,
ENG-01160,2026-03-01,No material driver detected,
ENG-01160,2026-04-01,No material driver detected,
ENG-01160,2026-05-01,No material driver detected,
ENG-01160,2026-06-01,Client feedback | Role profile | Contract stage,Client feedback (+1.17) | Role profile (+0.35) | Contract stage (+0.16)
ENG-01160,2026-07-01,No material driver detected,
ENG-01160,2026-08-01,No material driver detected,
ENG-01161,2026-04-01,Client feedback | Sentiment | Contract stage,Client feedback (+0.76) | Sentiment (+0.63) | Contract stage (+0.41)
ENG-01161,2026-05-01,No material driver detected,
ENG-01161,2026-06-01,Client feedback | Sentiment | Contract stage,Client feedback (+2.76) | Sentiment (+0.44) | Contract stage (+0.25)
ENG-01161,2026-07-01,No material driver detected,
ENG-01161,2026-08-01,No material driver detected,
ENG-01162,2025-06-01,No material driver detected,
ENG-01162,2025-07-01,Performance | Contract stage | Milestone delivery,Performance (+1.30) | Contract stage (+0.33) | Milestone delivery (+0.28)
ENG-01162,2025-08-01,Sentiment | Milestone delivery | Client feedback,Sentiment (+1.67) | Milestone delivery (+0.42) | Client feedback (+0.31)
ENG-01162,2025-09-01,No material driver detected,
ENG-01162,2025-10-01,No material driver detected,
ENG-01162,2025-11-01,No material driver detected,
ENG-01162,2025-12-01,No material driver detected,
ENG-01162,2026-01-01,No material driver detected,
ENG-01162,2026-02-01,No material driver detected,
ENG-01163,2024-07-01,No material driver detected,
ENG-01163,2024-08-01,No material driver detected,
ENG-01163,2024-09-01,No material driver detected,
ENG-01163,2024-10-01,No material driver detected,
ENG-01163,2024-11-01,No material driver detected,
ENG-01163,2024-12-01,No material driver detected,
ENG-01163,2025-01-01,No material driver detected,
ENG-01163,2025-02-01,No material driver detected,
ENG-01163,2025-03-01,No material driver detected,
ENG-01163,2025-04-01,No material driver detected,
ENG-01164,2026-08-01,No material driver detected,
ENG-01165,2024-02-01,No material driver detected,
ENG-01165,2024-03-01,No material driver detected,
ENG-01165,2024-04-01,No material driver detected,
ENG-01165,2024-05-01,No material driver detected,
ENG-01165,2024-06-01,No material driver detected,
ENG-01165,2024-07-01,No material driver detected,
ENG-01165,2024-08-01,No material driver detected,
ENG-01165,2024-09-01,No material driver detected,
ENG-01165,2024-10-01,No material driver detected,
ENG-01165,2024-11-01,No material driver detected,
ENG-01165,2024-12-01,No material driver detected,
ENG-01165,2025-01-01,No material driver detected,
ENG-01166,2024-01-01,No material driver detected,
ENG-01166,2024-02-01,No material driver detected,
ENG-01166,2024-03-01,No material driver detected,
ENG-01166,2024-04-01,Sentiment | Milestone delivery | Contract stage,Sentiment (+2.00) | Milestone delivery (+0.46) | Contract stage (+0.30)
ENG-01166,2024-05-01,No material driver detected,
ENG-01166,2024-06-01,Performance | Client feedback | Sentiment,Performance (+1.75) | Client feedback (+0.79) | Sentiment (+0.41)
ENG-01166,2024-07-01,No material driver detected,
ENG-01167,2024-04-01,No material driver detected,
ENG-01167,2024-05-01,No material driver detected,
ENG-01167,2024-06-01,No material driver detected,
ENG-01167,2024-07-01,No material driver detected,
ENG-01167,2024-08-01,No material driver detected,
ENG-01167,2024-09-01,No material driver detected,
ENG-01167,2024-10-01,No material driver detected,
ENG-01167,2024-11-01,No material driver detected,
ENG-01167,2024-12-01,No material driver detected,
ENG-01167,2025-01-01,No material driver detected,
ENG-01167,2025-02-01,No material driver detected,
ENG-01168,2026-04-01,No material driver detected,
ENG-01168,2026-05-01,No material driver detected,
ENG-01168,2026-06-01,No material driver detected,
ENG-01168,2026-07-01,No material driver detected,
ENG-01168,2026-08-01,No material driver detected,
ENG-01169,2025-06-01,No material driver detected,
ENG-01169,2025-07-01,No material driver detected,
ENG-01169,2025-08-01,No material driver detected,
ENG-01169,2025-09-01,No material driver detected,
ENG-01169,2025-10-01,No material driver detected,
ENG-01169,2025-11-01,No material driver detected,
ENG-01169,2025-12-01,No material driver detected,
ENG-01169,2026-01-01,No material driver detected,
ENG-01169,2026-02-01,No material driver detected,
ENG-01169,2026-03-01,No material driver detected,
ENG-01170,2026-02-01,No material driver detected,
ENG-01170,2026-03-01,No material driver detected,
ENG-01170,2026-04-01,No material driver detected,
ENG-01170,2026-05-01,No material driver detected,
ENG-01170,2026-06-01,Performance | Client feedback | Utilisation,Performance (+0.81) | Client feedback (+0.59) | Utilisation (+0.29)
ENG-01170,2026-07-01,No material driver detected,
ENG-01170,2026-08-01,No material driver detected,
ENG-01171,2025-01-01,Client feedback | Contract stage | Sentiment,Client feedback (+0.52) | Contract stage (+0.47) | Sentiment (+0.45)
ENG-01171,2025-02-01,No material driver detected,
ENG-01171,2025-03-01,Performance | Sentiment | Client feedback,Performance (+1.35) | Sentiment (+1.27) | Client feedback (+0.82)
ENG-01171,2025-04-01,Performance | Client feedback | Milestone delivery,Performance (+1.28) | Client feedback (+1.02) | Milestone delivery (+0.99)
ENG-01171,2025-05-01,Client feedback | Sentiment | Performance,Client feedback (+0.94) | Sentiment (+0.50) | Performance (+0.30)
ENG-01171,2025-06-01,Performance | Sentiment | Client feedback,Performance (+2.25) | Sentiment (+1.01) | Client feedback (+0.79)
ENG-01171,2025-07-01,Sentiment | Milestone delivery,Sentiment (+2.19) | Milestone delivery (+0.51)
ENG-01171,2025-08-01,Client feedback | Performance | Utilisation,Client feedback (+2.37) | Performance (+1.46) | Utilisation (+0.30)
ENG-01172,2024-04-01,No material driver detected,
ENG-01172,2024-05-01,No material driver detected,
ENG-01172,2024-06-01,No material driver detected,
ENG-01172,2024-07-01,Performance | Sentiment | Milestone delivery,Performance (+2.00) | Sentiment (+0.68) | Milestone delivery (+0.32)
ENG-01172,2024-08-01,No material driver detected,
ENG-01172,2024-09-01,No material driver detected,
ENG-01172,2024-10-01,No material driver detected,
ENG-01172,2024-11-01,No material driver detected,
ENG-01172,2024-12-01,No material driver detected,
ENG-01172,2025-01-01,No material driver detected,
ENG-01172,2025-02-01,No material driver detected,
ENG-01173,2026-01-01,No material driver detected,
ENG-01173,2026-02-01,No material driver detected,
ENG-01173,2026-03-01,No material driver detected,
ENG-01173,2026-04-01,No material driver detected,
ENG-01173,2026-05-01,No material driver detected,
ENG-01173,2026-06-01,No material driver detected,
ENG-01173,2026-07-01,No material driver detected,
ENG-01173,2026-08-01,No material driver detected,
ENG-01174,2025-05-01,No material driver detected,
ENG-01174,2025-06-01,No material driver detected,
ENG-01174,2025-07-01,No material driver detected,
ENG-01174,2025-08-01,No material driver detected,
ENG-01174,2025-09-01,No material driver detected,
ENG-01174,2025-10-01,No material driver detected,
ENG-01174,2025-11-01,No material driver detected,
ENG-01174,2025-12-01,No material driver detected,
ENG-01174,2026-01-01,No material driver detected,
ENG-01174,2026-02-01,No material driver detected,
ENG-01175,2025-01-01,No material driver detected,
ENG-01175,2025-02-01,Client feedback | Performance | Sentiment,Client feedback (+1.87) | Performance (+1.65) | Sentiment (+0.27)
ENG-01175,2025-03-01,Client feedback | Sentiment | Performance,Client feedback (+2.82) | Sentiment (+1.64) | Performance (+0.81)
ENG-01175,2025-04-01,Client feedback | Sentiment | Performance,Client feedback (+3.37) | Sentiment (+2.78) | Performance (+1.82)
ENG-01176,2025-04-01,No material driver detected,
ENG-01176,2025-05-01,Sentiment | Performance | Contract stage,Sentiment (+1.13) | Performance (+1.08) | Contract stage (+0.39)
ENG-01176,2025-06-01,Client feedback | Contract stage,Client feedback (+2.31) | Contract stage (+0.32)
ENG-01176,2025-07-01,Performance | Sentiment | Client feedback,Performance (+1.93) | Sentiment (+0.77) | Client feedback (+0.31)
ENG-01176,2025-08-01,Client feedback | Sentiment | Performance,Client feedback (+4.10) | Sentiment (+2.62) | Performance (+1.36)
ENG-01176,2025-09-01,Sentiment | Performance | Client feedback,Sentiment (+2.31) | Performance (+2.25) | Client feedback (+2.16)
ENG-01177,2026-02-01,Sentiment | Contract stage | Performance,Sentiment (+0.53) | Contract stage (+0.41) | Performance (+0.38)
ENG-01177,2026-03-01,No material driver detected,
ENG-01177,2026-04-01,Sentiment | Client feedback | Performance,Sentiment (+0.54) | Client feedback (+0.53) | Performance (+0.50)
ENG-01177,2026-05-01,Performance | Sentiment | Client feedback,Performance (+1.54) | Sentiment (+1.54) | Client feedback (+0.82)
ENG-01177,2026-06-01,No material driver detected,
ENG-01177,2026-07-01,No material driver detected,
ENG-01177,2026-08-01,Client feedback | Sentiment | Milestone delivery,Client feedback (+1.62) | Sentiment (+0.55) | Milestone delivery (+0.30)
ENG-01178,2025-08-01,No material driver detected,
ENG-01178,2025-09-01,Sentiment | Client feedback | Contract stage,Sentiment (+1.06) | Client feedback (+0.42) | Contract stage (+0.21)
ENG-01178,2025-10-01,No material driver detected,
ENG-01178,2025-11-01,No material driver detected,
ENG-01178,2025-12-01,No material driver detected,
ENG-01178,2026-01-01,No material driver detected,
ENG-01178,2026-02-01,No material driver detected,
ENG-01178,2026-03-01,No material driver detected,
ENG-01178,2026-04-01,Performance | Client feedback | Sentiment,Performance (+1.81) | Client feedback (+1.06) | Sentiment (+0.62)
ENG-01178,2026-05-01,No material driver detected,
ENG-01178,2026-06-01,No material driver detected,
ENG-01179,2026-05-01,Sentiment | Client feedback | Contract stage,Sentiment (+0.53) | Client feedback (+0.38) | Contract stage (+0.23)
ENG-01179,2026-06-01,No material driver detected,
ENG-01179,2026-07-01,No material driver detected,
ENG-01179,2026-08-01,Performance | Client feedback | Sentiment,Performance (+2.18) | Client feedback (+1.78) | Sentiment (+0.90)
ENG-01180,2026-05-01,No material driver detected,
ENG-01180,2026-06-01,No material driver detected,
ENG-01180,2026-07-01,No material driver detected,
ENG-01180,2026-08-01,No material driver detected,
ENG-01181,2026-08-01,No material driver detected,
ENG-01182,2024-10-01,No material driver detected,
ENG-01182,2024-11-01,No material driver detected,
ENG-01182,2024-12-01,No material driver detected,
ENG-01182,2025-01-01,No material driver detected,
ENG-01182,2025-02-01,No material driver detected,
ENG-01182,2025-03-01,No material driver detected,
ENG-01182,2025-04-01,No material driver detected,
ENG-01182,2025-05-01,No material driver detected,
ENG-01182,2025-06-01,No material driver detected,
ENG-01182,2025-07-01,Client feedback | Performance,Client feedback (+1.42) | Performance (+0.98)
ENG-01182,2025-08-01,No material driver detected,
ENG-01183,2024-02-01,No material driver detected,
ENG-01183,2024-03-01,No material driver detected,
ENG-01183,2024-04-01,No material driver detected,
ENG-01183,2024-05-01,Sentiment | Milestone delivery | Client feedback,Sentiment (+0.34) | Milestone delivery (+0.34) | Client feedback (+0.28)
ENG-01183,2024-06-01,No material driver detected,
ENG-01183,2024-07-01,No material driver detected,
ENG-01183,2024-08-01,Performance | Milestone delivery | Client feedback,Performance (+1.76) | Milestone delivery (+0.60) | Client feedback (+0.51)
ENG-01183,2024-09-01,No material driver detected,
ENG-01183,2024-10-01,No material driver detected,
ENG-01183,2024-11-01,Client feedback | Sentiment | Utilisation,Client feedback (+1.28) | Sentiment (+1.00) | Utilisation (+0.29)
ENG-01183,2024-12-01,No material driver detected,
ENG-01183,2025-01-01,Client feedback | Performance | Role profile,Client feedback (+2.89) | Performance (+0.61) | Role profile (+0.26)
ENG-01183,2025-02-01,No material driver detected,
ENG-01184,2024-12-01,No material driver detected,
ENG-01184,2025-01-01,No material driver detected,
ENG-01184,2025-02-01,No material driver detected,
ENG-01184,2025-03-01,No material driver detected,
ENG-01184,2025-04-01,No material driver detected,
ENG-01184,2025-05-01,No material driver detected,
ENG-01184,2025-06-01,No material driver detected,
ENG-01184,2025-07-01,No material driver detected,
ENG-01184,2025-08-01,No material driver detected,
ENG-01184,2025-09-01,Client feedback | Performance | Role profile,Client feedback (+1.79) | Performance (+0.81) | Role profile (+0.35)
ENG-01185,2025-03-01,No material driver detected,
ENG-01185,2025-04-01,No material driver detected,
ENG-01185,2025-05-01,Client feedback | Sentiment | Performance,Client feedback (+2.37) | Sentiment (+1.12) | Performance (+0.92)
ENG-01185,2025-06-01,Performance | Sentiment | Contract stage,Performance (+1.37) | Sentiment (+0.58) | Contract stage (+0.18)
ENG-01185,2025-07-01,Performance | Client feedback | Sentiment,Performance (+3.66) | Client feedback (+2.52) | Sentiment (+1.78)
ENG-01186,2024-11-01,No material driver detected,
ENG-01186,2024-12-01,No material driver detected,
ENG-01186,2025-01-01,No material driver detected,
ENG-01186,2025-02-01,No material driver detected,
ENG-01186,2025-03-01,No material driver detected,
ENG-01186,2025-04-01,No material driver detected,
ENG-01186,2025-05-01,No material driver detected,
ENG-01186,2025-06-01,No material driver detected,
ENG-01186,2025-07-01,No material driver detected,
ENG-01186,2025-08-01,No material driver detected,
ENG-01186,2025-09-01,No material driver detected,
ENG-01187,2025-06-01,No material driver detected,
ENG-01187,2025-07-01,Sentiment | Contract stage | Milestone delivery,Sentiment (+1.33) | Contract stage (+0.33) | Milestone delivery (+0.28)
ENG-01187,2025-08-01,Client feedback | Performance | Sentiment,Client feedback (+0.83) | Performance (+0.62) | Sentiment (+0.58)
ENG-01187,2025-09-01,No material driver detected,
ENG-01187,2025-10-01,No material driver detected,
ENG-01187,2025-11-01,No material driver detected,
ENG-01187,2025-12-01,Performance | Client feedback | Role profile,Performance (+1.02) | Client feedback (+0.94) | Role profile (+0.26)
ENG-01187,2026-01-01,No material driver detected,
ENG-01187,2026-02-01,Performance | Milestone delivery | Utilisation,Performance (+2.61) | Milestone delivery (+0.70) | Utilisation (+0.46)
ENG-01188,2025-07-01,No material driver detected,
ENG-01188,2025-08-01,No material driver detected,
ENG-01188,2025-09-01,No material driver detected,
ENG-01188,2025-10-01,No material driver detected,
ENG-01188,2025-11-01,No material driver detected,
ENG-01188,2025-12-01,No material driver detected,
ENG-01188,2026-01-01,Performance | Client feedback | Sentiment,Performance (+1.20) | Client feedback (+1.19) | Sentiment (+0.59)
ENG-01188,2026-02-01,Performance | Client feedback | Sentiment,Performance (+2.51) | Client feedback (+2.48) | Sentiment (+0.45)
ENG-01188,2026-03-01,Client feedback | Sentiment | Performance,Client feedback (+2.33) | Sentiment (+1.97) | Performance (+0.73)
ENG-01188,2026-04-01,Client feedback | Sentiment | Performance,Client feedback (+2.09) | Sentiment (+1.96) | Performance (+0.96)
ENG-01189,2024-09-01,No material driver detected,
ENG-01189,2024-10-01,Client feedback | Performance | Sentiment,Client feedback (+2.59) | Performance (+1.43) | Sentiment (+0.76)
ENG-01189,2024-11-01,Performance | Client feedback | Sentiment,Performance (+1.97) | Client feedback (+1.42) | Sentiment (+1.05)
ENG-01189,2024-12-01,Client feedback | Performance | Milestone delivery,Client feedback (+2.78) | Performance (+1.29) | Milestone delivery (+0.53)
ENG-01190,2024-12-01,No material driver detected,
ENG-01190,2025-01-01,No material driver detected,
ENG-01190,2025-02-01,No material driver detected,
ENG-01190,2025-03-01,No material driver detected,
ENG-01190,2025-04-01,No material driver detected,
ENG-01190,2025-05-01,No material driver detected,
ENG-01190,2025-06-01,No material driver detected,
ENG-01191,2025-03-01,No material driver detected,
ENG-01191,2025-04-01,No material driver detected,
ENG-01191,2025-05-01,Client feedback | Performance | Contract stage,Client feedback (+1.16) | Performance (+0.91) | Contract stage (+0.38)
ENG-01191,2025-06-01,No material driver detected,
ENG-01191,2025-07-01,No material driver detected,
ENG-01191,2025-08-01,No material driver detected,
ENG-01191,2025-09-01,Sentiment | Role profile | Client feedback,Sentiment (+1.05) | Role profile (+0.26) | Client feedback (+0.19)
ENG-01192,2024-03-01,No material driver detected,
ENG-01192,2024-04-01,Client feedback | Performance | Contract stage,Client feedback (+3.25) | Performance (+0.43) | Contract stage (+0.33)
ENG-01192,2024-05-01,Performance | Client feedback | Sentiment,Performance (+2.26) | Client feedback (+1.54) | Sentiment (+0.98)
ENG-01192,2024-06-01,Client feedback | Sentiment | Performance,Client feedback (+3.11) | Sentiment (+2.86) | Performance (+0.93)
ENG-01193,2026-01-01,No material driver detected,
ENG-01193,2026-02-01,No material driver detected,
ENG-01193,2026-03-01,No material driver detected,
ENG-01193,2026-04-01,Performance | Role profile | Sentiment,Performance (+2.05) | Role profile (+0.25) | Sentiment (+0.22)
ENG-01193,2026-05-01,No material driver detected,
ENG-01193,2026-06-01,No material driver detected,
ENG-01193,2026-07-01,No material driver detected,
ENG-01193,2026-08-01,No material driver detected,
ENG-01194,2024-02-01,No material driver detected,
ENG-01194,2024-03-01,No material driver detected,
ENG-01194,2024-04-01,No material driver detected,
ENG-01194,2024-05-01,No material driver detected,
ENG-01194,2024-06-01,No material driver detected,
ENG-01194,2024-07-01,No material driver detected,
ENG-01194,2024-08-01,No material driver detected,
ENG-01194,2024-09-01,No material driver detected,
ENG-01194,2024-10-01,No material driver detected,
ENG-01194,2024-11-01,No material driver detected,
ENG-01194,2024-12-01,No material driver detected,
ENG-01195,2026-05-01,No material driver detected,
ENG-01195,2026-06-01,No material driver detected,
ENG-01195,2026-07-01,No material driver detected,
ENG-01195,2026-08-01,No material driver detected,
ENG-01195,2026-09-01,No material driver detected,
ENG-01195,2026-10-01,No material driver detected,
ENG-01195,2026-11-01,No material driver detected,
ENG-01195,2026-12-01,Client feedback | Performance | Role profile,Client feedback (+1.78) | Performance (+1.52) | Role profile (+0.25)
ENG-01196,2025-07-01,No material driver detected,
ENG-01196,2025-08-01,No material driver detected,
ENG-01196,2025-09-01,No material driver detected,
ENG-01196,2025-10-01,No material driver detected,
ENG-01196,2025-11-01,No material driver detected,
ENG-01196,2025-12-01,No material driver detected,
ENG-01196,2026-01-01,No material driver detected,
ENG-01196,2026-02-01,No material driver detected,
ENG-01197,2025-08-01,No material driver detected,
ENG-01197,2025-09-01,No material driver detected,
ENG-01197,2025-10-01,No material driver detected,
ENG-01197,2025-11-01,No material driver detected,
ENG-01197,2025-12-01,No material driver detected,
ENG-01197,2026-01-01,No material driver detected,
ENG-01197,2026-02-01,No material driver detected,
ENG-01198,2024-08-01,No material driver detected,
ENG-01198,2024-09-01,No material driver detected,
ENG-01198,2024-10-01,No material driver detected,
ENG-01198,2024-11-01,No material driver detected,
ENG-01198,2024-12-01,No material driver detected,
ENG-01198,2025-01-01,No material driver detected,
ENG-01198,2025-02-01,No material driver detected,
ENG-01198,2025-03-01,No material driver detected,
ENG-01199,2024-04-01,Sentiment | Client feedback | Performance,Sentiment (+1.34) | Client feedback (+1.05) | Performance (+0.95)
ENG-01199,2024-05-01,Sentiment | Client feedback | Milestone delivery,Sentiment (+1.06) | Client feedback (+0.63) | Milestone delivery (+0.62)
ENG-01199,2024-06-01,Client feedback | Performance | Sentiment,Client feedback (+4.29) | Performance (+3.35) | Sentiment (+3.05)
ENG-01199,2024-07-01,Client feedback | Performance | Sentiment,Client feedback (+3.56) | Performance (+3.08) | Sentiment (+2.82)
ENG-01200,2025-09-01,No material driver detected,
ENG-01200,2025-10-01,No material driver detected,
ENG-01200,2025-11-01,No material driver detected,
ENG-01200,2025-12-01,No material driver detected,
ENG-01200,2026-01-01,No material driver detected,
ENG-01200,2026-02-01,No material driver detected,
ENG-01200,2026-03-01,No material driver detected,
ENG-01200,2026-04-01,No material driver detected,
ENG-01200,2026-05-01,No material driver detected,
